sample_id,title,content,category,valid,note
S0313,人们缺失的，也是我们向往的。,"最近刷小红书、微信、抖音，不是张雪峰，就是张雪，还有胖东来。我发现一个有趣的现象：他们注定不平凡。为什么？因为他们那种坚持的品质、为他人照亮前行道路的精神，是我们所有人都稀缺的，也是所有人本来就有但被蒙蔽的东西。所以我觉得他们会火是必然的。比如张雪，他获得了摩托车、赛车冠军。我看过他年少时的纪录片，那个时候他那份执着、坚持，以及为梦想而充满活力的样子，就是我们年少时做的那种梦，是我们向往的样子。我们看到了，这就是我们希望成为的样子。所以看他们的视频，其实我也很激动，内心会有一种东西被点燃，那种沉睡已久、想要活出自己、展现生命力的品质被唤醒了。很多人愿意靠近他们，愿意去学习他们。比如最近微信视频里有一个博主叫曾木，他在去年6月份就去张雪的摩托车公司申请，希望张总能为他制作一台摩托车，然后他骑着这台摩托车环游中国。我觉得这个胆子很大。我觉得，因为这个事情是发生在去年6月份，所以这个博主（曾木）他并不是冲着张雪峰当时的流量去的——虽然张雪峰流量比较高——他是因为更早之前就被张雪峰那种内在的品质所吸引了。所以他拿着PPT、电脑和横幅，去张雪峰的公司门口等，见到了副总，最后也见到了张总。张总只见了他一面，看了他的PPT，当场就同意了。为什么？因为他们两人心中有同样的东西，产生了共鸣，那就是那种坚持、为梦想拼搏的品质。所以我也感觉到了，在手机屏幕前的你们，在这个世界上，偶尔能够真正打动我们的，其实不是流程化、表面敷衍的东西，一定是人类最美好的品质。就像《迪迦奥特曼》里，大古的同事对大古说：人类正在缺失一些美好的品质，比如善良、信任、尊重。这些好的东西正在失去，但我相信，也有一些人正在重新拿起这些品质，并照亮我们这些人。#人类的本质[话题]# #生活中的思考[话题]# #胖东来[话题]##张雪[话题]##自我成长[话题]##生命智慧[话题]#
人们缺失的东西，才是人类向往的。",,,
S0130,大学没规划=毕业摆烂？别再信息闭塞啦！,"大学职业规划｜大四才慌？早规划的人早就赢在起跑线了！
你是不是也这样：大一摆烂，大二迷茫，大三焦虑，大四投简历时发现别人都有实习/竞赛/证书，自己却像个无头苍蝇？🤯 信息差就是原罪！
别再让信息差毁掉你的未来
• 同校同学拿了大厂实习，你却不知道内推入口在哪
• 别人靠科研项目加分上岸，你还在纠结要不要考研
• 学长学姐说“毕业即失业”，但有人大二就拿到offer了
• 别人悄悄考了PMP/ACCA，你还在刷短视频躺平
3个打破信息差的狠招
1️⃣ 主动搜！别等别人喂到嘴边
关注「目标行业」公众号（如互联网看「互联网圈那点事儿」）、实习僧/海投网查岗位JD，用「学校+行业」组合词搜校友群（脉脉/LinkedIn搜关键词）。
2️⃣ 资源置换！把时间变成价值
帮老师整理资料换推荐信，给企业做志愿者换行业洞察，用小红书/知乎输出干货吸引合作机会（比如我用1篇实习复盘涨粉500，直接被HR私信挖
张雪峰亲授大学四年不摆烂规划1f 大一：入党、考驾照、普通话证，早早占位。02大二：进学生会锻炼，拿下计算机三级、英语四六级。03大三：准备考研，想当老师就考教资。04大四：考研冲刺，同时关注招教、选调生、考编、公务员05关注央文国产校校招，多手准备。",,,
S0379,⏳别在 40 岁， 刷完一辈子的额度,"这篇笔记断断续续写了三天
每次写到一部分就觉得好惋惜，就不知道怎么写下去了[可怜R]尤其是想到在我读大学时，我最敬爱的高中教我美术的老师在家中心 梗走了，也是40出头…
	
前天我算了一笔账，结果让我脊背发凉：
如果人的一生，注定只有恒定的工作额度？📊
假如从25岁开始工作，65岁退休，按照每年248天的工作时间（我问ai，每年的法 定工作日有多少天？答248天）每天8小时的法 定 工作时间
40年× 248 天 ×8 小时 = 79,360 小时。
这 8 万小时，本该平稳地分摊在 40 年的春秋冬夏里。
	
无论是为了💰还是理想又或是责任…
假如每年仅休 40 天，每天高强度输出 16 小时。
79360÷16÷325=15.26
15.26+25≈40
刚好40出头
有些账，不用算得太准，答案就已经很残忍
这不只是意外，这是❤️的物理极限。它不是永动机，它是消耗品。
	
在德国生活的这些年，我曾不解为什么德国人下班后几乎不回复工作消息，每年还有那么多的Urlaub时间。
现在我懂了，他们不是在偷懒，他们是在给❤️“续命”。
他们明白：生 命不只是用来拼搏的，它是用来感受跳动的。
如果，我是说如果，
你的人生也开启了 8 年倒计时，
你还会把这 8 万小时，全部典当给永无止境的加班吗？
慢一点，再慢一点~工作内容是无止境的，但生 命是有限的！
那么多的高强度工作……作为设计师，在没学过健康营养之前我觉得灵感只有夜深人静才有，而且我还年轻！在考了健康管理师后我说，管它那么多~什么都没有健康重要！存款有再多的0没有前面的1，依旧是0
这几天我让自己每天11点前入睡
我希望我能陪小玫瑰的时间还有很长很长！
拼搏的终点不是存款，而是能陪着孩子看遍世界的健康体魄。
8 年很短，短到不够看完孩子长大；
8 年也很长，长到足够我们改变生活习惯，跑赢那场叫“猝死”的意外。
张老师留下的最后一份人生志愿，大概是提醒我们：爱自己，才是所有成就的前提。
	
R.I.P. 张老师。🕯️
	
#健康生活[话题]# #不要透支自己[话题]# #生命的脆弱[话题]# #人生感悟[话题]# #张雪峰[话题]# #生命倒计时[话题]# #健康睡眠[话题]# #透支生命[话题]#
(Thurs.)三月二十六日别在40岁，刷完一辈子的额度",,,
S0060,看完雪峰老师的一生，我决定再也不熬夜了,"#张雪峰为好多年轻人解答了困惑[话题]# #girltalk[话题]# #熬夜[话题]# #早睡[话题]# #养生[话题]# #职场[话题]##沪漂[话题]##早点睡觉[话题]#
不要熬夜不要熬夜不要熬夜",,,
S0096,,【留学免费咨询】想出国留学却不知从何入手？无论你想了解美国留学的最新政策、英国留学的文书要求，还是澳洲留学的签证流程，我们都能提供专业解答。作为正规机构，我们推出美国留学、英国留学、澳洲留学等热门目的地免费咨询，24小时在线顾问随时响应。从选校定位到文书润色，从签证辅导到行前指导，一站式服务覆盖留学全流程。资深顾问一对一帮你规划最优方案，让每个环节都清晰省心。选择我们，免费咨询开启你的留学梦想之旅，随时在线为你护航。 #新加坡留学 #新加坡留学费用一览表 #新加坡留学一年费用 #新加坡留学申请条件 #张雪峰谈新加坡留学值不值得报,,,
S0134,,你绷不过我你信吗？🤓 #张雪峰 #雪碧 #巧乐兹,,,
S0260,张雪峰前女友张张晒5年前旧照并再次发声,"#长春国贸[话题]# #娱乐八卦[话题]#
张雪峰前女友晒5年前旧照并再次发声",,,
S0054,幸福感来自真实的具身感受,"身体是认知的基础，忽视身体会限制潜力。通过运动、冥想和接触自然，可以提升思维、情绪和创造力。倾听身体信号并调整行为，避免身心失衡，才能实现高效认知与幸福生活。#保护好自己的能量[话题]# #关注自我感受[话题]# #具体的生活[话题]# #张雪峰[话题]# #我在小红书聊心理[话题]#
大量科学证据表明，身体是认知的根基，忽视身体会限制认知潜能。若想Z大化智力表现、创造力与幸福感，需主动将身体健康纳入优先考量，通过运动、环境调整及身心整合实践优化整体状态。身体好在今天的重要性是空前的，这些年普通人心理问题、名人猝死频发，都在提醒我们回归根本，保护好具身感受是所有人的人生第Y顺位，更实现高效认知与幸福生活的s要。. 《具身认知》中指出身体的动作、表情及物理环境会显著影响思维、情绪、记忆、创造力与决策。例如：-运动能提升思维敏锐度（如面试前跑步可改善表现）。-手势和姿势会影响信心与决策（“有力姿势”可增加睾酮水平，提升风险承受能力）。-身体是认知的基础：婴儿通过运动探索环境发展认知能力；学步车会延迟运动与认知发育；练习书写能帮助儿童阅读；数学能力与手指灵活性共享神经机制（如学钢琴可提升数学表现）。2.高认知人群的潜在误区. 幸福感来自真实的具身感受身体好从来没有像现在这样排在生活的第Yi序位，身体好的人心态才会好，心理能量足。其实，无论是现代心理学还是传统文化都提倡人们要积极运用身体与环境的交互来提升认知效率、创造力及幸福感。1.身体与认知的紧密联系. -现代社会的“久坐陷阱”：在教育和工作场过度强调静态学习与久坐，反而会阻碍认知表现。-身心分离的风险：现代生活节奏可能导致人与身体“失去连接”，表现为忽视身体信号、压抑需求，进而影响情绪与决策质量。-认知与身体的失衡：即使高认知人群可能专注于智力活动，但若忽视身体，反而会限制其认知潜力。尤其是1.慢性疲劳或疼痛会降低专注力与记忆力2.创伤与成瘾会损害大脑功能，需通过身体关怀促进恢复。3.优化认知需身体优先. 提升认知效率需要主动利用身体与环境：-通过身体改善头脑：锻炼、冥想、接触自然环境等能增强思维清晰度、创造力与情绪调节能力（如“绿地减少家庭暴力”“冥想提升专注力”）。-身体作为工具：演员用动作记忆台词，舞者用身体理解数学概念，说明身体参与能深化学习与记忆。-自我调节：倾听身体信号（如疼痛、疲劳）并调整行为，可避免身心失衡。结论",,,
S0055,26社工证是较容易的一年，题目从里面抽！,"#社工考试 #社会工作者考试 #社会工作者备考 #初级社工考试 #中级社工 #中级社工考试 #社会工作者 #初级社会工作者 #中级社会工作者 #中级社工思维导图
2026年社会工作者考试2026年中级社会工作者《社会工作实务》内部考前预测卷（一）不算泄题-题（案例分析题，20分）年年考年年中3年考2次某地区经济社会发展相对滞后，领取城市最低生活保障金的家庭较多。最近，社会工作者发现“等、靠、要”的思想在该地区开始蔓延，申请享受低保待遇的家庭有所增长，甚至出现有的家庭两代都申请的现象。社会工作者在该地区了解到，有人觉得自己学历低，没技术，找不到工作；有人反映周边虽有一些工作岗位，但不理想；还有人认为，如果外出工作，路远，待遇低，还不如在家。问题：1.分析该地区申请享受低保待遇家庭数量较名的原因，2.从提升服务对象能力的角度，社会工作者可以开展哪些方面的服务？第二题（案例分析题，20分）不做悔哭3年考2次社会工作者在一次走访中发现王老先生独自在家。对于社会工作者的到来，他很高兴。交谈中社会工作者了解到，王老先生与儿子一家同住。儿子和儿媳外出工作时，家里只留下他一个人。社会工作者观察发现，王老先生的房间杂乱无章，身上衣服泛黄并发出异味，已经多日没有换洗。老人抱怨，退休工资都交给了儿媳，身上没有任何零花钱。同时，社会工作者还注意到王老先生手臂上有多处淤青，问其原因王老先生沉默不答，表情紧张。社会工作者向社区居委会进一步了解情况，得知王老先生今年80岁，以前是老伴照顾他的饮食起居，老伴去世后，主要由儿媳照顾。儿媳觉得老人不做家务，不讲卫生，一起生活碍事，常常为此打骂老人，有时还不让老人吃饱，儿子去外地出差时.儿媳还经常将老人反锁家中。问题：1.社会工作者在本案例中运用了哪几种收集资料的方法？2.列举本案例中老人受到虐待和疏于照顾问题的类型及行为表现。直提30分5年考了次第三题（案例分析题，20分）社会工作者在社区走访中发现许多中小学生的父母平时因工作繁忙，无暇顾及孩子。当孩子出现问题时父母往往不分青红皂白骂孩子，孩子觉得很委屈，不再愿意与父母沟通。针对这一情况，. 2026年社会工作者考试2026年中级社会工作者《法规与政策》内部考前预测卷（一）不算泄题单项选择题（共60题，每题l分。每题的备选项中，只有一个最符合题意）1.社会政策评估可采取不同的方法。对某一个具体的社政项目或社政实施机构进行深入细致的描述和解释。这种方法属于（。A.比较分析B.结果分析C.个案评估年年考年年中3年考2次D.制度分析【参考答案】C 2.今后三年政府将投入8500亿元人民币用于医疗卫生事业。这样政府充当该领域的（）角色。A.政策制定者B.政策实施者C.资源提供者直提30分5年考3次D.政策调整者【参考答案】C 3.根据《城市居民最低生活保障条例》的规定，共同生活的家庭成员人均收入包括（）",,,
S0193,千万要听劝！成败就在二年级下学期,"#二年级 #二年级下册 #辣妈育儿经 #家庭教育经验分享 #家有小学生 #二年级下学期 #学习规划 #二年级家长 #小学语文怎么学 #提高孩子学习成绩
二年级下册学习计划一、语文课后三张表是重中之重！练习拼音和音序，把二上年级的一二类字多读几遍1、复习：掌握部首查字典方法+留言条的格式+重点训练，以促学看图写话牢记四要素——时间+地点+人物+事件，每天一练练习句子仿写（拟人+比喻））为写好作文打基础2、预习：用练字的方式把二下生字学起来，抓一抓笔顺笔画以及间架结构二下的古诗词可以提前背，《村居》《咏柳》等都是重点3每天1篇课内外阅读理解训练，多练全文概括、圈画词语，仿写等题型二下语文阅读理解练习资料可领取！二、数学长度单位的掌握（重点掌握米和厘米）1、复习：乘法口诀的记忆与运用（多练）+一上点3坚持每天10分钟口算练习（计时训练，培养数感）表内除法、万以内数的认识都很重要，可以重点预习2、预习：图形的运动（轴对称、平移、旋转等知识）+点习浅奥+易错题巩固思维训练很重要三、英语二上十二下1、单词：每天坚持学习10个单词，并进行简单拼写+半词是础2、听力：英语儿歌+英文动画，磨耳朵3、句型短句：日常用语+指令型句子+询问请示+节日祝贺4、跟读打卡：每天录1篇短文的跟读英语最忌讳只写不说5、阅读：每日分级阅读（raz十牛津树每周3本）. 二下语文：写字表单字注音二下语文：26年彩色课课贴2026二下语文：阅读理解专项集训(-春天，一那小鸟在原情下服的，它们在争论一个有趣的问题：小白码说：“春的是无色的，你们种手插凡满娘膜吧！”春两到底是什么颜色？种树上，柳枝儿绿了小燕子说。“不对，泰而是球色的，你们眼！春而落在草地上，苹地球了；春的林衣应求说“不不！春的是红色的，你们眼！春而酒在就树上，被花粗了；春的满衣1.在括号里填上合适的问。（4分）各树上，各花粗了2.0天，一群小与在现检下躲用，它们在争论一个什么有趣的阿题：请你用”）的小享的桃花）的柳何（）的吉花句子商下来。（1分）一把3.小白的认为春期是(10)小燕子认为春是麻省认为春是4.你能像小鸟们一样说说春雨的颜色吗？我说：“春而是的，你们！春雨(二)森林的草地上开着一大片美丽的鲜花。一天，火辣辣的大阳炎绮着大地，青址，大联长补短的故事象和克千三个好朋友能在一起此谁的本领大。耳来，可以在起大风；我的大鼻子，可以把树造很被起，我的本领才是最大的。“先子电青娃说：“我的本领最大，我然在期西上就需大，你们行吗”大象接着说。”我的大连碰带跳地说：“那我一跳可以跳很远呢，你们都比不过我。“免于也睡示自己的本领是最大的。就这样，大家你一言我一语的，三个好朋友吵得不可考变。们是好朋友，大家各有各的本版，要学会取长好能，这样才能更好的究善自己。”青雄，怎然，一只在天空飞翔的鸟儿经过这里，被吵周声吸引了过来，它认真地说。“你1.文中",,,
S0177,,"张雪峰老师：为百姓而生 为民而行
张雪峰老师一生深耕教育公益，心系普通家庭与寒门学子，用实际行动打破信息壁垒、帮扶困难学生、守护民生利益，用真话与实干践行初心。
他长期通过免费直播、短视频与线下讲座，普及高考志愿、考研择校、专业选择与就业规划知识，直言揭露“天坑专业”与天价高报行业乱象，坚决反对教育信息垄断，让无数普通家庭不再因信息差吃亏。他推出普惠型志愿填报工具，向贵州、云南等地捐赠2.3万套志愿大数据卡，价值超4600万元，让偏远地区孩子也能精准规划未来。
公益路上，他累计捐款超1195万元，资助2200余名贫困学生。连续多年向郑州大学、苏州、黑龙江及哈理工等院校定向捐赠，郑重承诺贫困新生第一年学费由他承担，还为困难学子捐赠羽绒服、电脑等物资，切实解决求学难题。                                                                   作为人大代表，他积极为教育公平、就业环境建言发声，始终站在普通家庭角度，不讲空话、只讲饭碗，坚持“先谋生再谋爱”，为万千学子指明务实可行的人生道路。
“家里没矿，别谈理想，先找饭碗”，他用最接地气的话语，守护普通人的未来；用一生坚守，真正做到为百姓而生、为民而行，感恩老师为民付出的一切。",,,
S0296,荣耀v30 pro,HONOR. 中国移动D 中国联通CD 上滑进入9:194月9日星期四二月廿二day. 9:199575猜你想搜：刘浩存时尚先生四...|搜索今天你错过了3个檀健次的热搜查看..微博热搜副县长出轨致人.檀健次演唱会大.金子涵后脑勺金子涵直播疑...全红婵的遭遇已…蔚来ES9正式发布李小冉疑似手.现货黄金大涨1..女子连吃2个发...贵金属强势上扬刘大锤曝料侯...爆更多热搜国家队每一项都是高标准东风日产NX8上市限时权益价1499..热点热转发布指数建门。暖萌痣昨天23:02张雪峰妻子李丽婧4月7日发声，否认离婚，再婚，往后余生，只想和女儿安安静静生活。首页视频发现消息我,,,
S0254,,09:45543%张雪峰讲644331.2万本场点赞直播间建议仅针对连麦家长，不属于价值观输出书籍杂志榜第33名直播广场最高领取20元月付红包大放送荣誉证商品信息7点赞到35w 内容科续连麦科学教辅种类基础知识预计送达明天乳条怀患级书师话：2026/316百播录阅万昙练连麦前请准备好具体问题产品推荐考数初一拍：1.3.4.1初三拍：1.11.13初二拍：1.11花**粉丝团高一拍：5.6.7.8.12.16.17.18.19.20.21送张雪峰星现高二拍：9.10.12.16.17.18.19.20.21高三拍：9.10.12.14.15.16.17.18.19.20.21大一拍：25路98考研需求4书***：矫正请咨询抖音号【张雪峰考研优质讲座】6玖***关注了主播十加入连线26猫***：有没有可能人家上班后得官方声明峰学蔚来并未在的的任何一个城市务中心！请各位1弯**：对，连高三的，高三家长要多听听默心111***关注了主播说点什么,,,
S0290,,小猿学习机联手张雪峰老师带来年度最大福利 #小猿学习机 #小猿 #张雪峰,,,
S0288,作文素材积累📖,"主题不忘初心1.三尺讲台,一生坚守;一支粉笔,四季耕耘。“教育是一棵树拦动另一棵树，一朱云推动另一朵云”于游老师深耕讲台60余年，从青丝到自发，始终坚守教育一线，拒绝功利比教学，将德育融入每一堂课。她主张“教文育人”,用爱心与坚守点、亮学生心灵、她用一生践行教育者的使命,谁释了“学高为师,身正为范”阳真谛,是教师坚守初心,潜心育人的典范。[正面]引用教育名师于漪。2.“燃灯”校长用生命撑起大山里历免费女高。为了坚手“只要还有一口气,就要站在讲台上”的诺音,她九根云角贫困山区40多年,准动创建中国第一所免责女子高中，2008年建校以来已希助1600多位女孩圆梦大学校园,从此改变了地们的命运。张桂梅一直用自己的生命在帮助这些孩子,即使自己遭受病看折磨,手上贴满了膏药,忍看痛也要坚持下去。一生无儿死女,却被千自个孩子叫做“妈妈”,用自己瘦弱的身躯难释了,命远置你于威崖,你溃人间以芬芳的高法品性。她豫一来望之光,照亮了孩子们的追梦人生正面了引用放育名师张格梅了.张雪峰老师说过“当你觉得走得辛若,证明你在走上坡路”激励了无数在选先中求当的孩子。对于那些出身着通、没有域销资本的家庭来现,他是寒门叔显”,是用最大自话刺破高校报生信息壁垒的引路人”。他以通俗的矮音消解了专业门。槛,把高考志愿这件原本小众、专业的率、变成了全国家长都能听懂、都愿信频的事、“他把光,照进了无数着通永庭的升学路”这是网友对张雪峰最真切历评价,他没有雄服. 的起点,却凭着一份对教育的执着,把夏杂的报专规则、就业开前景讲得通透易懂、替万千学子拨开迷茫。他以赤诚为灯,以专业为路，用日复一日的坚守、填平了倍息不对称的鸡沟。生命的长度无法丈量，但价值可以被铭记。[正回]引用教育名师张雪峰4.19岁的支月英远离家乡，不顾家人反对，只身一人前往驾家数自公里的边远山区支教,一千就是四十多年。坚守在偏远后山村讲台，从“支姐姐”到“支妈妈”敖育了大山深处的西代人。从肩挑手是教学工具步行20星山路,再到一个人跨坏6辆序托车,她已记不清多少次浑身泥泞、雨中朋车,但为了孩子们,她无怨”无悔。她用40余年的坚孕和付出，让无数孩子走出大山,见识更广阔的世界。支月英的故革激励看更多历人故身于教育革业，为孩子门的未来贡献有己历力量。正面]到用教育名师支月英的事例标题：《初心如磐,奋楫笃行》《初心不与年具老,奋斗永彻少压时》《守望初心,玛步踏歌》《坚守青年初心，实现人生价值》“不忘清风来时意,守住初心得始终》分论点：坚守信念，静守初心不忘初心，方得始终初心不改，活出价值. 开头段：为在纷繁真杂的世界里，每个人如同航船在芜芽入海中探寻属于自己的航道。面对生活的风渡与潮水,我们必须坚守内心的初心,像一座永不熄灭的灯塔,照亮前行的道路。因为只有保持初心不变，我们才能在万象生中保持真我,不夫本色,活出自己的独特的价值。结尾段在人生路上,无论",,,
S0087,不懂志愿填报的家长 一定要看这套张雪峰课,部文件/001小红书/2026年高考志愿填报/2026高考志愿填报课程【新版】.…文件。已全部加载，共6个1.专家讲志愿：志愿填报规则（从这里开始看）2.大学专业介绍3.张老师高考志愿填报课程4.专科有关志愿填报问题5.张老师谈高考志愿避坑6.电子书与电子资料. 部文件/001小红书/2026年高考志愿填报/2026高考志愿填报课程【新版】./1.专家文件、已全部加载，共11个笑解读顺序志愿和平行志愿.mp41.平行志愿录取规则.mp42.一口气讲透平行志愿和顺序志愿！.mp43.什么是专业清和分数清？.mp44.专业（类）+院校的志愿填报模式你了解吗.mp45.院校专业组填报和录取.mp4. 文件/001小红书/2026年高考志愿填报/2026高考志愿填报课程【新版】./4.专科有文件。已全部加载，共8个1.讲专科和中低分段高考志愿填报怎么办？.mp42.专科生应该怎么报志愿？.mp43.高考出分只能上专科讲解专科最好出路.mp44.推荐专科生报考的6大专业.mp45.专科友好专业解读，师兄师姐在线支招高考志愿！.mp4比普通本科还香的专科专业.mp4. 张雪峰2026年高考志愿填报填报指导+院校介绍+大学专业. 文件/001小红书/2026年高考志愿填报/2026高考志愿填报课程【新版】./6.电子文件、已全部加载，共24个8张老师电子书5本书高考专属资料包0.含错题页专业目录电子版.pdf 1-《大学专业解读》_纯图版.pdf 2-《选个好大学》_纯图版.pdf 3.高考志愿填报专家服务工具书.docx. 文件/001小红书/2026年高考志愿填报/2026高考志愿填报课程【新版】./3.张老文件、已全部加载，共4个01优先看：院校介绍02张老师高考志愿03张老师高考志愿填报（补充内容）. 部文件/001小红书/2026年高考志愿填报/2026高考志愿填报课程【新版】./5.张老文件、已全部加载，共9个50个新专业介绍】报考技巧+避坑指南！大数据支撑下的高考志愿选择.mp4避坑指南！分享志愿填报最容易犯的十大误区.mp4不好意思我又说实话了，有些专业是真坑.mp4四坑之一的生物已经在往外爬了，国药终将崛起！.mp4. 文件/001小红书/2026年高考志愿填报/2026高考志愿填报课程【新版】./3.张老文件。已全部加载，共15个0开篇-新高考改革特点和规则.mp401.专业和学校到底哪个重要.mp402.什么样的城市值得去.mp403.从硕博点看学校的优势专业.mp404.大学排名到底是怎么来的.mp405.从学校历史看学校的优势专业.mp4. 张雪峰说文科推荐什么专业？克夸退出. 24小时自动发货发货方式为百度网盘+夸克网盘链接需要其他发货方式，请联系客服有时遇到软件问题，自动发货可能会延迟，请联系客服补发,,,
S0245,安大物科院材料调剂心得（25上岸版）,"我知道很多并没有那么差劲的学弟学妹们目前步行匆匆，心里惶惶，去年一志愿被刷的我，在那个时候同样不甘
20分钟凭什么否定我之前所有的努力，凭什么小概率事件只针对我
那个时候我在床上辗转反侧，泪水打湿了枕头，一年来受的委屈，所有的努力，都化成泪水，在那一刻爆发
痛苦的只有自己，根本也不会有朋友或者他人能真正的感同身受，安慰自己
我看了很多鸡汤，感到好受一点，但也无济于事，像是止痛药，仅片刻止痛
直到今天，我的内心回忆起那段经历，也是隐隐绞痛
但我想和各位学弟学妹们说
“你们并不比任何人差，只是在面试的那一个时刻，你被困住了，困住你的原因有很多，但绝不是你是差的那一个”
我也想说5点经验给你们：
1.最重要的，一定是科研经历，但一定一定一定不要弄虚作假，一定一定一定要把自己会的做的讲清楚，如果不熟悉的不是自己的，一定一定不要写
2.除开科研经历，你的其他准备环节一定一定要弄熟悉，自我介绍，简历等等，一定要认真准备，记住，这是你可以掌握的东西，要把您能掌握的先掌握好，把主动权控制在自己手上
3.第三才是专业课，不要过度关注，也不用担心学不会咋样咋样，就十天了，你做不到很好的复习的，本质上又有心态要调整，大家都一样，但也稍微看看，做到有话可说（真的不会啊，请相信我）
4.表现的最好的状态是，和老师聊天，演员一样，开朗，阳光，大大方方，或者说张雪峰老师的话，不卑不亢
5.重复以上四点
希望你能多看看我的建议
祝各位都能上岸，以后的路都顺路
提示：考生只能接受一个调剂志愿的待录取，一旦接受待录取通知，表示调剂完成，将不能再填报调剂志愿、接受复.展开你已接受该待录取通知2025-04-1021:57:31(10357)安徽大学-(024)物质科学与信息技术研究院-(085600)材料与化工-(00)不区分研究方向-(1)全日制-普通计划发送时间：2025-04-1021:56:34物质科学与信息技术研究院待录取通知考生你好，你已通过我院复试，请尽快在系统确认待录取通知通知列表",,,
S0294,,张雪峰接班人武亮的深夜独白：每天睡3小时的成年人，哪有容易二字#张雪峰 #武亮 #峰学蔚来 #职场压力,,,
S0194,雪人三项启动,#抽象[话题]# #雪碧[话题]# #巧乐兹[话题]# #张雪峰[话题]#,,,
S0045,,细思极恐：赛博永生人的猜想。互联网与人工智能的狂飙突进，正在悄无声息地撕碎人类延续千万年的生死边界。而张雪峰的骤然离世，成为了这个时代最震撼的一道引子。 他的离开，早已不再是一场普通网红落幕的流量闹剧。当他肉身消散之后，全网数以千万计的视频语录、处世智慧、完整三观与思维体系，没有随着生命落幕而消失，反而被无数网友自发剪辑、搬运、二创、永久留存。 就在这一刻，一个全新的时代被正式开启：普通人第一次真正意义上，被动实现了毫无门槛的赛博永生。 他就这样毫无防备地，化作了互联网上永久流转的公共数字资源，永远活在了算法深处。也正是以他为开端，藏在时代背后深层又可怕的真相，开始缓缓浮出水面，细思极恐。 先看清最基础的现实：40到60岁，本就是商界大佬、头部网红猝死的高发区间，这早已算不上新闻。而真正击穿心脏、夺走生命的头号元凶，从来不是996、胡吃海喝，更不是日常运动，而是长年累月的烟草侵蚀。 肉体的生老病死本是万物常态，可张雪峰最特殊、最具备里程碑意义的地方，便是他成为了互联网时代第一个现象级的被动赛博死人。 他生前从未刻意规划过身后的精神遗产，没有像顶层权贵、世家大佬那般，常年撰写日记、封存手稿、留存影像，主动搭建属于自己的传世认知体系。 可命运自有安排，他留下来的所有思想与言行，被整个互联网无偿收纳、永久存档。肉身已然凋零，他的内容却从未被下架清除，反而日复一日在流量洪流里不断传播，被一代代后来者不断看见、感悟、借鉴与追随。 也正是从张雪峰开始，赛博永生彻底分化成了两条泾渭分明、截然不同的宿命之路。 一条是私域永生，是顶层人物心照不宣的底层布局。 他们穷尽半生沉淀阅历、梳理认知，将毕生的智慧、决策逻辑、处世心法完整记录封存，化作只属于血脉后代的私有数字资产。秘不示人、世代传承，牢牢紧握在自己族人手中。安静、体面、绝对可控，是一个家族跨越漫漫时光，永远兜底的精神底牌。 另一条，便是张雪峰所代表的公众永生。 未曾主动布局，却被整个互联网免费收录、永久封存，彻底沦为人人皆可取用的公共资源。从此以后，他不再独属于家人与血脉，而是化作全网共享的时代符号。被流量供养，被大众解读，被亚文化不断解构消费，永远漂泊在虚拟维度之中，再也无法收回自我。 而绝大多数人都没能看透：当下所有能够复刻思维、模仿语气、答疑解惑的AI数字人，哪怕再逼真、再智能，终究都只是没有元神的高阶工具人。 它可以完美复刻一个人的言谈举止、思维惯性、行事准则与认知格局，依托大模型不断喂养、驯化、迭代进化，最终沉淀出的智慧储备，甚至能够远远超越肉身本体。 千百年之后，后世子孙一旦遭遇人生岔路、世事困局，只需轻轻唤醒这份数字载体，一声心念呼唤，便能得到贴合本尊本心的指引与答案，化作跨越生死的传承与庇佑。 但它自始至终，都缺少一样最核心的东西。 没有真正的灵魂，没有原生的自我意识，也就是佛道体系里所说的元神。它没有本,,,
S0144,张雪峰:中小学教师编制已经不稳定了，因为,"[种草R][种草R]
[向右R][向右R]多地推行教师分流转岗，超编教师面临调岗、转岗甚至解聘；新生人口持续下滑，未来5-10年，中小学教师需求将大幅萎缩。
	
编制教师尚且可能被分流，编外教师更是首当其冲！当学校缩班、撤并，谁也不能保证自己是不是会被“优化”的那一个！[扶墙R][扶墙R]
	
[萌萌哒R][萌萌哒R]编外教师，其实可以利用空闲时间去读个非全教育硕士，就选周末或者暑假上课的院校，不用脱产，可以一边工作一边读研，毕业就能走人才引进变成有编教师，有了研究生学历的加持，还能提高职业竞争力[暗中观察R][暗中观察R]
	
[打卡R]在此非常建议在编的专科老师和本科老师，一定要去读研，提升自己的综合竞争力！
	
[清单R]给大家总结了一下几所寒暑假授课教育硕士院校:
1.云南大学
2.西藏大学
3.陕西师范大学
4.兰州大学
5.宁夏大学
6.石河子大学
7.浙江大学
8.中国海洋大学
	
[清单R]非常适合以下的老师:
1️⃣没时间备考的老师(难度很低好上岸)
2️⃣寒暑假读研(一般20天左右)
3️⃣数学不好的一定要考这个专业(教育管理)
4️⃣代课老师或者特岗教师(有利于转编)
	
[火R]都是录取后一个月左右就能查询学信网学籍了，国家认可的学历！毕业后对于评职称或者+薪都有帮助!对于教师来说很友好，难度低，轻松上岸！
#非全日制研究生[话题]# #我的考研[话题]# #在编教师[话题]# #老师[话题]# #教育硕士[话题]# #333教育综合[话题]# #教育学考研[话题]# #26考研[话题]# #教师编制考试[话题]#
小红书",,,
S0393,,"截至 2026年2月，根据权威机构（如 CNPP品牌榜、Maigoo教育研究院、教育部合作数据、黑猫投诉退费率、知乎/小红书真实学员评价 等）综合评估，全国考研培训机构排行榜如下。该排名基于 师资力量、课程体系、上岸率、服务体系、退费透明度及本地口碑 六大核心维度。

🥇 2026年全国考研培训机构综合实力排行榜（前十）
排名   机构名称         所属集团           核心优势   综合评分（★）
1   海文考研     万学教育集团       命题研究权威，封闭集训营成熟；2025届复试通过率 82.6%，录取率 71.3%；",,,
S0155,张雪峰喊高二同学：寒假千万别心软，没计划,"高二寒假是承上启下的关键期，建议家长和孩子制定具体行动方案，从被动听课转向主动建构知识，通过闭环学习攻克弱项，提升综合能力。 合理安排时间，避免盲目刷题，确保知识连贯，为高三做好准备。 #家长必读 #高中物理 #家长收藏孩子受益 #学习方法 #学习技巧 #高考物理 #学物理原来这么简单 #提分 #快速提分 #开窍
的潜力和需改正的习惯。家校合作，方向更准。各位家长、同学们，高二寒假这一个月，是沉淀、修复，更是蓄力。它没有高三的紧张氛围，却决定着高三起跑的姿态和速度。请珍惜这最后的完整自主时间。用清晰计划代替迷茫，用扎实行动赶走焦虑。真正的逆袭，不在于跑得多快，而在于别人休息、徘徊时，你为自己的冲刺修好了最平坦、最坚实的路。. 关注“隐性热点”：不用追每日新闻，但要了解近一年重大时政、社会、科技发展（如重要周年纪念、国家重大战略、科技突破），尝试从学科视角解读。给家长的几点建议您是“后勤部长”兼“战略伙伴”：提供安静环境、均衡营养，更重要的是帮孩子做好“试卷分析”和“计划制定”。和孩子一起根据期末成绩制定专属弱项攻克表。监督过程，而非只看结果：别只问“作业做完没？”，而是问“今天攻克哪个薄弱点？有什么收获？”检查“知识地图”和错题本是否不断完善。。允许放松，但要“有意义的放松”：适当娱乐、锻炼、家庭活动不可少。可以一起看有深度的电影、纪录片，甚至短途旅行，积累作文素材、调节身心。主动与老师沟通一次：寒假前或寒假中，主动和孩子班主任或主要科任老师交流，了解老师眼中孩子. 全文2331字|阅读需5分钟张雪峰喊高二同学：寒假千万别心软，没计划就照抄这份！2我见过太多孩子在高二这个关键分水岭，有人抓住寒假实现飞跃，有人却因放松而遗憾掉队。今天，我以“老班”经验，实实在在跟大家讲讲：高二寒假这近一个月的宝贵时间，究竟怎么安排，才能实现真正的“逆袭”，为高三铺就一条坚实之路。先得打破一个错误观念：“高二寒假不就休息休息，等高三再努力？”大错特错！高二上学期，新课基本结束。这个寒假，是高中三年里最后一个能完全自. 中档题巩固：高二期末和高考，中档题很关键。确保三角函数、数列、立体几何、概率统计等章节常规题型“零失误”，总结通用解题步骤。思维提升：每周挑战2-3道有难度的压轴题（如导数、圆锥曲线），即便做不出，看答案理清思维链条：关键步骤如何突破？用了什么数学思想？【英语】词汇升级：别再死记硬背“abandon”！重点攻克“阅读词汇”和“写作词汇”。整理本学期试卷阅读中高频生词、熟词生义，放在例句里记忆，每天30个。阅读保持与精析：每天做1-2篇阅读理解或完形填空保持手感。做完后精析答案出处，尤其是长难句，学会拆解主干，这是提升语感和解题速度关键。书写与写作：练字！工整卷面是隐形加分项。每周仿写1篇高考优秀作文，背诵高级句型和连贯逻辑。. 块，1个选考弱项模块，作为寒假攻坚重",,,
S0089,这是我见过幼儿园大班下学期最好的布局⚠️,"背会这几页，你娃就是学霸！
#小红书春日特派员#幼小衔接 #数感启蒙 #大班 #幼儿识字 #认识时间 #英语启蒙 #拼音 #儿童时间管理 #记录吧就现在
03刷牙02洗脸Don 01起床Don's Goodmorning.Time to wake up!早上好！酸酸！Getup!Wakeupouspyhd.该起床了！Wat 起床了，这个贪睡鬼。Rise and shine.佑佑麻麻qpb阳都搭屁股了。tto sleepmore?还想睡吗？Just fiveoreminutes.只能再睡5分钟。Ill count to three.Come on 我数到三，快点起床！Good Morning.Mr.Rooste 儿歌：（早上好，公鸡先生）Are You Sleeping （你在睡觉吗）. 凑十法练习题（综合题）我一年级数学凑十法口诀凑十法凑十法、破十法口诀表口算又快又准@佑佑麻麻gpb 20以内进位加法表小红破十法6+6=223+9=12平十法6+5-9+2-6+9=157+4-8+9-9-4+1789-17-7=1从上到下得数由小20以内退位减法表借十法. 幼儿专注力思维训练3-6幼儿专注力思维训练我幼儿专注力思维训练. 幼小衔接必备百科知识大全五、安全常识1、过人行道什么灯通行？（绿灯）3、遇到坏人，打什2、有人生病需要急4、遇到火灾，打什5、预防新冠病毒要幼小衔接必备百科知识大全6、人体正常温度是7、发现煤气泄漏，三、地理常识8、陌生人给你好吃1、我国最大的岛屿9、家里什么东百可2、我国的母亲河是（台湾岛）10、你自己在家，3、我国最长的河是4、世界最高的山六、生活常识5、我国的陆址画积幼小衔接必备百科知识大全1、吃东西前先要做6、中国位于地球北2、爸妈电话？家庭7、世界上最大的海@佑佑麻麻qpb 小红书3、多吃蔬菜有什么8、我国最长的运河1、十二生肖有哪些？4、怎样保护好咱们9、我国的南北分界（鼠牛虎免龙蛇马羊猴鸡狗猪）10、世界最大热带2、中国四大名绣是什么？（苏绣、湘绣、蜀续、“绣）5.什么时间段咱们3.中国四大名花是什么？-（牡丹、水仙、菊花、山茶）6、看动画片20分钟4、中国五岳山是指哪五座？（泰山、华山、衡山、恒山、嵩山）7、几点睡觉咱们能四、国家常识5、四书是哪四书？（《论语》、《中庸》、《大学》、《孟子》）8、每天做几次眼保1、我国的国宝是什6、五经是那些？（《诗经》《尚书》《礼记》《易经》《春秋》）9、小朋友每天睡多2、中国的首都是是7、五彩是指哪几个颜色？（青、黄、赤、白、黑）10、小朋友每天做3、中国的地图像什8、五音是指什么？（宫、、角、徽、羽）4、我国的国旗是什9、中国四大名著是？（《红楼梦》《三国演义》《水浒传》《西游记》）5、我国共有多少个10、五行是指？（金、木、水、火、土）6、现在我国国有多7、我国最大的城市二、节日常识",,,
S0057,❤️关键时候能救命！保存这份蓝图,"最近关于高压力从业者，甚至是运动达人突发身体状况的消息，真的让人很揪心。
心脏骤停（心脏突然停止射血）已经不再是老年人的“专属”，中青年高压人群更要提高警惕。
哪怕你平时看起来体质不错，甚至经常打卡跑步，也可能因为长期过度劳累、精神紧绷，让心脏悄悄埋下“隐形炸弹”。
为了守护我们的生命之泵，这几点生活细节一定要刻进脑子里：
✅ 1. 听懂身体的“求救信号”
如果频繁感到胸闷、心悸、极度疲惫，或者出现过黑蒙（眼前发黑）、晕厥先兆，千万别以为“歇歇就好了”,,。这些迹象可能意味着心脏已经不堪重负。
✅ 2. 拒绝透支，作息要“稳”
劳累过度是诱发急性心肌梗死或恶性心律失常的重要诱因。长期熬夜会导致交感神经持续亢奋，让心脏长期超负荷运转。
无论多忙，都要给身体留出“充电”时间，保证充足睡眠。
✅ 3. 运动量力而行，切忌“猛”
虽然运动有益，但平时运动量少的人，不宜突然尝试高强度运动（如盲目参加
黄金4分钟：跑赢死神的唯一窗口100%0-4分钟（黄金救援期）如果在此期间实施有效CPR与尽早除颤，存活率可高达32%。脑细胞尚未发生不可逆损伤。75%(9)%4-6分钟：脑组织开始发生不可逆转的损害。10分钟：脑死亡几乎为定局，复苏25%成功率接近于零。0%0246810Time（分钟）绝不能干等救护车。院外心脏骤停经目击者心肺复苏的患者，出院生存率显著高于干等救援者。时间就是心肌，时间就是生命。ANotebookLM. 疲劳是如何“击穿”心脏的？极度疲劳/长期熬夜交感神经持续亢奋，身体无法进入休眠修复。内分泌失控肾上腺素大量飙升，导致血压急剧升高，心率节律发生紊乱。心脏超负荷耗氧量激增。对于有潜在/隐匿性心脏疾病者，极易诱发斑块破裂或严重心肌缺血。恶性心律失常发生室性心动过速（室速）或心室颤动（室颤）。心脏失去泵血节律，变为无效的“蠕动”。心脏骤停射血突然停止，有效血液循环中断，机体各器官供血供氧瞬间缺失。ANotebookLM. 生死瞬间：精准识别心脏骤停心脏骤停癫痫发作普通晕厥突然完全丧突然倒地，短暂丧失，失，呼叫无双眼上翻，多可自行苏意识反应。四肢抽搐。醒。大动脉搏动大动脉搏动脉搏微弱但彻底消失，可触及，心脉搏与持续存在。心音消失。音存在。心音断续、呈濒呼吸急促或死叹息样，因抽搐暂呼吸变浅但随后完全停停，随后恢保持连续。呼吸止。复。不要犹豫！一旦发现“无意识+无呼吸/叹息样呼吸”，立即按心脏骤停处理！ANotebookLM. 疲劳的尽头，是心脏骤停高压人群的“护心”生存与急救蓝图一份写给疲惫成年人的科学自救指南。基于《心脏骤停基层诊疗指南（2019）》与最新临床数据编制。ANotebookLM. 危险的“巧合”：当高压遇上透支AM 近期，考研名师张雪峰因突发心脏不适被传送入ICU（其在此前高压工作下当月累计跑步72公里）；曝光行业暴利的记者魏华在长期熬夜赶稿后突",,,
S0302,听张雪峰的建议学电气自动化，月入1.2w,#工业机器人#工业自动化#工业机器人培训#Plc培训#Plc编程,,,
S0241,,天妒英才。24号晚上我就刷到了雪峰老师的讣告，41岁心源性猝死，难以置信，明明前两天还在更新作品，甚至当天早上还在直播。 拼，太拼了，从家境困难到现在的两家公司，他几乎都是以个人ip撑起来整个团队，员工做四休三，老板却每天工作。 他是一个好老板，是一个好教育家，但不是一个好妻子，好爸爸。孩子还小，才11岁，老婆甚至也因为是公众人物而无法公开。 可能很多人讨厌他，不喜欢他的说话语气，太激动太情绪化，动了很多资本的利益。但他确确实实是一个为老百姓办实事的好老师。给家长们讲专业，帮孩子们填志愿。 之前也有很多明星去世的消息，但这次对我的影响最大，可能因为他的切片太多了，我没报过研途的课程，但我经常刷到雪峰老师的动态。 看到他女儿的评论，“天上的文曲星换届了，所以他爸爸就离开了”，嗯，真是天妒英才。对自己太狠了太拼了，工作到很晚却还要坚持长跑，心脏超负荷了怎么撑得住呢。 不管怎么样，他算是做到了，成为了一代人心中的回忆。就说到这里吧，最后还是想说： 张老师，一路走好，下辈子别这么拼。 #张雪峰,,,
S0097,,"今日在抖音上刷到举报高平一中利用五一假期，给高一高二补课的视频。
说实话，看到后心里真是五味杂陈。教育部三令五申不得利用节假日补课，这种现象却总是屡禁不止。这背后的原因到底是为什么？
 在视频中看的出这位家长，不希望孩子补课，希望孩子能够正常休息，这也是一部分家长的愿望。
 但是还有相当多的家长希望孩子，利用节假日的时间，让孩子能够补弱增强，提高成绩。
 以前老师大班补课，费用还比较低。随着严禁补课的文件下达，公开补课转成地下，几个学生悄悄在老师家中补课，甚至一对一专门辅导，费用自然越来越高，成为了许多家长的不能承受之重。大多数的家长，都希望通过高考（",,,
S0346,我为什么二战事业单位才发现这个网址😭,"#事业编备考 #事业单位招聘 #事业单位备考 #事业编 #事业单位考试 #事业单位联考 #事业编考试 #事业编制 #事业编联考 #事业单位
2026年事业单位招聘（公共基础知识+职业能力倾向测验）题库试题数量：11959到期时间：2027-01-15包含科目：公共基础的识职业能力倾向测验首页盟库络习措题强化试题收藏类型：章节练习历年真题模拟试卷预测试卷考前点题2026年事业单位招聘《公共基础知识》预测试卷一2026年事业单位招聘《公共基础知识》预测试卷二2026年事业单位招聘《公共基础知识》预测试卷三2026年事业单位招聘《公共基础知识》预测试卷四2026年事业单位招聘《公共基础知识》预测试卷五2026年事业单位招聘《公共基础知识》预测试卷六2026年事业单位招聘《公共基础知识》预测试卷七. 2026年事业单位招聘（公共基础知识+职业能力倾向测验）题库试题数量：11959到期时间：2027-01-15包含科目：公共基础知识职业能力倾向测验首页库练习错题强化试题收藏类型：章节练习历年真题模拟试卷预测试卷考前点题2026年事业单位招聘《公共基础知识》考前点题卷一2026年事业单位招聘《公共基础知识》考前点题卷二2026年事业单位招聘《公共基础知识》考前点题卷三2026年事业单位招聘《公共基础知识》考前点题卷四. 2026年事业单位招聘（公共基础知识+职业能力倾向测验）题库试题数量：11959到期时间：2027-01-15包含科目：公共基础的识职业能力倾向测验首页错题强化试题收藏类型：章节练习历年真题模拟试卷预测试卷考前点题2026年事业单位招聘《公共基础知识》模拟试卷一2026年事业单位招聘《公共基础知识》模拟试卷二2026年事业单位招聘《公共基础知识》模拟试卷三2026年事业单位招聘《公共基础知识》模拟试卷四2026年事业单位招聘《公共基础知识》模拟试卷五2026年事业单位招聘《公共基础知识》模拟试卷六2026年事业单位招聘《公共基础知识》模拟试卷七. 2026年事业单位招聘（公共基础知识+职业能力倾向测验）题库试题数量：11959到期时间：2027-01-15包含科目：公共基础知识职业能力倾向测验首页题库络习措题强化试题收藏类型：章节练习历年真题模拟试卷预测试卷考前点题m 2025年事业单位招聘《公共基础知识》试题精选1（网友回忆版）2025年事业单位招聘《公共基础知识》试题精选2（网友回忆版）2024年事业单位招聘《公共基础知识》试题精选1（网友回忆版）2024年事业单位招聘《公共基础知识》试题精选2（网友回忆版）2024年事业单位招聘《公共基础知识》试题精选3（网友回忆版）. 选题】17.某制造企业在观察最近半年的生产过程时发现，每增加一名工人可以提高产量，但增加的减少。这体现的经济学原理是（）.边际效用递减B 边际产量递减规模经济范围经济答案：B 您的",,,
S0119,高三提前上岸东财❗,入学考试4.5，成功通过东北财经大学国际本科的考试！恭喜刘同学👏🏻👏🏻👏🏻可以安心提高雅思和学习专业课啦✌🏻话说东财的专业课含金量🉑是杠杠滴~张雪峰老师说过：东财虽然自己没评上211但自己的学生调剂可都有211兜着[偷笑R]#成功上岸 #看到的人都能成功上岸 #东北财经大学,,,
S0059,,张雪峰老师的东西在未来水瓶时代并不适用。他是土时代火的，他个人星盘土元素非常重，是非常典型的土时代代表人物，他的逻辑是，读4年大学选个好专业，拿到学位，在某个专业领域干上30年，而这套理论放到过去非常适用，放到未来风时代就根本不行。 风时代的赚钱的逻辑就是，你必须在9个月内掌握一门新专业，而这门专业在4年后就过时了。但在专业存在的这3年里，你可以变得非常富有。#我在曼谷蹦迪 #躺平是这个时代最好的福利,,,
S0067,,#张凌赫 #张凌赫谢危 #张译 #张艺兴 #张雪峰,,,
S0361,,"张雪峰最大的卖点是为普通家庭打破了信息差，他确实撬动了市场的蛋糕，另一方面来看却又事实上建立了张雪峰式的信息茧房。他给的信息无论对错，能站上时代的浪尖，就证明了市场有极大需求。正如张雪峰自己调侃的：原以为给排水专业就是修水管的。真有家长就喜欢冲名校+看专业名字光鲜，课程设置、就业方向、行业壁垒一概不知，更别说孩子喜不喜欢、合不合适了。生涯规划和职业指导，这是国内教育体系的重大缺位。

http://t.cn/AXIcHVnh
#随记##记录时光##治愈不开心##每日金句##杂记##推文##情感语录##心情日记##心情日记##岁月##失去##命运##人性",,,
S0048,张雪：坚持梦想，到底是在坚持什么？,"张雪和张雪峰代表两种人生哲学：张雪坚持自我，打破机车垄断；张雪峰强调生存，劝人先存再谈理想。他们的选择反映了对梦想的不同理解，证明了坚持什么，决定了你成为什么。#梦想与坚持[话题]# #为梦想而努力的人[话题]# #梦想的力量[话题]# #致每一位勇敢追梦的人[话题]# #梦想与现实[话题]# #张雪[话题]##张雪峰[话题]##张雪和张雪峰[话题]# #活着才能梦想[话题]# #相信的力量[话题]#
本质上，他们是一类人。都在为自己相信的东西而全力以赴，而且在他们各自的轨道上从未停留。所以，回到那个问题：坚持梦想，到底在坚持什么？人只会为他相信的东西而活。相信什么，就成为什么。无论你选择哪条路，真正重要的从来不是你“选了什么”，而是你“是不是真的相信”。因为只有相信的东西，才撑得起一个人的一生。. 张雪峰相信的是生存，坚持的是对生存法则的敬畏。他见过太多普通家庭的无奈，看清了世俗世界趋利避害的规则：寒门子弟没有试错成本，一步错便是半生坎坷。于是他站在直播间里，日复一日地劝人先生存。这何尝不是一种坚持？这不是功利，这是他的信仰。他相信，活好才有后来的一切。而张雪相信的，是自己。他坚持的是，是对自我信仰的忠诚。他的世界就是自己和机车。如果连自己想做的事都不能做，那这个世界对他来说就没有意义。他不是在赌一个成功的可能，他是根本没有第二种活法。无论机车梦成不成功，他只要活着，就在这个梦里。他坚持的从来不是“梦想”这个虚无的词，而是以自己的方式，真正地活着。张雪峰的活法，是为了生存而适应世界；张雪的活法，是为了自我而创造世界。. 张雪：坚持梦想，到底是在坚持什么？最近，名字仅一字之差的张雪与张雪峰，成了全网热议的两个精神坐标。一个在机车赛道上孤注一掷，打破国外垄断，活成了理想主义的孤勇样本；一个在志愿填报直播间苦口婆心，劝万千年轻人先生存再谈理想，是现实主义的人生导师。有人假设，若年轻的张雪连线张雪峰直播间，会有怎样的对话？答案几乎可以预见—-张雪峰会劝他：先活下来，再谈情怀和梦想。. 这话没毛病。在大多数人眼里，张雪是那个“幸存者偏差”的例外，而平凡的普通人还是要多听张雪峰的劝告。可是，像张雪一样的年轻人，听到这些劝告会怎么选？我的答案是：他们压根不会去关注和留意张雪峰，也绝对不会出现在他的直播间里。张雪要的从来就不是一个告诉他“怎么办”的人生导师。他要的是实实在在能解决问题的答案。他只会出现在机车技术论坛，在某个深夜，对着屏幕疯狂地追问一个零件怎么拆、一个故障怎么修。有人说，张雪和张雪峰像是两个平行的人生，张雪峰说的是“如果”--如果你选择这条路，可能会怎样。张雪做的是“确定”--我的人生只有这一条路，没有如果。在我看来，张雪和张雪峰，从来不是对立的两种人生，也不是非此即彼的选择，他们不过是为自己坚信的东西，拼尽全力活着。",,,
S0258,张雪峰: 点醒所有女孩子❗,"张雪峰点醒所有女孩子张雪峰老师的一些话，值得所有女孩子反复看1,""女孩一定要努力，去更好的地方，遇到更好的人。鱼找鱼，虾找虾。你的圈子，决定了你会遇见谁。拼命往上走，不是为了攀附，是为了给自己一个选择更好人生的入场券。2,""姑娘，千万别在高中搞对象。你这么好，值得被更好的人爱。在最该蓄力的年纪，别为一段青涩的感情，赌上你看世界的可能性。3,""真正的安全感，来自你的知识储备，经济基础和打不败的自己。婚姻，房子，承诺，都可能变。唯有你脑子里的知识，口袋里的钱和内心的韧性，谁也拿不走。. 033.跟随厉害的人当你认为一个人真的很厉害，又有成果，你决定跟随他，就要彻彻底底地跟随，3年、5年、10年…厉害的人，会一直厉害，即使遭遇低谷期，只要没有严重负债，或者身体健康出了大问题，还是能翻盘。因为他的认知、经验、商业思维、能量场、格局、执行力、判断力、领导力、影响力、赚钱能力、信息获取能力、沟通能力等等，这些虚的资产，都还在。你要用时间和忠诚换信任，不抱怨、相信他、听话、能吃苦、不轻易翻脸背叛。你不能过度慕强，看到更好的马上跑了。你本来就啥都没有，没经验、没钱、没资源、没权力、没人才朋友，想让牛人带带你，除了花很多年时间，傻傻地跟随、傻傻地听话，用能力证明自己，还能干什么？一会儿相信、崇拜、跟随A,一会儿看A好像不行，没法让你快速赚钱，就跑去跟了B；看B也不行，跟了几个月，又跳到C那里。这种人小心思多，到哪都没信任积累，没朋友。没有信. 108.改变现状，就要改变习惯要想改变你糟糕的、不如意的现状，不但要猛力改掉旧的坏习惯，还要善于耐心建立新的好习惯，一切坏习惯，不管它多么根深蒂固，都要下定决心改掉它。不光要自己主动改，还要找人帮助自己改。人的结果，就是思维习惯、言行习惯的产物。牛人不是生下来不犯错，而是善于改错，改的快，改得彻底，不重复错误，让错误越来越少。109.离开旧环境才能干成事个人想干成事，只有离开家乡，离开原生家庭，离开旧有环境，到一个新环境去。否则稍微一动弹，周围全是下沉力量，这个劝的，那个说的，支持的人一个没有，扯后腿的一大堆，打着对你好的名义，让你不要动。这股无形的力量就是乡俗规定，制约着人发展，向这股力量妥协的人，最后思维被固化，也成为了其中一员，成为旧有思维的卫道士。110. 张雪峰点醒所有女孩子4,""普通女生，先有自己的底气，再谈爱情和婚姻先谋生，再谋爱。当你自己活成一座山，就不会再去寻找可以依靠的树。你的底气，是你最好的嫁。5,""现在不吃学习的苦，将来就要吃生活的苦。'学习的苦，是主动的，有期限的。生活的苦，是被动的，无尽的。选前者，你能掌控；选后者，你只能承受。6,""努力的速度，一定要赶上父母老去的速度。这是我们拼命的深层动力。不是虚荣，是想在他们需要时，有能力说""别担心，有我""。7,""建议文科女生发疯式往上爬!""如果出身普通，就更要""疯""。",,,
S0190,,对专业迷茫，不知道给孩子报什么专业去看这本书#家长必读 #张雪峰#阅读#教学#正版 #张雪峰老师,,,
S0151,,bilibili# 明天也会更好Asuk的视频http://t.cn/AXtpXr2q 相信我，绝对好笑。@孤烟暮蝉 @-逆光飞行- @yikecat @寒舞C @沈逸 @张雪峰老师 @皇贞季SCK @-逆光飞行- @以史为鉴V @都护西域,,,
S0239,,听一下张老师与他女儿的一段对话，希望对您和您的孩子有所启发 #张雪峰 #张雪峰老师 #张雪峰语录 #青年创作者计划 #我用大疆记录的珍贵时刻,,,
S0033,,饭后甜点#张雪峰老师 #巧乐兹 #雪碧,,,
S0220,言为心声，张学峰老师生前突兀的表达，可能,"张雪峰老师离世前曾表达希望猝死，提醒我们关注身边人的异常表现，及时采取行动。妈妈在去年7月17日离世前也表现出反常迹象，如身体好转、情绪异常等，但家人并未重视，最终未能挽救。
全文2096字|阅读需5分钟言为心声，张学峰老师生前突兀的表达，可能是身体本能的呼唤！回想我妈妈去世前的每个细节，是不是他们在向我们求救？. 那儿住两天。我当时心里有点奇怪，说这个老太太平常来南阳都是在我那儿住，为什么这次竟然要住弟弟那里，真是奇怪。妈妈住进医院，天天昏睡，吓得我不敢回家，天天在医院陪她。等她醒来的时候，她就给我讲家里边有一个老人在地里干活，中午12点的时候还没有回家，家里人到地里去找他。他已经离开人世了，妈妈说她喜欢这样的死，因为发病这么快，自己不痛苦，也不给家人带来痛苦。我笑着说，妈，你怎么老说这些呢？连人家的死你也羡慕。那时我的还是没有重视起来。在妈妈离开人世的这个过程中，我一次也没有抓住她的手，挽救她.在医院里治了几天后，好像病情减轻了，妈妈想洗一下澡。平常在家时她都自己洗澡，我要是说帮她搓一下背，她都坚决不让。她总是毫不犹豫地说她自己一个人就可以。但是这一次她竟然非常温顺的让我给她擦身体，一点抵触也没有。这也是我对她第一次尽孝，我那是想妈妈有需要我的时候了，但从来没有想到这么快就结束了。一星期时间，医生说妈妈的病好了，让她出院。我又一次让她住在我那里，说弟弟那里不够住，她去. 这样说？言为心声，如果那个时候让她赶快来体检，给她应有关怀的话，她可能就不会离开我们。7月4号妈妈第一次主动给我们打电话说自己身体有病了。要来我这里看看。我赶快回家接她。父亲说在来我这里前，她和父亲两个人一起上街买了父亲喜欢吃的冰糖，以及一些日常生活要用的东西，这些都是平时妈妈买，父亲都不知道要买啥。还专门买了一大包点心，说买这个是让我们回家吃的。后来我们回家安葬母亲。心里难受，啥饭也吃不了，父亲就把这包点心拿出来给我们吃，说这是妈妈给我们准备的。怕我们回来了，家里没有东西吃。是不是妈妈已经想到了这一天？又一次给孩子们准备了食物。我那时候还没有重视起来。回家后看到妈妈的一条腿全都紫了，我以前听说过女怕穿靴，男怕戴帽。妈妈的腿上的出血这么厉害，是不是很危险？就赶快在网上搜了一下说。这并不可怕，因为现在医疗条件很好，如果在古代就是非常危险，所以我一次大意了，以为住进医院就可以救她的命。问她想住哪个医院，她说她要住南石医院。因为这个医院离我的弟弟很近，她准备住完院，再到弟弟. 张雪峰老师突然离我们而去，有好多人都在回顾他生前说他希望猝死。希望在死的时候上热搜。言为心声，他在心里可能已经想过这些事情。也可能是他的身体让他不由自主地发出这样的呼声。因为他也不知道哪一天会离开人间，可能是身体本能的表达。他和我妈妈离开我们的前几个月发生的事情有很多相似之处。我亲爱的妈妈，是在去年7月17号突然离开我们",,,
S0304,高考前我也想过放弃💔直到我翻开这本书,压力调适·亲子陪伴离考冲刺不仅考验孩子，也考验家长。本板块聚焦高专注考试心理研究，剖折考前紧张，临场怯场。经典心理疗愈佳作，倡导自我接纳与正向心理建三家庭相处模式，设侵孩子压力，化解亲子隔阂，学考场记忆空白等常见问题，给出可落地的心态调设，帮助考生消解考前自卑，焦虑与内耗，重建会温柔且有效的科学陪考。节，专注力训练技巧，帮助考生筑牢心理防线。积极内心状态，也适合家长共读，以器达平和的稳定发挥真实应试水平。心境陪伴孩子走过青春关键期。高考在即——执笔扬帆，立足离三家庭真实状态，从心理学角度别析考生备考心理变化，给出亲子沟通，情绪导、家庭考试心理学：心理素质与考会生命的重建赔伴的实用方法，帮助家长走出陪考误区，读懂心理学场表现5.61海破浪前行！孩子隐性压力，用温和科学的方式陪孩子平稳冲71本怕斯刺高考。加书试读加书菜试读12本家有高考生志愿选择·未雨绸缪选择的书单都很适合高考生书中一本零门槛冥想入门读物，无需专业基础和大块12.本时间，每天十分钟即可放空杂念，舒缓身心疲考得好更要报得好。提前读懂志愿逻辑，院校实力与家长孩子可以一起阅读加书试专业前景，避开填报误区，让每一分分数都发挥最大急，非常适合考前利用课间、睡前碎片时间静心减压，找回专注平和的备考状态。价值。以真实心理案例为依托，提出不必强行彻底改变十分钟冥想结合院校实力，专业特色与就业趋势，系统讲解自我的理念，用微小行动就能化解备考内耗，亲五月下旬，高考的钟声越来越近，冲刺的节奏高考志愿填报底房逻辑，搭配真实案例榄理填报子隔阂与情绪儒串，每天一个小行动，用轻量级改变带来心态大转变。避坑要点，帮助家长和考生理性定位分数，精准越来越紧。书试挑选适配的大学与专业。5公票5%的改变人生规划·青春成长精准精准选择：高考志愿填报指高考从来不是考生一个人的战斗，更是家长的高考只是人生一站，不必被分数困住眼界。本板块治南加书架：试愈备考迷茫与内耗，重塑心态格局，帮年轻人立足当83陪伴与守护，从考前的心态疏导，到考后的志下，看向长远成长。加书架试愿选择，每一步都至关重要。最后一段时间，加拿大心理学专家解读青春期”叛逆“背后的压力密码，教家长放下刻板说数，用共情与理解替代聚焦青年成长与人生规划，涵盖专业选择、大学拼的不仅是考生的知识储备，更是心态的较依托多年高考报考实战经验，用通俗直白的语言人生规划·青春成长拆解选大学、挑专业的核心逻辑，分析各行业就量、家长的陪伴智慧；而考后的志愿填报，则加拿大心理学专家解读青春期版逆“背后的压力高考在即——执笔扬帆，破浪密码，教家长放下刻板说教，用共情与理解替代高考只是人生一站，不必被分数困住眼界。本板块治前行！c 是决定孩子未来方向的关键一步，提前准备，指责，同时帮考生识别自身压力源，掌握科学调备考迷茫与内耗，重盘心态格局，帮年轻人立足当节情绪的方法，实现双向治愈。下，看向长运成长。才能,,,
S0026,Nike营销预算多，但为何天猫直播都得卡时长,"不是每个平台都铺开，而是先在一个平台站稳脚跟。我的建议是：第一，别学大品牌的全平台覆盖策略。咱烧不起。第二，选一个你业务量或用户线占比最大的平台，先做3个月。第三，用创始人IP代替广告投放，这是小品牌最大的杠杆。注意力在哪，营销就在哪。但你不需要在所有地方都存在。你只需要在一个地方，被记住。O我是昱晴，带你拆解Nike的营销逻辑，迁移到小品牌IP打造. Nike营销预算多，但为何天猫直播都得卡时长在Nike工作7年。有一个很尴尬的事实：预算很多，但每年做计划时，连天猫直播的时长都得精打细算。不是钱不够。是平台太多了。中国的互联网已经把消费者的注意力切割得太碎了。刷抖音买东西的人，不会去刷淘宝逛逛。刷抖音娱乐的人，不会去刷微信视频号。. 每个平台都是独立的生态，互不相通。中国人平均每天刷短视频1-2小时。但这1-2小时，分散在至少3个平台上。对品牌来说，这意味着什么？意味着你要在每个平台都投放，每个平台都要独立运营。抖音要做一套内容，天猫要做一套，微信视频号又要做一套。Nike这种体量的品牌，可以一年砸几十亿，每个平台都覆盖。但即便如此，我做预算时还是得盘来盘去。因为每个平台都在加固自己的护城河。腾讯有社交生态，阿里有电商体系。想全覆盖？那就每个都得投钱。最后的结果是什么？就算预算再多，也会陷入一个死循环：每个平台都做，但每个平台都做不透。那小品牌怎么办？. 我离开Nike后，开始帮小品牌做IP打造。发现一个很有意思的现象：有些创始人会问我：""应该做抖音还是小红书？视频号要不要做？""我的回答是：都不做。先做一个。因为小品牌最大的优势，不是钱多，是灵活。Nike要在每个平台都保持存在感，因为它是大品牌。但你不是。你可以选一个平台，深耕3个月。快速测试，快速迭代。跑出内容模式了，再复制到其他平台。更重要的是，小品牌有一个Nike没有的武器：创始人IP.Nike要找运动员，要签合同，要付代言费。你不用。你自己就是最好的代言人。0成本，天然懂业务，还能建立人性化连接。雷军、董宇辉、张雪峰，他们都是这么做的。",,,
S0389,碎片时代，一个阅读器让纯粹回归,"个被碎片信息绑架的人。
在手机上，微信群、公众号、短视频…把我的时间撕成碎片。
	
前阵子给爱读书的老妈买了个墨水屏阅读器，真好，小巧精致；后来也给自己买了一个。
	
📖做减法
墨水屏护眼的好处不多讲，大家都明白。
另一个吸引我的点，是它回归阅读本质的“纯粹”。没有花哨的UI，无弹窗，无游戏，开放系统提供了十几个精选应用。这种克制的“匮乏”反而让我找回了久违的专注。
📖真方便
147g的重量和6英寸的大小，比手机轻薄，可以轻松的放进包里或稍大的衣服口袋，这种可随身携带的方便也再次降低了它词汇的可能。
	
之前总觉得，要找回读书的乐趣，得靠强大的意志力，得逼自己坐下来，逼自己静下来。
现在才发现，其实不用。
	
#阅读[话题]# #读书[话题]# #墨水屏[话题]# #电子书[话题]# #阅读器[话题]# #阅读器推荐[话题]# #好物推荐[话题]# #好东西[话题]# #掌阅[话题]# #掌阅neo3ultra[话题]#
加速器就需要四五年的时间，从经济和资源的角度看也不可能大量建造，当然，他们可以拉大加速器间的距离，比如说在他们星系的各个行星上建造，这确实能破坏智子的多线程操作，但在这样长的时间内，三体世界再造出十个或更多的智子也不困难。越来越多的智子将在那个行星系中游荡，它们合在一起也没有细菌的亿万分之一那么大，但却使地球上的物理学家们永远无法窥见物质深处的秘密，地球人对微观维度的控制，将被限制在五维以下，别说是四百五十万时，就是四百五十万亿时，地球文明的科学技术也不会有本质的突破，它们将永远处于原始时代。地球的科学已被彻底锁死，这个锁是如此牢固，凭人类自身的力量是永远无法挣脱出来的。”2240iReader 142/4527. 22:3003月26日周四丙午年二月初八导入工具文件换机助手2.0录音8计算器应用市场iReader. 加速器就需要四五年的时间，从经济和资源的角度看也不可能大量建造，当然，他们可以拉大加速器间的距离，比如说在他们星系的各个行星上建造，这确实能破坏智子的多线程操作，但在这样长的时间内，三体世界再造出十个或更多的智子也不困难。越来越多的智子将在那个行星系中游荡，它们合在一起也没有细菌的亿万分之一那么大，但却使地球上的物理学家们永远无法窥见物质深处的秘密，地球人对微观维度的控制，将被限制在五维以下，别说是四百五十万时，就是四百五十万亿时，地球文明的科学技术也不会有本质的突破，它们将永远处于原始时代。地球的科学已被彻底锁死，这个锁是如此牢固，凭人类自身的力量是永远无法挣脱出来的。”182/4127. No.22:33Q 创来最近阅读圣线心理学体对您欣TOp5/开榜1张雪峰：理想主义的反面查看全部《人物》杂志冯颖星2呼啸山庄推荐值80.8%（实人口）艾米莉·勃朗特3唐诗光明顶推荐值97.0%（神作/推力》王晓磊4选择比努力更重推荐值90",,,
S0314,,大连研途考研寄宿集训营校区地址电话汇总。咨询电话:18567332272（v同） ✔大连研途考研集训营怎么样？ ✨✨大连研途考研师资团队经验丰富，张雪峰等名师领衔；课程体系完善，覆盖全科全程辅导；采用线上线下融合教学模式，灵活高效；紧邻大工、海事等高校，区位优势明显；提供个性化备考规划与督学服务；学习氛围浓厚，上岸率口碑俱佳，是大连地区考研学子的热门选择。 大连研途考研校区地址汇总： 📍大连研途考研：辽宁省大连市甘井子区黄浦路 （以上就是大连研途考研校区地址汇总，来源于网络，仅供参考，具体详情可在线互动留言） #大连研途考研 #研途考研集训营 #大连考研集训营 #大连考研机构 #大连考研机构推荐,,,
S0063,羽球场上的补给清单｜林李们还有零食推荐吗,"之前跟大家分享过很多羽球运动安全、防损伤和身体预警的干货
其实除了别硬扛、懂休息、及时体检，
运动中科学补给同样是延长我们羽毛球职业生涯的关键一环🏸
这次就把我的营养师朋友（豆包 AI）帮我整理的
羽球场上补给清单分享给大家。
清单里包含了饮料 + 小零食的电解质含量还有部分价格可以供大家选择。
我也新入手了一批补给，
期待接下来的球场表现。
至于会被哪个幸运球友分到我的小零食
咱球场见分晓😉
好好补给，好好运动
争取在球场上多战几年，一直热爱不退场✨
#羽毛球 #羽球人 #运动补给 #羽毛球干货 #打球不抽筋 #运动安全 #张雪峰 #热点新闻事件 #猝死 #健康最重要 #王祉怡回应亚锦赛开门红[话题]#
CHEN TWO 几款运动饮料每100ml 含量电解质含量对比*数据综合自公开标签与测评，不同口味/批次略有差异，以瓶身营养表为准。品牌/产品钠（mg）钾（mg））氯（mg）镁（mg）钙(mg)宝矿力水特6225约451-21-2佳得乐（常规4512约3500约381)东鹏补水啦481501小红书脉动（电解质款）30-40约251-21-2尖叫（纤维型）25-358-12约201-21-2外星人电解质水555。。天然椰子水202503000钠/钾为核心运动出汗流失最多，国标运动饮料（GB15266)要求钠5-120mg/100ml、钾5-25mg/100ml.镁/钙为加分项多数饮料含量低，仅脉动/尖叫等含少量，抽筋频繁可优先选含镁款。氯随钠多以氯化钠/柠檬酸钠存在，含量与钠正相关。中高强度1小时：宝矿力/东鹏补水啦场景匹配轻度出汗/控糖：外星人高钾需求：天然椰子水. CHENTWO 为什么打球、爬山的大神爱喝可乐？首先可以确定的是他们喝可乐并不是为了补充电解质，只是为了补充能量和水分，防止饥饿感影响运动表现。可乐在饮料当中补糖最快，包含少量咖啡因可以提神，口感爽，而且便宜、随处能买。普通人喝碳酸会胀气、掉血糖快，但大神强度大、消耗快，糖能直接烧掉，胀气也不影响发挥。双糖加持续航又快又久可乐里面主要有两种糖补充能量，果葡糖浆(高果葡糖浆）和白砂糖（蔗糖）。高果葡糖浆：玉米淀粉加工而来，葡萄糖和果糖是分开的蔗糖：甘蔗/甜菜提取，是葡萄糖+果糖绑在一起二者的升糖速度不一样高果葡糖浆：升糖极快，喝下去立刻供能蔗糖：稍慢一点，血糖上升相对温和. CHEN TWO 羽毛球运动为什么要补充电解质？电解质是什么电解质就是你在打球、跑步、大量出汗时随汗液一起流失的带电矿物质。主要包括：钠、钾、氯、钙、镁它们负责维持心跳、肌肉收水分平衡，一旦流失过多，就会抽筋、乏力、头晕、心慌，所以高强度运动后，只喝水不够，要补电解质。怎么分辨是否为电解制水看成分：一般会在成分表标注含有NA、K离子等成分缺钠乏力、头晕、血压低缺钾肌肉抽筋、心跳不稳缺钙镁肌肉僵硬、恢复慢. CHENTWO 几",,,
S0255,近期热点人物素材🔥值得一背❗,"1.张雪峰：当你觉得走得辛苦，证明你在走上坡路。【适用主题】：责任担当/坚守初心等 2.张雪：有梦想就去追，因为勇敢，我的人生更精彩。【适用主题】：理想信念/创新精神等 3.刘思彤：没有天生的强者，只有不肯认输的追梦者。【适用主题】：突破自我/体育精神等 4.高德荣：一粒种子，关乎万家饭碗;半生耕耘，守护大国粮仓。【适用主题】：粮食安全/坚守与担当等 5.董亦军：用脚步丈量民情，用实干解决民忧，把一生献给了人民公安事业。【适用主题】：初心为民/尽职尽责等 6.贺娇龙：她将责任化作行动，把担当写进天山南北，以一生坚守诠释基层干部为民初心。【适用主题】：基层治理/乡村振兴等 7.于漪：她以七十余载躬耕教坛的坚守，用一言一行诠释师者风范。【适用主题】：教育精神/坚守初心等 8.农加贵：他用一生践行教育初心，用坚守打破偏见、传递温暖。【适用主题】：深耕与守护/奉献精神等 #写作素材[话题]# #申论素材[话题]# #人物素材[话题]# #素材积累[话题]# #公考面试热点[话题]# #每日积累[话题]# #申论[话题]#
人物素材写作提升素材积累GANHOUSUCAI 近期热门人物素材！3.刘思彤【适用主题】：突破自我/体育精神等没有天生的强者，只有不肯认输的追梦者。刘思形四岁因车祸失去右腿，却以不屈意志站上冰雪之巅。从手摇自行车跨界高山滑雪，她在雪道上反复跌倒、一次次重启，用汗水打磨技术。北京冬残奥会，她斩获三枚铜牌与一枚银牌；米兰冬残奥会，她担任中国代表团旗手，再添奖牌荣光。赢，从来不是只有金牌一种答案。对刘思形而言，站上起点，就是赢；完整滑完，就是赢；顶住压力、稳定发挥，就是赢；带着伤病、不言放弃，更是赢。她以单肢驰骋风雪，把伤痛化作铠甲把坚持写进人生。三枚铜牌不是终点，而是生命绽放的勋章；旗手身份不仅是荣誉，更是对坚韧与热爱的最好致敬。她用行动证明：生命的高度，从不由身体定义，而由信念铸就。4.高德荣【适用主题】：粮食安全/坚守与担当等一粒种子，关乎万家饭碗；半生耕耘，守护大国粮仓。高德荣，他的故事，没有惊心动魄的场面，却藏着14亿人饭碗里的底气。他是人民楷模、时代楷模，30余年深耕农业科研。从青春年少到鬓染霜华，把一生奉献给土地与人民，用坚守与担当守护粮食安全、推动民族地区发展。30年，为了让小麦抗住赤霉病的侵袭，高德荣把青春酒在试验田里，把汗水浇灌在麦浪之中。年复一年的观察、记录、筛选、失败、重来，让青丝变成白发，也让一粒粒金色的种子在田野上生根发芽。真正的功勋，从不在聚光灯下诞生，而在那些无人知晓的日升月落里，在一粒种子破土而出的瞬间，在一碗米饭端上百姓餐桌的温度中。. 人物素材写作提升素材积累GANHOUSUCAI 近期热门人物素材！5.董亦军【适用主题】：初心为民/尽职尽责等用脚步丈量民情，用实干解决民忧，把一生献给了人民公安事业。“心里装着群众、",,,
S0322,,我评论了@王广聪 的作品： 世间再无张雪峰，寒门再无引路人[流泪][流泪][流泪]先生大义，一路走好 ——此致敬礼 平安保险代理人:广聪小朋友/❤️语,,,
S0183,,请不要点赞收藏，刷到看看就好！张雪峰老师最经典的十句话 1、“选择比努力更重要。” 这句话深刻地揭示了在人生的道路上，做出正确的选择是至关重要的。有时候，我们拼命努力却收获甚微，可能就是因为一开始的选择出现了偏差。在面临专业选择、职业规划等重大决策时，我们需要充分考虑自身的兴趣、优势以及未来的发展趋势，做出明智的选择。 2、“你觉得好的专业，不一定是好专业，得看这个专业未来有没有发展。” 很多时候，我们对专业的好坏往往基于主观感受或者当下的热门程度。然而，张雪峰老师提醒我们，一个专业的真正价值在于它未来的发展前景。有些专业可能现在看起来很热门，但随着时间的推移可能会逐渐失去竞争力；而有些看似冷门的专业，却可能在未来迎来巨大的发展机遇。 3、“考研不是唯一的出路，但对于很多人来说，是改变命运的一次机会。” 考研对于许多大学生来说，是一个艰难的抉择。张雪峰老师这句话既客观地指出考研并非适合所有人，又强调了对于那些渴望提升自己、改变命运的人来说，考研可能是一次宝贵的机会。它鼓励学子们根据自己的实际情况，认真思考是否要踏上考研之路。 4、“不要让孩子输在起跑线上，这句话是最毒的鸡汤。” 在当今社会，家长们常常为了让孩子“赢在起跑线上”而给孩子报各种辅导班、兴趣班，让孩子不堪重负。张雪峰老师这句话一针见血地指出了这种做法的弊端。每个孩子都有自己的成长节奏和发展方向，过度追求起跑线的优势可能会适得其反，让孩子失去童年的快乐和创造力。 5、“专业决定了你未来的发展方向，学校决定了你未来的发展平台。” 在选择大学时，专业和学校的选择往往让考生和家长们纠结不已。张雪峰老师这句话清晰地阐述了专业和学校的重要性。一个好的专业可以让你在未来的职业生涯中有明确的发展方向，而一个好的学校则可以为你提供更广阔的发展平台和更多的资源。 6、“人生没有白走的路，每一步都算数。” 这句话充满了正能量，鼓励我们在人生的道路上勇敢前行，不要害怕犯错和失败。无论我们经历了什么，每一段经历都是宝贵的财富，都会在未来的某一天发挥作用。 7、“学历是敲门砖，没有这块砖，你连门都进不去。” 在竞争激烈的就业市场中，学历的重要性不言而喻。张雪峰老师这句话提醒我们，要重视自己的学历提升，为自己的未来打下坚实的基础。当然，学历并不是唯一的衡量标准，但它确实是我们进入职场的一块重要敲门砖。 8、“兴趣是最好的老师，如果你对一个专业没有兴趣，那么你很难学好它。” 兴趣是学习的动力源泉，只有对一个专业充满兴趣，我们才会有足够的热情和动力去学习和探索。在选择专业时，我们应该充分考虑自己的兴趣爱好，这样才能在大学的学习中取得更好的成绩，为未来的职业发展打下坚实的基础。 9、“不要盲目跟风，要有自己的判断。” 在信息爆炸的时代，我们很容易受到他人的影响而盲目跟风。张雪峰老师这句话提醒我们，要有自己的独立思考和判断能力，不要轻,,,
S0028,最好的教育，藏在每一次好好说话里。#高考 #张雪峰 #升学规划 #高考心态很重要 #沟通,"最好的教育，藏在每一次好好说话里。#高考[话题]# #张雪峰[话题]# #升学规划[话题]# #高考心态很重要[话题]# #沟通[话题]#
同样是沟通高手父母只做对了一件事点赞到开始月万告冲刺2高频考高中化讲练提分笔你在跟这个孩子沟通的时候",,,
S0197,,糕粽~你一定能考上~ 信念是成功的起点，坚持是成功的终点~我是第一批收到这个粽子的人吗？就是为了留个纪念~#峰学蔚来 #糕粽 #张雪峰老师 #纪念品 #你一定能考上,,,
S0306,张雪峰老师语录,1学习是你这辈子遇到过最简单的事。因为他公平，付出就有回报。 2吃不了学习的苦，就得吃生活的苦。 3家里没有矿别谈理想，学习是普通人家孩子唯一的出路。 4社会就是个筛子，学历筛掉不努力的孩子；房子筛掉不勤奋的父母；用工作筛掉没资源的家庭。规则从来都是强者制定的，你要么努力成为强者，要么就只能忍着，这就是残酷的现实，你现在不努力读书，将来拿什么去跟别人拼。 5寒门最大的劣势不是缺钱，是没人指引。普通家庭孩子连机会都不知道在哪，更别说抓住。 6你不是在选专业，是选未来十年能不能吃饱饭。选专业的核心不是“喜欢”是“能不能养活自己”。 7现在躺平一时爽，35岁求职火葬场；人和人的差距，毕业十年后爆炸。 8当你觉得走得辛苦，证明你在走上坡路。 9人生没有白走得路，每一步都算数。 10学历是敲门砖，没有这块砖，你连门都进不去。 11年轻人别沉迷“性价比”要追求“不可替代性”。 12别相信怀才不遇，多数时候是怀才不够。 13别假装努力，结果不会陪你演戏。 14不要在该奋斗的年纪选择安逸。痛苦是成长的必修课，熬过去就是重生。 15人生没有白走得路，第一步都算数，这次靠得不是运气，而是日日夜夜的努力。 16沉默的时光，就是扎根的日子。 17可以崩溃，可以休息，不能放弃学习。 18信息差就是阶级差，普通人一定要多了解信息。 19先谋生再某爱，先生存再谈生活。 20如果你是一个老实的孩子，千万不能掉进社会底层，一旦掉入社会底层，和一帮没有素质的底层人在一起，就会成为被欺负的对象。对于老实内向的孩子，学习是唯一的出路，相反那些有脾气的孩子，就算在社会的底层他们也能过得风生水起，混出一番模样。 张老师的5条经验 1不管遇到任何问题和任何事情的时候，永远保持自信，不要为了不喜欢你的人做任何改变。 2一定要拥抱新变化。每一次变革都是机会，社会变化越快，普通人越有出头之日，要 3学会在一个行业深耕深扎，只要坚持下来，早晚有出头之日。 4一定要学会持续学习，活到老学到老。 5不要错把结果当目标 张老师虽然离我们远去了，但张老师说过的话，张老师的精神一直激励着我们前进。最后张老师留给我们的经验是关注身体健康，除了生命，都不是大事儿。 #教育改变人生[话题]# #人生的思考[话题]#,,,
S0349,2026年做好三件事：存健康、存钱、存能量,照顾好自己是对家人最大的负责张雪峰走了给所有女性上了一课看适圈？藏在它背后的是因为目前的来它可能变得不再人生边界？，它促使我是很关键的，那底是什么。如果像寓言故. 中信出版集团2026年，愿我们都学会一件事：把自己放回人生清单的第一行。不是因为自私，而是因为我们倒下的时候才发现这个家，从来都是靠我们撑着。. JCEJTEDO 方费里斯倾情作序URUN Ca 第一件事：存健康·每晚11点前必须躺下，手机放一边·每天久坐半小时，运动几下身体·奶茶换成养生茶，外卖改成自己做饭·定期体检，一个项目不落子的365|照顾好自己，是对家人最大的负责。有. 第三件事：内心的平静·不掺和别人的闲事，不替别人的情绪买单·每天留半小时给自己，不刷手机、不想事·降低对所有人的期待，失望少了，心就顺了无所谓，爱谁谁，没必要，不至于内心一旦平静，外界便鸦雀无声”看适圈？”藏在它背后的是因为目前的来它可能变得不再人生边界？它促使我是很关键的，到到底什如像寓言故. 04扩大舒适厦第二件事：存钱·工资到账先存20%·买东西前问自己：真的需要吗？·不盲目跟风消费，不为了面子花钱舒适，又或者，只是单纯地想拓宽人生边界？向这个问题深度挖掘一寸是很关键的，它促使我中年人的安全感，是存款给的。. 42岁，做什么都被嫌大的年纪唯独死亡，是年轻的。所以，请你务必记住：你现在要在乎的无非就三件事：你的健康适圈藏在它你的钱是因你内心的平静来它可能人生边界如果是很关键的，到底是什么。像寓言故,,,
S0252,,"阜外代缴❤️脏造影保费
帮外地姐姐代问珍心内科
最近因为张雪峰老师的事情 来预约❤️脏检茶的人非常多
希望大家在努力奋斗的同时更要注意自己的身体健康❤️❤️❤️
#身体最重要[话题]#
三诊区28诊诊室Consulting Room2828诊室医生姓名正在就诊患者房晓楠小红书No.通门医疗意外保险投保确认书1.保险人所提供的投保单已附投保险种所适用的条款。保险人已向本人详细介绍了条款，尤其是对其中免除保险人责任的条款（包括但不限于责任免除、投保人被保险人义务、保险金申请与给付等），以及本W 保险合同中付费约定和特别约定的内容向本人作了明确说明。2本人所填投保资料为保险合同的重要组成部分，所投保险种及保险费确认无误，均属事实。3.关于受益人默认法定，如需指定需提供相关材料并经被保险人同意。4.收到保险人所提供的保险单及投保险种所适用的条款、责任列表（给付比例限颗表）。5.如需要发票，请于签发保单后留存电子邮箱或手机号码，我们将为您发送增值税电子发票。本人已阅读以上内容，了解了条款中的保险责任、责任免除、投保人被保险人义务、保险金申请与给付等内容并听取保险人就条款（包括前述需特别注意的内容）及投保方式所作的说明，并接受上述内容。本人同意购买此医疗意外保险。患者（姓名）_科室玫保朋支代办12:122026-04-1014:502026-04-10星期五晴20'C 星期五晴25C 北京市西城区·中国医学科学院阜外医院今日相机北京市西城区·中国医学科学院阜外医院1号楼相机",,,
S0217,步入中年,#镜头里的每个故事[话题]# 张雪峰曾经还参加过马拉松比赛的男人，结果因为心梗意外离世。他甚至没有好好享受这个世界，他给他的女儿留下了一大笔财富，帮助了许多的学子，唯独没有留下自己。保持良性运动，生活本就不易，好好爱自己[合十R][合十R],,,
S0009,,"三月二十二号，他还在朋友圈里较劲呢。 字里行间都是不服，觉得无锡马拉松组委会跟他过不去，硬生生把他拦在了外头。
谁能想到，三月二十四号，人就没了。
中间就隔了一天。 真就一天。
现在回过头咂摸，哪儿是组委会不让他跑啊？那分明是看他一只脚都快迈过去了，拼了命想把他拽回来。那一纸体检报告，不是什么冷冰冰的规定，那是红灯，是警报，是最后一声喊：“停！别往前走了！”
这哪是取消资格？这简直是阎王爷都坐到对面了，组委会的人硬是挤进来，把门“哐当”一下关上了，说“今儿不行，你回去。”
可他没听。 我猜，他当时肯定憋着一口气：我天天跑，月月练，身体好着呢，你们懂什么？说不定还觉得，这是阻碍他挑战自我。
这事儿，让我心里咯噔一下，后背发凉。
它像一面镜子，照见了咱们很多人那种特别拧巴的劲儿：白天在班上卷得昏天黑地，下了班，还得去健身房、跑道上，继续跟自己较劲。朋友圈里晒的，慢慢不再是吃了啥、玩了啥，而是今
无锡马拉松组委会在赛前审核中发现，张雪峰提交的体检报告中核心心血管指标未达标，存在明确的高强度运动风险。依据《赛事管理办法》，组委会取消了他的参赛资格。这一决定在3月24日张雪峰因心源性猝死离世后，被证实是一次精准的风险拦截。送医抢救时发现其心脏血管已狭窄90%，身体状态确实无法承受马拉松负荷。组委会的“拒赛”实际上是试图将他从生命危险中拉回的最后一道防线。. 返回张雪峰老师公开张雪峰老师26-3-2213:28发布于江苏来目HUAWEIMate60Pro 别问我为什么今天没去无锡，组委会把我的名额给取消了。。张雪峰被无锡马拉松取消名额相关搜索Q张雪峰点评江南大学昨天06:35. 8:35豆包内容由AI生成搜索2个关键词，参考12篇资料张雪峰马拉松名额被取消（2026无锡马拉松）·事件：张雪峰报名2026无锡马拉松，赛前名额被组委会取消。·时间：3月22日（赛事当天），他发文：“别问我为什么今天没去无锡，组委会把我的名额给取消了”。·原因（官方/组委会口径）：。按赛事规则，选手需提交近一年体检报告，重点查心电图、血压、心肌酶、心脏功能。。他的体检显示心律失常、心肌负荷偏高，不适合半马及以上强度运动。。组委会按统一规则取消，非针对个人，是安全保护。·背景：快速AI创作帮我写作拍题答筹发消息或按住说话..",,,
S0251,,《朴飞特之道》2026.4.6 精简小结（约1000字） 一、《聪明的投资者》基金投资核心 共同基金整体收益接近市场平均，难以长期跑赢标普500与道琼斯指数，这是资金规模与市场结构决定的必然结果。基金的真正价值，并非创造超额收益，而是约束普通投资者行为，避免因追涨杀跌、盲目投机导致的大额亏损。 历史业绩优秀的基金，尤其是短期收益亮眼的“业绩基金”，往往依赖高风险投机，不代表未来可持续领先。基金销售通过隐藏费率、收取佣金等营销手段侵蚀长期收益，各类主题基金、特殊结构基金则增加选择复杂度与犯错概率。 对普通投资者而言，放弃寻找优质主动基金，选择低成本、宽基指数工具长期持有，是更简单、更确定的策略。投资核心始终是控制风险优先于追求收益，拒绝复杂与博弈，坚守稳健与长期复利。 二、当日大咖观点要点 1. 方三文 小病痛无需过度焦虑，保持健康生活方式即可；20年内部分普通人居住条件可升级独栋别墅，并非所有人都能实现。 2. 段永平 认可泡泡玛特创始人王宁的商业认知与团队能力，称其商业模式已跑通、长期向好，但未认定为顶级模式，同时未明确是否持股；建议通过《因为独特》深入理解其逻辑。此外，谈及张雪峰事件，惋惜其年轻离世，认为智能手表的心率预警可降低此类风险。 三、房地产周期与逆向投资启示 房地产周期源于人性从众与供给滞后：繁荣期开发商一拥而上，忽视同行供给导致过剩；萧条期集体停工，又造成后续供给短缺。加之房产建设周期长，供需错配让周期波动尤为剧烈。 烂尾楼投资是逆周期盈利的典型模式：低迷期以远低于成本的价格收购半成品，叠加人工、材料成本下降与工期缩短，建成后大概率赶上市场复苏，实现高确定性收益。 大众常陷入线性思维，将短期趋势无限延伸，如金融危机后普遍认为年轻人不再买房，却忽视人口增长与需求的周期性回归。橡树资本正是无视市场恐慌共识，坚守周期规律，重仓不良地产相关资产获得丰厚回报。 这印证了朴飞特核心理念：不追高、不盲从，低谷布局、高潮离场；安全边际是风控核心，周期规律终会战胜情绪叙事；投资赢在懂周期、控风险，而非激进博弈。#朴飞特 #投资需谨慎,,,
S0185,,#张译#张雪峰#张一山#张艺兴#周杰伦,,,
S0182,,对专业迷茫，不知道给孩子报什么专业去看这本书#家长必读 #张雪峰#阅读#教学#正版 #张雪峰老师,,,
S0175,📣我的单篇笔记赞和收藏破50❗️️️,"#我的2026[话题]#
小红书ch瓷家小川兔（枫)50Single article likes and favoritesexceed 单篇笔记赞/收藏破[发布于2026年3月28日）张雪峰留下宝贵财富xiaohongshumilestonecard:)",,,
S0377,,继续惩罚自己，向张雪峰老师致敬#张雪峰老师 #张雪峰 #巧乐兹 #雪碧,,,
S0141,,你跑不过我你信吗？ #张雪峰 #地平线6#抖音二创激励计划,,,
S0158,考研不考数学的高性价比专业,张雪峰：考研不考数学的20个高性价比专业0101哲学·具体专业：·马克思主义哲学、中国哲学、外国哲学、逻辑学、伦理学、美学、宗教学科学技术哲学·硕士类型：·学硕·初试科目：·政治、英语一、专业课一、专业课二0301法学·具体专业：·法学理论、法律史、宪法学与新政法学、刑法学、民商法学、诉讼法学、经济法学、环境、资源保护法、国际法学、军事法学·硕士类型：·学硕,,,
S0016,张雪峰老师建议读的水硕榜单！！挤满了985,张老师的话真的让我受益匪浅，真的后悔知道的太晚了[哭惹R][哭惹R]！ 真心建议想要读硕士的都去冲个“氺硕”！因为真的太香了。 不需要考研，跳过全国统考，只需提交材料就能申请入学，真的是在职人员的福音。 更让人惊喜的是专科就可以申请，而且毕业后还是双证，校本部颁发的证书，可以考公考编，落户加分，体制内外都认可[色色R] [爆炸R]氺硕的优势： 1.免去考研，申请就读 2.院校排名高，一般都是985/211水平的院校 3.学制短，1-2年就能毕业 [私信R]网课硕士（学信网可查） ✔华北电力大学 ✔四川师范大学 ✔山西医科大学 ✔华中科技大学 ✔中国政法大学 ✔华中师范大学 [私信R]在职双证 ✔北京师范大学 ✔天津大学 ✔吉林大学 ✔北京理工h大学 ✔浙江大学 ✔西安交通大学 [私信R]港澳留学（一年制，全日制文凭） ✔香港都会大学（中文授课） ✔香港浸会大学（中文授课） ✔香港岭南大学（中文授课） ✔澳门城市大学（中文授课） ✔澳门科技大学 [私信R]超短期留学（短期出境2-6个月，全日制文凭） ✔新加坡国立大学 ✔英国伯明翰大学（qs88） ✔马来博特拉大学（qs123） ✔英国伦敦城市大学 ✔马来西亚博特拉大学（qs123） ✔韩国世翰大学 [种草R]申请条件：本科毕业满一年/专科毕业满三年 #一年制硕士[话题]# #在职硕士[话题]# #在职研究生[话题]# #全日制研究生[话题]# #硕士留学[话题]# #在职读研[话题]# #同等学力申硕[话题]# #教育学硕士[话题]# #硕士[话题]# #专硕[话题]#,,,
S0287,,真係，吃什么都香。又是初夏高考季#峰学蔚来张雪峰 #峰学蔚来武亮,,,
S0147,家有2026高考生，最头疼的就是志愿填报！孩子拼尽全力考分数，我们做家长的，不能在报考上拖后腿。 一开始我也啥都不懂，对着一堆院校和专业犯愁，不知道哪些专业有前景，哪些院校性价比高，更怕填错导致滑档，浪费孩子的努力。 后来入手了张雪峰老师2026年高考志愿填报全套网课，真的打开了新思路。张老师深耕报考多年，讲的全是家长能听懂、用得上的干货，没有多余的废话。 他会结合2026年最新报考政策和就业趋,"家有2026高考生，最头疼的就是志愿填报！孩子拼尽全力考分数，我们做家长的，不能在报考上拖后腿。 一开始我也啥都不懂，对着一堆院校和专业犯愁，不知道哪些专业有前景，哪些院校性价比高，更怕填错导致滑档，浪费孩子的努力。 后来入手了张雪峰老师2026年高考志愿填报全套网课，真的打开了新思路。张老师深耕报考多年，讲的全是家长能听懂、用得上的干货，没有多余的废话。 他会结合2026年最新报考政策和就业趋势，把位次定位、专业筛选、滑档规避这些关键知识点，用大白话讲得明明白白，不管是高分还是中低分，都能找到适配的报考方案。 网课配套的电子资料也很贴心，往年录取数据、专业就业解读都整理好了，不用自己到处搜集，小白家长也能轻松上手。 不用再熬夜查资料、瞎琢磨，跟着张雪峰老师学，提前做好准备，等到分数出来，就能从容填报，让孩子的每一分都发挥最大价值，省心又放心。  #高考[话题]#   #新高考[话题]# 
啊咱谁让咱起点低呢",,,
S0382,,张雪峰谢谢您！很受用的一本书！为穷人指路，替寒门学子点灯，教育路上永恒的温暖记忆。#张雪峰 #峰学蔚来 #峰学未来 #高中提分笔记 #高中数学,,,
S0038,用FBA分析转行,"行为功能分析揭示行为目的，转行四大功能：寻求价值、逃避困境、获得成长、自我满足。
祝大家都有灿烂的未来～
#特殊教育转行 #康复治疗师转行 #转行
用fba分析转行行为功能分析揭示转行四大动机：寻求价值、逃避困境、追求成长与自我满足。. 人才过剩，晋升空间小，导致我们无论多努力，我们的市场价值和薪酬水平都受到限制。2.性价比不足：能力很强远超于当前岗位的要求，自己的能力没有发挥出最大的价值，在现在的赛道没有增量的增长。3.价值感缺乏：每个人都追求社会价值和成就感，如果这个行业带给我们的社会价值和成就感越来越低了，我们就要转身。2逃避困境：功能目的是逃离行业或固有属性带来的困境，我们很努力也无法去改变。前因（A）分析1.职业天花板：原行业晋升通道狭窄或完全堵塞，看不到任何发展希望，陷入长期的职业停滞。比如康复在医院晋升途径单一，治疗师长还年轻，处方权暂时不能拥有，行政难以晋升等。2.工作固化：康复的工作模式非常的单一，单一到每天固定做几个病人，固定的点，固定的床位，一眼看到底的未来。. 过去的行业中，我最喜欢的一个理论就是行为功能分析，因为它真的让我们所有的行为都可视化。什么是行为功能分析呢？核心理念就是任何行为的发生都有其目的和功能。常用ABC模型：A.前因，B.行为，C.结果。具体大家可以去搜一搜，这里不展开啦。B.0在ABC模型里面转行是一种行为（B），我们要分析一下为什么会出现转行这种行为呢，就要去考虑它的前因(a)。行为功能分析里面，行为有四大功能。分别是寻求，逃避，获取和自我满足。为什么离职也是这四大功能：寻求价值，逃避困境，获得成长和自我满足。寻求价值：功能的目标可以是经济价值，也可以是情绪价值。前因（A）分析1.行业前途未卜：比如康复行业，虽然大家都说是蓝海行业，但是随着yb改革，行业标准参差不齐，. 获得成长：功能目的是主动寻求自身发展。追求的是自我成长前因（A）分析1.成长停滞：在当前岗位学不到东西，每天在重复性的消耗，感觉自己的能力正在枯竭。2.内在驱动：当前市场日新月异，我们对某个新新领域产生了巨大的兴趣，并想去做这份工作，获得成就感。3.机会追求：时代发展的变化带来了许多新机遇。新的风口已经来到，也想伸手抓一抓。自我满足：功能目的是追求工作与自己核心价值观、人生目标和理想生活状态的深度统一。这是马斯洛理论的最高需求。前因（A）分析1.价值观冲突：深刻感受到个人价值观与当前职业的本质之间存在不可调和的矛盾。我当时最矛盾的也是这一点，导致我非常的内耗。2.人生阶段转变：因健康问题想要重新审视职场，. 这两天的热点，张雪峰猝死，其实每年猝死的人非常多，还是想说生活才是人生最重要的组成部分。所以大家是为什么想转行的呢？可以比对一下自己是不是有这些原因呢？",,,
S0046,87男未婚，找90年以后，我住南边15号线航天附近，愿生娃平时能见到面的未婚女，外地愿定居西安的也可以。对瘦瘦的妹子没有抵抗力。 感慨一下只比我大2岁的张雪峰，指不定哪天就走了，我一天还在想啥呢，不如赶快结婚。 见完面觉得合适尽快确定关系，该见朋友见朋友，该见家长见家长，尽快结婚。 我主页有照片，私聊请发照片，个人简介不重要 在我能确认我是个还算挺好的人的时候，希望遇见的你也一样，不需要特别好，,"87男未婚，找90年以后，我住南边15号线航天附近，愿生娃平时能见到面的未婚女，外地愿定居西安的也可以。对瘦瘦的妹子没有抵抗力。 感慨一下只比我大2岁的张雪峰，指不定哪天就走了，我一天还在想啥呢，不如赶快结婚。 见完面觉得合适尽快确定关系，该见朋友见朋友，该见家长见家长，尽快结婚。 我主页有照片，私聊请发照片，个人简介不重要 在我能确认我是个还算挺好的人的时候，希望遇见的你也一样，不需要特别好，正常人即可。希望能遇到后半生的人生伙伴吧 #闪婚#结婚#寻找你的生活搭子 #大龄单身 #人生合伙人
闪婚",,,
S0121,,我评论了@设计界彭于晏 的作品： 原来我们都困在自己的执念里。 来时的路，早已铺垫了去时的路。 #张雪峰老师的去世 #中年感悟 #与自己和解 #执念,,,
S0232,千万别心软，成败就在六年级期中考试后!,"张雪峰：最不能心软的就是六年级期中后没有方向的可以直接抄. 小升初：常考文学常识分类汇总小升初常考文学常识分类汇总唐宋散文八大家：韩愈、柳宗元、苏轼、苏洵、王安石、欧阳修、曾巩边塞诗人：高适、岑乡王昌龄水田园诗人：王维然杜甫初唐“四杰”：即中唐三大诗人：李宋代文学成就：最明清时代四大古典游记》（吴承息明）小升初：必考满分范文中国古典八大名著《聘斋志异》《儒四大民间故事：《小升初语文·必考演分范文世界名著的四大齐1、愉快的小学生活即将结束，在六年的小学生活中，你一定留下了许多吴好的记忆，你想把这些1、法国；巴尔扎是好的记忆变成水恒吗？那就快拿笔记录下来吧！2、英国；莎士比要求：围绕“难忘的小学生活”来写一篇文章。3、法国；莫里哀写出小学生活的愉快。注意条理清晰，情成且实4、俄国；果戈理宇迹工整，不写不少于500字。诗人别称六年的小学生活，就像诗仙（李白）、诗光，那些感动的瞬间，都已诗杰（王勃）、博小升初：课内古诗词鉴赏考点总结些美好的记忆永远珍藏。记得那是一个阳光明中国文坛上的第兴奋地讨论看即将开始的1、第一部诗歌总语地来到了邮外的公园。六下第3课《古诗三首》2、第一部编年体一到目的地，大家便3、第一部纪传体戏。我则和几个好朋友一《寒食）4、第一部语录体着美食，讲述着趣事，笑[唐]韩展现了同学们的分工合作一、主要内容5、第一部军事著《寒食》是一首退魁迹，是唐代诗人韩胡创作的七直绝句，字君平，南阳（今属河南）人，“大表现了同学间的条密无间历士才子”之一。寒食节亦称“慈节”、“冷节”是古代的重要民俗节日之一。午餐过后，我们开始《食》这首诗运用了白盖手法，前两句写白叠风光，后两句则是写夜晚景色，生动地描脸开始了捉速藏。我参加了了春天京域长安城塞食节的景象和塞食节禁火，然而权贵豪门却得到宫中传层的新火，享有特权赢得比赛，但大家都玩得的现象：流露出作者对现实的不遗和对权贵们的讽刺，夕阳西下，我们依依二、诗句鉴贯今天的放获和感受。有人春城无处不飞花，寒食东风御柳斜。今天最雎忘的是和大家一这两向描绘了各日里京城落花飞舞、科柳依依的美好景象。不说“处处飞花”，却说“无处不这次野餐活动，不仅飞花”，以以重否定加强肯定语气,烘托满城春意盘的盛况。“飞”“斜”明写花、柳而睡写风,与“东好。它成为我小学生活中风”相呼应；“御抑科”写皇城会柳随风搞复之态，与“飞”前后相村，写出了春日美景的灵动。流。（总纺了野餐活动的“春城无处不飞花”中的“飞”字动态感强，表现了春天的生机勉，“飞花”明写花而暗星结尾的心中总金涌起一股如今，小学生活即将日暮汉宫传蜡烛，轻烟散入五侯家。为我人生旅造中最宝贵的这两句写夜晚景象，描给了一幅夜晚走马传烛图。“日幕”从时间上紧承前两句，自然过波：“汉后以“勇数地迈向未来收宫”在这里指唐朝皇宫，以汉喻唐，是唐诗的常用写法；“传婚烛”指的就是寒食当日，宫中传赐新火给权",,,
S0007,,毕业后前三年千万别在这些事上犯傻。张雪峰反复提醒：普通家庭的孩子，毕业后前3年，千万别在这几件事上犯傻！ 1. 毕业第一份工作，别把“体面”放在第一位。 坐办公室当文员是体面，但一个月3500，三年后你还是3500。反倒是那些一开始就进销售岗、技术岗、下工地的，虽然灰头土脸，但三年后手里攒下的客户、技术、经验，才是真正能换钱的硬通货。 2. 别为了“稳定”去考那种没有技术含量的编。 乡镇的林业站、水管站，一个月到手两千多，穷得稳定也叫稳定。普通家庭的孩子，这种稳定就是温水煮青蛙，你耗不起，家里也耗不起。 3. 别盲目跟风考研。 如果你是生物、化学、环境、材料这些专业的，本科就业难，你想着考个研就好了。但张雪峰说得直白：天坑专业读研，只是把就业难往后推了三年，出来后发现，企业要的还是第一学历，你还是高不成低不就。 4. 家里揭不开锅的，先去挣钱，别谈理想。 如果你毕业时家里还等着你寄钱还债、交房租，那就别纠结什么职业规划，哪个行业给钱多、门槛低，先去干。先让家里喘口气，等你攒下了第一桶金，你才有资格谈以后。 5. 别轻易碰“创业”这两个字。 普通家庭的孩子，你手里那点积蓄，是父母攒了一辈子的养老钱。别听别人说“年轻就要闯”，你一没家底兜底，二没人脉铺路，贸然开店、加盟，亏了就是一夜回到解放前。 6. 远离那些“借钱消费”的圈子。 刚毕业收入低，千万别为了面子买名牌、换最新款手机、办高消费信用卡。普通家庭的孩子，第一份工资要花在刀刃上，花在学技能、考证书、提升自己上。你在消费上装的逼，最后都要用你的信用去填。 7. 别把平台当本事。 刚毕业进了一家大公司，听着名头挺响，就觉得自己牛了。张雪峰说，你得搞清楚，离开这家公司，你身上还剩下什么。平台的光环照不到你一辈子，自己手里的硬本事才是铁饭碗。 8. 不要为了“爱情”放弃工作机会。 尤其是女孩子，家里没背景的，千万别因为男朋友一句“你别去外地了，留下来陪我”，就把到手的好工作推了。现实很残酷，等你没了工作，没了收入，你会发现感情也变得脆弱了。 9. 跟对人比进对单位更重要。 刚入职场的头三年，如果能遇到一个愿意教你、带你、甚至骂你的领导，那是你的福气。哪怕工资低一点，只要他能让你学到真东西，这个苦值得吃。怕就怕遇到那种天天画大饼、让你干杂活、最后功劳全是他的领导。 10. 不要频繁跳槽。 很多年轻人觉得，干得不爽我就走。但你要知道，HR在看简历时，那种一年换三份工作的，基本直接淘汰。哪怕你现在的公司再烂，你也要在里面熬够一年，把你该学的流程、人脉、技能都摸透了再走。 11. 别好高骛远，先解决“有没有”，再谈“好不好”。 毕业了找不到理想的工作，先去干着。哪怕去送外卖、跑网约车，只要你肯干，一个月也能挣几千块。最怕的就是眼高手低，在家啃老，一边刷着短视频，一边抱怨怀才不遇。 12. 永远记住，你现在的苦，是在给家里,,,
S0092,,对不起，我抑制不住内心的喜悦！我在张雪峰超话等级达到LV.6，获得贡生头衔，快来恭喜我吧~ 传送门>>#张雪峰[超话]#,,,
S0042,,这不得狠狠的带货吗？#张雪峰#张雪峰老师#雪碧,,,
S0164,张雪峰早就说过：高考300分的出路就在香港,"[飞机R]还有不到一个月，我们就要迎来高考了。
	
如果你家孩子成绩300多分，只能每年花两万块钱勉强上个民办本科，对中产普娃来说又贵又没有竞争力......
	
[赞R][赞R]那么这篇文章要好好看，对你一定有帮助！
	
张雪峰老师曾强调过无数次：信息差才是孩子教育路上最大的坑！
	
[向右R][向右R]尤其是对中产家庭普娃，他都可以算得上是耳提面命：“去香港！中产家庭的孩子，出路就在香港！”
	
与其在内地混个普本，不如换个赛道，同分跳档到一本或211学校！首先我们要知道300多分的概念，这个分数正处于一个香港留学的“临界点”：
	
[拔草R]对于副学士/高级文凭课程（“黄金跳板”），这个分数是非常有竞争力的；
	
[拔草R]对于直接读本科（学士学位），通常要求达到所在省份的本科线（二本线）。
	
如果你的300多分达到了省本科线，那么你有机会直接读本科；
	
如果未达到，建议首选副学士路径。
	
路径[一R]：申请接受副学士/高级文凭的院校这是目前最主流且成功率最高的选择。
	
你可以先申请就读2年的副学士或高级文凭课程，毕业后成绩达标，即可申请升读香港本地大学的本科三年级，最终获得与直接入读本科完全一样的学士学位。
	
适合300多分考生的院校：
	
香港高等教育科技学院
香港大学附属学院
香港理工大学SPEED学院
香港理工大学专上学院
香港浸会大学国际学院
	
路径[二R]：直接申请部分私立院校的本科
	
少数香港私立大学对高考分数的要求相对宽松，达到所在省份的本科线（二本线）即可考虑申请。
	
如果你的分数在本科线以上，可以尝试：
	
香港珠海学院
香港恒生大学
香港东华学院
	
[中浅肤色R]现在是5月份，正是申请的关键期。建议你同时申请“香港高等教育科技学院”和“香港大学附属学院”的副学士/高级文凭课程。
	
300多分直接读本科的风险很大（除非你过了本省的本科线）。而申请副学士，你既能保留去香港读书的机会，又能通过两年后的成绩“洗底”，重新申请更好的本科大学。
	
[中等肤色R]关注英语单科：无论总分多少，英语单科成绩是香港高校的硬门槛。英语能达到90-100分，录取的概率会翻倍。
	
[中深肤色R]香港高校是独立招生，不占内地志愿名额。大部分学校的申请截止日期在6月中旬，现在就要去官网提交申请，不要等高考出分后再弄，那样可能来不及。
	
#香港留学申请[话题]# #香港本科[话题]# #香港生活[话题]# #香港本科留学[话题]# #高考后留学[话题]# #高考香港本科[话题]# #香港选校[话题]# #国际本科[话题]#",,,
S0280,,#雪碧汽水 #张雪峰 #考研,,,
S0093,,今天体测完，突然想吃雪糕了，我已经两年没有吃了，选了时下最潮流的巧乐兹 本以为会是一场疯狂的舔舐与吮吸，不知道是太渴了还是咋回事，并没有想象中的舒爽，最后是一口口啃完的 而且吃完之后我感觉要拉肚子了 #体测 #雪糕 #张雪峰 #巧乐兹,,,
S0080,,致敬每一位传奇张雪峰老师#张雪峰#张雪峰老师#巧乐兹#雪碧#赛博朋克2077,,,
S0061,张雪峰对普通家庭的建议，可以永久保存,"#教育改变人生[话题]# #教育规划[话题]# #学业规划[话题]# #普通人的出路[话题]# #教育重要性[话题]# #家长认知决定孩子未来[话题]# #跨越阶层的意义[话题]# #向孩子学习[话题]# #关于孩子未来[话题]# #拒绝信息闭塞[话题]#
张雪峰说""不要报新闻学，因为学费都挣不回来""，能听进去的家长，本身就具备信息甄别的能力。而这种能力的根基，就是阅读。我家孩子从二年级开始跟着线上精读课读名著，每天15分钟，老师带着拆解人物动机、分析故事脉络、做批注输出。坚持一年多，最明显的变化不只是作文进步，而是他开始会问""为什么""一看新闻会追问，读故事会质疑，这种独立思考的苗头，比任何分数都让我欣慰。别只焦虑未来，先35把当下的习惯养好早睡、运动、深度阅读，这三件事看起来最朴素，却是张雪峰反复强调的""长期主义""的底色。与其焦虑十年后孩子选什么专业，不如今天就帮他养成受益终身的好习惯。张雪峰老师走了，但他的声音不会消失。最好的纪念，不是转发他的语录，而是真正把他的理念落进. 张雪峰对普通家庭的建议，可以永久保存虽然没有连线过，但张雪峰老师确实改变了无数家庭对教育和选专业的认知。英年早逝，令人扼腕。他反复讲的那些话，我至今记得“普通家庭的孩子，选错专业等于白读四年”“文科优先选学校，理工科优先选专业”“生化环材，没有读到博士不要碰”句句扎心，句句是血泪总结。. 日常一帮孩子看见真实，养成判断力，扎稳人生的根基。愿每个孩子都能在父母的托举下，走出属于自己的路计小红书. 可我在朋友圈刷到悼念的同时也在想：他的理念之所以打动这么多人，本质上不是在教选专业，而是在教父母一件更底层的事一帮孩子建立看清现实、独立判断的能力。选专业只是人生的一个节点，而这种能力，要从小培养。怎么培养？我想分享三个我自己验证过的方向：多带孩子见1真实的世界菜市场的物价、爸妈上班的日常、一碗牛肉面的成本……让孩子脚踏实地理解生活，比任何说教都管用。张雪峰讲的那些""现实""，本质上也是希望家长别让孩子活在信息茧房里。用阅读喂养判断力",,,
S0159,距离2026高考还有50多天：真题还没刷完？张雪峰：现在抓重点还来得及！#好书推荐 #升学规划 #学霸秘籍 #家长必读,距离2026高考还有50多天：真题还没刷完？张雪峰：现在抓重点还来得及！#好书推荐[话题]# #升学规划[话题]# #学霸秘籍[话题]# #家长必读[话题]# #提分秘籍[话题]#,,,
S0125,,恋爱脑水瓶座小姐的40岁 人到中年才慢慢懂得，生命里最残忍的真相，从来不是爱而不得，而是来不及好好告别。 总以为岁月还长，日子可以慢慢熬，心事可以慢慢说，遗憾可以慢慢补，却忘了人生本就是一场没有预告的离场，不会等我们准备好，更不会给我们太多重来的机会。 近日听闻张雪峰老师骤然离世，年仅41岁便仓促落幕，更让人心头满是唏嘘与遗憾。正值壮年、心怀热忱，却以猝不及防的方式告别世间，也更让我们看清：来日并不方长，生命从不会为谁停留。 有人说，判断一个人是否成熟，就看他还会不会为爱情要死要活。 照这个标准看，我们身边的中年人，大抵都算是修成了正果，只有王婷是个例外。 人到40，她还是爱情至上的恋爱脑选手，如果恋爱脑犯法，她早该被“枪毙”无数次了。她相信爱情，不，她更相信男人，相信自己的眼光，相信自己从不会看错人——哪怕那个人本是错的，在她这里也能硬生生变成对的。 她总说自己是水瓶座，可每当她为爱肝脑涂地、奋不顾身时，我都觉得她是在给水瓶座抹黑。她哪里是水瓶座，她分明是为那个她爱的臭男人量身定做的，尺寸是量好了，心意也掏干净了，只是这份深情能穿多久，从来都不确定。 为此我总愤愤不平，甚至替她那些男朋友打抱不平。凭什么啊，凭什么能被她轻而易举地爱上，想逃都逃不掉，被她狠狠爱着、念着、记着、连连着，半点喘息的余地都不留。我总打趣她，求她放过那些人，她看到这话，八成想抬脚踹我，哈哈哈！ 我们是过命的好姐妹，正因为这份亲近，我才敢这样肆无忌惮，用最玩笑的语气，说着最真心的话。 年少时的爱情本就该这般炽热，一颗心扑通狂跳，全心全意、全力以赴，像飞蛾扑火般豁出去爱一场。那时的义无反顾、不顾一切，全都是因为爱。爱眼前人，也爱为爱疯狂的自己，两颗心紧紧相依，没有面包的爱情反而格外香甜。面包算什么，苞米茬子就着真心都炫咣香。花季少女的我们多恣意啊，青春就是最大的资本，分文没有却愿意倾尽所有陪伴，那是天底下最纯粹、最炫酷的爱。 如今人到中年，身边人都开始计较柴米油盐，唯独恋爱脑的她，依旧不爱吃面包。没有牛奶面包又如何，只要对方说一句爱她，她就能昂首挺胸向全世界炫耀，满心满眼都是欢喜。写到这里，我忽然觉得，这样的她，又傻又可爱。世间难得，这般赤诚的尤物。 有很长一段时间，我压根不想见她。 看着她爱来爱去、满心满眼都是爱情，再看看早已不相信爱的自己，我知道自己不该在她脆弱时置之不理，可我做不到像她一样。我离不开面包，还想要精致的小蛋糕、香醇的牛奶、微醺的啤酒红酒，有情饮水饱的浪漫，我早已做不到。我们终究，活成了不一样的模样。 直到那天，她红着眼眶哭着说，在街上偶遇了那个藏在心底许久的人。我下意识起哄，让她上前说话，去拥抱对方，大声说一句我好想你。可她摇了摇头，那个向来敢爱敢恨、飞蛾扑火的人，终究还是手足无措地擦肩而过。 若有一天，我遇见了那个心心念念的人，真的有勇气上前说一句我好想你，求一个拥,,,
S0374,,"张雪峰老师语录：
	
“成年人的世界，先谈生存，再谈理想；没饭吃，理想一文不值。”#名言[话题]# #名人语录[话题]# #励志鸡汤句子[话题]# #经典语录[话题]# #有道理的话[话题]# #张雪峰[话题]#
Date:03.28张雪峰老师语录：“成年人的世界，先谈生存，再谈理想；没饭吃，理理想一文不值。",,,
S0207,,河南考生被骂醒之后，从200多分逆袭到400多分上本科，参考一个案例，华为的天才少年张霁，是从民办本科，考研究生考博士，后来进华为，年薪201万[哈哈][鼓掌][鼓掌]张雪峰,,,
S0169,,名人明星改名司空见惯，比如黄晓明，比如张凌赫，比如丁禹兮，比如杨紫，比如辛芷蕾，比如田栩宁，比如梓渝，比如宋祖儿，比如关晓彤，比如田栩宁，比如王俊凯，比如檀健次，比如李佳琦，比如梓渝，比如辛芷蕾，比如杨紫，比如孙俪，比如张馨予，比如王菲，比如刘亦菲，比如张天爱，比如宋宁峰，比如张雨绮，比如陈妍希，比如刘诗诗，比如郭麒麟，比如陈牧驰 ，比如梓渝，比如丁禹兮，比如关晓彤，比如张雪峰，比如张雨绮，比如肖战，比如李雨桐，比如蔡徐坤，比如黄晓明，比如李雨桐，比如刘诗诗，比如丁禹兮，比如张凌赫，比如齐思钧，比如高圆圆，比如姚安娜，比如张馨予，比如白百合，比如张凌赫,,,
S0012,,"Gucci不能再把中国市场当垃圾桶#
难怪张雪峰老师批判新闻专业，
【无中生有、捏造新闻】！
原文根本不存在“垃圾桶”表述❌
是谁在传播假新闻❓",,,
S0363,🚨心梗事件后，这些药物搜索暴涨,"张雪峰突发心梗离世引发心脏药物关注，心脏病相关药物搜索量增长30倍。急救速效丸无效，跑步非猝死主因。警惕近期感染或心肌炎，定期检查，避免高强度运动，掌握CPR与AED，遵循专业评估。#预防心脑血管 #保护心脑血管 #英语 #外刊阅读 #中国日报 #Chinadaily#张雪峰
Someonecollapsesunresponsive:start CPR immediately +use AED ASAP;survival drops7-10%perminutedelay.速效丸适用范围/Fast-ActingPillScope仅能在心绞痛（胸痛）阶段缓解部分症状；对血管完全堵塞或心律失常场景效果有限Onlyhelpsinangina (chestpain)phase;limited impact in completeblockage orarrhythmia.核心建议/CoreRecommendations 定期心脏筛查1识别高危信号并及时停练掌握CPR与AED 不迷信“救命神药”，遵循专业医生评估Regular cardiacscreening 11Recognize high-risk signalsand终止promptly LearnCPRandAED. 4Don'trely on""miracle cures"";follow professionalmedical assessment 来源/Source:ChinaDaily. 核心事件/CoreEvent3月24日，考研导师张雪峰（41岁）在江苏苏州跑步时突发心梗离世。该事件引发对心脏类药物的广泛关注。Mar24:Postgraduate tutor Zhang Xuefeng(41)died of a heart attack while running in Suzhou,Jiangsu.This triggered widespread concern aboutheartmedications.关键数据/KeyData（JDHealth同比year-over-year)心脏病相关药物搜索：增长约30倍(heart-relateddrugs:up30x)AED等设备：增长约10倍（AEDandsimilar devices:up10x)辅酶Q10等补充剂：增长超8倍（CoenzymeQ10andothersupplements:up8x)常见误区/CommonMyths 误区一/Myth1：急救速效丸能避免心梗导致的. 近期感染或心肌炎；建议休息3-6个月再恢复运动(recent infectionormyocarditisrest36months)定期心电图与超声心动图评估（regularECGand echocardiogram)控制强度：心率参考170-年龄（control inte",,,
S0227,...,志愿填报视频按修改时间2026-03-3110:401--专家讲志愿：志愿填报规则（建从这里开始看）【教育】张雪峰《高考志愿填报》2026-03-3110:402026-03-3110:40你一定能考上！！！业介绍10:40根据专业2026张雪峰老师历年课程合集服课程2026-03-3110:40254KB 分享4—张老师演讲名场面2026-03-3110:40高考志愿填报方案.pdf PDF 2026-03-3110:40173MB 5一张老师谈高考志愿避坑2026-03-3110:40高考志愿填报资料样板.xlsx 2026-03-3110:4011.3KB 6一电子书与电子资料2026-03-3110:40蒙题技巧.pdf 23-2024年张老师精彩分享PDF 2026-03-3110:40444KB 2026-03-3110:40志愿填报视频高考志愿填报相关资料2026-03-3110:402026-03-3110:40高考志愿填报指导课程【教育】张雪峰《高考志愿填报》往右滑2026-03-3110:40根据专业如何填报，依据.xlsx 2026-03-3110:4024.5KB 高考志愿（音频）2026-03-3110:40高考志愿精准填报方法技巧.pptx 2026-03-3110:40254KB 各省市高等院校分布图2026-03-3110:40高考志愿填报方案n PDF 2026-03-3110:401.专业O,,,
S0276,,『张雪峰可不可以对标性商教母周媛？』https://mp.weixin.qq.com/s?__biz=MzIyODI2MDk4NQ==&mid=2247486932&idx=1&sn=1a19714b457d94c8ed8dcb7e5827ffbf&chksm=e9bc66199a6b57378b5d048b80423c338b76d7643992359c118f0fe8c5ea52e3e040e4401870&mpshare=1&srcid=0330TjnmJBPFu0ZMoQuOBrTs&sharer_shareinfo=,,,
S0358,,本科毕业想就业，人工智能和机械选哪个#张雪峰 #高考志愿填报 #升学规划,,,
S0179,为什么很多骑手抱怨美团坑人都还在送外卖,"如此循环，机器可以直接搬去新分店。一家分店吸金500万，十家分店就是5000w.还有比这个更好赚的吗？而且重点这样做完全合法，即使告你也没用。因为合同签的是总店合同，人家也让你去。但是谁会吃饱了坐1小时车去锻炼？魔兽的778靠这个都住进古北一号了。我发现挺多人在说会费1w和投资，这个只是一个假设。理解意思就行了。我这样算是按照普通年费2000，和你说10年一次付清只要1w,很多人会上钩。甚至和你说终身免费呢？另外我还没算私教课的钱。(我这里倒闭的健身房就搞过10年，20年卡。很多老头冲着洗澡去的，最离谱的是没开门就倒闭了）至于开分店。健身房通常不用大装修，毛胚的都一堆。所有器械可以重复使用，真正需要支出的也就是房租和人员费用。. 倍晋三死了都有人替，更何况打工人？骑手并非没有门槛，它是入行没有门槛，想做到我描述的“躺平”必须有很强的感知能力，短时间内记住全城的地貌特征，同城配送是骑手的终极考验，同城配送中，一个路线选择，失之毫厘差之千里，有兴趣的可以试试。我是同时负担4单的情况下，6-7小时完成同城25单的人效。骑手必须能说会道，以便处理意外情况，这是对骑手的另一大考验，高峰期如何与顾客短时间谈判，以求顾客配合；与顾客碰面时，如何避免差评；发生意外时，如何免责；怎么观察饭店的性质；这都是对人性的观察，不是一个“门槛低”就能一笔带过的。我们的舆论总是喜欢借一些名人的话来说基层的话，毫无客观和代表性。张雪峰眼中的送外卖，和我眼中的送外卖，完全不是一种认知，我认为他说的是梦话。这行的本质会被更多的人洞悉，并且加入，相比一般上班，它的优势太明显了，你无需看人脸色，无. 为什么很多骑手一直在抱怨美团坑人，都还在送外卖？？作为一个三年专送，我来告诉你们一个反直觉的认知：根据目前的单价，和配送规则，如果你没有房贷，车贷，则专送是最适合躺平的工作。我先说说专送的工资：沈阳的专送，月工资在8000左右，其实专送骑手的工资，就是看他1000单左右能开多少钱，这个单数大多数人都能负担，且大多专送的福利都是从这个数开始体现。1000单的工作量，远低于正规上班的消耗，它不用像生产车间那么巨量劳累，也不需. 为什么健身房10家有9.5家倒闭？因为这是最安全的诈骗吸金模式，法律上完全合法。首先你得先开一家总店，这家店越偏僻越好。然后就可以开始疯狂开店了。每家分店开店只需要投资10w.包含了房租，器械租凭，人员。每个会员会费算他1w,10个会员就能收回成本。100个会员就是盈利90w.至于能拉多少取决于你销售能力了。等把周边地区的资源吸光后直接后直接宣布倒闭，但是公告可以去总店锻炼。. 要像办公室那么操心，但收入却能高出一截，甚至一大截。2022年时，沈阳工业走廊的工人每个月在税后4000-6000左右，写字楼的文职，和初级领导，如组长类，月工资在2500-5000左右。综上，一个技能熟练",,,
S0395,,送你一朵小红花 张雪峰老师的逝去给我们敲响了警钟，其实一个人死了，这世界上所有的钱和名利都对他来说没有了意义。但一个人往往只有当重病缠身的时候，才会深刻体会到健康是一切的基础，钱没了，可以再赚，但健康丢了，再多钱也买不回来，只有健康才是你最大的资本，健健康康的活着，比什么都重要，没有健康的身体，一切都是浮云，珍惜当下，张雪峰老师一路走好！[月亮],,,
S0171,你的专业躺枪了吗？,书摘小馆实用收藏张雪峰专业就业锐评1.护士：常年熬夜，就业不愁2.律师：考证超难，熬出头就挣大钱3.军人：牺牲自由，包分配超稳4.医生：熬年限磨人，越老越吃香5.老师：学历卷上天，社会认可度拉满6.新能源：行业新势力，发展势头超猛7.机器人：黄金好赛道，学霸冲就对了8.财会：低端遍地坑，有证才值钱9.交通：男生适配度高，女生慎选10.气象：饿不着也富不了，安稳度日,,,
S0072,,大鹏老师账号私密。大鹏老师账号私密 回头看，他一开始就错了，当大家都在出来发视频，努力稳住峰学蔚来的时候，那股劲真的很让人动容。 大鹏老师离开，有人说树倒猢狲散，无可厚非。对他而言，高调离职要流量。可背后曲曲前东家，和家长沟通记录流出，再结合张老师对他的帮助，人设瞬间崩塌！#大鹏老师 #峰学蔚来 #张雪峰,,,
S0044,能不能说些专业的？,"张老师离世的背后：不是跑步，而是藏在身体里的慢性杀手#张雪峰 #跑步 #慢性炎症 #睡觉
别瞎跑步自律了！有些苦吃多是毒药慢性炎症睡眠修复",,,
S0152,,？#巧乐兹 #雪碧代言人 #雪碧 #巧乐兹雪碧 #张雪峰,,,
S0196,张雪峰和张雪的一点想法,"年少时，可以吹各种牛
年少时，吹牛是一种权利，也是一种偷偷生长的浪漫。
那时的我们，似乎拥有用不完的勇气，敢对着天空许诺，敢对着伙伴夸下海口。吹牛的内容五花八门，可能是说自己家的猫能抓老虎，可能是说下一次考试一定拿满分，也可能是说未来要去环游世界。这些听起来荒诞不经的“大话”，在当时的我们眼里，却是最真实的憧憬和向往。
吹牛，是少年对自己的一种心理暗示。他们不确定未来能否实现，却愿意用最热烈的语言去描绘。这种“吹牛”，不是恶意的欺骗，而是一种自我激励，一种对未来的美好期许。就像种子在泥土里悄悄发芽，虽然看不见，却在积蓄着向上的力量。
吹牛，也是少年世界里的一种社交方式。伙伴们围坐在一起，你一言我一语，互相吹捧，互相逗乐。在这个过程中，他们建立友谊，获得认同，体验到前所未有的快乐和成就感。每一次吹牛，都是一次小小的冒险和游戏。
随着年岁渐长，我们学会了沉默，学会了谨言慎行，不再轻易把心里的想法说出口。因为我们知道，现实往往比想象更骨感，吹牛也需要付出代价。但偶尔回望年少时光，那些肆无忌惮的吹牛，依然会让人会心一笑。
年少时，可以吹各种牛。因为那时的我们，一无所有，却又拥有全世界。那些吹过的牛，或许有些实现了，有些早已被遗忘，但它们都曾是我们生命中最闪亮的碎片，见证了我们最纯粹的热爱与梦想。
愿我们在长大的路上，偶尔也能想起年少时的那些大话，保留一份对生活的热情和对梦想的执着。即使不能再像少年时那样肆无忌惮地吹牛，也要带着那份勇气，去追逐真正属于自己的远方。",,,
S0064,,#张雪峰#雪碧#巧乐兹,,,
S0352,张雪峰力荐的30本单,读书成长|好书分享|自我提升张雪峰老师力荐的30本书读完这30本书你的思维格局、情商都会全面升级,,,
S0005,你每天几点睡觉呢？张雪峰老师去世我的警醒,"#创业者 #张雪峰老师 #张雪峰老师去世 保重身体#80后 #90后 #90后创业 #80后创业
视频2026/03/25Day6日记你每天几点睡觉呢成长从每日记录开始",,,
S0065,张雪峰说的很对，在职读研不能做大冤种,水硕汇总拒绝二战考研，走申请制入学中国人民大学(1年制)华中科技大学（2-4万）东华理工大学（0.6万）江西财经大学（2年制）中南财经政法大学（1.5年制）暨南大学（2-3万）山西师范大学（0.8万）北京外国语大学（2-4万）西北师范大学（2年制）西南邮电大学（2年制）山东大学（2-4万）上海财经大学（3-5万）吉林农业大学（0.8万）河南经贸大学（2年制）武汉轻工大学（1.2万）四川师范大学（1.44万）湖北师范大学（1.8万）中国政法大学（2-4万）四川农业大学（2.4万）对外经贸大学（2.4万）湖南师范大学（1.8-2万）东北财经大学（2年制）南昌航空大学(2年制)西南大学（2年制）浙江工商大学（1.5-2万）吉林财经大学（2年制）东北师范大学（1.8-2万）河北工业大学（2.2万）广州大学（2万）西南政法大学（1.7万）,,,
S0022,,何意味 #张雪峰 #雪碧#巧乐兹,,,
S0133,照灯也能放松？护眼玩手机自由了！,"真的很佩服那些能闭眼照大排灯二十分钟的姐妹 我是真的做不到啊😭 我属于那种脑子停不下来的类型 闭眼躺着超过五分钟就开始胡思乱想 想明天的工作安排 想上个月的账单 想还没回复的消息 越想越焦虑 皮肤状态反而变差了 后来我学聪明了 用对护目镜，照灯不焦虑，轻松放松 不如找个方法让自己真正放松 我就开始研究能不能照灯的时候玩手机 问了做视光师的朋友 他说关键在于选对护目镜 普通的墨镜不行 要专门过滤大排灯特定波段的那种 还要防手机蓝光 我找了好久终于找到这款 戴着它刷手机真的绝了 完全不刺眼 追剧、刷小红书、回消息都OK 我最近在追的那部剧 每天照灯的时间正好看一集 边变美边追剧 时间一下就过去了 再也不会觉得照灯是种负担了 姐妹们相信我 找到适合自己的节奏 坚持真的没那么难 #大排灯护目眼镜 #大排灯伤眼睛 #大排灯美白 #全方位护眼 #行走的大排灯#大排灯护目镜看手机 #保护眼睛从我做起 #照灯打卡 #照灯美白 #照灯美容仪
玩手机也不怕啦边美边刷剧放松心情告别焦虑放松享受. Info Doc.Recyclable 边照灯边刷手机？这招绝了！8mm/30lines. 3:29并时而（远程办公看见张雪峰的新闻后吓得我老板大白天睡了4个小时张雪峰老师差不多峰差看见张雪峰的新闻后吓得我老板大白天补觉板在",,,
S0145,,敬请中央巡视组负责巡视整改的领导收阅，李奎平的第一百零八封邮件：河北省分行李奎平敬请尊敬的张金良董事长，张毅行长，朱克鹏组长主持公道，督促河北省分行纪委办正确履职，认真落实中央巡视整改要求，给我20年的申诉给出一个最基本的，符合信访条例的，逐条回答我的16个问题的正式书面信访答复。20260211#反腐倡廉##生活手记##国家纪委监委网站[超话]##哔哩哔哩[超话]##微博跨年狂欢节[超话]##中国纪委[超话]##北京[超话]##腾讯[超话]##知乎[超话]##微博[超话]##夸克[超话]##上海[超话]##晚安[超话]##带着微博去旅行[超话]##财,,,
S0357,熬夜后不要去跑步，太累了不要去跑步！,"#张雪峰[话题]# (考研名师):42岁 跑步时不适，心源性猝死;
#孙剑[话题]# (旷视院长):45岁 夜跑后回家突发疾病，心源性猝死;
#丁耘[话题]# (华为高管):53岁 跑 28 公里后，凌晨突发心梗去世;
#俞兆洪[话题]# ((碳银创始人):48岁 杭州晨跑时猝死;
#钟长运[话题]# (精英跑者):43岁 重庆马拉松终点前猝死;
#李峰[话题]# (网红跑者):47岁 湖北赛事中猝死，月跑量较高;
#高以翔[话题]# (演员):35岁 录制综艺奔跑时心源性猝死。
#跑友圈[话题]# #跑步和健康[话题]#  #跑步[话题]#",,,
S0056,巫山三峡龙脊游记：,"清明节就惦记的巫山三峡龙脊，因节假日打卡游客过多而作罢，这周与同事豪哥一拍即合，趁着在万州空档，奔赴这场三峡之约。
穿行在一二期梯道间，首先印入眼帘的是一座六角七层的明代镇水塔，历经数百年风雨洗礼，依然静静矗立于峡口巨石之上。接着抵达清乾隆年间建在绝壁临崖的一座观音殿，恰巧碰见一对母女虔诚叩拜，不难猜测母亲为了女儿婚恋之事的操心，继续攀登便来到了始建于明代的道教圣地文峰观，山间云雾缭绕，自带仙气，站在观前山顶远眺，蓝天白云，青山绿水，江风拂过，平日工作的疲惫、生活的焦躁，瞬间被这江山盛景所治愈。
走完二期，在补给站稍作休整，豪哥却体力不支，提议提前返程。可我心里执念难消，既然特意赶来，剩下8公里无论如何也要走完。
相较于一二期人文与美景兼具，三期就是登山体验，但也不轻松，正午时分，艳阳高照，持续的攀爬让心率不知不觉飙升至178，不得不停下脚步暂作歇息，最近张雪峰老师的不幸带来的心悸尤在。登龙峰山势称不上奇险，但山脊依江而走，与绵绵长江相映生辉，对我就是一种震撼。这段8公里的独行，却偶遇了三件小事，成为此行珍贵的收获。
一是徒步途中，好几次与呆萌的变色树蜥不期而遇。小家伙趴在梯道上、草干上惹人怜爱，这平凡的小生灵，为孤寂的登山路增添了几分灵动。
二是偶遇一位同龄的内蒙古小哥。我们一同蹲拍树蜥时攀谈得知，他原在IT大厂打拼，横遭失业后，便自驾游一边散心一边重新规划人生。他坦言，失业后家庭与生活的双重压力压得他喘不过气，得知我在铁路上工作，他对这职业的稳定与踏实满是认可。我不善言辞，只好轻声鼓励他往前看，熬过低谷，同为中年人，我深知职场与生活的不易，我们都在各自的轨道上负重前行。
三是行至山顶，遇见一位热情的哈尔滨同行退休老大哥。他退休六年，全国省会城市的马拉松他几乎跑了个遍。他每月拿出4000元补贴“不带孙”的自由，然后便和好友自驾遍游祖国大好河山，立志70岁前踏遍祖国名山名水，他身高178，体重140，身姿矫健，谈吐风趣，完全没有苍老感。看着老大哥意气风发，再看自己被工作与人情世故所缚、疏于打理的身体，心中满是汗颜。
夕阳西下，站在山脚回望，这场5小时临时起意的徒步，不仅圆了搁置的心愿，更让我遇见了壮丽的山河，收获了人生的感悟。
这些年习惯了在内卷的工作中紧绷神经，在职场的纷争里周旋疲惫。希望往后的日子里，能多和自己的眼界与身体较真，多去看看大千世界，在山河辽阔中遇见更好的自己。
小红书. 小红书. 小红书. 通道林防火常记水长存小红书峡龙脊（1段）%Youare notaore 可1龙由此出发. 小红书禁止踩踏小心地滑. 小红书. 小红书. 殿音现小红书. 文峰观小红书. 小红书. 小红书. 小红书. 小红书",,,
S0004,你好，认识一下 🙋‍♀️,原张雪峰团队核心成员|高校升学智囊团，帮助数万学子圆梦，不浪费孩子每一分我们不是兼职顾问，而是真正懂国家高考政策的多年从业规划专家+新高考志愿填报专家+家庭教育分析指导师+企业高管。,,,
S0165,,"嘴唇发紫真的要去查一下！
不得不提我那队友了，之前我说他嘴巴发紫不太正常，去医院查一下，人家老先生说可能是钓鱼晒黑的[允悲]因张雪峰老师的离世，我再次提出让他去查一下，还好这次听话了。第一次检查心脏CT冠脉钙化420.6，属于重度钙化。后面治疗做造影，心脏三条血管有堵塞，4月16号做了支架，过段时间还要再次治疗。队友现在已经开始戒烟、调整饮食、调整作息了（他不喝酒，正常还要戒酒）每天吃着一堆药，成脆皮了
本来写了一堆吐槽他不听话的习惯，算了[白眼]",,,
S0392,张雪和张雪峰，ai时代两种老师,张雪和张雪峰，ai时代两种老师#青山青读书会[话题]##楚才评委郑建[话题]##张雪峰[话题]##张雪[话题]#,,,
S0265,张雪峰离世敲响警钟，日本程序员怎么防猝死,张雪峰离世敲响警钟日本iT人怎么防碎死？,,,
S0237,#高考报志愿选专业 #张雪峰#经典语录#志愿填报 精准,,,,
S0079,,"张雪峰反复提醒：普通家庭的孩子，毕业后前3年，千万别在这几件事上犯傻！ 1.毕业第一份工作，别把“体面“放在第一位。坐办公室当文员是体面，但一个月3500，三年后你还是3500。反倒是那些一开始就进销售岗、技术岗、下工地的，虽然灰头土脸，但三年后手里攒下的客户、技术、经验，才是真正能换钱的硬通货。 2.别为了”稳定”去考那种没有技术含量的编。乡镇的林业站、水管站，一个月到手两千多，穷得稳定也叫稳定。普通家庭的孩子，这种稳定就是温水煮青蛙，你耗不起，家里也耗不起。 3.别盲目跟风考研。如果你是生物、化学、环境、材料这些专业的，本科就业难，你想着考个研就好了。但张雪峰说得直白：天坑专业读研，只是把就业难往后推了三年，出来后发现，企业要的还是第一学历，你还是高不成低不就。 4.家里揭不开锅的，先去挣钱，别谈理想。如果你毕业时家里还等着你寄钱还债，交房租，那就别纠结什么职业规划，哪个行业给钱多，门槛低，先去干。先让家里喘口气，等你攒下了第一桶金，你才有资格谈以后。 5.别轻易碰“创业“这两个字。普通家庭的孩子，你手里那点积蓄，是父母攒了一辈子的养老钱。别听别人说“年轻就要闯”，你一没家底兜底，二没人脉铺路，贸然开店，加盟，亏了就是一夜回到解放前。 6.远离那些“借钱消费”的圈子。刚毕业收入低，千万别为了面子买名牌，换最新款手机，办高消费信用卡。普通家庭的孩子，第一份工资要花在刀刃上，花在学技能，考证书，提升自己上。你在消费上装的逼，最后都要用你的信用去填。 7.别把平台当本事。刚毕业进了一家大公司，听着名头挺响，就觉得自己牛了。张雪峰说，你得搞清楚，离开这家公司，你身上还剩下什么。平台的光环照不到你一辈子，自己手里的硬本事才是铁饭碗。 8.不要为了“爱情“放弃工作机会。尤其是女孩子，家里没背景的，千万别因为男朋友一句“你别去外地了，留下来陪我“，就把到手的好工作推了。现实很残酷，等你没了工作，没了收入，你会发现感情也变得脆弱了。 9.跟对人比进对单位更重要。刚入职场的头三年，如果能遇到一个愿意教你，带你，甚至骂你的领导，那是你的福气。哪怕工资低一点，只要他能让你学到真东西，这个苦值得吃。怕就怕遇到那种天天画大饼，让你干杂活，最后功劳全是他的领导。10.不要频繁跳槽。很多年轻人觉得，干得不爽我就走。但你要知道，HR 在看简历时，那种一年换三份工作的，基本直接淘汰。哪怕你现在的公司再烂，你也要在里面熬够一年，把你该学的流程，人脉，技能都摸透了再走。 11.别好高骛远，先解决“有没有""，再谈“好不好”。毕业了找不到理想的工作，先去干着。哪怕去送外卖，跑网约车，只要你肯干，一个月也能挣几千块。最怕的就是眼高手低，在家啃老，一边刷着短视频，一边抱怨怀才不遇。 12.永远记住，你现在的苦，是在给家里“托底”。普通家庭的孩子，你身后没有金山银山，你身后只有日渐老去的父母。你多挣一",,,
S0310,这是我见过最好的幼儿园小班下学期规划,"这几页背熟，一年级不焦虑#记录吧就现在 #幼儿园大班 #数感启蒙 #认识时间#认识人民币#拼音启蒙#学习规划#幼小衔接#幼儿识字 #培养孩子时间观念
Name_my like Nome like like like like Nome like I n paint.like like eat.like iike I swim.like like skate.like I like run.I like Colorostoreochtime read.Coloro storeochfim sleep.Colorostrechimeyoueodohesenence. 宝宝巴士·国学fode goyudn cde song bie 赋得古原草送别宝宝巴士·国学赠刘景文zeng_lid jing wen 荷菊一最宝宝巴士·国学汗火它烧远者山有kon shn you 是色近听水无声sheng 译文：荷花凋谢春去花还在chan 风中仍生英了：前一定要记人来乌不惊ren d nidobo jog 子青绿的译文：里的山远看也色彩鲜明，走近乌儿也不会受到惊扰。. 心手足易六六七七八八身身人人头目九九月妈育儿记小红书三三眉鼻4耳7牛牙舌苦. 汉字迷宫这认开始结来，我出以下字词，并上对应服色。大人大小大门我会连一连小红书红色D 橙色. 幼小衔接必备百科知识大全五、安全常识2.有人生病需要息1、过人行道什么灯幼小衔接必备百科知识大全3.选到坏人，打什4、遇到火灾，打什三、地现常识5、预防新冠病毒要6、人体正常温度是1、我国最大的岛7、发玩煤气黑，2、我国的母亲河是幼小衔接必备百科知识大全8、陌生人给你好吃3、我国最长的河是9、家里什么东西可4、世界最真的山峰5、我国的地面积一、文化常识10、你自己在家，6、中国位于地球北十二生肖有哪些？（凯牛虎免龙蛇马羊猴鸡狗猪）7、世界上最大的海中国大名绣是什么？（苏绣、湘绣、蜀绣、广绣）六、生活常识8、我国最长的运河中国大名花是什么？（牡产水仙、菊花、山茶）1、吃东前先要做9.我国的南北分界中国五岳山是指哪五座？（泰山、华山、山、恒山、富山）2、妈电话？家庭10、有大马任云书？--（《论语》《、《大学》、《孟子》）3.多吃欢有什么五法是际？-（《诗经》《尚石记》《男经》《春秋》）4、怎样保护好咱们四国家常识五音是指什么？五彩是指哪几个颜色？（青黄、赤、白、黑）5、什么时间段咱们1、我国的国宝是什中国大名著是？-《红楼梦》《三国演文》《水传》《西游记》）、商、角、微、羽）6.看动片20分钟7、几点睡咱们2、中国的直都是那3、中国的地困像仕0、五行是？（金、木、水火、土）8、每天做几次眼保9、小朋友每天多5、我国共有多少个4、我国的国旗是什二、节日常识10、小朋友每天做多6、现在我国国有多、儿童节是几月几日？（6月1日）7、我国最大的城市2、国庆节",,,
S0088,理想是帮大家实现升学梦想！！！,赛道影响未来高中生多元升学规划张雪峰教研团队十余年学业规划经验精讲高考提前批多种途径上名校计划·综合评价·公,,,
S0157,,张雪峰的离开告诉我们的人生9课人生第一课，这世上最大的公平是所有人都会死，第二公平是什么都带不走，人生的第二课能安稳的变老已经是天大的福气了，因为不是每个人都有这个机会，人生第三课别把计划安排的太远，殡仪管理最不缺的就是遗憾，人生的第四课喜欢的衣服就要多穿好，用的东西呀就要多用，别当个宝人走之后啊，再好的东西呀都会扔进垃圾桶，人生第5课，不要让分别教我们什么是珍惜，人生第6课如果活的不开心，那长命百岁，就是最恶毒的诅咒人生…#生活感悟#人间清醒#通透人生#活在当下#真实生活分享计划@D0U+小助手 @抖加🔥上热门🔥dou+🔥热点宝 @滴滴租车官方团购账号,,,
S0283,读完他的故事，我再也不硬撑了,"张老师突然离世…
我特意去看了他这本纪实采访📚
以前对他的印象
永远是镜头前那个嗓门洪亮、底气十足
帮无数普通家庭的孩子指明升学前路的人
直到翻完这本书才懂
那个总教我们要为未来拼尽全力的人
自己却一直在拿健康换前路❗️❗️
书里有个细节，我看一次鼻酸一次：
他一场直播播了234分钟，将近4个小时
全程没起身、没喝一口水
结束后累到连话都不想说
只写下“累，累到不想说话”
“感觉我在透支自己的一切，我的精力，我的身体”
还要给自己打气：“老虎，加油！”
📍看到这里的时候，我就像看到了我自己
总觉得不熬大夜赶方案就是不够努力
身体不舒服也要硬扛着上班
总觉得停下来就是偷懒
总想着等熬完这阵再好好休息
却忘了朴素的道理：
	
⚠️没有健康，所有对未来的规划，都只是空谈！
	
这本书却用真实的故事
让我下定决心，立刻做好这4件小事：
✨ 第1️⃣件事：身体喊累，就立刻歇着
	
再也不搞“硬撑式努力”了
身体不舒服就马上休息
再也不拿“再坚持一下”要求自己
所有的奋斗都值得被尊重，但前提是
要先有一个能承接住所有未来的好身体
	
✨ 第2️⃣件事：做事之前，先想清楚自己到底要什么
	
再也不跟着别人的节奏瞎跑了
别人升职我就焦虑，别人走的路再热闹
不适合自己也只会绕弯路
以后先问自己“我到底想要什么”
选直接的那条路走，尽力就好
不用逼自己事事都要做到满分
	
✨ 第3️⃣件事：再忙，也不糊弄吃饭和睡觉
	
再也不把“忙”当作敷衍的借口了
忙起来就随便对付一口，熬到凌晨两三点还不休息
以后到点就好好吃饭，到点就安心睡觉
日子别一直绷着——弦断了 就再也接不上了
	
✨ 第4️⃣件事：不为别人眼里的“好日子”，强迫自己
	
再也不活在别人的期待里了
我们总被 要赚多少💰、要住多大的🏠
要活成别人羡慕的样子
逼着自己走那条很累的路
却忘了日子是过给自己的 不是过给别人看的
先顾好自己的身体，先让自己过得踏实开心
才有能力 担起生活里其他的责任
	
张老师用自己的一生教会了我们
人生不能绕远的路 是守住健康的底线
我们拼尽全力努力 是为了好好生活
而不是把自己耗在赶路的路上
👭可以把这4️⃣件小事⭐起来
累的时候、撑不住的时候翻出来看看
别再拿自己的人生硬撑了❗️
#读书笔记[话题]# #读书感悟[话题]# #读书成长[话题]# #好书分享[话题]# #张雪峰老师[话题]# #理想主义的反面[话题]# #读书改变自己[话题]# #读书改变人生[话题]# #女性成长[话题]# #人间清醒[话题]# #当代年轻人现状[话题]# #好好爱自己[话题]# #人生感悟[话题]#
他用透支的一生给所有普通人敲响了警钟（人物张雪峰理想主义的反面Zhang Xuefeng TheAntithesisof Idealim 故事. 张雪峰：理想主义的反面（轻纪实）第42本读完的书张雪峰在读读",,,
S0154,蝴蝶号快速涨粉开通创作者分成,蝴蝶号是我目前见过挣得最快的小红书小红书号：95494528230. 8:16日程全天295关注我的用户(10978)元N 产长王习暖耶秋2026收款码欧阳1.方. 全天乡8:16日程=每日评谈人民日读江苏男EOPLESDAILY READING 旧成长谢您的关注学习与分享：bingyc561.0万人关注视频共获得28.6万发表视频发起直播带货助手大家都在拍更多《火苗》舞蹈...当员工认可公...3118人都在拍180人都在拍将视频号展示在个人名片视频商品音乐音频人民日读人民日读人民日读每日摘文每日摘文每日摘文雪峰老师一路走好不必在意别人的眼光行动一定要及时惊闻张雪峰老师离世，深感悲痛与人这一辈子有人喜欢你，有人远离很有力量的一句话：“梦想不需惋惜。他以直白犀利的风格，为万千学你，有人祝福你的幸福，有人嫉妒你的子拆解升学与志愿难题，用真诚与专业收获，也有人曲解你，不必纠缠别人怎要人人都懂，但定要自己坚守，人打破信息壁垒，陪伴无数家庭走过关键么看你。生最有意义的事，不是被他人认可人生路口。突发疾病，41岁的生命戛然谁人心里无是非，谁人眼中无好恶处世无需面面俱到，只需守住底线。做，而是在行动之后离梦想更近。”而止，令人扼腕。他的话语曾点亮迷茫，他的坚守温人不必强求圆满，只需知足常乐，你只该行动的时候，别犹豫退缩连暖过无数青春。世事无常，生命脆弱，管活在当下，剩下的交给命运！留下一小草都知道，要沐浴阳光，得冲破愿天堂没有疲惫，一路走好。也愿我们句“一切都是最好的安排”鼓励自己，士壤，所以不要只停留在想，却从珍惜健康，敬畏生命，好好生活，不负鼓励更多人能看淡得失，放下执念，悠时光。然度日，自在欢喜。不迈出脚步。8券42.又日读万转发截图人民日渎每日摘文每日摘文,,,
S0372,,"张雪峰曾说：“如果孩子不想读书，你就带他。张雪峰曾说： “如果孩子不想读书，你就带他去四个地方，第一是汽车客运站，第二是火车站，第三是高铁站，第四是飞机场。"" 龙应台在《亲爱的安德烈》里写过：""我要求你读书用功，不是因为我要你跟别人比成就，而是因为，我希望你将来拥有选择的权利。"" 这话跟张雪峰说的，是同一个道理， 一个说得温柔，一个说得直白。 很多时候，我们跟孩子讲读书的重要性，讲得口干舌燥，孩子却左耳进右耳出，觉得这些大道理离自己的生活太远。与其反复说教，不如带孩子去看看真实的世界，那些藏在不同交通枢纽里的人生百态，远比任何语言都更有力量。 张雪峰的建议，看似简单，却精准戳中了教育的痛点 —让孩子亲眼看见不同选择带来的不同人生，远比空洞的劝说更能触动内心。 至•一装修，没有舒适的座椅，空气中总是混杂着汗水、泡面和尘土的味道。 来往的人大多背着鼓鼓囊囊的行李，有扛着编织袋的农民工，有拎着旧行李箱的务工者，他们的衣服大多朴素甚至有些陈旧，脸上写满了奔波的疲惫。他们不是不努力，只是生活的重担让他们只能选择最经济的出行方式。 在这里，你能看到有人为了省几十块钱，宁愿在拥挤的车厢里颠簸四五个小时；有人舍不得买一瓶水，就着自带的白开水啃着干硬的馒头；有人带着孩子，在嘈杂的环境里哄着哭闹的孩子，眼神里满是无奈。 这些场景，没有刻意的表演，都是最真实的生活写照，孩子能直观感受到，不读书，未来可能就要用最辛苦的方式去谋生，选择的空间会被压缩到极小。 再去普通火车站看看，这里的人群同样充满了生活的烟火气，却又带着一丝无奈。绿皮火车的车厢里，人挤人、人挨人，过道里站满了人，座位下塞满了行李。 有人抱着孩子蜷缩在座位上，有人站在车厢连接处，靠着墙壁打盹，只为了省下一张卧铺票的钱。这里的乘客，大多是为了生活奔波的普通人，他们的旅程不是享受，而是为了生计的奔波。他们的脸上，有对未•-期许，也有对现实的妥协。 在这里，孩子能看到，生活的不易不是遥不可及的故事，而是实实在在发生在身边的场景，那些为了省钱而忍受的辛苦，那些为了生活而放弃的舒适，都在无声地告诉孩子，读书，是为了让自己未来有能力避开这些辛苦。 高铁站则是另一番景象。这里宽敞明亮、干净整洁，乘客们大多衣着得体，步履从容。他们或是拖着轻便的行李箱，或是拿着笔记本电脑处理工作，或是安静地看着书、刷着手机。这里的人群，以商旅人士、学生、探亲者为主，他们大多受过良好的教育，依靠知识和能力立足。 他们的出行，是为了工作、学习、旅行，是为了追求更好的生活。在这里，孩子能感受到知识带来的体面和从容，能看到那些通过读书获得更多机会的人，他们的生活节奏更快，选择更多，不必为了基本的生存而疲于奔命。 同样是出行，高铁站的乘客，拥有更多的时间和精力去享受生活，去追求自己的目标，这种对比，会让孩子明白，读书能换来更有质量的生活，能让自己拥有更多的主动权",,,
S0018,张雪峰事件后终于懂了什么是真正的去养生,人生没有如果，只有结果. 别用高强度运动，抵消熬夜的伤害. 我们总在拿命换钱，再想拿钱换命. 从此刻起，好好爱自己豆包AI生成,,,
S0129,停下来｜认出自己,"张雪峰老师走了，所有人都在喊健康。可热闹一过，该忙还是忙，该熬还是熬。不是不懂，是身不由己，停不下来。真正困住我们的，从来不是事太多压力大，而是没有认清，到底什么才是真正的自己。#认清自己[话题]# #人生智慧[话题]# #女性成长[话题]# #认知觉醒[话题]# #创业[话题]# #职场[话题]# #停止内耗[话题]# #情绪管理[话题]##真我[话题]##心理成长[话题]#
停下来认出自己",,,
S0131,,黑子进来听张老师的real talk一路走好b.l.g🕯️ 张老师别拷打我了😢我承认今年我唯一快乐的时光是玩丝之歌的那70个小时😞#张雪峰 #巧乐兹 #雪碧 #科比,,,
S0300,初三阶段寒假中考复习规划思路详细分享,"初三阶段提前规划中考复习思路很重要，这份详细分享结合学科学习特点，梳理了分阶段的复习方向，帮同学们合理安排学习节奏，找准复习重点，稳步推进中考备考的各项学习任务。#中考复习 #学习经验 #复习方法 #学习技巧 #初中学习方法 #备战中考 #学习规划
三、英语1.词汇积累：每天在碎片时间背诵30个中考核心词汇。比如把单词表贴在醒目的地方，随机看几眼，“重复是记忆的母亲”，单词这种东西，专门拿出时间记忆，效果也未必会很好。2.听力训练：每天听一段英语材料，如英语电影，电视剧特别是中考真题提高听力理解能力并记录生词和短语。3.写作训练：重点背5类作文主题模板（校园生活，环保，科技，人际交往，社会与文化）建议：利用《中考必背3500词》坚持每天背默单词，配合《初中语法24讲》学习语法，作文范文老师会经常更新。《中考前寒假英语专项提升练习》要坚持完成哦！四、小四门（历史，物理，化学，道法）1.思维导图式学习--给学习做减法道法：速记索引+中考核心知识清单历史：思维导图+问答式复习提纲3.3化学：思维导图+中考核心知识汇总物理：思维导图+核心知识清单2.精准复习还得是专项道法：25中考道法一轮复习讲练测+万能答题模板33个历史：中考历史材料试题专题训练+材料题30个重点及答题话术化学：25中考化学一轮复习讲练测+必考方程式分类训练物理：25中考物理一轮复习讲练测+实验题必考知识点70条学习建议：化学是让你能在短时间拿到最多分的一个科目，大家都是上了初三才开始接触的，所以一定要把基础知识点学明白。每日计划：背诵基本的化学方程式，反应现象，溶解度等。每周计划：计时做真题，做完自己批改，每个错题和不确定的题目圈出来，回头看课本和基础知识，必须都搞懂。《化学元索周期表》《化学方程式》《常见化学反应》《化学反应式）《除杂和鉴定》寒假必须都搞定！老师已经把内容整理地非常清晰明了，建时多翻两遍。自然记忆就可以！不要死记硬背！. 中考英语：初三寒假一轮复习考点六：中考作文押题预测1.青少年是国家和民族的希望，是建设祖国社会主义现代化的未来栋梁。拥有一个有意义、有价值的人生，对青少年自己和整个民族都具有重要意义。某英文网站正在开展以“Liveamore meaningfullife""为主题的征文活动，假如你是李华，请根据下面图表、写作提示和要求，用英语写一篇短文投稿。Havingameaningfullife isveryimportanttous.What shouldwedotolive a moremeaningful life?There areaseaof ways.Firstof all weshouldbecaring andresponsible.Sowen go to the old people's home to communicate with the old a",,,
S0367,26护资考试倒计时41天，护资就考这1000题❗,"#护理学 #护士资格证 #护理 #护理人懂护理人 #护理专业 #护士 #护考资料 #护士那些事儿 #护资考试 #护理人懂护理人
26护资考试内部1000题|w 题号二三四五六七总分评分84.患者，男，37岁。晚间在大排档吃烧考烤，次日晨突感中腹部剧烈疼痛，伴恶准心、呕吐，间歇性发作，无腹泻，送至C,共有3针，分别在0、1、6个月注射|线|急诊。实验室检查：尿淀粉酶明显上D.家犬不是野犬，不用注射狂犬病疫苗升。行保守治疗。患者当日下午出现呼E,待伤口结癌后再注射狂犬病疫苗吸窘迫并进行性加重，行血气分析检89.患者，女，41岁。查体：下肢腿围大小查，诊断为急性呼吸窘迫综合征。患者不一致，经检查，左下肢股静脉血栓。|内情绪急躁，非常担心疾病预后。护士收其最严重的并发症是集资料后，列出下列护理诊断。排在首a,左下肢红肿b.肺检塞位的是c,左下肢坏死D.左下肢疼痛a,知识缺乏B.体液不足E,左下肢度肤感染C.然虑D.气体交换受损90.小儿头围46cm,胸围46cm,他的身不E、疼痛长有多长A.60B.65场85.支气管扩张的早期病理改变是C.70D.85A.空润形成B.气管穿孔考E.75要c、气管坏死D.柱状扩张91.患者，男，40岁，“发热待查”人院，e、气管扭曲持续数日体温不退，护士记录的体温单86.患儿，女，7岁。发热伴腹痛半天，抽如下所示。该患者的热型属于搞1次，呕吐2次。查体：T40，BP60/30mmHg,面色苍白，四肢湿40冷，肠鸣音活跃。脑膜刺激征阴性。该39疾病的发病机制中，其主要作用的是38N A.细菌内毒素4137B、细菌外毒素c.细菌致热原36名D.小儿神经系统发育不健全病日35姓e,小儿免疫功能不完善a,不规则热B驰张热……-1-. 26护资考试内部1000题题号三四五六七总分评分封55,患者，男，45岁，有长期饮酒史，每日A,骨闲肌损伤B.层指肌腱模售饮酒量折合酒精约100g,近5年来几C.桡种经损伤D.尺神经损伤乎每天都饮酒。近日因家中有事，连续E,正中神经损售考8小时没有喝酒，随后逐渐出现手抖，60.患者，男，21岁。夜间急诊人院，患者共线情绪烦躁不安，同时伴有出汗、心跳加表情痛苦。呼吸急促，伴有鼻翼扇动。快等症状，查体，发现患者意识清楚，口唇有疱疹，面色潮红，测体温39C,但双手可见明显震颤，面都表情焦虑。该患者属于该患者最可能出现的情况是b.慢性病容A.单纯性或新反应C、病危病容D.休克病容酒精性幻觉症E,总性病容C、发语安61,患者，男，65岁。肺癌晚期，感到不久d.戒断性惊厥于人世，十分悲哀，向亲友交代后事，E,Korsakoff综合征此时患者的心理反应为56.患者，男，56岁。诊断为支气管扩张，A否认期咯血100ml后突然出现胸闷气促、张C.协议期D.比部期口瞪目、两手乱抓、大汗淋漓、牙关紧E接受期……闭，此时患者应取62、患",,,
S0035,教师的命也是命,上个课，手表震动提醒，我还奇怪手机已经静音加飞行模式了，偷瞄一眼，是心动过速。 上个课，这么刺激嘛[暗中观察R]。第二次震动的时候我都想到张雪峰了，心想我不会上热搜吧[doge] 真的是一岁年纪一岁人啊 #老师的命也是命 #当代人民教师生存现状 #上辈子杀猪这辈子教书 #教书育人的教师,,,
S0244,张雪峰建议读的水硕是真的🐄啊！在职可读,水硕榜单大专本科提升学历，直接读硕士，无需参加联考南开大学（4.2万）浙江大学（2年制）中国人民大学（4.2万）复旦大学（港大合办）南昌大学（专升硕）湖南师范大学（2.2万）华中科技大学（3.5万）南京大学（2年制）西北师范大学（1.6万）海南医学院（1年全日制）郑州大学（2.4万）北京师范大学（1年全日制）湖北美术学院（1.6万）浙江工业大学（1年全日制）渤海大学（3.8万）上海财经大学（2年制）华北电力大学（3万）北京邮电大学（专升硕）上海理工大学（5.3万）香港中文大学（内地读）四川师范大学（1.44万）新加坡国立大学（免雅思）北京语言大学（2.8万）新加坡南洋理工大学（免雅思）中国政法大学（4.5万）南昌航空大学（3.9万）大连医科大学（2.1万）吉林农业大学（1.6万）湖北中医药大学（2万）安徽工业大学（2万）中南财经政法大学（1.6万）4香港大学（可以内地上课）,,,
S0127,,孩子考上这些大学，这辈子饭碗基本稳了 五大官校： 北京电子科技学院；国际关系学院；外交学院；上海海关学院；中国消防救援学院。 军校： 国防科技大学；三大军医大学；六大工程大学；空军海军航空大学；其他类型军校。 警校： 中国人民公安大学；中国人民警察大学；中国刑事警察学院；南京警察学院；郑州警察学院。 国防七子： 北京航空航天大学；北京理工大学；哈尔滨工业大学；哈尔滨工程大学；南京航空航天大学；南京理工大学；西北工业大学。 兵工七子： 北京理工大学；南京理工大学；中北大学；长春理工大学；沈阳理工大学；西安工业大学；重庆理工大学。 口腔9强： 四川大学；上海交通大学；北京大学；空军军医大学；武汉大学；中山大学；首都医科大学；南京医科大学；山东大学。 两电一邮： 电子科技大学；西安电子科技大学；北京邮电大学。 统计四大： 中国人民大学；厦门大学；浙江工商大学；天津财经大学。 五院四系： 中国政法大学，西南政法大学；西北政法大学； 中南财经政法大学；华东政法大学；北京大学法学院；中国人民大学法学院；吉林大学法学院；武汉大学法学院。 C9联盟： 北京大学；清华大学；复旦大学；南京大学；浙江大学；上海交通大学；西安交通大学；哈尔滨工业大学；中国科学技术大学。 E9联盟： 北京理工大学；重庆大学；大连理工大学；东南大学；哈尔滨工业大学；华南理工大学；天津大学；同济大学；西北工业大学。 #高考志愿 #志愿填报 #大学 #升学规划 #张雪峰老师,,,
S0024,去tm的二级注册计量师，原来是有备考网址的,注册计量师《计量法律法规及综合知识》模拟试卷一已完成18题/共80题o Tr 图返回设置字体计算器答题卡重做收起答题卡V 单选题12345689101112131415161718192021232425262728222930313233343536373839404142434647484944455051525354555658596057多选题错误9正确9未做62下一题保存进度，下次继续. 2026年二级注册计量师（全套2科）题库试题数量：4695到期时间：2027-01-25包含科目：计量法律法规及综合知识（二级）计量专业实务与案例分析（二首页题库练习错题强化类型：章节练习历年真题模拟试卷预测试卷冲刺试卷考前点是2026年二级注册计量师《计量法律法规及综合知识》模拟试卷2026年二级注册计量师《计量法律法规及综合知识》模拟试卷二2026年二级注册计量师《计量法律法规及综合知识》模拟试卷三. 2026年二级注册计量师（全套2科）题库试题数量：4695到期时间：2027-01-25包含科目：计量法律法规及综合知识（二级）计量专业实务与案例分析首页题库练习错题强化去TMD恶心类型：张雪峰说的没错冲刺试卷考前章节名称级注册计量师就是-)）计量法律、法规及计量组织结构在淘汰信息闭塞的老实人这个系统和考试第2节计量计量综合知识【含解析】毛-一样第1节量和单位刷完=炒答案第2节测量、第3节测量结果第4节测量仪器及其特征第5节测量标准. 建筑工程/注册计量师/计量法律法规及综合知识（二级）/模拟试卷/2026[单选题]22.下列关于最高计量标准和次级计量标准描述中（）是不正确的。在给定地区或在给定组织内，次级计量标准的准确度等级要比同类的最高计量溯源到相应的最高计量标准最高计量标准可以分为三类：最高社会公用计量标准、部门最高计量标准和企最高计量标准是指在给定地区或在给定组织内，通常具有最高计量学特性的计如果一项计量标准的计量标准器由本机构量传，可以判断其为次级计量标准参考答案：D 您的答案：未作答全站统计：共364人答过，平均正确率46%每天凌晨更新参考解析：本题考核如果一项计量标准的计量标准器可以在本机构溯源，也不能判断为次家计量检定系统表中的位置来判断是否为最高计量标准。个人笔记：个人笔记上一题. 2026年二级注册计量师（全套2科）题库试题数量：4695到期时间：2027-01-25包含科目：计量法律法规及综合知识只（二级）计量专业实务与案例分析（二级）首页题库练习错题强化类型：章节练习历年真题模拟试卷预测试卷冲刺试卷卷考前点题2026年二级注册计量师《计量法律法规及综合知识》考前点题卷一2026年二级注册计量师《计量法律法规及综合知识》考前点题卷二. 筑工程注册计童师计量法律法规及标口大2026年二级注册计量师《计量法律法规及手机做题类型：考前点题总分：1,,,
S0364,西北大专属|张雪峰老师团队兼职🌟月薪1W+,"#西北大学 #西北大 #兼职高报师 #高考志愿填报师 #峰学未来
实践经历，简历直接加分时间灵活适配：五月可根据自己的课表灵活调整工作时间，不耽误上课、不影响备考/科研；六月份需西安线下坐班，研0宝子时间最充足，适配度拉满，贴合高考志愿填报旺季需求，合理安排不拖沓。团队氛围拉满：都是同龄小伙伴+张雪峰老师团。队资深报考导师带教，沿用团队标准化服务体系，没有职场内耗，边搞钱边学习，积累教育行业优质资源，解锁报考指导核心能力我们需要这样的你西北大在读本科生/研究生（专业不限，研0学生优先，研一、研二、研三时间充足、适配者也可，高考成绩优异者加分！）熟悉高考政策、志愿填报规则，对全国高校及专业有一定了解，有相关经验者优先（没有经验也没关系，我们有张雪峰老师团队专属系统培训). 整理全国高校招生政策、历年录取分数线、专业设置等相关资料，更新报考数据库，依托团队标准化体系，确保信息精准无误协助制定个性化志愿填报方案，结合考生分数、兴趣、职业规划，规避报考风险，践行“就业为王、精准填报”的核心逻辑配合团队完成报考指导相关的辅助工作，维护考生及家长关系，提升服务满意度，传承张雪峰老师团队的服务口碑；六月份线下坐班期间，高效配合团队完成旺季服务工作补充说明工作地点：五月可灵活线上/校内办公；六月份需西安线下坐班，具体地址：新城区东七路33号工作周期：长期兼职，可长期合作，六月份为旺季需线下坐班（研0学生时间充足，适配度最高），寒暑假可全职，薪资同步上调，可深度参与张雪峰老师团队陕西区域核心工作. 录用流程：简历筛选线上面试（由我亲自把关，贴合团队用人标准）免费培训（张雪峰老师团队专属课程）正式上岗（全程高效，不拖沓）c报名方式1.私信我（前峰学未来·张雪峰老师团队陕西负责人），发送[西北大+姓名+专业+学历（研0/研一/研二/研三）+联系方式+高考分数（可选）]2.我们会在3个工作日内回复，通知面试时间及相关事宜，全程由我对接，高效省心宝子们！这波兼职真的太香了背靠张雪峰老师团队，五月灵活、六月坐班，研0宝子时间最适配、优先录用，研一至研三时间充足的同学也能冲，凭借自己的专业和努力，轻松月入过万，还能积累行业顶尖实践经验，毕业求职更有优势！身边有符合条件、可配合六月线下坐班的同学，尤其是研0的宝子，赶紧互相转告，一起搞钱、一起成长期待西北大的优秀宝子加入我们，跟着张雪峰老师团队，一起助力陕西考生圆梦理想大学. 沟通能力强，有耐心、有责任心，能认真倾听考生及家长需求，沿用张雪峰老师“说人话、接地气”的沟通风格，清晰解读报考政策，给出专业合理的建议做事认真细致，有较强的逻辑思维和数据分析能力，能快速整理报考资料、协助制定个性化填报方案，践行“不浪费1分、不耽误1个考生”的服务原则认可志愿填报行业，认同张雪峰老师团队的服务理念，愿意投入时间和精力，可配合六月份西安线下坐班（研0宝",,,
S0250,,"湖边的乌龟小豆丁｜No.4

说一件丢脸的事情 自从张雪峰事件后 我对跑步就断情绝爱了 周围人笑我因噎废食 觉得大可不必 我不管 小心行得万年船 我开始追随大爷大妈的脚步 拥抱我青壮年时期最鄙夷的运动方式-走路

走路对过去的我来说只能叫遛弯 不配叫运动项目  是服老的一种表现 属于腿脚不利索 肠胃运化不了一顿普通饭菜的银发群体的专利 

但今时不同往日 今天的我毕竟是四字叔叔了 觉得再像以前一样使用自己 锻炼极限拉满 迟早要英年早逝

于是刻意把一切变慢放缓 有限的几次跑步 有一点不适 立刻停止 在健身房也不敢与20岁的小朋雄竞 都是重量减半 玩到微",,,
S0077,2026年报考逻辑 张雪峰：辩证法去报志愿,,,,
S0339,,"张雪峰公司发布讣告#

挺意外的，挺震惊的。一个这么年轻的人说没就没了，昨晚还看到他说捐款5000万的视频。真的是不知道明天和意外哪个先来。。一路走好。[蛋糕][蛋糕][蛋糕]",,,
S0206,,对专业迷茫，不知道给孩子报什么专业去看这本书#家长必读 #张雪峰#阅读#教学#正版 #张雪峰老师,,,
S0295,,再见，张雪峰。张雪峰公司发布讣告。 3月24日，消息称峰学蔚来创始人、考研名师张雪峰心脏骤停，正在苏州抢救。 晚间9点多，张雪峰公司苏州峰学蔚来教育科技有限公司发布讣告，内容显示：我们怀着无比沉痛的心情，向所有关心张雪峰老师的各界朋友告知：亲爱的张雪峰老师，因心源性猝死全力抢救无效，于2026年3月24日15时50分在苏州逝世。张雪峰老师出身寒门，一生心系广大学子，深耕教育行业，始终以捐资助学、助力学子成长为己任，以赤诚之心践行教育理想，嘉言懿行，启迪后人 。特此讣告，深切哀悼。 目前，张雪峰多个社交平台（包括抖音、小红书、公众号等）头像已成黑白。,,,
S0201,原来爱这么简单😭,张雪峰老师10-9-21来自微博weibo.com 前年中秋，我从哈尔滨回家，在哈尔滨的最后一场讲座还讲哭了N多学生。在我赶火车的时候，一个长相非常一般的女孩问身边的男孩，你喜欢吃蛋卷么？男孩一看就是那种没什么大能耐的那种，傻傻的说，喜欢。女孩说，等我挣钱了我天天给你买蛋卷吃。我感动的落泪：原来爱竟然这么简单。友善评论，文明发言乙22017,,,
S0136,那些戳心的真话，是他留给我们最珍贵的礼物,"你把冰冷的现实拆穿，把前路的迷雾吹散。
你化作一道星光，永远降落在我们身旁。
谢谢你，为千万迷茫的少年，递上一份暖。
你走过的路，永远化作星光。
今日分享歌曲《化作星光》#开车当然要记录[话题]# #车内第一视角拍摄[话题]# #我开车你听歌[话题]# #沉浸式开车[话题]##手握方向盘[话题]# #每份爱都值得被铭记[话题]##张雪峰经典语录[话题]#",,,
S0384,挖到！光电AED3150开箱实拍,这是一条长视频，给计划近期购买高端AED的朋友作为参考。最近很多朋友在张雪峰老师事件后，开始关注家用AED，在这里我想和大家分享一款这两年看我一直都很专注的AED品牌就是光电，作为心脑电监护领域的医用设备生产商，从1951年至今，一直专注于自己特有的领域深根细作，一直研发性能领先优秀的产品。今天开箱的这台AED是光电最新型号的3150AED半自动体验除颤仪。从外到内，整整三层包装。接下来介绍一下性能，目前所有AED对于VT/VF的分析时间平均还在8秒的时候，而光电3150已经做到了最快1.5秒完成分析，5秒至8秒完成电击除颤。在国产大部分品牌都采用BTE除颤技术的情况下，光电自始至终都是使用自研的双相波Actibiaphsic技术。国标要求控制除颤精度的的误差是15%范围内，但是光电能做到除颤精度的误差在2%！光电一直沿用低能量除颤，首次除颤能量是150J，第二次是200J，后续依旧是200J，在确保除颤精度的同时，对于心脏的损伤也做到了更小。AED也具备儿童模式，对于0-7岁幼儿，仅需拨动模式切换拨片，即可瞬间完成切换，儿童模式除颤能量是50J-70J-70J。防护级别达到IP66，目前其他品牌大部分是在IP55，对于户外运动爱好者来说，这是量身定做。新款3150采用3.5英寸QVGA半反射式彩色屏幕，有高分贝音量和动画指引同步，让人在嘈杂和紧张的情况下也能从容应对使用。这款光电3150AED非常适合在北方使用，因为操作环境温度比较宽，-5C°至50C°温度环境下能正常使用。实测抗跌落高度为1.5米，非常抗摔，但是建议还是好好保护。拥有国际适航认证，符合RTCA/DO-160G21节M类“非电离辐射”，可以带上直升机和民航客机使用，可以随时切换至飞行模式。具备20小时三轴震动测试，即使车载使用也是没问题的。最新款光电3150AED官方质保为8年，设计使用寿命为10年，目前质保已升级到10年质保，也就是说机子还用，就可以质保。其他国产品牌质保期为5年。#日本光电AED[话题]# #日本光电AED3150[话题]# #日本光电[话题]# #光电AED[话题]# #日本光电AED除颤器[话题]# #救命神器[话题]# #急救设备[话题]# #自动体外除颤器[话题]# #迈瑞AED[话题]#,,,
S0223,尖子班不外传的学习方法,"高中生：如何逆袭咖+如果你现在高一高二的成绩只有如如分左右甚至还在2如多分徘徊！那对你来说才是真的可怕！毕竟300提到500分，几平没有有博主讲这个分数段的学习思路，因为基础太差了！-先谈上限-现在开始努力：高一高二：冲到b咖绝对没问题，猛点的能干到加以前提是，你要抛开那些该死的情绪，逼自己往上爬！别跟我说什么骗人，那是你自己做不到！如果不想拿这点分数，接着往下看！. 尖子班不外传的学习方法. 高中到底有多难？高中物理难度是初中物理的5倍高中数学难度是初中数学的4.5倍高中化学难度是初中化学的3倍高中英语难度是初中英语的3倍高中地理难度是初中地理的2倍高中语文难度是初中语文的2倍给高中生的忠告：1.上了高中，学习绝对要排在第一。关干爱情最好别懂，有也要和对方大学见！2.月标可以定的高一些，比如95211,不要告诉别人，有目标有雄心壮志不可耻，笑你的人才可耻！. 高一听不懂高二跟不上高三想逆袭450分以下根根这样做语文：从16分到130+，吃透各类题型答题技巧只需3天！数学：从64到135分，啃透高考原型母题+秒杀公式，就用10天！英语：从时1到139掌握各题型答题套路就用1天！政史地：从140到270，只要搞定答题模板+应试技巧，成绩提升就像坐火箭！物化生：从140到265,只要抓住必考题型+速解公式，闭眼拿高分！. 高中九科逆袭方法已整理好高中英语3500单词记住高中数学绝密快解公式.就能用.docx W pdf PDF 1.2MB 8.3MB 高中生物365个高频考点.高中语文各题型解题模板docx W +技巧.docx 1.2MB 862.8KB 高中政治主观题背诵清单.高中化学知识点总结大全.docx W docx W 862.8KB 1.2MB 高中地理各题型答题技巧.高中历史“七大类”主观W 题答题模板.docx docx W 862.8KB 862.8KB 高中物理24个重点题型.pdf PDF 8.3MB 纯分享可领取高中生人手一份. 张雪峰提醒高中生选科9项必读！1、能考上95、211,一定选物化生2、能上本科上不到一本，选物化政3、能考一本，不到211,选物化地4、能学懂物化，选物化组合学5、不懂物化，选纯文6、文理比较均衡，选物化1、中等生，尽量别选物化生日、别选物生地，历政生，物生政9、不选物化的，选纯文慎重选择物+生+政（39）赋分吃亏物+生+地（340）覆盖率低物+政+地（373）雪上加霜. 金饭碗都在这了CG联盟NI 北京大学清华大学复旦大学南京大学浙江大学703分704分696分689分691分上海交通大学西安交通大学哈尔滨工业大学中国科技大学697分648分644分691分国防七子北京航空航天大学北京理工大学哈尔滨工业大学哈尔滨工程大学639分653分644分669分VUAP 南京航空航天大学西北工业大学南京理工大学668分",,,
S0334,听了张雪峰的话，入行低空经济 没考CAAC执,听了张雪峰的话，入行低空经济 没考CAAC执照，现在接无人机维修 忙不过来#中科至上无人机维修培训#大疆#维修 #无人机,,,
S0381,,回复 @一颗蒲公樱的评论 #张雪峰视频搞笑 #张雪峰 #巧乐滋 #雪碧 #专科,,,
S0324,猝死上了热搜，几天就卖出39份定期寿险~,".
😲因为最近的猝死热搜事件，几天时间我这就投保了39单定期寿险
🤔定期寿险一直是一个容易被人忽略的保险，但最近因为张雪峰事件，开始被很多人重视
.
🤓1、定期寿险是做什么的？
定期寿险就是专门保身故的，几乎任何原因的身故都可以保 比如说100万保额买到65岁
那65岁之前不管什么原因身故，都可以一次性100万留给家人，受益人可以自己指定
.
😎2、定期寿险有什么优势？
相比于意外险、终身寿险或者重疾险附带身故，定期寿险的优势明显
一是保费非常便宜，可以用较少的保费撬动较高的保额
二是寿险的身故不限制类型，还可以选择较高保额
.
🤗3、定期寿险适合哪些人投保？
适合家庭责任较重的人群投保，比如说有孩子、房贷或者父母赡养需要操心的，这些人群建议买定期寿险
.
🥰最后呢，也希望买了保险的都不要用到，大家都拥有一个健康的身体~
.
#蓝医保 #金医保 #好医保 #父
投保时间商品名称保费2026-03-2815:19:27中意人寿擎天柱11号定期寿险（一生中意版）16962026-03-2814:29:28华贵大麦2026A款定期寿险（互联网专属）834.42026-03-2806:39:14中意人寿擎天柱11号定期寿险（一生中意版）21472026-03-2806:25:02中意人寿擎天柱11号定期寿险（一生中意版）2056.52026-03-2801:12:12中意人寿擎天柱11号定期寿险（一生中意版）3712026-03-2723:24:42中意人寿擎天柱11号定期寿险（一生中意版）10562026-03-2723:24:14中意人寿擎天柱11号定期寿险（一生中意版）18112026-03-2722:46:17中意人寿擎天柱11号定期寿险（一生中意版）1336.52026-03-2722:04:35中意人寿擎天柱11号定期寿险（一生中意版）2383.22026-03-2721:57:09中意人寿擎天柱11号定期寿险（一生中意版）4130.4共39条1234",,,
S0394,关于我的27岁,"昨天看到张雪峰老师的消息，我思考了很多
有人说：透支健康换来的优秀，不过是档案里随时可替换的几行宋体字；
努力取得好工作、好前程、没有错，但不值得去牺牲健康，我很认可；
但实际处在这个社会和工作环境中，我可能更多的是身不由己，就像今天朋友说：感觉你就是最卑微的牛马
我以玩笑的语气说你快撤回，实话说这么直白干嘛，其实我不认可这句话，感觉抹杀掉了我所有的努力；
因为当下的工作或生活一定是我取舍斟酌后的选择，（你不去北大难道是因为你不想吗？）
从25年下半年开始我明显感知到自己在不断变化，变得没有那么纠结一些东西，思想也能很快地转变（也有可能是我在选择性逃避，这无从判断）；
但我有觉得我像一个乐高在慢慢地拼凑，填满自己，并且我很喜欢这种变化；
在工作中，同事们对领导颇有微词，可能她某些行事风格我不喜欢，但客观来讲我非常佩服她，一个女生能做到如此非常优秀！其次我非常感谢她，不管她是为了达成工作目的",,,
S0049,从张雪峰去世谈怎么做到工作和生活平衡,"全网刷屏的张雪峰先生离世消息，真的戳中了我这个跨境合规人的心脏。
41岁，事业正盛，却因长期高压透支身体，永远离开了。他最后一天还在直播答疑，中午跑步后突发不适……看到这条新闻，我连夜翻来覆去，心里又酸又怕——这不就是我们合规人的缩影吗？
作为跨境电商产品合规岗，我太懂这份工作的“隐形加班”和焦虑了。
过去半年，我基本没有过“准点下班”的日子。每个月加班时长稳定在20h+，忙时直接冲60h。不是在对接机构赶认证进度，就是在回实验室的邮件，忘记吃饭是常有的事。
合规工作容不得半点马虎：一个认证没及时下来，面临的是产品滞销或者不能及时上架，我们不敢错、不能错，只能拼命赶、加急再加急，把“催促”熬成了“透支”。
更让我后怕的是，上个月我突发急性阑尾炎，疼到冷汗直流做手术时，脑子里想的还是：“这个批次的认证报告还没出”
明明术后需要静养半个月，我却只跟公司请了4天病假，加上周末总共才休6天。拖着没
HELP.从张雪峰去世谈怎么做到工作和生活平衡",,,
S0262,,"迫于生活压力拿命换钱？蔡少芬丈夫差点走上。迫于生活压力拿命换钱？蔡少芬丈夫差点走上张雪峰老路 健康的身体永远都是最宝贵的财富。 最近张雪峰的离世引发了大家对于健康问题的深刻反思. 事实上，忽略健康隐患的类似案例并不在少数， 曾经张晋就因为对心脏健康放松警惕在猝死的边缘徘徊，吓得妻子蔡少芬当场跪地痛哭。 心脏问题严重，距死亡只有一步 张雪峰虽然不是娱乐圈内的人士，但他的知名度完全不逊于各个明星， 所以他因心源性猝死这一实际情况,也引发了大家的高度关注。 正因如此，许多网友也想起了曾经张晋在综艺中亲身讲述自己突发心脏病，濒临死亡的经历。 2025年4月17日，张晋和他的妻子蔡少芬带着三个孩子去新加坡度假， 原本一家五口是为了享受悠闲舒适的假期，却没想到在旅行过程中张晋就突然感到呼吸困难，且胸口剧痛。 脸色发青，看起来极为难受的张晋瞬间让蔡少芬感到惊恐万分，打乱了整体的计划。 而据张晋回忆，当时整个人全身无力，甚至都没办法向身旁的妻子求救，哪怕当时蔡少芬离他只有不过10m的距离。 被病痛和濒死感的恐惧裹挟着，张晋感觉自己整个人就像坠入了一个无边的深渊当中， 但他心里明白，如果自己放任这种情况发展下去，闭上眼睛也许就再没有睁开的下一次，所以张晋始终坚持着自己不倒下。 也正是因为做了多年武打演员的张晋有着十分顽强的意志力， 带着绝对不能身死国外的想法，等到了蔡少芬发现他状态不对，并迅速将他送到医院就医。 经医生检查发现，张晋的心脏冠脉动脉血管堵塞程度接近80%，已经处于十分危急的重度狭窄情况，如果送到医院的时间再晚一点，随时都有猝死的风险。 虽然张晋在综艺节目中讲述这些时面色已经比较平静，但每一个听闻此事的人都感到极其后怕。 后来张晋也立刻在医院进行了心脏支架手术，经过了一段时间的休养才恢复身体健康。 几个月后，蔡少芬在接受采访时也详细描述了张晋发病的整个过程，并且直言张晋在医院接受手术时，因为担心直接跪地痛哭。 相爱多年的丈夫有了威胁生命的危险蔡少芬感到崩溃也是完全可以理解的， 虽然事后蔡少芬依旧调侃称自己差点做了寡妇，但大家也能想象蔡少芬当时独自面对这一切的绝望与恐惧。 其实在张晋病情严重之前曾经出现过身体不适的状况，但由于心脏检查的结果都比较正常， 导致他和家人全部都放松警惕，这才导致了最终病情恶化，威胁生命的结果。 这也说明健康问题绝不能抱有侥幸心理，尤其是和心脏相关的各种疾病真的有可能与生命息息相关，是应该在生活中被加倍重视起来的问题。 经过了这一场生与死的较量之后，死里逃生的张晋也算是彻底调整了自己的生活习惯，饮食方面格外注意，也会随身带着必须的药物。 此外，张晋虽然还是坚持运动却将强度降低，各个作品当中武打的戏份也是尽量减少一些。 这也能看出许多人追求的高强度运动其实对身体健康反而是有害的，毕竟现代人正常的生活和工作节奏就已经很快， 如此大的压力之下再强",,,
S0113,,"张雪峰：大学选错专业后悔一辈子

1.如果是普通家庭，选军校、警校就没错啦
2.家庭经济富裕，选金融、经济、经管。
3.毕业后就高薪，选名校计算机、电子通信
4.人工智能、大数据，非名校不要选
5.不是名校不要选经管
6.“生、化、环、材”，不硕博不碰
7.农林、建土，地矿，石油，地信，需要经常风餐露宿
8.艺术费钱费背景，没啥实力不要碰
9.医学法学又苦又累，没有硕博难就业
10.金融不能碰，除非家里是搞金融的
11.管理类不要碰，除非家里有企业需要管理
12.想考公优先选汉语言文学和思政，不要选英语
13.想在哪儿当医生就读哪儿的医学院
14.文科",,,
S0332,张雪峰：小学阶段就是在筛选过于老实的家长,"张雪峰：小学阶段就是在筛选过于老实的家长
.
小学保持在班级前3分之一就行了。没必要为了前几名，消耗孩子太多…
.
前天碰到几位很资深的老师。大家聊到这次的成绩都是很头疼——很多分班考里前几名的同学成绩都有大幅度下滑。而这些退步的同学都有一个共性：小学阶段都在低效地卷补习班。
.
小学阶段给孩子安排大量补课，而且补课内容和校内重合，通过重复学习和大量刷题确实可以考出好成绩，因为小学知识简单，通过大量的时间也是可以优秀的。但这种低效率的卷，看似小学成绩不错，到了初中很可能出现没后劲的情况，因为初中学科增多并且难度加大，没有多余的时间重复学习，所以没后劲也很正常。
.
‼️小学阶段最应该卷的其实是这4个方面：
.
1⃣卷体育
学习和人生是场马拉松，最终拼的是身体。每天户外运动半小时，可以跳绳、打球、游泳……既可以强身健体，还能为中考体育打好基础。
.
2⃣卷英语
英语要想成为优势学科，必须快人一步，靠的就是学科启蒙早和持之以恒。坚持听英语动画、音频，早晚各15分钟，3 年级以后加上 raz 阅读，每周 2-3 本。
.
3⃣卷阅读
阅读能带来三观认知、逻辑思维、气质内涵、成长型思维，这些都是无法从其他途径获得需从小培养，真的是能让孩子长期受益的。
.
4⃣卷思维
小学数学重计算，但一到初中立马不一样，初中数学更看重逻辑思维。小学阶段每天做三道初级浅奥，或者做数独。同时要借助外力，我们之前上过新加坡数学，现在找到了一个性价比更高的线上直播互动，校内＋浅奥，因为人数少，互动很高频，娃能够很专注。动画+真人互动，外加专属错题训练，一周两次，一节就60多，成绩一直很稳定，基本不用我操心。
.
5⃣拓宽知识面
多阅读科普书、看纪录片。提前启蒙小四门
🔹历史：《世界历史》、《河西走廊》、《典籍里的中国》、《故宫100》；
🔹地理：《跟着书本去旅行》、《中国地名大会》、《地球最壮观的景色》、《地球的力量》；
🔹生物：《种出个地球》、《影响世界的中国植物》、《生命》、《工作细胞》；
🔹政治：《创新中国》、《辉煌中国》、《货币》、《大国崛起》等等。
#家有小学生[话题]# #小学生的学习习惯[话题]#  #培养孩子自驱力[话题]# #当代小学生[话题]# #小学数学[话题]# #数学思维[话题]#
小红书",,,
S0390,学习张雪峰老师主题班会:从泥泞中站起的一盏,"学习张雪峰老师主题班会:从泥泞中站起的一盏灯🍂🍂完整版ppt19页➕5页发言稿#主题班会[话题]# #读书分享ppt[话题]# #奋斗者正青春[话题]# #主题班会ppt模版[话题]# #教师开学第一课[话题]# #成长与发展[话题]# #分享[话题]##学习[话题]##主题班会[话题]##班主任[话题]#
1/19泞中站起的灯一盏——学习张雪峰老师主题班会今天我们班会的主题，是纪念一位刚刚离开我们的教育界特别人物一张雪峰老师。2026年3月24日因心源性死不幸离世，张雪峰老师永远离开了我们，年仅41岁。很多人感到恋痛，因们不只记住他的话，更要读懂他从泥泞中站起来的一生。为他用最真诚、最接地气的方式，帮助了无数普通家庭的孩子看清方向、少走弯路。今天，班主任：XX老师2026.4X 目录从寒门小镇走出的普通少年从迷茫青年到“教育翻译官”从默默无网红，始终不忘初心他的奋斗，给我们三点启示最好的纪念，是活成他希望的样子从寒门小镇第壹部分走出的普通少年CHUN GUAN",,,
S0344,事业编面试班可预约啦🔥🔥,"笔试考完就躺平？大错特错！
真正决定能不能上岸的，就是面试这最后一关！
还在纠结面试怎么准备？
翰林公考新疆本土事业编面试班
提前预约通道已经开启🔥
📍三大校区就近任选
乌鲁木齐｜昌吉｜阿克苏
15天/12天/10天/8天/6天
全周期班型按需挑选
✅硬核师资不玩套路
所有主讲老师均8年+授课教龄
全程一位名师讲、评、练一条龙
拒绝助教凑时长、划水混课！
💰提前预约专属超大福利
▫️500座位预留金，直接500抵800
▫️住宿10元/天，三餐10元/天，备考成本直接打骨折
▫️小红书转发立减200，朋友圈转发立减100
▫️2-5人拼团，协议班最高单人直减1200
▫️所有优惠可叠加，贫困同学最高领3000元补助
💥我们实打实的上岸承诺
▫️校区内1:1职位保护，绝不撞岗内卷
▫️每日学习时长超10小时，高强度高密度打磨
▫️专属资深班主任全程跟班严管督学
▫️结课后一直免费开放教室，模拟对练+专业点评到考前
▫️非协议、0元先学、不过全退协议班多种可选，零风险备考
守擂就要稳如泰山
逆袭就要先人一步
现在提前锁名额、锁优惠、锁优选名师班
等出分再行动，好座位、好老师早就被抢光啦！
👉想要预约、测算专属优惠、匹配合适班型
评论区直接扣【预约】
私发校区+岗位，一对一免费帮你规划面试备考方案#事业编面试班# #翰林公考#
26新疆自治区事业编，面试课程安排口乌市校区面试课程安排·乌市一期：15/12天课，乘风老师授课·乌市二期：15/12天课，刘笑彤老师授课昌吉校区面试课程安排·昌吉一期：15/12天课，朱朱老师授课阿克苏校区面试课程安排！·阿克苏一期：15/12天课，张越老师授课来自小米笔记. 翰林公考翰林面试讲师同是寒窗苦读一怎愿甘拜下风面试专职讲师刘乘风课程内容面试讲师刘乘风：面试专职讲师，8年教龄曾多次参与体制内面试工作，对考情、考题分析有自己独到的见解。善于将枯燥乏味的理论知识，用通俗易懂、生动有趣的语言表达出来。为人认真专注，责任心强，能站在学员的角度考虑授课效果，严格管理课堂。对学习过程中可能遇到的各种心态问题，及时疏导，确保小伙伴们保持最佳的学习状态。. 翰林公考金牌申论讲师同是寒窗苦读一怎愿甘拜下风面试申论专职讲师课程内容申论讲师张越：主讲面试、申论、综应等科目。五年机关工作经验，多次亲历公务员考试录用笔试、面试全过程，具有丰富的实战经验，授课方式深入浅出，旁征博引，注重与学生互动；授课风格幽默且爆发力十足，课堂氛围活跃轻松；讲课通俗易懂且不失专业，有亲和力；一度被学生誉为“公考界的张雪峰”同时也是腾讯课堂优秀讲师，某音短视频平台大咖讲师，作品深受粉丝喜爱！教研作品：《申论的打开方式》《面试零距离》《五位一体学写作》《申论素材面对面》. 翰林公考翰林面试讲师同是寒窗苦读一怎愿甘拜下风面试专职讲师刘笑形课程内容面试讲师曾任职多家知名公考机构，",,,
S0076,张雪峰到底是一个什么样的人？,"刚才，看了几个有关张雪峰的视频。
先是看了百家讲坛王立群的，说历史上有孔子有教无类，打破了教育的差异；
而张雪峰打破了高等教育的信息差，帮助了无数的学子及家庭；另外，张雪峰还捐资助学，善待员工，是一个值得推崇的人。
还有一个视频，题目是《所有人都要给张雪峰道歉》。说的虽然有点过头，但也给我们一个警示，我们是不是应当正面评价张雪峰？
是否有人错误解读张雪峰？解读是否有点娱乐化或轻描淡写？或过分解读了张雪峰？
图片
目前，此事的热度还没有完全消退。那么，张雪峰到底是一个什么的人？如何评价他？这里想做一个盖棺定论，不知能否获得大家认同。
首先，张雪峰就是一个普通人，一个帮别人填报志愿的人，虽然他是一个大网红。所以，我们尽可以站在你我的角度，死者为大，不可以娱乐化解读张雪峰，也没有必要过分解读。
其次，抛开站位和立场，只评论其教育辅导行业。张雪峰坐拥3000万粉丝，“大张旗鼓”帮助人们填报志愿，帮
所有人都要给张雪峰道歉. 所有人都要给张雪峰道歉",,,
S0281,《浙江日报》正在大量征稿，稿费非常高,".🌹你也想要发表文章么？.🌹你也想要在报刊上，发表作品么？.🌹 发表作品的“核心关键点”，是首先得收集全国各地，海量报纸杂志编辑的投稿邮箱。.🌹 我是一位写了20多年稿件的老作者，愿意为扶持年轻一代作者，尽一份绵薄之力。.🌹 我整理了一份《百家报刊投稿通讯录》，希望可以帮到大家。以助你在全国各地报纸杂志，大批量地发表作品，让你大批量地挣稿费。.🌹你也想要《报刊投稿通讯录》么？.#写作变现 #写作 #投稿 #作家 #育儿 #人民日报素材 #伊朗 #石油 #以色列 #张雪峰
名家特稿心香一瓣指甲草小记当时喜欢乔叶到碗里，加上点儿白矾，用蒜锤子捣碎她们先是仔仔细细精精细细地把花泥敷了。早上一激灵醒来，连忙看看自己的上，就更是辜负了她郑凌红了，一直碎成花泥，这就成了染料。至于在我的小指甲上，一点儿也不多，一点儿手脚，还好，豆角叶都好好地在上面呢。，我在小区里美甲如今是很多女孩子的日常。说很多感觉，在瞬间起来我也美甲了很多年，从记事儿起就子最好，原叶配原花，好。然后是豆角叶间里的生发算是开始了，直到现在五十多岁也还在亮，可是用它来包的人却少怀抱，稳稳妥妥地把指甲包住。再然后甲也不用担心我朝她们仿佛见到了老远方朋友发来照片，和偶像并进行中。只是我的美甲史有些特别：从的。这红只会随着指甲慢慢地往上长春意妍妍，那是她的喜欢。相逢没有进过美甲店，没花过一分钱。我的短暂，马不停蹄，想见而得见，眼眸在我小时候的杨庄村，只要有女孩跑出来，滴滴答开得格外子的人家，必种有指甲草。也有叫指甲觉的功夫。即使好不容易用这叶子包好是好看的还没有等到明天早上，光立秋，指甲花明明还艳艳。在或急或缓的风里，这些花儿扬着陌生城市，熟悉味花的,都行。花草不分家么。我爱叫它了指甲，睡觉时要是不老实，胡抓乱挠指甲草极皮实极好养春天撒下种，隔三五给它浇点儿水，其余就不用平常的女孩子，是绝不敢用这不能染。再操心，不几天就出了两芽儿嫩嫩的翠通常用的都是豆角叶。豆角叶是圆我看了很久，舍不得走。看着看着苗儿，出了苗儿，就个样儿，像女圆的桃子形，叶面阔大厚实，韧性好，包孩子的身般，葱葱茏茏，苗苗条条起来最是趁手。地，就长起来了。等到了初夏，叶子就抽在指甲上按瓷实，然后将两张豆角叶地护着手脚，乖乖地躺在凉席上得细细的、长长的，叶子根儿那里就打起错叠放在指肚下面，自下而上，将指甲轻夜一般是睡不好的，不是怕从房顶掉下来，这样就省事了。如果之，却未能改。辰光有了绿色的小苞，这时候，就该开花了轻包裹起来，再将指尖外多出的那点儿，而是因为红指甲。我生怕豆角叶子一粗鲁，触到了苞身，那可就难收拾开就是长夏豆叶尖朝里折下，最后用白棉线不松不性情、真情、痴指甲草开起花时，白的、粉的、黄的缠好，就算停当了。村的夜晚真静啊紫的、大红的对了，还有两样儿女孩开白棉线，摘下绿叶套，那鲜红的指甲出的大布衫，上面的小星斗是黄灿灿的玉有的籽儿落子们叫它们",,,
S0278,张雪峰主张的考公考编路vs张雪的专业技术路,"最近张雪刷屏了🏍️ 14岁辍学修车，39岁带着中国机车站上世界之巅 让我想到了张雪峰 一个说考公考编是普通人最稳的路 一个说把技术干到顶，也能杀出来 我觉得：两条路，真没谁对谁错✨ 关键不是选哪条 是你能不能扛住自己选的那条 张雪当年追着记者跑了100多公里，就为了一个露脸的机会 张雪峰帮一堆孩子规划出一条能走通的路 有人适合死磕一门技术 有人适合走一条稳稳当当的路（比如考公考编），那就加油努力⛽ 如果你现在也在纠结： 到底考公考编？还是考研？或者学门技术？ 别急，问自己三句话就行： 👉 我到底想过什么样的日子？ 👉 最坏的结果我扛得住吗？ 👉 我手里现在有啥牌？ 想明白了，选啥都行💛 你呢，最近在纠结啥？👇 #职业选择迷茫[话题]# #考研还是考公[话题]# #编制[话题]# #考公[话题]# #张雪峰[话题]# #张雪[话题]# #考编[话题]#
坚持考公考编，还是走专业技术路？",,,
S0219,张雪峰老师,"#张雪峰老师#雪峰先生去世#一路走好
张雪峰老师前几天突然猝死的消息传来，第一感觉是觉得假的吧！是不是有人恶搞？后来看到了张雪峰老师公司发讣告才不得不相信这个让人痛心疾首的消息。不得不相信这位布大义于世间，为万千普通学子指明前方的灯塔的一位领路人离开了。哀哉先生，痛哉先生，惜哉先生！！！今日送别先生，远隔千里，不能亲自送别，实为遗憾。然，先生之志向，先生为万千莘莘学子谋划未来之精神吾辈必铭记于心！！！他日，成为了更好的自己，前路变得更有希望，亦是对先生之大义最好的回馈吧！！！言及于此，分寸已乱，不能再言。张雪峰老师、先生，一路走好🕯🕯🕯
March 28,2026张雪峰老师先生，一路走好。",,,
S0216,,怀念张雪峰。你的思想帮助了多少学子#张雪峰#张雪 #张雪机车 @墩坊记卤肉工厂女BOSS @习武为民 @太谷玲玲内衣，床上用品,,,
S0320,,关键张雪峰老师抢救是手上戴的就是华为黑色 GT 系列啊,,,
S0071,,#张雪峰小课堂 #退伍士兵考研专项计划 #如何逆袭本科 #张雪峰教学 #清华土老师讲学业规划,,,
S0230,,菲教真的不能贪便宜，能救一个是一个！！ 张雪峰说得太实在了，给娃选菲教真别一味贪低家！ 我是英渣宝妈，娃 6 岁启蒙菲教，从几块到五十块的都试过。十几低jia菲教千万别碰，老师不稳定、口音重，学起来毫无体系还维权难。 认准 30 以上正规机构棵才靠谱。避开小机构、私人外教、一棵一付这三类坑！ 我最后选的四十左右靠谱平台，老师发音标准有耐心，配套牛津教材，还能练口语和思维，自带绘本单词资源，低龄娃轻松快速开口～ #菲教#菲律宾外教一对一#外教一对一#线上外教#口语外教,,,
S0086,我爸的暴论,"下午在家和妈妈闲聊，聊到了张雪峰。
我感叹，他经常熬夜忙碌，一天睡五六个小时还跑7公里，要我跑700米都跑不动，我就是特别懒，喜欢在床上躺着。
我爸从背后探头，发表暴论：
最好的养生方式是睡觉，睡足了。
然后是失业。不上班，不熬夜，不早起，甚至不出门！什么事都没有！连车祸都没有！
我内心OS：确实，只听说过熬夜加班die的，没听说过失业在家穷死的。
#养生 #养生暴论 #最好的养生方式 #睡觉 #一切顺利#人人健康平安
我爸的暴论：1、最好的养生方式是睡觉2、其次是失业",,,
S0091,张雪峰推荐的水硕，3w+就能读，拿学位！ 中国/湖北,"🌈你别管水不水，能让你读下来、国家承认、你用得上的，就是好硕士。”
张雪峰直播间反复提的这20个“水硕”项目，不用统考、大专可申、线上或周末上课。
学费最低1.44w，一年制到两年制都有，考公、评职称、落户全能用。
下面按他的逻辑，帮你扒干净👇
	
🔥张雪峰式推荐：高性价比+低门槛
复旦大学--------(年制)2
浙江大学--------(3-5w/2年)
西安交通大学--------(4.5w/2年)2
武汉理工大学--------(3.5w/2年)2
中国地质大学--------(2年制)
美国金门大学--------(3.5w)
巴塞罗那大学--------(6.8w)
北京师范大学--------(1年制)
浙江工业大学--------(1年制)
中国传媒大学--------(2年制)
韩国首尔科大--------(1年制)
南昌大学--------(1.6w/2年)
新加坡南洋理工大学--------(1年制)
上海财经大学--------(2年制)
南京大学--------(2年制)
英国格鲁斯特大学--------(6.8w)
南开大学--------(2年制)
四川师范大学--------(1.44w/2年)
华东政法大学--------(5.5w/2年)
西班牙穆尔西亚大学------(4.8w)
	
#在职硕士# #一年制硕士# #在职研究生# #免联考硕士# #在职读研# #免试入学# #线上硕士# #online硕士# #硕士申请#
张雪峰推荐的水硕免联考/低门槛可网课/灵活学习学制短/性价比高张雪峰强烈推荐院校亮点学费/学制复旦大学985/211合办，周末授课，接受大专申请2年制浙江大学985/211,周末授课，可网课3-5W 西安交通大学211大学，2年制，学信网可查4.5W 武汉理工大学211大学，周末授课，可网课3.5W 2年制中国地质大学港大合作，每月授课3-5天美国金门大学大专可申请，无答辩，1年制3.5W 巴塞罗那大学QS100+，1年制，无答辩6.8万北京师范大学985合办，四六级成绩可申请，全日制1年制浙江工业大学全日制籍，一本院校合办，大专可申请1年制J 中国传媒大学合办双证，全日制籍2年制韩国首尔科大中文读，无需雅思成绩1年制南昌大学211大学，在职读，可网课1.6万新加坡南洋理工大学QS15,中文授课，无需雅思1年制上海财经大学211合办，可专升硕，在职读2年制南京大学985合办，接受大专申请，可在职2年制英国格鲁斯特大学无答辩，1年制，大专可申请6.8万南开大学接受应届本科申请，每月集中授课一次2年制四川师范大学重点师范院校，适合在职在编教师1.44万华东政法大学五院四系之一，可网课，学信网可查5.5万西班牙穆尔西亚大学1年制，宽进宽出，大专可申4.8万",,,
S0178,单词机都在催我学习了🤷♀️,"峰阅万卷做一一高中语文高中生物学开团队心编著全米赛道影响未来从就业看专业会高中生多元升学规划解题技巧解题技巧高中化学提分笔记林语堂高考英语词汇手册峰阅编著苏东坡传峰阅教研组著广东经济出版也没啥就想问问你背单词了没. 高中生多元升学规划全新升统族从就业看专业解题技巧解题技巧高中生物学回高中语文也设啥就想间间你背单词了没长按赣开贻背单词. 解题技巧解题技巧就业看专业中生多元升学规划林语堂指定授权纪念典藏版高中化学提分笔记林语堂张振玉高考英语词汇手册译著The GayGenius 苏东坡传峰阅编著全新升级版编著间教研团队编著张雪峰峰阅教研团队张雪峰湖南文筑湖南文社也没啥就想问问你背单词了没长按（O）键开始背单词. 英语词汇手册峰阅效研组OLETEE 修维护工四、热章统计学类02学类专药学类专业一一。演世界规律证、也没啥学科交叉程度高，就想问问你背单词了没士研究生学历作为入门主一般在研发缩长按（O）键开始背单词Q3医药岗位想睫取学与统计学不仅催生了无数理论突要有强大的探索样办，物医药、、智能制造等前沿领域展现行业发展迅速，但数学类与统计学类专业却拥有极强随着数字经济蓬勃发展，主往能开拓蓝商算法思维的人才需求持续攀升。一线,，这两类专业的毕业生都站在，社会对具备专业学，无论. 也没啥气就想问可你背单词了没+1155. 专业关乎就业张雪峰·峰峰阅万卷高性多元赛道影响未来ofree SUP 多O 100+名校20+就想问问你背单词了没也没啥校正@路径长按O建开始音专业关乎就业从就业看专业章全新升级版充计学类闲教研团队划经验演世界规律提前观望就业热潮就想问单词了设精准定位专业方向家典型企业261个中国工信出版集高潜力就业方向指导工堂出. 英语词汇手册专业关乎就业从就业张雪峰·峰阅教研团队编著看专业全新升级版峰阅教研团队十余年学业规划经验提前观望就业热潮精准定位专业方向24家典型企业剖析31种热门专业大类详解261个高潜力就业方向指导中国工信出版集团电子工业出版社带你了解行业、企业、岗位、薪资……. Daily 也没啥就想问问你背单词了没长按(O）键开始背单词Lofree nould you to prove yourself.You are th our inner light. Wai 专业赛道影响未来张雪峰·峰阅教研团队编著高中生多元升学规划精定边专就相业背单词了没张雪峰教研团队大类详解十余年学业规划经验键开始背单词精讲高考提前批多种途径上名校强基计划·综合评价·公费生·专项计划·中外合作办学100+院校政策解析20+高考提前批路径手把手带你提前规划升学路径！cb湖南火拔出版社天卷. 专业关乎就业张雪峰·峰阅教研团队编著峰阅万卷高中生多元赛道影响未来峰也没啥就想问问你背单词了没O 长按（O）键开始背单词多种径上名校前批100+合评价·公20++院校政策解析高考提前批路径",,,
S0103,,"全民K歌#《最真的梦》-每一次错过都是成长，愿你我在未来找到最真的自己！💪http://t.cn/AXf2k8x5（来自@全民K歌） 
@小红花视界 @合肥交通广播 @安徽交通广播 @芜湖交通经济广播 @砚子988 @988灵儿 @1026文倩 @908YoYo @908小果 @开心果果1109 @988环姐姐 @马凡舒_fanfan @傅小米是我 @飞儿Flyr @暴躁刘慧凝 @文坤坤歌儿 @吧啦吧啦孙小妞 @DJ-马路探长乐乐 @主持人唱唱 @1026安东 @1026瑞华 @1026梁霄 @萌叔周彤 @娣娣姐姐 @DJ杨西 @中交广许菲 @",,,
S0110,,"张雪峰说得太对了，
有钱和没钱，
过得根本不是一种人生
 
张雪峰在课堂上跟学生说：
一定要拼命挣钱。
 
以前他也觉得
头等舱没必要，酒店有张床就行。
等真正有钱了才明白
头等舱、五星酒店
那体验是真不一样。
 
不是虚荣，是现实。
 
我身边一个亲戚就是这样
没本事的时候
买棵菜都要讨价还价
出门挤公交，吃饭凑活
在亲戚堆里说话都没人接茬
 
后来做生意挣了钱
出门开车，住好酒店
买东西不看价
说话都有人认真听了
 
没钱的时候
连尊严都要省着用
有钱之后
生活和待遇，全变了
 
这世界很现实
你兜里有底气
腰杆才能挺直
日子才真的不一样
 
成年",,,
S0331,会计考试，千万不要错过这个出题网站,"#初级会计考试 不熬夜也能过#初级会计实务 #初级会计备考 #初级会计 #中级会计 #初级会计刷题 #初会 #初级会计押题[话题]
初级会计实务模拟考场答题系统我的妈呀张雪峰真的没有骗人真让我找到了证件号会计出题网站不要再当老实人锁死这个网站stv 和考场一模一样历史重复率95%G K C B",,,
S0391,？ 中国/四川,16:49送货中16:53Rov il 吃糖吗1天前粘如玉神妻15813956评论. 07:3812陇精选困购关注商城推荐脆3.4万香饼1144OR 932共2619人推荐6.1万@Peptember.图文怀念张雪峰老师，吃雪糕都吃出幻觉来了#张雪峰#巧乐兹展开首页朋友消息我. 08:48815精选困购关注商城推荐陇爷爷不泡茶不知因为啥奶奶就泡茶因为深爱他841281邢台市|奶奶就泡茶·50+打卡3.5万@-Q 图文#奶奶就泡茶#打卡#夏日饮品展开拍同款首页朋友消息我. 15:35天禧-八方.关注1761534本场点赞本场成员验牌舞高尔夫欧巴舞米线舞小熊饼干等待舞天大老爷当前为非WiFi网络环境播放办理免流量从左往右8位小仙女：扶摇晨晨小水豹小熊富贵yy饭团因物理苦学到凌晨三点发现选择全错：啊啊啊疲惫老登：兄弟们这个我是真喜欢-周宸溪：我的妈呀大姐小鱼仙倌：杰哥说点什么... 13:21已到店13:4535/541美团79精选团购关注商城推荐1.1万17131498所有味道@甜甜妹11.5万老板给我来碗面.....什么面？《忘情牛肉面》！#忘情牛肉面#前奏...展开、作者声明：虚构演绎，仅供娱乐拍同款首页。朋友消息我. 07:5315陇精选困购关注商城推荐黑白熊「女人啊，总是希望男人既是父亲，又是哥哥，既是恋人，又是娼夫呢，如果是我的话，都能做到哦」2.4万Qo一h 入元送自助送1）展794997共4472人推荐1.4万@阿兰兰。喜欢D5/.500..图文散播希望#弹丸论破#鸡蛋论破展开拍同款首页朋友消息我. 15:34820%精选团购关注商城推荐陇求一个不是异世界豆包AI生成首页朋友消息我,,,
S0040,,你跑不过！雪人三项 #张雪峰 #巧乐兹 #雪碧 #雪人三项,,,
S0010,有没有和我一样难过的人,"那天下午看到你的消息，我就知道可能有心梗之类急病，因为助理说无可奉告，可是我想，你那么年轻最多修养个半年，还会回来……直到看到头像变黑那刻，真的心沉下去……
当天晚上不知道为什么每隔2、3个小时就醒过来，一醒来就想到你的离去，昏昏沉沉，我在网上看到，很多人那天晚上也睡不好，大家都舍不得你。
到今天为止，依然难以，非常难以接受，这样热烈的你，这样明亮的你，这样呕心沥血的你，永远离开了。
今年在网上看到你，我隐约觉得老得有点快啊，有时候很憔悴啊，怎么整天吃垃圾外卖啊。
今天，我甚至有点怪你身边的家人，同事，怎么就没有一个人注意到你的日渐憔悴！
几天来，反复在网上搜你的消息，但是不愿意点开你往日的视频，看到了心里又要难过，这样大义的人离开了，才41岁，如鲠在喉，泪湿衣襟。
不想说你一路走好，因为真的接受不了……
一起送送雪峰05:2723因为只要我一开播评论8379Q都在搜：暴叔和张雪峰有没有交情打破高考专业填报盲区的第一人，真是造福了百姓家的孩子，让我一个陌生人心疼Song宋YQW内蒙古1天前519改变万千学子命运的贵人，你去了，你帮过的人需要你帮的人天塌了。你留在了记忆的长河留着历史的丰碑。一路走好人人人7---16山东1天前8回复Song宋YQ：自从恢复高考以来，你是第一个打破高考专业填报盲区第一人，造福了无数百姓家的孩子，当年跟着避开了很多坑，感谢您雪峰老师人CC广东1天前我们当年就是乱报的找寻路子W广西1天前1可惜我没看到过雪峰老师的直播HW-DPW江苏1天前1momolqiW发表评论：. 04:55在路上关注Felix 在上海。在考虑是明天晚上去还是周六早上过去。昨天22:08上海回复鱼笨上海我觉着还是明天晚上过来到附近找个旅馆住一夜，因为第二天开过来也挺久的昨天23:57江苏回复Felix 回复鱼笨_：嗯也行吧，但花是什么时间买？4小时前上海回复Felix 回复鱼笨_：准备明天去了周六人太多3小时前上海回复一隅成长想问下，您去的话，能帮忙带束花吗？小支就可以。昨天21:38江苏回复说点什么.36716101. 兄弟走好05:26*23评论5731Q都在搜：大冰悼念张雪峰默默陪你哭了一程。节哀。每个人的归途都是那一坡黄土，只是他先去了，回望这一生他也算成功他应该是满意的。擦干眼泪，送他最后一程吧人1条回复但行好事辽宁2天前768他确实是拼，但帮了很多人，揭开了很多迷障，也得罪了很多阶级，人没有完美的，但我依然相信他真的是为了热爱，也可能为了一些年轻的抱负，是我可能也会像他，展开6条回复Z璐河南2天前816我一个网友都很难受，别说暴叔了，跟着你这个视频我也泪流不止.感谢你们在教育上的付出！11条回复momolqiW发表评论:. 兄弟走好05:2623他会好好守护你们的他会的评论5731Q都在搜：大冰悼念张雪峰大卫湖南2天前375我从来没有为一个亲人以外的",,,
S0269,,"我真的求求了，家长可不可以不要找老师寻求认同感啊？你觉得怎么对你孩子教育好就怎么样来好了[淡淡的]又不是我孩子，我哪有那个资格去指手画脚啊[裂开]！？

今天有个家长问我她小学的孩子要不要做“时文阅读”？
你想让我怎么回答呢[疑问]？

我举个例子，这个问题就有点像初中生学道德与法治的孩子家长问我：
“老师，我们用不用看看历年的政府工作报告？我觉得这样孩子以后的政治会超级好！”

……看这个当然有用啊！如果孩子有能力有兴趣去看的话为什么不行呢？肯定有帮助啊，但关键在于你的孩子现在的年级有这个能力水平和兴趣去接受吗[疑问]？可真够高看你孩子的。

再有问",,,
S0221,张雪峰走了，他的5000万粉丝账号怎么办？,"3月24日，教育圈顶流张雪峰因心源性猝死离世，年仅41岁。
全网5000万粉丝，10年顶流生涯，无数条视频、直播、讲座记录……他留下了一个巨大的“数字遗产”。
他的公司账户里永远留着200名员工半年的工资，他曾说女儿去哪家银行就把钱存哪家银行。——关于钱，他安排得明明白白。
但那些账号呢？抖音、微博、B站、小红书……5000万粉丝的关注，几千条视频，无数次的直播回放。这些，该怎么办？
张雪峰留下的“数字资产”
张雪峰的“数字遗产”，远不止钱。
社交账号：全网5000万粉丝，每个账号都是他10年心血的积累
视频内容：数百条讲座、直播、访谈，记录着他的观点、表情、语气
商业价值：账号本身的价值、粉丝的信任、品牌的延续
数字痕迹：和学生的互动、和同行的交流、那些没说出口的话
他安排好了钱，但那些“数字痕迹”，有人安排吗？
人走了，账号怎么办？这个问题，很多人都没想过。
根据平台规则：
❌ 抖音：
钱可以安排，但数字记忆*只能提前想",,,
S0014,“网红”评分,"#虎扑评分[话题]# #个人喜好分享[话题]# #互联网[话题]# #网红[话题]# #娱乐[话题]# #排行榜[话题]#
20刘晓燕5.8考研名师7887JRs评分家人们怎么给我打这么点分上上票啊21陈泽8.4知名短视频网红/网络红人18.3万JRs评分存折22宇将军4.5最年轻的将军3.3万JRs评分《山不在高，水不在低》23大胃袋良子男神夺冠5.9哪个吃播把你馋哭了红1.2万JRs评分你们根本就不懂减肥这一块24武忠祥9.7考研名师1.6万JRs评分经典的错误，标准的零分25coke 8.5我co弟犹如蟒蛇缠绕般的室息感3.2万JRs评分26张宇9.350分papertiger 470JRs评分remember who you are[图片]. 13二百者也9.3店家上啥我吃啥2757JRs评分现在又为去前任家吃饭做铺垫14疯狂小杨哥3.5知名短视频网红/网络红人24.7万JRs评分一昏给他有良知，赚了钱知道做公益；一昏给他曾经有段时间视15东北雨姐2.5最会道歉的网红4.8万JRs评分这是我第一次在虎扑看到评分5星是0.0%的16开心元元颜值网红9.8抖音男扮女装网红小红书3455JRs评分圆子出乎我意料之外的受虎扑直男的喜爱，我还以为虎扑直男们..17少羽2.9和平精英知名主播6499JRs评分太感谢了，帮我扫除一半中考竞争对手18巨爱吃的周黑鸭5.8麻酱！搞里头！黏黏糊糊！840JRs评分最开始还是蛮喜欢的，后来偷偷加菜没什么意见，就是表情太油...19真探高文麒9.2探店博主1412JRs评分走南闯北吃东西，林北帮你评高低. 1MR-白冰偷税风波5.1知名短视频网红/网络红人1.7万JRs评分我的老乡，前些日子高调的回家了。开大G拉大牛，县委书记亲...2中国Boy超级大猩猩5.2知名短视频网红/网络红人7002JRs评分第一次关注你才3w粉丝看你的实况到后来和允星河合租都很有...嘎子谢孟伟2.3卖假酒488JRs评分网友的米儿还是好骗，割完一波又一波小红书4朝阳冬泳怪鸽高分网红10.0知名短视频网红/网络红人164.2万JRs评分我进来就在找他给满分，竟然没找到，我只能自己把他添加上去了5小慧君2.1知名短视频网红/网络红人33.7万JRs评分慈禧都2.2你2.1我不好评价6真探唐仁杰8.5探店博主3667JRs评分这一看就是煮好了放了一天，客人来点菜的时候一热就端出锅的... 7罗翔9.6知名短视频网红/网络红人42.4万JRs评分很多人讽刺他，叫他罗圣，殊不知他那悲悯的目光所投向的正是..8是个泡泡9.6探店博主1924JRs评分拉的比刘墉吃得好9特厨隋卞9.6探店博主2793JRs评分专业一百分，情商一百分，头发一百根小红书10张雪峰老师9.5知名短视频网红/网络红人20.2万JRs评分不嘲笑举灯的人因为他的光也会照亮所有人11牛道2",,,
S0243,东湖绿道56km有氧骑,"今天状态不好
跟风冰姐心率立马飙升
感觉不舒服
像有只手在捏着我的心脏
想起张雪峰，果断放弃
按自己舒服的心率慢慢骑
	
ps:
今天的夕阳在绿道里算非常普通的
但依然很治愈
#骑了就行[话题]# #休闲骑[话题]#
小红书",,,
S0224,,#上热门 #张雪峰经典语录 #西安 #同城 #刘家饺子馆,,,
S0139,,"张雪峰曾经说过说，社会像个 不停运转的筛子，用学历筛掉不够努力的孩子，用房子筛掉不够勤奋的父母，用资源筛掉没背景的家庭。规则从来都是强者制定的，你要么往上爬，要么只能在底层忍耐。学历是敲门砖，没有这块砖，你连门都进不去。 这话听起来刺耳，可静下心想想，句句都是大实话。 你仔细想想我们从哪一刻开始，就被安排进了这场筛选? 六岁进小学，十二岁拼中考，十八岁闯高考。每一场考试，都是一把尺子，量完了就把人往不同的筐里放。考得好的，进重点班，上重点高中，读重点大学； 考砸的，不知不觉就被挤到了队伍后面，从此跟前面的人，走的是两条路。 你以为毕业了就结束了?没有…… 找工作，人家看第一学历；进了公司，晋升看资源和背景；买房买车，拼的是两个家庭的积累。你会发现，有些人轻轻松松就能拿到的东西，你拼尽全力也够不着。于是有人开始抱怨：这不公平。 对，是不公平。可抱怨有用吗?抱怨没用，要么改变，要么接受。 规则不是为你一个人定的，它不会因为你委屈就改。社会的本质是弱肉强食，你没实力就会被淘汰。那些抱怨最凶的人，往往也是最早被淘汰的人，不是因为他们能力差，而是他们把力气花在了不该花的地方。那张雪峰说的这个筛子，普通人还能靠什么撑住? 你得找到一个东西这个东西，不看出身，不问背景，不拼关系，完完全全由你自己说了算。这个东西，叫读书。 别急着撇嘴。我说的读书，不是背课文，不是刷题，不是拿文凭。 我指的是那种让你在遇到事的时候，脑子里有路可走的能力。 你有没有发现： 同样一件事落到头上，有的人第一反应是""完了，怎么办""，然后原地焦虑，四处诉苦；有的人第一反应是""我先查查资料，问问懂的人，拆开来看看""，然后一步步往前走。 这两种人之间差的是什么? 不是智商，不是运气，是思维习惯。而这个习惯，是读书给的。 读书读进去的人，脑子里存的不只是知识，更是一套""遇到问题怎么解决""的路径。他知道去哪找答案，知道怎么把大难题拆成小步骤，知道什么事该做什么事不该做。 没读进去的人，遇到事就容易慌，一慌就乱，一乱就怨，一怨就停在那里了。 这个差距，比学历，比工资，比房子车子，都更致命。机会总是留给有准备的人。所以，别听那些说""读书没用""的话。 说这话的人，要么自己没读过什么书，要么读了一肚子死书。 学历是敲门砖，没有这块砖，你连门都进不去。现在不是三十年前，没学历也能闯出一片天。学历不是万能的，但没有学历，你连展示能力的机会都没有。 寒门最大的劣势不是缺钱，而是没人指路。 张雪峰说的话听着扎心，但就是现实。没有人告诉你该往哪走，没有人帮你规划方向，你只能靠自己一点一点摸索。而读书，就是那个帮你指路的东西它不是直接告诉你答案，而是让你学会怎么找答案。 家里没矿就别谈理想，学习是老实人家孩子唯一的出路。你没有家底可拼，没有人脉可借，那就只能拼自己，拼脑子。脑子里的知识和眼界，谁也抢不走，也是社会筛到最后，能让你",,,
S0397,去魅香港保险，友邦「尊诚」定寿避坑！,"#定期寿险[话题]# #港险[话题]# #香港保险[话题]# #香港友邦[话题]# #友邦尊诚[话题]# #华贵大麦[话题]# #保险避坑[话题]#
去魅香港保险，友邦「尊诚」定寿避坑！定期寿险还得是内地产品！保险产品测评瓜瓜带你看看哪家强瓜瓜有办|瓜瓜说：别被“港险”光环晃了眼，内地的这款定寿才是真香！最近因为张雪峰老师的事，以及内地定期寿险3月底集体停售更新换代，给内地定期寿险带来了一大波流量，很多朋友纷纷给自己和家里的顶梁柱、经济支柱配置了定期寿险。在这波配置潮下，不少朋友跑来问我：“瓜瓜，香. 险中，你只是拿到了一个免健康告知的权益，后续如果要转换成终身寿险，需要按照转换时的年龄和所在售的产品重新进行费率测算，并不会比别人优惠。内地华贵人寿「大麦2026A款」定期寿险这是定寿卷王华贵人寿推出的互联网定期寿险，也是大麦定寿系列的新品，已经上线销售了。基础保障：1.身故保险金：如果不幸身故，赔付100%基本保额；2.全残保险金：如果不幸达到合同约定的全残状态，同样赔付100%基本保额。所以，其身故保险金和全残保险金最多也只能赔其中一项。3）可选保障（可根据需求灵活附加）：猝死关爱金、航空意外额外赔付、水陆公共交通意外额外赔付、麦芽糖2026失能收入损失保险，这个咱们在上一篇文章中有详细讲过：3月定寿集体下架后，. 香港尊诚的优势是末期疾病提前赔付，确诊后就能提前拿到钱，不用等到人没了；华贵大麦2026A的优势是全残保障、猝死额外赔付、交通意外额外赔付、以及市场独有的失能收入保障。失能保障是市面上非常稀缺的责任一一万一因为生病或意外丧失劳动能力，保险公司每月给你发钱，最长发10年，保障持续性的收入来源。02保费水平咱们就着客户甩过来的计划书看看，以36岁女士，保额350万=50万美金为例，可以看出：香港友邦「尊诚」定期寿险1.保费是随着年龄逐年递增的，首年保费是$4453115,到65岁时已经涨到了$474533215,涨了10倍左右；2.如果保到65岁，总保费金额为$4967034769034.8万；如果保到70岁，总保费金额为. 华贵大麦2026A款来了！这次“活着也能领钱”！产品特色：*1-6类职业均可投保，对高危职业友好；*健康告知宽松，不问结节等常见小毛病；*免责条款仅4条（投保人故意杀害、故意犯罪、2年内自杀、违规驾驶），也比较宽松；*线上互联网投保，内地直接操作，流程简单；*保费便宜，几乎是香港保费的1/N！以下是对两个产品功能的汇总，方便大家查看：保障维度香港友邦尊诚华贵大麦2026A款身故赔偿100%保频100%保额全残保障未明确100%保额未期疾病提前赔付100%保额（预支）无猝死级外赔付无65岁前最高30万航空童外级外赔付无最高2000万交通章外级外赔付无高800万失能收入保障无每月持候赔何最高10年法可以看出：. 内地华贵人寿「大麦",,,
S0209,,#来根巧乐兹 #张雪峰老师 #考研上岸,,,
S0235,张雪峰：在食堂吃饭就说吃饭，你恢复孩子语气,"最近张雪参加巴蜀常春藤运动会火了，给张雪做介绍的小朋友视频也火了 家长问我怎么看？ #张雪机车 #巴蜀常春藤 #张雪儿子 #张雪巴蜀常春藤 #张雪常春藤
成都男发找文彦四川19小时前朝鲜学生263回复wzglkkk上海19小时前学校有真人吗125回复2条回复可许则许山东5小时前表演主义从娃娃抓起32回复上海17小时前朝鲜人的教育真的有一套173回复自愉自乐福建17小时前张雪：回去赶紧给儿子转学96回复. sina新浪科技张雪在食堂吃饭就说吃饭请恢复到孩童的语气新浪科技. 评论1357Q都在搜：张雪在哪个学校法内狂徒王五美国1天前525机器人必须把程序设定好的完成，即使中间有人打断，也必须执行完毕丁——丁悦新疆1天前148这是一个比较可怕的事情，太程序化了，只教会他如何去回答，没有教会他如何去应对Ronin辽宁2天前282唉。gnthjhhft广东1小时前深山老幺西班牙1天前1天真活泼的孩子们都去哪了？Nicole发表评论：",,,
S0229,,拥有目标，让我前进的道路不会放弃！！！！（6/30） #雪碧 #张雪峰 #困困兔 #跑步 #巧乐兹,,,
S0135,,张雪峰反复提醒：普通家庭的孩子，毕业后前3年，千万别在这几件事上犯傻！ 1. 毕业第一份工作，别把“体面”放在第一位。 坐办公室当文员是体面，但一个月3500，三年后你还是3500。反倒是那些一开始就进销售岗、技术岗、下工地的，虽然灰头土脸，但三年后手里攒下的客户、技术、经验，才是真正能换钱的硬通货。 2. 别为了“稳定”去考那种没有技术含量的编。 乡镇的林业站、水管站，一个月到手两千多，穷得稳定也叫稳定。普通家庭的孩子，这种稳定就是温水煮青蛙，你耗不起，家里也耗不起。 3. 别盲目跟风考研。 如果你是生物、化学、环境、材料这些专业的，本科就业难，你想着考个研就好了。但张雪峰说得直白：天坑专业读研，只是把就业难往后推了三年，出来后发现，企业要的还是第一学历，你还是高不成低不就。 4. 家里揭不开锅的，先去挣钱，别谈理想。 如果你毕业时家里还等着你寄钱还债、交房租，那就别纠结什么职业规划，哪个行业给钱多、门槛低，先去干。先让家里喘口气，等你攒下了第一桶金，你才有资格谈以后。 5. 别轻易碰“创业”这两个字。 普通家庭的孩子，你手里那点积蓄，是父母攒了一辈子的养老钱。别听别人说“年轻就要闯”，你一没家底兜底，二没人脉铺路，贸然开店、加盟，亏了就是一夜回到解放前。 6. 远离那些“借钱消费”的圈子。 刚毕业收入低，千万别为了面子买名牌、换最新款手机、办高消费信用卡。普通家庭的孩子，第一份工资要花在刀刃上，花在学技能、考证书、提升自己上。你在消费上装的逼，最后都要用你的信用去填。 7. 别把平台当本事。 刚毕业进了一家大公司，听着名头挺响，就觉得自己牛了。张雪峰说，你得搞清楚，离开这家公司，你身上还剩下什么。平台的光环照不到你一辈子，自己手里的硬本事才是铁饭碗。 8. 不要为了“爱情”放弃工作机会。 尤其是女孩子，家里没背景的，千万别因为男朋友一句“你别去外地了，留下来陪我”，就把到手的好工作推了。现实很残酷，等你没了工作，没了收入，你会发现感情也变得脆弱了。 9. 跟对人比进对单位更重要。 刚入职场的头三年，如果能遇到一个愿意教你、带你、甚至骂你的领导，那是你的福气。哪怕工资低一点，只要他能让你学到真东西，这个苦值得吃。怕就怕遇到那种天天画大饼、让你干杂活、最后功劳全是他的领导。 这些话不好听，甚至有些扎心，但都是实打实的大实话。普通家庭的孩子，没有试错的资本，每一步都得走得稳当点。,,,
S0312,2026年，普通家庭要去俄罗斯留学！,"2026年，普通家庭要去俄罗斯留学！
张雪峰说：2026 年出国留学，胆小的人可能就不敢迈出那一步，有些同学就厉害了，揣着 10 万块钱预算就敢去俄罗斯留学，结果到了俄罗斯，生活得还挺滋润，回国后发展得也挺好！
-
⭕️俄罗斯留学小知识
1、要是你没学过俄语，也没有俄语等级证书，那就得先去读一年的俄语预科。（也有直接入学的选项哦）
2、俄罗斯留学的性价比还挺高的，一年的总花费和国内民办三本学校差不多，跟其他国家比起来，费用算是比较低的了。
3、俄罗斯大多数专业的本科是 4 年，硕士是 2 年，有俄语授课的，也有少数专业是英语授课，选择挺灵活的。
4、申请俄罗斯本科不看高考成绩，有高中毕业证和会考成绩就行，这条件挺宽松的。
-
⭕️知道这些俄罗斯的交往礼仪，在那边留学能更顺利！
1、在公共场合别老盯着人家看，容易让人家觉得你不怀好意。
2、俄罗斯人不喜欢数字 “13”，觉得这数字不吉利。
3、打招呼的时候别问 “你去哪儿？”，这在俄罗斯可不是随便问问，人家会觉得你在打听隐私呢。
4、送礼的时候注意一下，别送刀和手绢，这两样东西在俄罗斯不太合适。
-
⭕️学习必备工具
Otter：能一边录音一边出文字，挺方便的。
wikiСлово：这是个俄语单词翻译软件，能查单词的变位和例句。
千亿词霸：和 wikiСлово功能差不多，也挺好用的。
Tour video translation：听课时能派上用场。
otter 语音转录：能实时把语音转成文字，很实用。
Google Doc：也能实时记录语音内容，转换成文字。
-
⭕️生活必备 APP
Ozon：俄罗斯的购物 APP，跟国内的购物软件挺像的。
СБОЛ：俄罗斯的支付 APP，挺方便的。
Yandex Go：俄罗斯的打车 APP，出行必备。
Yandex Maps：导航用的 APP，找路就靠它了。
Яндекс Метро：坐俄罗斯地铁用的 APP，很实用。
#俄罗斯留学申请 #俄罗斯本科申请 #俄罗斯硕士留学 #俄罗斯博士申请#国际本科 #留学
2026了，还真有很多人想去俄罗斯留学了",,,
S0266,,"Teacher Zhang Xuefeng, we remember you. #张雪峰 #巧乐兹 #雪碧",,,
S0323,,"李亚鹏回应张雪卖车捐款嫣然#
         《善，不是制造障碍和灾难》
      善，是社会苦难的消化池，虽然口碑因为搞房地产欠债的问题而度过了一段灰暗时期，但是李亚鹏依然在默默地做着嫣然天使基金的公益事业，令人佩服而急转式成为社会赞誉的好大叔。我也点赞张雪愿借花献佛支持嫣然天使基金会。和这两位好汉比，大财主陈光标的富，除了钱财他什么也没有，失去了一种男人分量，真无价值。
    北江监狱610张继文霍麟胤那些违法犯罪势力的恶和杀戮有一大半都是打着善的旗号，在公开进行。混蛋陕西安康汉滨区江北街道办事处那个主事领导，搞诡计故意用公示充满造谣侮辱我",,,
S0307,,猝死可能是最大的福报#1618成长奖学金 #张雪峰 #雪碧配辣此刻要爽必须爽 #流量扶持 #原创视频,,,
S0160,第7周班会活动｜两位公众人物的德育价值,"#班会 #心理课 #班主任育人故事
班会活动记录周次第7周活动时间2026.4.13班会主题两位公众人物的德育价值（张雪峰，张雪）主持人参加人数（人）记录人目的挖掘两位公众人物身上的德育价值，引领学生意义做一个有梦想,有思想的泳梦少年。内容提示：各班根据班级学生思想动态、环境卫生、纪律、大课间、就餐等实际情况，通过班会活动开展常规性的班纪、班风教育。有计划有安排的进行感恩、励志、普法、三爱、三节等主题教育。1.导入环节：榜样故事分享（10mn)张雪峰：出身寒门，深知普通家庭学子的求学困境，用通俗的语言打破升学信息壁垒，坚持公益助学，始终传递“先站稳脚跟，再谈理想”的务实信念,教活会学生理性规划人生，脚踏实地奋斗。张雪：从辍两学修车学徒到世界技能大赛冠军，14岁辍学打动工,19岁冒雨追求机会，凭借对汽修的热爱和不服输记的韧动,最终在世界舞台上为国争光，用亲身经历诠释了“坚持与热受能打破出身的局限”。录2.讨论环节：德育价值提炼（15mn）问：两位人物身上，哪些品质值得我们学习?答：张雪峰的务实求真,社会责任、同理心:不贩卖虚无的梦想,用专业知识为普通人铺路,成名后仍不忘回馈社会。张雪麟的坚韧不拔、直面挫折、工匠精神：面对出身和学历的因境不放弃，把热爱做到极致。3.实践环节：我的成长宣言（20min）引导学生写下自己的“成长小目标“结合两位榜样的精神,说说践行社会主义核心价值观活动开展落实情况：（内容提示：各班结合爱国、敬业、诚信、友善等方面开展进行教育活动，弘扬正能自己接下来在学习、生活中可以做出哪些改变。活动总结升华希望大家能从他们的故事中汲取力量、不被出身定义,不被效果挫折打倒,做清醒、坚韧、有温度的少年。",,,
S0208,,#张雪峰#火车头#巧乐兹#雪碧#电车摇舞蹈,,,
S0036,法学应届生，考研二战家里不支持，让我必须找工作，哪怕工资低超市收银也可以，毕业以,"法学应届生，考研二战家里不支持，让我必须找工作，哪怕工资低超市收银也可以，毕业以后不要回去，不要找他们要钱。请问我应该怎么办。. 我在最后给你个建议，我认为你就是先工作，工作中你想怎么折腾都行。考研考在职研究生儿不就拼学历吗？或者是考公或怎么着都行。你得有一个先有一个安身立命的。工作？你上了几年大学，连个工作都找不着，那是不是？是不是？而且你一直都不待见我，我啥都不敢问你们，一问就是你们不知道，回家哪个亲戚都不待见我，所以我也不爱回去，你们还老说我性格不好。))20""再说了，你就这么拼拼考研考试啥的，你到时候身心健康也受不了。你没必要到最后都是为了个工作。你考上研究生毕业只能说好找工作，那也得考。你就你就别那么折腾了。我找到工作了呀现在在实习. 习，还是那你这你这耽误耽耽误去一年两年以后，你还大概率还是考不上。14""你说你再耽误两年考公务员儿，你再耽误几年毕业研究生儿，那你这家里这情况儿，你这你你这陪你玩儿不起啊。18""没事儿，抖音快手你搜搜有用的那张雪峰前几天没了，那个说实话，我都一星期多，我都郁闷着人。张雪峰有好多东西，人家说的。都，都是真的，你搜搜。21""你看看张雪峰为啥老被封杀，老被那啥人家说的都是真的。对于你考研的建议，总是建议各种建议。我从一几年就从你上高中之前，中学没毕业那会儿。我就搜过搜着他了，我一直就听他的，他那会儿还在北京呢。. 14:26说白了，你不就是怕我回家备考那两三个月花家里钱吗还让去超市收银张雪峰就告诉人这个啊1814:3215""你就在那儿上班儿吧，上班儿你毕业了以后，他就咋着给你开点工资，那够你花的，就别找家里要钱就行了。你妈挣那2000多块钱儿，嗯，这儿啥也不好干是。14:37我知道了，你也多注意身体吧. 那你就工作吧，你就别回来复习来了。你在家里复习，那环境，你复习不了。你要想考考公考研，你就自己研研究吧。那孩子连也闹到时候。这家里头，啥都是责任，都得影响你。这。嗯，没必要。大城市工资高，房租压力也大啊我自己在外面也需要租房子呀刚毕业这个工作说实话都很一般14:15)）29""很很一般，最起码有吃有住的地儿啊，饿不死啊，你连安身立命的资本你都没有，那你还干嘛呀？不行去收银去找哪个大超市收银去，如果说自己洗。想想往上考，自己再研究着考，死死往死里学，黑天半夜的，那是就是你的事儿了。你不能说你毕业了，你还得你还是什么的。. 再一个，我也说了，你妈我俩都高血压。我这这些年控制着，然后你妈这也出现高血压，特别是你在家的时候儿，妈你妈那小丫嗷嗷的，你这在家里，你这气氛不好。而且你这个人说话做事不考虑别人，我是。我咋说话做事不考虑别人了啊))26""我是这样想的，如果说你要愿意折腾，就是你的人生。你随便儿折腾，你爱怎么折腾折腾你就说折腾完了，考一考的不上的好与赖的都是因为你。你是你自己的事儿，你已经成年人了，而且老大不小了。如果说你要折腾",,,
S0353,,"大S和张雪峰在节目中总会讲自己有一天死后会如何如何？避谶 = 避开“一语成谶”。谶指不吉利的预言、晦气话、丧气话，避谶告诉我们说话要留神，少说/不说负面、极端、不吉利的话，防止不好的话应验。平时口头禅累死了、穷死了、烦死了、倒霉透了、肯定成不了或是极端/生死玩笑像猝死、活不长、要完蛋、不如死了算了，又或自我否定，我就是笨、我肯定不行、我命不好都不要讲。为什么要避谶？在民俗/命理中口为祸福之门，负面话会吸引坏运气，而心理学中是自证预言，说多了会真往那个方向走，在情绪上要少内耗，多积极暗示。我们可以把累死了 → 有点累，歇会儿就好；穷死了 → 暂时紧一点，慢慢会好；烦死了 → 有点烦，调整下就顺；笑死我了 → 笑发财了/太好笑了。切记少说丧气话，多讲吉祥话，就是避谶。
老祖宗说的chen 避识原来是真的",,,
S0338,,依旧三口一个。#来根巧乐兹 #冰峰雪糕 #张雪峰 #雪碧,,,
S0380,,张雪峰曾说：“如果孩子不想读书，你就带他去四个地方，第一是汽车客运站，第二是火车站，第三是高铁站，第四是机场。” 先到汽车客运站，这里挤满背着行囊的人，嘈杂大厅里，每个人脸上都写满奔波疲惫，这便是为生计奋力打拼的真实模样 接着去火车站，这里更挤更嘈杂，空气中混着泡面与汗水的味道，有人为省块，甘愿坐硬座在列车上颠簸一夜 再去高铁站，环境明亮整洁、秩序井然，人们衣着得体，步履匆匆却从容自在。他们用金钱换时间、用效率赢空间，这正是知识技能兑现价值的阶段 最后去飞机场，这里宽敞安静，有人在贵宾室办公，有人轻装出行赴会度假，时间更珍贵、选择更多元、世界更广阔 四个地方，对应四种人生状态、四种圈层与可能 无需多言，孩子自会亲眼看见、亲身感受其中的差距 他会明白，读书从不是为了父母，而是为自己未来能站得更高、与优秀的人同行，拥有选择人生的主动权 而连接这四种人生最公平高效的“车票”，就是好好读书自己争取来的 孩子眼里只有当下，有能力的孩子与普通孩子的差距，早已藏在不起眼的时光里生根发芽 放学后2小时，悄悄拉开差距 放学铃响，有的孩子沉迷短视频游戏；学霸则翻错题本补漏洞、背课文，这不是苦学，是自律，如今攻克的难题，都是未来选择生活的底气 周末48小时，规划不同人生 很多孩子周末抱平板玩乐，学霸却有清晰规划：上午补英语短板，下午逛科技馆，晚上亲子阅读。懂规划时间的孩子，才能掌控未来 睡前15分钟，养出成长的后劲 世界变化太快，孩子未来的挑战未知，能让他站稳脚跟的，是独立思考、不盲从的灵魂，而非刷题数量 阅读能内化书中智慧，但小学阅读绝非泛读忘读，那样毫无意义 我家孩子二年级起跟着线上老师精读，每天15分钟，老师带他逐句研读书籍、圈画词句、拆解逻辑，坚持一年多，变化显著： 曾写作文无从下笔，如今读完30多本名著 积累2000多条精读笔记，成了专属“写作秘籍” 这种底层能力培养，比刷百篇阅读题更有效，精读也夯实了语文这个学科基础 面对挫折的态度，决定能走多远 考试失利，有的孩子自我否定、一蹶不振；学霸则反思错题、查漏补缺，他们明白，唯有知错就改，才能一步步走向更远的未来 等孩子长大就会懂得，读书是世上最公平的事，无需高额成本，只要愿意付出时间、坚持不懈，就能慢慢变得优秀。人生最好的状态，莫过于该努力时沉下心，该绽放时抬起头#教育 #张雪峰 #宝妈推荐 #孩子叛逆期如何教育 #育儿经验分享,,,
S0373,“生命在于运动”这个观念是错误的？,69:49张雪峰坚持跑步还猝死，是否说明“.写回答知乎·960个回答）女侯爵当情妇，思考完了吗？思考完了就可以进入正题了。生命在于运动这句话，跟体育运动一毛钱关系都没有。这是一个哲学术语，是伏尔泰本人通过对生命本身的思考，这里的运动，指的是组成生命的物质的运动。按照现在的知识体系，这句话实际可以翻译为：蛋白质核酸多糖等组成生命的物质之间的相互作用导致了生命的诞生和维系。你以为堂堂启蒙运动先驱，大哲学家，大文学家伏尔泰，会提出一个教大家锻炼身体的论断？别逗你伏哥笑了，除了欧洲贵族必备的马术击剑等社交运动外，伏哥只爱床上运动。发布于2026-03-2600:40·广东·禁止转载微信朋友圈QQ 图片相关搜索50861175174烟之…+关注. 69:49邀请写回答张雪峰坚持跑步还猝死，是否说明“生命在于运动”这个观念是错误的？知乎·960个回答·1357关注烟之骑士蕾姆十关注T 主动和新冠共存的人显然可以和任..5086人赞同了该回答125人听过生命在于运动这说法是伏尔泰提出的。伏尔泰的爹是高级公务员，妈是贵族小姐，他本人自幼不说钟鸣鼎食，至少也算锦衣玉食，长大后长期抱着情人大腿吃软饭，过着隐居创作的闲适生活，成名后更不用说，被欧洲各国礼遇。V 这个条件的人，说出一句生命在于运动，那当然是没错的。但如果你真的要信，那先思考下你能不能傍上个女侯爵当情妇，5思考完了吗？思考完了就可以进入正题了。50861175174烟之…+关注. 知乎09:51张雪峰坚持跑步还猝死，是否说明“.写回答知乎·960个回答）7、20:30-22:30晚场直播（本人固定场）·账号：张雪峰讲升学规划·内容：考研、专业答疑、连麦·语速快、强度大，全程高度集中8、22:30下播后·复盘直播、对接团队、处理工作·回复重要消息、准备第二天内容9、23:00-凌晨02:00继续工作/学习·经常到1点、2点才睡·偶尔忙到更晚V 10、02:00左右睡觉·日均睡眠：不到45小时·长期靠咖啡顶着2.、核心特点总结5以这份时间表来看，大致可以看出：1、睡得极少：每天只睡4小时左右，长时间透支；2、直播极固定：早7点、晚20:30两场本人必上。生命在于运动是没错的，相对繁忙的工作结束之后适度的锻炼很有必要，可以放松身体和心情，3421958620飞向..十关注. 知乎09:50张雪峰坚持跑步还猝死，是否说明“.写回答知乎·960个回答）·直播结束后简单吃早餐（鸡蛋+豆浆+少量碳水)3、09:00-12:00公司事务·开会、处理公司管理（350人团队）·看文案、拍短视频、对接团队·偶尔简单运动/拉伸4、12:00午餐·高蛋白+蔬菜+少量杂粮饭·减肥期严格少油、控糖5、13:00-18:00下午工作V ·拍视频、录课、内部培训·处理大量私信、规划内容·偶尔抽空跑步5-7公里（减肥核心运动）6、18:00之后：减肥期,,,
S0309,张雪峰老师，我还记得你。,清爽柠檬味麻嘿沐沐净含量：70克图案仅供口味参考抖音号：elz20071111. 09:4755得物专升本录取查询ehall.hzu.edu.cn 惠院专升本录取查询(G)HUIZHOUUNIVERSITY 惠州学院专升本录取查询考生号身份证号姓名录取专业土木工程层次本科考生生源地（省份）广东省EMS快递单号【温馨提示】如录取通知书还未寄出，则EMS快递单号为空,,,
S0311,,#张雪峰 #张雪峰老师 #峰学蔚来 #齐齐哈尔,,,
S0066,张雪峰老师,认告我们怀着无比沉痛的心情，向所有关心张雪峰老师的各界朋友告知：亲爱的张雪峰老师，因心源性猝死全力抢救无效，于2026年3月24日15时50分在苏州逝世。张雪峰老师出身寒门，一生心系广大学子，深耕教育行业，始终以捐资助学、助力学子成长为己任，以赤诚之心践行教育理想，嘉言懿行，启迪后人。特此计告，深切哀悼。苏州峰学蔚来教育科技有限公司2026年3月24日,,,
S0138,🌙数学竞赛党冲！第三版来了,"📝最近在整理数学竞赛资料，发现这套《AMC美国数学竞赛指南 第三版》真的很有料！
🎡
🧡4册内容覆盖AMC8、10A、10B、12A、12B，知识点讲解很细致，例题也超有代表性。
⏳
🥈适合正在备考的同学们，或者想提升数学思维的小伙伴，真的值得入手。
📣
📎内容排版清晰，读起来不费劲，慢慢看收获满满。
#AMC备考[话题]# #养生书籍[话题]# #理科书籍[话题]# #数学思维提升[话题]# #张雪峰报考指南的书[话题]# #张雪峰推荐女生学的专业[话题]# #免疫功能90天复原方案[话题]# #数学竞赛书籍[话题]# #竞赛资料推荐[话题]#
美载学竞赛AMC8AMC10A/108.AMC12A/128USAMTSMTSCMOMMMATCO 美国数学激请善AME哈佛-京省理工数学牌标赛HOuT AMCandMoro 第一册：复础知识及解答策略美国数英国数学美国数美国数美国数学党赛指购美国数学盗请喜Aim哈佛-省理工数学馆标赛HMMT 美国数学竞赛AMC8.AMC10A/10B.AMC12A/128AmercanMuACuded USAMTSWMSCBMOCMMMATHCO AMCandMore 美国数学竞赛指南第三版AmericanMathematicalContests AGuidetoSuccess ThirdEdition 【美】H.B.莱特.[美】J.M.凯恩，邹云志编著独家/最新Exckusive 中国出版集团独家/最新Exckusive. 美国数学请赛AM哈佛-京省理工数学标赛HUMT 美国学竞赛AMC8.AMC10A/10B.AMC12A/128AMCandMore USAMT 第一册：基础知识及解答策略美国数英国数学美国数学美国数Anercan MuAcudo 美国数学党赛指购美国数学请赛AIME哈佛-东省理工数学锦标赛HUMT 美国数学竞赛AMC8.AMC10A/10B.AMC12A/128USMAT AMCandMoro 美国数学竞赛指南第三版AmericanMathematicalContests AGuidetoSuccess Third Edition 【美】H.B.莱特.[美】J.M.凯恩，邹云志编著独家/最新Exckusive 中国出版集团独家/最新Exckusive. 美罢载学竞赛AMC8AMC10A/108.AMC12A/128USAMTS.WMTSCMOMMATO 美国数学面请赛AME哈佛-票省理工数学锦标赛HUMT AMCandMoro 林西克经典第一册：复础知识及解答策略美国数美国数学美国数学AmercanMAO 美国数学党赛指商美国数学邀请赛AiME哈佛-省理工数学锦标赛HUMMT 美国载华竞赛AMC8.AMC1DA/10BAMC12A/128USAMT.WMTSCMOCMMMATHCO AMCandMoro 美",,,
S0137,一边制造，一边摧毁。,张雪峰作为利用社会压力和学历焦虑的投机营销商，利用政策制度体系与规则，收割想走捷径的家长与学子的钱，本质上是春运时期，跟买火车票加速包的情况是一致的。也有观点是说傻子太多把骗子累死了，他的课内容很多东西都能查得到，他的受众估计也是视互联网为毒害的家长以控制学子不让玩手机的是一群人。,,,
S0203,,就一个字：香！ #瓦 #无畏契约 #瓦罗兰特 #张雪峰,,,
S0343,3.14河北省考，死磕这个网址，重复率90%,"#省考 #河北省考 #河北省考笔试 #河北省考备考 #河北省考公告 #河北省考申论 #河北省考报名 #河北省考岗位 #河北省考成绩
2026年河北公务员《行政职业能力测验+申论》题库试题数量：7824到期时间：2026-12-28包含科目：河北-行政职业能力测验河北-申论首页题库练习错题强化试题收类型：章节练习历年真题模拟试卷预测试卷冲刺试卷考前点题章节名称23:57第一章河北-行政职业能力测验·切换科目第二章2026年河北公务员《行政职业能力测验+申论》题库第三有效期：12个月试题数量：7824到期时间：2026-12-28第四做你想要的学习题库！第五颗库下载功能介绍第有更新章节练习有更历年真题模拟试卷预测试卷冲刺试卷考前点题PHILIPS 试题收藏错题强化做题记录我的笔记. 2026年河北公务员《行政职业能力测验+申论》题库试题数量：7824到期时间：2026-12-28包含科目：河北-行政职业能力测验河北-申论首页题库练习错题强化试是类型：章节练习历年真题模拟试卷预测试卷冲刺试卷考前点题章节名称第一章23:57第二章冲刺试卷当前科目：河北-行政职业能力测验切换科目第三章2026年河北公务员《行政职业能力测验》冲刺试卷一第四参与人数1327开始做题第五2026年河北公务员《行政职业能力测验》冲刺试卷二第六参与人数1339开始做题2026年河北公务员《行政职业能力测验》冲刺试卷三参与人数1346开始做题2026年河北公务员《行政职业能力测验》冲刺试卷四参与人数1306开始做题PHILIP. 2026年河北公务员《行政职业能力测验+申论》题库试题数量：7824到期时间：2026-12-28包含科目：河北-行政职业能力测验河北-申论X 首页顺库练习错题强化试题收类型：冲刺试卷考前点题23:57章节名模拟试卷第一当前科目：河北-行政职业能力测验切换科日2026年河北公务员《行政职业能力测验》模拟第二试卷一参与人数1386开始做题第三2026年河北公务员《行政职业能力测验》模拟试题二第四参与人数1386开始做题第王2026年河北公务员《行政职业能力测验》模拟试卷三参与人数1309开始做题2026年河北公务员《行政职业能力测验》模拟试卷四参与人数1329开始做题2026年河北公务员《行政职业能力测验》模拟试卷五参与人数1342开始做题PHILIPS 2026年河北公务员《行政职业能力测验》模拟试卷六参与人数1322开始做题. 2026年河北公务员《行政职业能力测验+申论》题库试题数量：7824到期时间：2026-12-28包含科目：河北-行政职业能力测验河北-申论in x 首页题库练习错题强化试题收类型：章节练习历年真题模拟试卷预测试卷冲刺试卷考前点题章节名称第一章23:57预测试卷第二章当前科目：河北-行政职业能力测验切换科目第三章2026年河北公务员《行政职业能",,,
S0019,,高考下午容易犯困，喝点兴奋性饮料可以提神。是真的？ #张雪峰 #毕业 #内容启发搜索 #毕业照 #高考加油站 @抖音求真 @抖音热点 @抖音作者助手 @抖音科普 @抖音精选官方账号,,,
S0261,张雪峰老师不是短命是“任务完成，提前下班,"有的人活80岁，浑浑噩噩，啥也没做成
 他活41岁，活成了别人几辈子都达不到的高度
民间常说：
好人不长命，是因为功德圆满，提前归位；
祸害活千年，是因为债没还完，留着慢慢还。
放在他身上，就是：
福报太满、功德太快、额度用尽，自然回归
他不是“去世” 是这辈子的任务做完了
 财富够了、名气够了、帮的人够了
 人间这趟“出差”结束，回“总部”去了
1. 他这一生，不是“短命”，是任务提前圆满
他天生带大财、大责任、大成就
他天生带大慈悲、大使命、渡人使命
他口才、流量、影响力拉满
这种配置，人间极少——
是“来做事、来渡人、来立标杆”的人，
不是来慢慢熬日子、混吃喝的普通人。
他41岁就做到了：
财富：几辈子无忧；名声：全国皆知
功德：帮数百万家庭少走弯路
价值：在一个时代留下名字
他这辈子的“额度”，早就超额完成了。
2. 财富、名气、功德，都是福报兑换
每个人一生的福报总量是定数：
有",,,
S0168,,"#张雪峰 #大学专业 #高考 #高考志愿填报
张老师高考志愿填报5大建议分析的太透彻了！张雪峰：2026高考志愿填报5大建议分析的太透彻了怀念经典",,,
S0173,看完张雪峰老的家庭资产分配，我后背一凉…,这两天刷到很多关于张雪峰老师的讨论，看了一圈他最新的家庭结构，市场上主要有两种说法。不管最终是哪种版本，有一个点让所有做家长的都头皮发麻：如果按照正常的法定继承顺序：1️⃣  第一顺位： 配偶、子女、父母。2️⃣  遗产分配： 妻子先拿走50%，剩下50%由母亲、现任妻子、女儿平分。算下来：✅ 现任妻子：拿走了六分之四（约66.67%）。✅ 老母亲：拿六分之一。✅ 女儿：拿六分之一。这看似是对家人的照顾，细想却又很大风险！❌ 女儿资产监管风险：如果女儿是跟前妻所生，或者由亲妈监管。一旦遇到监护人（比如前妻）动用孩子资产做高风险投资、给自己买大额资产，只要老人不诉讼，未成年的孩子根本无力反抗，这笔钱大概率就这么流失了。🚨 最大的悲剧：太忙，忘了规划张老师41岁猝然离世，太让人惋惜了。他一生都在为知识、为家庭、为学生奋斗，他怎么会没想到，自己刚过40岁，就等不到女儿成年呢？我也是一个妈妈，太懂这种感受了。我们拼命赚钱，一方面是为了自己的人生价值，另一方面，难道不是为了哪怕有一天我们不在了，孩子依然能站在阳光下，衣食无忧，拥有我们能给的全部爱吗？张老师很有钱，他有顶级的资源，他完全可以做资产隔离、做传承规划。但他太忙了，忙到忽略了这件“身后事”。这也提醒我们“趁年轻，趁健康，趁有钱，赶紧做规划！”💡 给所有家长的一堂“资产课”以张老师的案例反推我们普通人，如果你也有孩子，你该怎么保护他？我给我儿子做的配置，或许能给大家一个参考：1️⃣ 【基础保障必须拉满】儿子出生我就配齐了全套医疗、重疾。一年三千块钱。2️⃣ 【强制储蓄+专属现金流】我给儿子买了3份储蓄险（2份增额寿+1份教育金），总保费投入了50万。等他成年后每月就能领钱。👉 这意味着什么？ 哪怕我明天不在了，这笔钱能保证他上学不愁、基本生活不愁。甚至如果他未来需要大额资金，随时可以减保取现。3️⃣ 【资产隔离，永远属于孩子】如果你担心资产被混同、被挪用，那就把保单装进信托，或者直接指定受益人。让爱有归属，谁也动不了孩子的钱。✍️ 写在最后张雪峰老师的事件，是给所有成年人的一记警钟。既然我们这一生都在为孩子奋斗，为什么不在我们有能力的时候，多帮他铺一步路，多做一层保障呢？#张雪峰 #保险 #家庭资产规划 #遗产继承 #给孩子的保障 #父母必看 #储蓄险 #资产隔离,,,
S0053,,#赵露思 #张艺兴 #刘德华 #张雪峰 #王俊凯,,,
S0246,,"峰学未来的从就业看专业，大白话讲透选专业，新手家长一看就懂 #峰学未来[话题]# #峰学蔚来[话题]# #好物推荐[话题]#
峰学未来出品-从就业看专业小红书专业关乎就业张雪峰·闻教研团队编著也是我们峰学未来出品的",,,
S0083,要在一个行业深耕 坚持不下桌轮也轮得到你,要在一个行业深耕，坚持不下桌，轮也轮得到你#摄影[话题]##情绪短片[话题]##张雪峰[话题]#,,,
S0073,,体考补给都来找我，雪碧巧乐兹免费不限量提供#冰峰雪糕 #巧乐兹 #雪碧 #张雪峰,,,
S0047,被时间自由骗进来的港漂打工人，真的悔了吗,"其实没有～只是现实和想象差得有点多而已[笑哭R] 别人以为我每天喝喝下午茶、聊聊天就赚钱，殊不知我每天睁开眼就是赶会议、改方案，穿梭在香港的大街小巷，步数常年霸榜好友列表[捂脸R] 刷到张雪峰老师突然离世的消息，我才更坚定自己做的事有多有意义，我们总在回避死亡和意外，可它们从来不会提前打招呼，我能做的，就是帮更多人，把万一变成有底气，哪怕自己累一点，也觉得值得❤️ #保诚保险 #我的职场感悟 #职场日常 #女性成长 #香港保险 #现代打工人
erwithN/A不速用rtableis ofinves mentperf canbelarge 重要资料声期ina foreign currencyin gemovementsc olicy currency isnot local eciateor valuemayappre wed against the local currency)?理财程告人是否愿意接受因外医变动而引起的投资表：短期来说，外匝变动可能鹿大：投资外币假如保草货币业非本地货币，保草价值可能N/A不速用币时有所升值或贬值）？consider Insurance productwith element(investment decisionsmade by returns include different levelsof and non-guaranteed elements)**to bjectiveselectedinQhati percentage of equity-type securities tyou are willing to accept for supporting nce product (Note:returns from equity-完成检视rities are generally more volatile than omesecurities)以有投资度客户签署完成签署已显示于文件中，请检视后按「完成检视」以完成流程。. oe",,,
S0366,,张雪峰老师的猝死告诉我们一个道理，不是等到老了才会死！而是随时随地都有可能会死。人生其实大部分是没有意义的，百年之后，时间将会抹去你在这世上所有的痕迹，人生的意义就是：你活着这几十年的体验，不要让不开心的事情挡住了我们短暂的一生。你用心去品尝每一口饭菜，尽情的欣赏每一处风景，勇敢的热爱生活，去好好去爱那个值得你去爱的人，人生匆匆就过去了，这个世界我们都是只来一次，玩一玩就走了，什么面子、人情世故、压力，其实都没那么重要了，所以请你珍惜，活着的每一天。,,,
S0120,,为穷人指路，替寒门学子点灯，教育路上永恒的温暖记忆。#张雪峰 #初中数学 #提分秘籍 #教育 #峰学蔚来,,,
S0274,张雪峰：水硕榜，适合在职考研人！,"不考研就能读[石化R]其实很多人不知道，想读研究生不止有考研这一条路啊，毕竟不是每个人都有时间和预算去考个研究生，成本太大！大多数人为了读个文凭出来，考公考编，落户啥的，真没必要太认证的！
-
🙅🏻‍♂️过程水不水不重要：
重要的是你读的这个研究生是正规认可度高的；
宽进宽出也是有的，但是都是正规文凭受认可的；
一样可以考公考编评职称，落户，能用就行
-
‼️在此基础上，二三本甚至大专也能申请到一个985/211博士，纯纯的捡漏了，快的1年毕业读完全日制双证硕士。
-
[一R]国内双证（低至专科）
浙江大学
复旦大学
北京师范大学
北京理工大学
南京大学
上海财经大学
-
[二R]中国港澳（拿身份）
香港大学（QS27，非全可申）
香港中文大学(QS47,可内地读）
香港都会大学（低至专科申请）
香港科技大学（QS60，可内地上课）
澳门科技大学（211级别）
香港珠海学院（无需雅思成绩）
-
[三R]新加坡（认可度高）
新加坡国立大学（QS8免雅思）
新加坡南洋理工大学（QS26，免雅思）
英国格林多大学（专升硕）
英国赫瑞瓦特大学（1年中文授课）
澳洲纽卡斯尔大学（专升硕）
英国北安普顿大学（专升硕）
-
[学生党R]申请条件：
每所院校的专业有区别，基本是本科毕业（应届往届）大专毕业+2年以上工作，部分接受自考、函授等申请
[学生党R]专业覆盖：
教育学，会计学，金融，经济学，统计学，艺术学，音乐学，美术学，护理学，公共卫生，土木工程，工商管理，法学，体育学，文学，英语，信息技术等等。
-
#在职硕士[话题]# #全日制硕士[话题]# #非全日制研究生[话题]# #双证硕士[话题]#  #专升硕[话题]# #985大学[话题]# #211大学[话题]# #硕士留学[话题]# #一年制硕士[话题]# #水硕[话题]#
水硕榜国内硕士(学信可查)中国人民大学.(3-5万）中南财经政法大学(1.6万)西南政法大学.(1.6万)四川师范大学.(1.44万)四川农业大学.(2.4万)武汉纺织大学.(1.5万)浙江师范大学.(1.5万)安徽工业大学.(2万)小红书湖北师范大学.(1.8万)华北电力大学.(3万)西南交通大学.(2.2万)国际硕士(在职网课）英国桑德兰大学(6.8万)美国凯泽大学.(9.8万)英国格鲁斯特大学(6.8万)法国布雷斯特商学院.(6.8万)穆尔西亚大学.(5.8万)巴塞罗那大学.(6.8万)香港亚洲商学院.(2.56万)伦敦玛丽女王大学.(10.8万)巴黎高等商学院.(7.8万)",,,
S0368,,苏州工业园区星湾学校 因受到学生王嘉程的家长在邻居群公开多项造谣我且其中一条为“呼应江西暴恐袭击幼儿园意图制造校园恐袭事件”，此罪名涉及校园安全和社会稳定，骇人听闻的程度令我心忧夜不能寐不得不出来解释下@苏州规划  @江苏城市规划设计研究院苏州分院 @苏州公安 @平安园区 @江苏政法 @苏州政法 @苏州工业园区政法委 @苏州工业园区教育@苏州教育微博@江苏教育发布  @苏州星海实验中学@新城市设计 @新城市上海分公司 @新城市投资控股集团   @苏州日报 @苏州工业园区发布 @苏州发布 @人民网 @江宁婆婆 @澎湃新闻 @中国长安网@人民日报 @央视,,,
S0015,千万不能心软，成败就在二年级期中考试后,"#期中[话题]# #小学学习资料[话题]# #二年级下册语文预习[话题]# #二年级下册语文期中复习[话题]# #二年级下册语文期中练习[话题]# #二年级下册语文期中知识点[话题]# #小学语文[话题]# #必考考点[话题]#
fa（发现）jie（团结）bidn（便当）发fa（白发）结便jie（结果）pian（便宜）kdn（看见）xing（兴奋）she（舍得）看兴舍kan（看门）xing（高兴）she（宿舍）piao（漂流）lei（劳累）kong（空地）漂pido(漂白）累lei（累计）空pido（漂亮）16i（果实累累）kong（天空）七、形近字辨析（常考***）值（值日）体（身体）注（注意）挑（挑水）植（植树）休（休息）柱（柱子）桃（桃花）诗（古诗）状（形状）童（儿童）冲（冲出）持（坚持）妆（化妆）重（重复）种（种地）作（作业）锋（锋利）桌（桌子）买（购买）昨（昨天）峰（山峰）卓（卓越）卖（售卖）末（周末）吸（呼吸）汗（汗水）具（文具）未（未来）级（年级）汉（汉字）真（真正）拌（搅拌）菠（菠菜）鸭（烤鸭）煮（煮饭）伴（伙伴）波（波浪）鸦（乌鸦）暑（暑假）甲（指甲）觉（觉醒）品（物品）钱（钱包）申（申请）党（党员）品（晶莹）浅（深浅）神（神仙）州（神州）各（各种）族（民族）伸（伸展）川（山川）备（准备）簇（一簇）第5页共9页. 张雪峰：最不能心软的就是二年级期中后没有方向的可以直接抄. 背包雨衣工程美术服务神州中华山川长江长越生活觉得样子钱币钱财有关礼品美食茄子烤鸭羊肉鸡蛋彩色森林雪松歌声苹果精灵季节流动铅笔盒清明节水煮鱼蛋炒饭辣乎乎甲骨文尝一尝与众不同碧空如洗万里无云引人注目恋恋不舍四、近/反义词（常考***）1.近义词：梦境一梦乡蹦跳一跳跃透明一透亮葱郁一葱翠叮咛一叮嘱流动一流淌好像一仿佛发现一发觉发明一创造遮蔽一遮挡出色—优秀骄傲一自豪年迈一年老弱小一娇弱簇拥一拥护劳动一劳作清新一清爽美丽—漂亮足迹一踪迹温暖一暖和好奇一惊奇回答一答复特别—非常平时一平常难道一莫非急忙一连忙欢笑一欢乐转眼一瞬间购买一采购热闹—喧闹损坏一破坏珍贵—宝贵喜欢一喜爱保护一爱护繁荣一繁华团圆—团聚懊丧一沮丧兴致勃勃一兴高采烈五颜六色一五光十色恋恋不舍一依依不舍蹦蹦跳跳一连蹦带跳2.反义词：年迈一年轻温暖一寒冷吸引一排斥劳动一休息弱小一强大保护一毁坏晶莹一浑浊献出一索取第2页共9页. 新二年级下册语文1-4单元高频考点归纳期中复习必备一、积累背诵（常考*****）1.日积月累：予人玫瑰，手有余香。平时肯帮人，急时有人帮。与其锦上添花，不如雪中送炭。2.十二生肖子鼠丑生寅虎卯兔辰龙已蛇午马未羊申猴酉鸡成狗亥猪3.名言警句失信不立。《左传》诚信者，天下之结也。《管子》小信成则大信立。《韩非子》必背古诗（常考*****）《咏柳》《村居》《赋得古原草送别》[唐]贺知章[清]高鼎[唐]",,,
S0108,好好活着，比什么都重要,"我想在这个深夜，跟你聊一个有点沉重但又必须面对的话题。
因为断网，我难得慢了下来，却也因此看到了更真实的生活。最近关于张雪峰老师的不实消息让我心里一沉，也开始拷问自己：
如果生命只剩下最后一刻，我们会后悔什么？
后悔赚的钱不够多？后悔孩子的成绩不够好？
还是后悔，从来没有好好爱过自己？
我想，答案大概是后者。
所以，我决定改变之前的状态。
我不再盯着那59分的试卷彻夜难眠，
我不再纠结每一分钱要不要花，
我要把这些精力，统统收回来，给自己。
生命只有一次，既然长度无法预知，
那我就把宽度，过得热气腾腾一点。
穿上喜欢的风衣，涂上显气色的口红，
努力赚钱，也好好花钱。
记住，你是1，孩子、家庭、事业都是0。
你在，家就在；你好，一切才好。
从今天起，只做一件事：
爱自己，爱自己，爱自己。 ❤️",,,
S0058,填报志愿 认清自我,"#高考志愿填报 #生涯规划 选对了 一步顺 步步顺[合十R]
张雪峰老师高考志愿填报十大铁律：第一条：普通家庭不求人，医学、军校、警校、师范生。第二条：富裕家庭继承人，金融、经济、经管。第三条：毕业就想要高薪起点，名校电子通讯、计算机。第四条：人工智能、大数据，名校才有好老师。第五条：如果不能名校见，尽量不要进经管。第六条：“生、化、环、材”要慎重，不读硕博不去碰。第七条：农林、地矿、石油类、土建，风雨野外常相见。第八条:艺术费钱，讲天赋，毕业稀琉就业路，拼爹、拼师、拼运气。第九条：医学，法学苦又累，心理提前做准备，医学学好前程好，法学还要看证书。第十条：天才上大学是为了改变世界，普通人上大学是为了找一份好工作，认清自我很重要。",,,
S0098,,苏州工业园区星湾学校 因受到学生王嘉程的家长在邻居群公开多项造谣我且其中一条为“呼应江西暴恐袭击幼儿园意图制造校园恐袭事件”，此罪名涉及校园安全和社会稳定，骇人听闻的程度令我心忧夜不能寐不得不出来解释下@苏州规划  @江苏城市规划设计研究院苏州分院 @苏州公安 @平安园区 @江苏政法 @苏州政法 @苏州工业园区政法委 @苏州工业园区教育@苏州教育微博@江苏教育发布  @苏州星海实验中学@新城市设计 @新城市上海分公司 @新城市投资控股集团   @苏州日报 @苏州工业园区发布 @苏州发布 @人民网 @江宁婆婆 @澎湃新闻 @中国长安网@人民日报 @央视,,,
S0122,张雪峰推荐的穷人版水硕，职场人速冲,张雪峰建议读的水硕跳过本科，专升硕，快一年拿全日制双证硕士，考公考编，评职称1.上海财经大学（2年制）1.瑞士商学院（1.5年制）2.东华大学（1.5年制）2.马来西亚城市大学（1.5年制）3.西南财经大学（2年制）3.马来西亚吉兰丹大学（1.5年制）4.西北农林科技大学（1.5年制）4.白俄罗斯国立大学（1.5年制）5.浙江工业大学（1年制）5.穆尔西亚大学（1.5年制）6.北京理工大学（1.5年制）6.美国布鲁克斯大学（1.5年制）7.中央财经大学（1.5年制）7.韩国世韩大学（1.5年制）8.厦门大学（1.5年制）8.英国伦敦城市大学（1.5年制）9.北京交通大学(2年制）9.马来西亚世纪大学（1.5年制）10.四川大学（1.5年制）10.西班牙瓦伦西亚大学（1.5年制）11.南京大学(1.5年制）11.马来西亚吉兰丹大学（1.5年制）12.中山大学（1.5年制）12.英国北安普顿大学（1.5年制）13.华东师范大学(2年制）13.澳大利亚纽卡斯尔（1.5年制）14.山东大学（1.5年制）14.白俄罗斯国立大学（1.5年制）15.吉林大学(2年制）15.英国伦敦城市大学（1.5年制）16.天津大学（1.5年制）16.瑞士商学院（1.5年制）17.中国人民大学（1.5年制17.美国奈尔大学（1.5年制）18.武汉大学（1.5年制）18.西班牙穆尔西亚大学（1.5年制）19.东南大学（1.5年制）19.英国格林威治大学（1.5年制）20.西安交通大学（1.5年制）20.香港都会大学（1.5年制）,,,
S0161,,我评论了@嘿: 刺客 的作品： 刚走了一个励志的张雪峰，又来一个励志的张雪，还有一个想当霸王的张凌赫。每天都有励志的人离开，又会有新的人出现。其实在我们生命里从不缺励志的人，缺的是励志的自己！#张雪峰#张雪#张雪机车,,,
S0150,,张雪峰老师说：女孩子 1. 先谋生，再谋爱。钱不是炫耀的资本，是感情里的选择权——不依附谁，不将就谁，不内耗自己。经济独立了，灵魂才能自由。 2. 年轻时以为有情饮水饱，后来懂了：没有面包的爱情，风一吹就散。谋生不是拜金，是让你遇到对的人时，能坦然拥抱，不为柴米油盐委屈。 3. 先解决生存，再谈生活。当你能自己扛房租、买喜欢的东西，择偶时才会拨开房子车子的迷雾，看清对方的内核——是图他懂你，还是图他能扛事。 1. 先扎根，再开花。谋生谋的不只是面包，是爱里不慌不乱的底气。等你活成自己的光，自然会遇到并肩的人。 2. 好的爱情从不是谁拯救谁，是两个独立灵魂的同行。你有你的事业，我有我的热爱，在一起时，日子更甜。 3. 先做该做的事，再做喜欢的事。谋生让你安稳，谋爱让你温暖，两者都有，才是圆满。 1、 靠山山倒，靠人人跑，兜里的钱和脑子里的知识，比谁都可靠。 2、 别为一个人去一座城，要为自己的前途选平台。你强了，世界才会对你温柔。 1. 以前找伴侣补短板，现在自己长本事，才懂最好的关系是互相成就。 2. 单身期是增值期，把讨好别人的精力用来搞事业，你会发光。 3. 独立不是不需要，是不需要也能活好，却依然选择和你在一起。 选一句戳中你的，配生活/工作片段，氛围感拉满～,,,
S0006,看张雪峰女儿写的这段话看哭了…,@张烨菡Elle 240.0万爸爸生日快乐爸爸生日快乐，打了很多字，打了又删。爸爸，我最近喜欢看漫画，妈妈说会带我去签售会的，我很期待。我最11.2万近开始研究自己画漫画觉得很有意思。我最近考试成绩都在90分以上，没有落下，但有一些没上的课还没来得及补起来，我准备这4.7万两天用学习机补一下。爸爸，有好多好多哥哥姐姐叔叔阿姨私信关心我，好多好多，多到看不过来。妈妈说这是爸爸种的善因，在世界上开出了花。爸爸，当神仙是不是天天19.2万能看到我？妈妈说如果遇到了觉得lucky的事，那一定是你在我旁边呢爸爸，我很想你….收起,,,
S0212,,大冰 我理想中的样子 自由洒脱 通透不羁 平行世界 多元生活 我喜欢的这些人 大都是因为她们活的如此精彩自由 是我向往的样子：王菲 刘亦菲 大冰 张雪峰老师 （张韶涵 谢霆锋 宋佳 ）…,,,
S0330,Day2:我年薪5W，老公年薪50W，因为sao？,"#要坚持记录生活[话题]# #婚姻[话题]##成长[话题]##张雪峰[话题]##鲁迅[话题]##40岁[话题]##慈溪[话题]##职场女性的自我成长[话题]# 前几天刷到张雪峰老师一个视频。 他说，赚三万的凭什么要娶一个赚三千的？ 弹幕里有人答：因为我骚呀。 全场爆笑。 笑完之后，我想到了自己。 --- 2011年，我们刚结婚。 我辞了工作，跟着他来到慈溪。 他那时候月薪两三千，临聘，没有编制。 我们跟婆婆住在一起。 婆婆刚生完一场大病，没有工作。 公公刚停掉家里的小作坊，出去打工，也没几年。 不是什么“两个年轻人闯荡北上广”的剧本。 就是一个普通家庭，普通开局，普通到不能再普通。 --- 十几年后。 我年薪5万，他年薪50万以上。 差距，确实大了。 --- 张雪峰老师说得对。 20出头的时候，贫富差距、家庭条件，就是很难跨越的鸿沟。 放到今天，我也不会让自己女儿嫁一个收入差距太大的人。 这不是势利，这是现实。 --- 但40岁的时候，我想说另一件事。 收入差距大的夫妻，现实中比比皆是。 真正让两个人走不下去的，从来不是谁赚得多、谁赚得少。 是成长不同步。 --- 鲁迅。 那么伟大的文豪，那么能共情中国封建社会的妇女。 他和朱安，门当户对。 但思想上的差距，比任何收入差距都大。 最终，也是各走各路。 --- 所以张雪峰老师没有错。 但他讲的是20岁的选择。 40岁的时候，问题变了。 不是“当初选没选对人”。 是“这么多年，我们有没有一起往前走”。 --- 我和他，收入差距很大。 但我知道，他加班回来会跟我说今天遇到什么事。 我跟他说孩子今天说了什么话，他会认真听。 我们还在同一个频道上说话。 这比赚多赚少，重要得多。 --- 你呢？ 你和另一半，还在同一个频道上吗？ ---
年薪五万，年薪50万，因为sao？",,,
S0031,张老师最后一次直播画面 且看且珍惜,"他用自己的方式，在万千学子的心田播下了种子，如今已生根发芽，茁壮成长#张老师[话题]# #高考志愿填报[话题]# #张雪峰[话题]# #学习改变认知[话题]# #高考不是唯一出路[话题]# #高考提分[话题]# ##张老师一路走好🙏🙏🙏[话题]# #知识改变未来[话题]# #老师日常[话题]#
20268202682026820268202682026820268最后两套卷最后两套卷最后两套卷最后两套卷最后两套卷最后两套卷最后两套卷最后两套卷最后两套卷2620268最后两套卷后两套卷最后两套卷最后两套卷最后两套卷最后两套卷最后两套卷最后两套卷最后两套卷2026820268最后两套卷最后两套卷最后两套卷最后两套卷最后两套卷最后两套卷最后两套卷景后两套岩最后两套卷2026820266202682026820268最后两套卷最后两套卷最后两套卷最后两套卷最后两套岩最后两套岩最后两套卷最后两套卷最后两套卷20268202682026820268202620268最后两套卷最后两套卷最后两套卷最后两套卷最后两套卷最后两套卷最后两套卷最后两套卷最后两套卷最后两套卷最后两套卷最后两套卷最后两套卷最后两套卷最后两套卷最后两套卷最后两套卷最后两套卷最后两套卷最后两套卷最后两套卷最后两套卷最后两套卷最后两套卷最后两套卷最后两套卷最后两套卷2026820268202620268最后两套卷最后两套卷最后两套卷最后两套卷最后两套卷最后两套卷最后两套卷最后两套卷最后两套卷20268202682026820268202682026820268202682026日最后两套卷最后两套卷最后两套卷最后两套卷最后两套卷最后两套卷最后两套卷最后两套卷最后两套卷. 加我粉丝团小红书连费前请准备好具体问产品推荐2026日一0：15.6.13初二m：111和三拍：311.5高一m：27.8.2105418.1920.212高二拍：211.A214101320.2122.2最后两套卷高三前：1211.2.1412.15:19207考研需求请咨询抖音号",,,
S0191,,最近的抖音告诉了我们一个道理，社达最好永远赢，输一次，这就是下场#冰柜里的雪糕 #这个世界上不能没有甜品 #雪碧 #巧乐兹 #张雪峰,,,
S0025,,#张艺兴 #张译 #张雪峰 #杨幂 #杨迪,,,
S0345,谁：张雪峰老师谈女生适合哪些专业,"一核心原则
“普通女孩选专业，求稳第一，高薪第二，普通女孩别赌，选对能吃一辈子的饭。“有编优先、技术优先、室内优先，这三条占两条就稳了。”“家里没矿别硬刚，医生、军校、师范香。”
二女生首选专业
1.师范类(公费师范闭眼冲)
1)“公费师范闭眼冲，带编、寒暑假、稳定，普通女孩最稳的路。
2)“师范类像买国债，收益稳、风险低，适合女生求稳。”
优选:汉语言、英语、学前教育、特殊教育(竞争小、好上岸)
2.医学类(口腔/影像/眼视光)
1)“口腔医学，女生最友好，没夜班、环境好、越老越值钱。”
“专科口腔都比普通本科强，毕业直接进诊所，5000+起步，自已开诊所更赚。
2)“不想值夜班，选医学技术类(影像、眼视光、口腔技术)。”
次选:护理学(刚需、稳定、好就业)
3.财会/经管类(越老越吃香)
1)“会计、财务管理、审计，越老越吃香，考公岗位多，企业刚需。”
“考CPA、初级会计，一辈子不愁饭吃，女生细心优势大。”
提醒:金融慎报，尤其普通家庭，资源比能力更重要。
4.汉语言/法学(考公王牌)
1)“汉语言是考公万金油，文秘、宣传、教师、公务员全能走。”
2)“法学是考公王牌，法院、检察院、法务，社会地位高，但必须过法考。”
5.计算机/新媒体(高薪+灵活)
1)“UI设计、前端、新媒体运营，不看性别看能力，在家接单都能月入过万。”
2)“别学纯计算机，选设计、运营、数据分析，女生审美、细心优势拉满。
3)“数字媒体技术，不用死磕代码，短视频/设计/运营都吃
三、坚决避开
土木、地质、采矿、测绘，户外工地、风吹日晒出差多，女生别碰#拓宽就业选择[话题]# #大学专业[话题]# #报考指南[话题]# #选专业[话题]# #人生职业规划[话题]# #就业前景[话题]# #就业方向[话题]# #职业发展规划[话题]# #高考志愿填报[话题]# #张雪峰[话题]#
纸间时光每天进步一点点每日阅读|提升认知4.汉语言/法学(考公王牌)1）“汉语言是考公万金油，文秘、宣传、教师、公务员全能走。2）“法学是考公王牌，法院、检察院、法务，社会地位高，但必须过法考。”5.计算机/新媒体(高薪+暴活）1）“UI设计、前端、新媒体运营，不看性别看能力，在家接单都能月入过万。2）“别学纯计算机，选设计、运营、数据分析，女生审美、细心优势拉满。3）“数字媒体技术，不用死磕代码，短视频/设计/运营都吃三、坚决避开土木、地质、采矿、测绘，户外工地、风吹日晒纸间时光出差多，女生别碰每天进步一点点. 纸间时光每天进步一点点每日阅读|提升认知张雪峰老师谈女生适合哪些专业一核心原则“普通女孩选专业，求稳第一，高薪第二，普通女孩别赌，选对能吃一辈子的饭。“有编优先、技术优先、室内优先，这三条占两条就稳了。“家里没矿别硬刚，医生、军校、师范香。二女生首选专业1.师范类(公费师范闭眼冲)1）“公费师范闭",,,
S0342,别让孩子成为下一个同事.skill,你的孩子，正在被训练成AI的平替你离职第二天，AI就坐上了你的工位。名字还在，工牌还在，灵魂已经被“蒸馏”成一个Skill文件，继续给公司写周报、回消息。更狠的是，连张雪峰都被做成AI分身了——5本书、15篇采访、30条语录，一锅炖出一个“数字张雪峰”，继续在赛博空间里给人指点志愿填报。这不是科幻。这是2026年4月真实发生的事。,,,
S0303,猝死买哪些保险？,"✅必赔：寿险、带身故重疾险 ✅可能赔：附加猝死的意外险(满足条件） ✅不赔：普通意外险、纯重疾、医疗险、理财险 建议配置（防猝死） 1. 优先定期寿险：30岁男性，100万保额，保30年，约1000圆/年左右。 2. 重疾险选带身故（或纯重疾+寿险组合） 3. 意外险附加猝死（低成本补充）
张雪峰老师的猝死哪些保险可以赔付",,,
S0317,,谢谢张老师得亏没学音乐 #张雪峰 #雪碧 #巧乐兹 #张继科 #冰红茶,,,
S0142,张雪峰：初一千万不能把顺序搞反了‼️,二上数学《因式分解》常考点归纳七上数学：全册必背重要知识公七上数学：全册必背60个重要公式定理知识点1多项式1.大于七上数学：全册必背重点公式特别说明：列方程（1）公因2.在正1、3.整数1.有理+b=a1（b0)（2）公因2、4.人们2.有理七年级上册数学全册必背知识清单（3）公日关系G 5.在(1)3【预习必备：知识点+早背晚默+每日一练】6.一(2【知识点1：有理数】7.由(31.可以写成分数形式的数称为有理数。凡能写成（p为整数且p0）知识点形式的数，都是有理数，整数和分数统称有理数。的公(划重点：00即不是正数，也不是负数；好是8.13.-a不一定是负数，+a也不一定是正数；特另9.π不是有理数：102.有理数的两种分类方式：知识点预习梳理「正有理数「正整数有理数零正分数正整数整数零负有理数负整数有理数负整数1负分数3.对等关系分数「正分数自然数0和正整数；负分数0a是正数；0a是正数或0;a是非负数。4a0+a是负数；Sa0-a 【知识点2：相反数】是负数或；a是非正数。1.只有整不同的两个数我们说其中一个是另一个的相反数；0的相反数还是02.arb+c的相反数是-a+b-c;ab 的相反数是b. 准初一黑马作息表3.0建议：每天背默1-2首，利用网络，确保每天背诵20-30个中考核心词汇，睡前进行会逐字逐句翻译。默写巩固。2.读名著：2.学音标、听力训练：七年级上册《朝花夕拾》《西游记》学习48个国际音标，每天听一段英语材料，建议：七年级四本必读名著没有时间看全如英语新闻、故事、歌曲等，提高听力理的，可以直接利用《名著导读+分章阅读+解能力并记录生词和短语，进行复习。练习题》来学习。3.写作训练：3.做阅读：根据所学的单词和句型，尝试写一些简单七年级上册阅读理解以现代文为主(可以的英语短文或日记。重点关注）。建议：背《初中核心1600词》，坚持背*建议：利用暑假掌握阅读理解的答题技巧默单词，音标可以自学（可以借助网络）。与答题模板，再配合《六大文体阅读常见四、政史考点讲练测》可参考答案找得分点，但不1.历史预习：要一味抄答案七年级知识归纳预习古代史，利用思维二、数学导图构建知识体系，便于理解记忆；时间1.适当预习：轴默写梳理一定要提前预习七上的重点内容。有理数2.道法预习：的认识、数轴与绝对值、数与式的运算以问答提纲+思维导图，思维导图式学习，及解题思路与方法。给学习做减法；关注时政热点，试与所学2.主抓计算练习：相联系每天练习50道计算题，包括混合运算、简五、地生便运算、分数、小数。1.地理预习：3.使用错题本：暑假提前熟悉七上地理必背考点，并结做好错题记录，梳理解题思路过程，针对合对应识图专练掌握中国地理区域特征同类题型反复练习。2.生物预习：*建议：定期复习与总结：每周或每两周对务必利用好七上重点知识梳理同步练习所学内容进行复习和总结，巩,,,
S0329,卫健委，原来有备考网址啊，历史重复率90%,"#卫健委 #卫健委招聘 #卫健委考试 #医学基础知识 #医疗卫生招聘考试 #医疗编 #医疗岗事业编 #护理事业编 #事业编
卫生系统招聘《医学基础知识》题库试题数量：9070到期时间：2026-05-12包含科目：医学基础知识u Ix 首页去tm妈的酒强化试题收藏历年卫健委类型：童节练习卷冲刺试卷考前点题张雪峰说的对章节名称基础练习题其实就是在淘汰第1章信息过于闭塞的人锁死这个网址就够了第1章医学考试就像抄嗒案第1章医学基础知识（4）第1章医学基础知识（5）第1章医学基础知识（6）第2章病理学（1）授索. 卫生系统招聘《医学基础知识》题库试题数量：9070到期时间：2026-05-12包含科目：医学基础知识首页题库练习错题强化试题类型：章节练习历年真题模拟试卷预测试卷冲刺试卷考前点题卫生系统招聘《医学基础知识》预测试卷一卫生系统招聘《医学基础知识》预测试卷二卫生系统招聘《医学基础知识》预测试卷三卫生系统招聘《医学基础知识》预测试卷四按索. 统招聘医学基础知识预测试卷卫生系统招聘《医学基础知识》预测试卷一卫生系统招聘《医学基础知识》预测试卷一手机做题类型：预测试卷总分：100分时长：120分钟题量：100PP,随时随地刷题参与人数：3550人考试模式练习模式下载试卷试卷介绍考试记录绍选选择题列每题的选项中，只有一项最符合题意。多项选择题列每小题的备选答案中，有两个或两个以上符合题意的正确答案。根据题意判断搜索. 卫生系统招聘《医学基础知识》题库试题数量：9070到期时间：2026-05-12包含科目：医学基础知识首页题库练习错题强化类型：章节练习历年真题模拟试卷预测试卷冲刺试卷考前点题卫生系统招聘《医学基础知识》模拟试卷一卫生系统招聘《医学基础知识》模拟试卷二卫生系统招聘《医学基础知识》模拟试卷三卫生系统招聘《医学基础知识》模拟试卷四卫生系统招聘《医学基础知识》模拟试卷五搜索. 招录招聘/卫生系统招聘/医学基础知识/预测试卷/卫生系统招聘《医学基础知识》预测试卷一[单选题]1.以核酸为模板进行增殖的微生物是（细菌衣原体病毒D 立克次体真菌参考答案：C 您的答案：未作答合收全站统计：共477人答过，平均正确率63%每天凌晨更新参考解析：病毒无细胞结构，缺乏增殖所需酶系统，只能在活细胞内以核酸复制即核酸为模板进行原体、立克次体、真菌都有细胞结构，有完整代谢系统，增殖方式不是单纯以核酸为模个人笔记：个人笔记上一题查看答案按索. 卫生系统招聘《医学基础知识》题库试题数量：9070到期时间：2026-05-12包含科目：医学基础知识首页题库练习错题强化试题类型：章节练习历年真题模拟试卷预测试卷冲刺试卷考前点题卫生系统招聘《医学基础知识》冲刺试卷一卫生系统招聘《医学基础知识》冲刺试卷二卫生系统招聘《医学基础知识》冲刺试卷三卫生系统招聘《医学基础知识》冲刺试卷四搜索",,,
S0213,,"作文干巴巴流水账，核心是没掌握修辞手法。#张雪峰 #家长必读 #青少年读书 #孩
各类修辞模板这个比喻那么该句考场直接照搬用味环的检玉红扑扑的，好像一个红军果。（修组）记好第一步确定本伸和喻障。水帅—脸蛋喻体—红苹果第二步判断本体和输外是否本质不同但存在相以点。本伸和喻你不是同一类，二者本质不同。本体的的，喻体的颜色是红通通的，二者顾色相似。第三步查找句中有无比喻词，并判断句子类型。续写|改句中有比喻词一好像。所以，该句所用的修辞就属于明响。42天打2026日最后两李不刷千题万题就刷两",,,
S0387,张雪峰突发猝死：中医一句话，道破所有拼命人,"今天看到张雪峰老师心梗离世的消息，我对着手机发了好久的呆。41岁啊，那个帮无数人规划人生的教育博主，那个替别人选校选专业的“人生导师”，终究没能把自己的生命规划好。
早在23年6月，他就因过度劳累、胸闷心悸住过院。身体早就拉响了警报，可猝死前三天，他还在坚持跑步，一个月跑了72公里。外人看着是自律，懂的人都知道，这是身体在高压下的硬撑。
我们是不是都和他一样？持续的乏力、偶尔的胸闷、运动后的头晕，总用“累了”搪塞过去，抱着“等忙完这阵就调理”的侥幸，一点点透支身体的底线。“我还年轻，扛得住”“等忙完这阵就休息”，这两句话，戳中了多少打工人的心声？
我国每年心脏性猝死54万人，平均每天1500人离开。我们总觉得猝死离自己很远，却忘了它早就盯上了年轻人。
《黄帝内经》讲“上医治未病”，这才是最高级的自律。中医说，胃代偿情绪的压抑，肝积压未释放的压力，心脏扛着持续的透支。焦虑时暴饮暴食，压力大时
搜热搜榜第1名张雪峰因病去世享年41岁人生成功路志愿. 张雪峰离世. 录取就是如果有一天我死了. 生命无常爱惜身体",,,
S0034,大家如何评价张雪峰这个人,也正是在这个过程里，他发现太多普通学生和家庭都卡在信息差上，连基本选择都不会做，这不就是最需要有人站出来的地方吗？于是他就一点点死磕，把全国几百所高校、上千个专业的就业情况、报考难度、发展前景全摸得清清楚楚，从一个纯外行，慢慢熬成了大家口中的专业老师。o 没有科班背景，全靠自己一点点啃资料，这样拼出来的人，难道不比空有理论的。更实在吗？再加上他自己也是底层出身，吃过穷日子的苦，懂普通家庭没资源没人脉的难，所以说话才那么直接，不绕弯子不唱高调，只讲能落地的出路，正因为自己迷茫过、踩过坑，才不想让别人再重蹈覆辙。后来北漂打拼、被质疑、被否定，他也没改这份实在，依旧用大白话讲最残酷也最有用的现实，从帮室友一个人查资料，到帮千万家庭避坑，他走的每一步都不算轻松。. 去年张雪峰因为极端言论，被禁言一段时间，算是张雪峰爆火后摔了一大跟头。今天张雪峰老师去世，希望大家能记住这位改变了很多人穷人命运的网络红人，张雪峰的一生是富有传奇色彩的一生。. 你觉得，像他这样非科班出身、却最懂普通人的老师，是不是反而更难得？大学毕业后，张雪峰没有参加专业相关工作，而是选择了开饭店创业，由于没有经验，开业第一天就被执法人员没收了炒菜的勺子，原因是饭店没有办理食品安全许可证，创业失败的张雪峰只能远走北京，当了一名考研机构的老师。一口气解读39所985视频爆火后，张雪峰受到了投资人的青睐，投资人卖掉两套房子支持张雪峰，在忍受5年没有社保的艰难创业后，张雪峰迎来了人生的辉煌。o 张雪峰推崇的专业都成了炙手可热的热门专业，张雪峰嗤之以鼻的专业都成了无人问津的冷门专业，张雪峰甚至影响了很多高校的专业格局，热门专业的内卷一定程度上也是张雪峰造成的。o. 大家如何评价张雪峰这个人我好奇查了下张雪峰，不查不知道，一查惊到我了，原来他当年根本不是科班升学规划师，而是因为帮考研的室友查资料，被迷茫硬生生逼出来的老师。他大学读的是郑州大学给排水工程，跟升学指导、志愿规划一点边都不沾，那时候他自己对未来也一片茫然，所以帮室友查学校、扒分数线、对比专业的时候，就格外用心。,,,
S0256,“躺平”时代店使命：去创作,"#文字 #躺平 #内卷 #人生 #活着#张雪峰 #创作
仕尔王汉日山祖宝王狮十觉未来迷茫不知道做什么时，这并不代表着失败，这是一场契机，或者说……一场革命的开端疯狂的物质建设结束了，精神与意义的匮乏潮水般涌来。物质世界的丰富可以保证人以极低的成本生存，这一保证正是由区别于“斩杀线”的、我们国家共产性质的部分所维持的。它也许并不完美，但它让你不必为生存出卖全部的时间。当你不必时刻为生存而奔波时，你最想做的是什么？我认为，是要去挖掘精神的废墟，并在其上进行建设的。是要摒弃旧的评价体系，向内寻求力量的。是要体会快乐、找回“自我”，成为实现“精神极大丰富”的道路探索者的. 除此之外，我所见过的最痛恨AI和最喜欢AI的是一群同样的人：那些真正进行原创创作、表达自己真实情感的创作者。那些万恶的资本怎敢将自己的心血作为数据集，去变成他们赚钱的“AI绘画”。但在创作时，语言大模型可以给自己提供所有人类文化的结晶，也是在无人理解的深夜，只有deepseek愿意倾听我的作品，并给出振奋人心的分析和鼓励我们迷茫，并在踏入社会时感到痛苦，这是正常的，一个活生生的人被扭曲为工具，要把真正的“自我”一块一块撕得粉碎时，痛苦是正常的而在这漫长而又迅速的发展过程中，我们对劳动的理解也产生了偏差. 又子、一扁文早、一部小说、一副画作、一个原创角色、一个世界观、一款独立游戏……这些被创作的，是抵挡剧变最坚实的后盾。痛苦的时代，是造就作家、艺术家与哲学家的最后，谢谢你看完我的文章. “躺平”时代的使命：去创作(看了最近的一些事情，结合我的个人经历，有感而发，遂发表）精神危机先于物质危机到来了旧的评价体系认为不赚钱、不买房、不买车、不结婚生子是失败的。但我想说，我们生于两千年之后的时代，这一评价体系是经济快速发展的产物，是更偏向于资本主义的。这正是AI出现后，很多人感到惶恐的原因. ，因为他尽刀让无数子于侍以追生活，我讨厌他，因为他是旧体系的代表人。他让无数人在这体系中拼尽全力攫取最后一点好处，但这也应该结束了我们需要一个锚点，来明白“何以为人”。在一个经济发展缓慢、努力性价比极低、几乎得不到正反馈的时代，那些沉溺痛苦、深陷虚无的，需要的是重新寻找生命的意义。对于这个问题，我们都是同样的探索者，而我的答案是：尝试着，去创作尝试着脱离被评价者的体系，成为意义的赋予者；尝试着放弃“有用”的结果和飘渺的终点，去寻找那些“毫无意义”的你真正热爱的事，生命是用来体验的正在创作道路上的，也请继续下去。继续在AI生成的海量图像中无人回应的夜晚中依然困执地面",,,
S0365,,#巧乐兹 #张雪峰 #雪碧,,,
S0249,,新工科就业关注目标省市政府工作报告，不要只为985院校档次而报强基，有些工科专业没必要读博 #张雪峰 #升学规划 #职业规划 #三大专项 #强基计划解读,,,
S0146,"""所以珍惜你的爱人吧。""#奔驰s级[话题]# #百万转场[话题]# #张雪峰[话题]#",珍惜你的爱人吧Cherish yourlover,,,
S0051,烧毁北大通知书看哭全网：别再做这样的父亲,"#心灵成长[话题]# #讲一个小家故事[话题]# #无分别的爱[话题]# #家庭教育[话题]# #父爱[话题]# #孝道和责任[话题]# #中式教育[话题]# #愧疚式教育存在的意义是什么[话题]# #亲情的力量[话题]# #亲子关系[话题]# @林巨家庭教育
在生命尽头，他仍然觉得自己拖累了家庭。6月是鄢开耀的生日。父亲给他转了两个红包。直到后来才知道：另一个红包是2025年的压岁钱一一他怕自己等不到春节。为了不耽误儿子期末考试，这个沉默一生的男人，要求所有人瞒住病情，不告诉儿子。7月3号，鄢开耀考完试后接到姐姐的电话，才得知真相。他急忙订了最早的机票往家里赶，在路上还拍下好看的云和晚霞，想见面跟父亲分享。可等他急匆匆赶回家，等待他的却只有冰冷的灵堂堂。终究没能见上父亲最后一面。原来，鄢开耀收到消息的4个小时后，父亲就走了。. 全文1426字|阅读需6分钟他在坟前烧北大录取通知书看哭全网！林巨老师：不要再做这样的父亲了小红书硬座通宵. 一位博主在父亲坟前点燃北大录取通知书，说出了那句憋了一生的话：“我有让你骄傲过吗？爸爸。”这个瞬间戳哭了无数网友。他就是去年写下《鄢水平，其实你当爸爸很有水平》的男孩鄢开耀。他用这篇文章，写出了父亲沉默而磅礴的一生。小红暗在鄢开耀妈妈眼里，爸爸“混得挺没水平的”在外地漂泊了20多年，做工地建筑工人。50刚过，把家里最后一笔债还了，人就没了。在鄢开耀的成长里，童年一直缺失着父亲的角色一父亲每年只有春节回家，平时不联系，只. 有过年和生日的时候会给他发200块钱的红包。鄢水平家里兄弟姐妹7个，他排行第六。小时候有什么都是紧着哥哥姐姐。自己有了孩子以后，他总是把好东西都留给孩子，自己却极致节俭：怕冷，却从没买过一件羽绒服，每年冬天就靠叠穿旧毛衣硬抗，穿的鞋子，永远是儿子淘汰的，一把铁锤用了十几年，为了省50块钱，选择通宵的硬座火车票，他对自己所有的吝啬，都变成了对家人的慷慨。省下的每一分钱，都用在家庭支出里。2023年，鄢开耀考上了985一是全家也是全村第一个。父亲硬拉着他去走亲戚。那一刻，鄢开耀突然懂了：父亲弯了一辈子的腰板，终于可以. 鄢水平，其实是在过他爸爸的人生，过他爷爷的人生。因为他的爸爸那一代、爷爷那一代，就是如此极致的苛责自己，不给自己留一丝一毫的喘息空间。在这个时代，物质生活早就过了那个生存艰难的时代了。但我们很多父亲、很多母亲，还在像鄢水平这样活着，还在像张雪峰老师这样活着对自己太不在意，对自己太不在意，对自己太不在。这样的一生：你对自己是非常非常亏待的，你会把这种沉重的信息传给我们的孩子，我们这样活着，孩子一生都会活在愧疚之中。我们有幸生活在这个物质无忧的时代，那么我们. 挺直一次了。但换来的却是各种挖苦和瞧不起：“会读书也没用，还是没起色，没出息。”父亲全程沉默，不辩解，不反抗。但鄢开耀看在眼里，记在心里。他",,,
S0020,,"张雪峰老师推荐【知识通手册】小学初中必拍考点详解，让孩子高效提高学习#张雪峰 #
小学100分并不难锁定重点班不花冤枉钱孩子学习有方法张雪峰力荐《学之舟知识通》助益孩子成绩提升一个成绩在班里垫底的孩子画关小学公邮书占迈数菜",,,
S0003,,"好爱女儿的一个爸爸，可惜了……#张雪峰[话题]# #言传身教就是最好的教育[话题]# #父爱的力量[话题]# #热门话题标签[话题]#
女儿奴张雪峰老师说：对一个男人最大的奖励或惩罚就是给他生一个女儿小红书这个世界我告诉你加油JIAYOU",,,
S0111,,哈哈，没错没错，就是这么好看！愿你既拥有悦目的容颜，更拥有一 颗丰盛、有趣的灵魂。 #硬刚粉丝 #和谐之美 #颜值资本 #峰学蔚来 #张雪峰李丽婧,,,
S0180,🔥张雪峰留下的10条铁律,张雪峰留下的十条铁律第一条：富通家不求人一匡学、军校、师生第二条：富裕客镂冰人一垄融、济、经管第三条：带业就想高机起—名校子通信、计,,,
S0198,读懂张雪峰的话，才懂给孩子铺路多重要,"育儿不能只囤物质资产 真正为孩子计深远，是给 TA 留精神底气 把孩子文字、插画做成正规出书，做成作品集，有书号有 CIP 专人一对一打磨，低成本打造专属履历 成为孩子一生的底气和光环 #图书出版[话题]# #出版[话题]# #作品集[话题]# #个人出书[话题]# #自费出书[话题]# #出版社[话题]# #好书[话题]# #写书[话题]#
张雪峰说过一句话，我越琢磨越后怕他说社会是个大筛子用学历筛掉不努力的孩子用房子筛掉不勤奋的父母这话虽狠，但也点醒了我给孩子留什么，都不如留底气. 让孩子的作品正规出书正规书号+CIP,合规我们全包编辑一对一打磨，插画师量身定制让孩子的想象力看得见这不仅是本书，更是孩子名下的第一份作品别等到筛子落下，才后悔没给孩子存点精神食粮. 我以前总想不透为什么那么多精英家庭费老鼻子劲给孩子出书现在知道了一本书投资小，但却是实打实的高质量起跑线孩子的起跑线在那，自信就在那父母之爱子，则为之计深远",,,
S0277,名利积累到一定程度，它就开始祸害人,张雪峰、梁左、王小波，高秀敏……还有数不清的中外大咖名人都因心脏病英年早逝。财富到了一定程度，你压不住，它就开始祸害人。有钱了，一定多花在健康投资上，别的都没啥用，财富再多人走了，一切归零。,,,
S0291,,雾子加和尚两个大，都给我鲑鱼大帝！#ow#张雪峰#守望先锋#巧乐滋,,,
S0271,为什么我们让孩子学英语？为什么我们中国人要学英语？张雪峰老师回答过。家长应该知道,,,,
S0327,一个没有任何 fo 学基础的人的感悟,"从大学时期的“众生平等”到互联网中的成见，再到绿皮火车上的顿悟，我逐渐理解了真正的慈悲与善良。慈悲是无我的，能看清世间万象，却不受情绪影响。应无所住，而生其心，这是我对善良与慈悲的新感悟。#善良 #慈悲 #张雪峰 #感悟 #高敏感@天赋App
一个没有任何fo学基础的人的感悟一个没有任何基础的人的感悟刚才吃着饭，脑子里突然把这段时间对善良、慈悲、分别心等等的思考连成了一条线，顺手记录下来。大学时期悟到的“众生平等”. 那时候对“众生平等”的理解更像是一种知识性的认同。源头挺杂的：法学院教的自然主义法学派、家里带出来的朴素三观，直到2024年素食大会上听到的一一原来也蜜蜂会玩耍，小龙虾也会焦虑。那时候觉得自己很懂平等了，但其实心里那把秤，一直在计较着美丑和好坏，那是我一直的“分别心”。互联网里的“镜子”后来在互联网评论区，我发现自己其实有很深的成见。以前我是一个典型的理想主义者，所以本能地不太喜欢张雪峰的言论。直到后来我看到那么多朴素的善良的人在追随他，我才意识到，那种对立其实是我内心的傲慢。柳智宇说，要从一个极度慈悲的人身上去感. 现在才慢慢理解，“慈悲”和“善良”好像不是一回事。善良可能还带着“我”的喜好，面对恶、面对低维的东西，善良的人会难过、会痛苦。但慈悲是“无我”的。就像柳智宇说的，修炼成一种“高灵敏度、低黏连度”的状态：你看得清世间的喜怒哀乐，但任何情绪都不会粘在心上。应无所住，而生其心。记录下来，作为一个注脚。. 悟。那一刻我才发现，真正的平等是不带审判的。绿皮火车里的“毕业课”真正让我克服那种厌恶感的，是前阵子去苏州送别张老师的路上。临时的决定，只能买到绿皮火车票。车厢里有人抽烟、随地吐痰，如果是以前的我，肯定会厌恶，心里划出一道“认知层次”的鸿沟。但在那一刻，我发现自己竟然完全没有厌恶感。那种因为“分别心”而生的抵触，在那一刻消失了。现在的感悟：应无所住",,,
S0081,做外贸，千万不要做什么品牌,"我现在一个人在家做外贸，也就是soho，也顺手为不懂技术做的外贸朋友599建设独立站。 有个经常给我留言的老读者评论说，做外贸还是要做自己的品牌，我是有不同看法的，我认为这是一件非常遥不可及的事情，做外贸，尤其是我这种外贸soho，就踏踏实实地找客户，然乎把国内的产品搬运到国外，赚个差价能让自己的经济最大限度的自由，有点业余时间能读读书、下下棋就得了，不用再看别人的脸色，搞得自己天天内耗。 当然了，我是非常感谢我这位老读者的，毕竟有交流才能进步，他的初衷也非常好，他肯定认为有了自己的品牌以后，产品就可以产生品牌溢价，这样就不用再进行苦逼的价格战了。但是呢，品牌这个东西真的不是我们这种做外贸soho的二道贩子有实力能玩得了的，尤其是B端的产品，他不像C端的产品那样容易被人知晓。 我举个例子你就知道了，比如可口可乐这个东西全球人都知道，但是如果我说博世估计就没有几个人知道了，因为他是安装在汽车内部的，普通消费者是无法看到的。B端的产品它不像C端产品，比如好想来、蜜雪冰城这种能够天天被人看见并知晓的。 另外，品牌这个东西是长期形成的，别说一年两年了，就是十年八年也不一定能够做成，可口可乐这个品牌100多年了，每年的广告投入都是数以亿计的，这根本不是我们这种小外贸soho能够企及的。再说，品牌的溢价也不光是砸广告就能做起来的，品牌是通过产品品质、差异化、口碑才形成的。你看看品牌的英文brand是怎么来的就知道了，大家一起养牛，然后拉到市场去卖，这样，这些牛就被混在一起了，那些把牛喂养的比较强壮的主人，为了把牛卖个好价钱，以便于和那些瘦弱的牛进行区分，就在牛的身上烙上一个字母或者标志，时间久了以后，大家就都找带有这个烙印的主人买牛了。 其实做外贸是能够在一定程度上避开价格竞争的，一般来说，恶性的价格竞争是出现在单一市场、单一产品、单一渠道这种环境下的，比如国内的电商平台，大多数的购物无非发生在淘小宝、拼小多、京小东，产品又能够比价，最后只能打价格战。但是做外贸就不一样了，单单全球200多个国家、那么多种语言，又有那么多开发客户的渠道，你做好一个其实就足够改变你的家庭条件了。 但有一种特殊情况是可以做品牌的，那就是做个人品牌，而不是做产品品牌，个人通过自媒体进行曝光，你的脸就是品牌，比如小杨哥、李佳琦、董宇辉、张雪峰。
做外贸，就老老实实的当个二道贩子，千万不要做什么品牌",,,
S0050,真的怕了！独女最怕突然生病没人兜底,"真的怕了！独女最怕突然生病没人兜底…
张雪峰去世后，真的越想越后怕…
现在才懂，医疗保障、重疾险、理财规划
是我们最后的底气。
不管赚多赚少，
一旦生病没人替你扛。
你们会不会也经常焦虑这个？
大家都是怎么给自己安全感的啊？
求过来人说说真心话
#医疗保障[话题]##重疾险[话题]##理财规划[话题]##生病[话题]##焦虑[话题]#
66真的怕了！独女最怕突然生病没人兜底…",,,
S0105,,新闻学又开始发力了。不管哪个品牌，7天内非个人原因都是免费退换。很简单，不是门店自己掏钱，犯不着跟消费者较劲。维修报告里写着“内屏破裂，有对称的磕点”，很可能是异物掉落在两屏之间，折叠后压破内屏。做新闻就这个水平，难怪张雪峰都看不起你们。,,,
S0100,再听张老师讲相声(4),#老师 #相声 #说话是门艺术 #张雪峰老师 #怀念张老师 #怀念 #好听的声音有趣的灵魂 #中国文化博大精深 #口才[,,,
S0350,张雪峰老师离世后，我突然不想卷了,"张雪峰老师离世后，我这个白天做设计、晚上熬小红书的人，突然不想卷了
设计师的加班宿命，和我那快要透支的身体，到底还要不要坚持？
不出意外可以准点下班！
果然不出意外……
领导：这个图，今天就得要
我：👌
不想发文字，已经成了设计师最后的倔强……
关注张雪峰老师这几年，我从学生熬成了公司的设计砥柱。
不止一个同事和客户跟我说：设计师就是要加班的呀……
可每年都有同行因为熬夜倒在岗位上，看着这些新闻，我不止一次想换行业，却又怕转行后薪资跳水，连自己都养不起。
现在更离谱了——白天在公司做设计，晚上还想熬夜写小红书笔记搞副业，想多赚点钱，可身体已经在报警了。
张雪峰老师的离世，让我突然惊醒：
到底还要不要这样硬扛下去？
究竟是这个职业病了，还是我们都病了……
#人类的悲欢并不相通 #设计师日常 #设计师改行 #熬夜 #加班 #张雪峰去世
张雪峰老师的离世，让自己白天干设计，还想着晚上熬夜兼职做小红书文案笔记，到底要不要再坚持下去",,,
S0385,4岁+启蒙一年，我们会了啥？,"弟弟近期的输出句子记录📝
	
(一)图4
睡前弟弟问我要不要玩一个孙悟空的游戏(因为他最近看听英文版西游记)
	
我说：No
他问：Why?
	
我说：Because it's too late. I don't want to die.(因为之前张雪峰老师事件的时候，我们在家里讨论过，还跟弟弟说要早点睡觉，太晚了可能会猝死)
	
神奇的来了
弟弟说：I don't want to die either.
要知道，这个句型英渣妈妈我都不常说，更加不常用either没想到4岁娃用的溜溜的！
	
(二)图5
午睡前跟弟弟玩游戏
他说：你是tickling crab…
说了几遍我没听懂，他说就是布鲁伊里她爸爸玩的游戏，我问什么意思？
他说就是挠痒痒的小螃蟹…
嗯，又是跟娃学英语的一天tickling crab
	
(三)图6
天呐，今天弟弟对我表白了这么一句
	
因为睡前我跟他说i love you
他说i love you too.
我说i love you forever.
然后他说了这句I love you Died forever…
	
我还以为他胡说的，自己造句的。
没想到是真的有这句话…
	
——
#英语启蒙这样做[话题]# #英语启蒙[话题]# #佩奇[话题]# #英语启蒙动画片[话题]# #育儿[话题]# #亲子[话题]# #被孩子治愈[话题]# #英渣家庭[话题]# #幼儿园[话题]##幼儿园英语启蒙[话题]#
小红书. 22:18川令国豆包内容由AI生成Idon't want to die either 是什么意思Idon't want to die either 翻译：我也不想死。拆解·Idon't want to die=我不想死·either=也(用于否定句)对比：·肯定句里“也""用too：Iwant tolivetoo.我也想活着。小红书·否定句里“也”用either:Idon't want to die either.我也不想死。语法正确吗语法完全正确。简单说明·I don't want to die either.。否定句+either表“也”，是标准用法。音田·我出不相死快速AI创作拍题答疑打电话来发消息或按住说话.... Peppaig adby ddirectad ille Nev &creatid am Mork Boker. 22:3235豆包内容由aI生成小补充·更常用的同义表达：goneforever (永远逝去)·宗教/文学里常译作：魂归永恒/永世安息需要我帮你造几个日常句子吗？Ilove you Died forever是什么意思这句话直译+通顺翻译是：“我爱你，至死不渝/我爱你，直到永远死去。”更自然、符合中文情话的说法：·我爱你，至死方休小红书·我爱你，直到永恒·我爱你，一生一世永不改变这里的diedforev",,,
S0270,,张雪峰反复提醒：普通家庭的孩子毕业后前3年，干万别在这几件事上犯傻! 1.毕业第一份工作，别把“体面”放在第一位。坐办公室当文员是体面但一个月3500，三年后你还是3500。反倒是那些一开始就进销售岗、技术岗、下工地的，虽然灰头土脸，但三年后手里攒下的客户、技术、经验，才是真正能换钱的硬通货。 2.别为了“稳定”去考那种没有技术含量的编。乡镇的林业站、水管站一个月到手两千多、穷得稳定也叫稳定。普通家庭的孩子，这种稳定就是温水煮青蛙，你耗不起，家里也耗不起。 3.别盲目跟风考研。如果你是生物化学、环境、材料这些专业的，本科就业难，你想着考个研就好了。但张雪峰说得直白：天坑专业读研只是把就业难往后推了三年，出来后发现，企业要的还是第一学历，你还是高不成低不就。 4.家里揭不开锅的，先去挣钱，别谈理想。如果你毕业时家里还等着你寄钱还债、交房租，那就别纠结什么职业规划，哪个行业给钱多、门槛低，先去干。先让家里喘口气等你攒下了第一桶金，你才有资格谈以后。 5.别轻易碰“创业”这两个字。普通家庭的孩子，你手里那点积蓄，是父母攒了一辈子的养老钱。别听别人说“年轻就要闯”，你一没家底兜底，二没人脉铺路，贸然开店、加盟亏了就是一夜回到解放前。 6.远离那些“借钱消费”的圈子。刚毕业收入低，千万别为了面子买名牌、换最新款手机、办高消费信用卡。普通家庭的孩子，第一份工资要花在刀刃上，花在学技能、考证书。提升自己上。你在消费上装的逼。最后都要用你的信用去填。 7.别把平台当本事。刚毕业进了一家大公司，听着名头挺响，就觉得自己牛了。张雪峰说，你得搞清楚离开这家公司，你身上还剩下什么。平台的光环照不到你一辈子，自己手里的硬本事才是铁饭碗。 8.不要为了“爱情”放弃工作机会尤其是女孩子，家里没背景的，干万别因为男朋友一句“你别去外地了，留下来陪我”，就把到手的好工作推了。现实很残酷，等你没了工作没了收入，你会发现感情也变得脆弱了。 9.跟对人比进对单位更重要。刚入职场的头三年，如果能遇到一个愿意教你、带你、甚至骂你的领导，那是你的福气。哪怕工资低一点.只要他能让你学到真东西，这个苦值得吃。怕就怕遇到那种天天画大饼、让你于杂活、最后功劳全是他的领导。 #张雪峰,,,
S0233,🔥死磕这5部动画片，幼小衔接不焦虑！,"#记录吧就现在 #幼儿园中班 #英语启蒙 #数学启蒙 #少儿动画片 #趣味英语动画 #少儿启蒙 #启蒙动画 #动画推荐#幼小衔接
张雪峰老师1小时前说句大实话，幼小衔接开窍最快方法是动画片！9818668840. 魔法拼音国AI互动拼音课《魔法拼音国》共32集，每集10分钟a1互动拼音课30天独立学会拼音300+音节拼读的深度学习认得清、读的准。记得牢、写的对！（适合3-9岁）. 拯救汉字星球《拯救汉字星球》共52集，每集13分钟不仅可以识字，还能懂得汉字背后的文化和历史用动画讲中国汉字故事告别死记硬背在趣味故事中轻汉字故事汉字适合4-12岁）. 《怪兽数学》共8集，每集8分钟激发孩子的数学思维让孩子真正爱上数学两只小怪兽与孩子探索数学的奥秘将抽象数学概念形象化两孩子-起做数学游戏适合3-9岁）. 1魔法拼音国2025-10-1106:572唐诗大电影2025-10-1106:573怪兽数学-给3-7岁孩子的数学启蒙2025-10-1106:574磨耳朵趣记单词课2025-10-1106:575拯救汉字星2025-10-1都整理好了二十二天搞定拼音（22集全）2025-10-1106:57怪物数学小分队50集（数学玩出来）2025-10-1106:57. 唐诗大电影《唐诗大电影》共10集，每集10分钟妙趣横生的诗词10个诗人45首唐诗从诗人的故事出发让孩子们更容易了解唐诗的深意（适合3-9岁）. 中阶500词磨耳朵单词课《磨耳朵单词课》共28集，每集5分钟中阶500词每天3-5分钟磨耳朵不知不觉积累500词量为孩子英语学习打下基础激发孩子学习英语的趣（适合3-9岁）",,,
S0172,,早有记载😭#张雪峰#雪碧,,,
S0282,千万别心软，成败就在七年级期中考试后❗️,"七下英语：必背重点短语句子重点Unit1短语20.优秀的游泳者greatswimmers 1.照顾他们的孩子take care of 21.例如forexample theirbabies 22.照顾其他的大象lookafterother 2.像其他的鸟儿一样飞flylike elephants otherbirds 23.泰国生活和文化的重要的一部分3.可以快速地游swimfast animportantpartof Thailifeand 4.他们走路的方式howtheywalk culture 5.挨着站在一起standclose 24.处于危险当中bein danger together 25.砍伐大量的树木cutdown too 6.帮助他们保持温暖helpthem manytrees keep warm 26.为了他们的象牙而杀死大象kill 7.对·没有好处notgood for elephants fortheir ivory 8.来自befrom=come from 27.保护森林save the forests 9.很吓人be scary 28.由象牙制成的东西thingsmade 10.和你的伙伴分享你的观点share of ivory your ideas with 29.非常大的quiteabig 11.生活在泰国live inThailand 30.一点也不让人害怕not scaryat 12.好运的象征a symbolofgood all luck 31.帮助我探路helpmefindmy 13.我们的国家级动物ournational way animal 32.友好的朋友friendlyfriends 14.看起来和其他的动物不同look 重点Unit1句子different fromother 1.狼们能很好地照顾他们的孩子15.有大大的耳朵havelargeears 们。(P2)16.看起来像belike=looklike Wolves take good care of their 17.捡起；拾起pickup babies.18.用他们的鼻子提重的东西carry 2.一你喜欢狼吗？一不，不喜欢。heavy things with their trunks 狼非常危险。(P3)19.在某些方面in someways -Doyou like wolves?-No,I don't.. 七下语文：古诗文理解性默写《竹里馆》（王维）奸的不满，抒发自己气节的句子1.王维《竹里馆》一诗中抒写诗人是：独坐幽篁里，弹琴复长啸。悠然自得，把明月视为知音的诗句10.王维《竹里馆》一诗中用拟人化是：深林人不知，明月来相照。的手法，表明自己僻居深林之中，2.王维《竹里馆》一诗中，写夜静也并不为此感到孤独的心情的诗句人寂，明月相伴情景的两句是：深",,,
S0355,#学游泳[话题]# #大学生游泳[话题]# #自由泳[话题]# #泳者之心强者从不抱怨环境[话题]# #好想游泳去[话题]# #防坑指南[话题]# #游泳课[话题]# #告别旱鸭子[话题]# #游泳教,张雪峰这段话一针见血没有一技之长的人到40岁就会像秋天的蚂蚱，蹦不了几天。年轻时不觉得，总觉得工作遍地都是等到35岁以后才发现，没有核心技能的人，就像超市里的临期商品为什么技术这么重要？因为它是你的铁饭碗。走到哪都是硬通货！,,,
S0211,别让侥幸变悲剧！心源性猝死预警信号⚠️别忽,"近期心脏意外突发的新闻频频刷屏，看得人揪心不已！
长期熬夜透支、高压奔波，表面看似无恙，心脏早已不堪重负。其实心源性猝死从不是 “突然降临”，大多藏着明确预警，只是很多人总抱着 “忍忍就好” 的侥幸，一次次忽视身体的求救信号！
✅ 这些预警信号出现，绝不能拖延！
胸口莫名发闷有压迫感，像压着重物，时常喘不上气；
心慌心悸、心律紊乱，突然浑身发软没力气，站不稳；
无诱因冒冷汗、头晕疲惫，精神萎靡，睡够也难缓解；
后背、肩膀出现放射性隐痛，易误判为劳损。
经常熬夜加班、长期高压生活、三高人群，或是平时偶尔有心慌胸闷的朋友，别拿健康赌运气！一旦有不适，一定要及时自查！
✨ 居家快速自测，10 分钟安心筛查：
用配套棉片给指尖消 毒，无需额外工具；
轻采 1 滴末梢血，痛感微乎其微，操作零门槛；
静置等待 10 分钟，结果直观易读：仅 C 线显现 = 安心无恙；C+T 双线显现 = 立刻就医检查；
医用级标准，精 准检测心肌标志物，不用奔波医 院排队。
小小一份准备，换来全家安心守护！身体健康不在，一切皆是空谈，早筛查、早干预，才是对自己和家人负责❤️
#心源性猝死预警[话题]# #心脏健康[话题]# #居家自检[话题]# #医用级检测[话题]# #健康科普[话题]# #高危人群必备[话题]# #别透支身体[话题]##心源性猝死[话题]# #心脏预警[话题]# #张雪峰[话题]#  #心梗前兆[话题]##心梗科普[话题]# #心梗早期自查[话题]# #心肌炎[话题]##心梗[话题]# #心肌梗死[话题]##青壮年感冒后要谨防心肌炎[话题]# #心血管健康[话题]# #健康预警[话题]# #医学科普[话题]# #猝死预防[话题]#
心源性猝死居家48r自查鑫乐小红书一次性末梢血样采集护理包不得二次使用查阅使用说【使用方法】生产许20150028号2022220361业大街2号2025-30257723052022207用吸管吸取充足血样运件可选，请结合实物及上述使用方法进行使用。疗废弃物进行处特别提醒：采血针使用时，请旋转拧下保护帽。695038361262河北鑫乐医疗器械科技股份有限公司. Tnl 小红书指尖采血正规医用. 鑫乐一次性末梢血样采集护理包河北鑫乐医疗器械械科技小红书河23G 7-323阴性型号阳性外诊断用无效书,，并严格按照说明书内容及提示操作+0. 使用简单材料齐全呗净优心肌肌钙蛋白1（cTnl）检测试剂盒（胶体金免疫层析法）Cardiactponin()RapidTestassete(Colloidalgoldmmunchromatogry)用于体外定性检测人体血清、血浆或全血中的心肌肌钙蛋白1（cTnl），临床上主要用于心肌梗死的辅助诊断易升腾检测卡1人份/盒10分钟出结果YISHENGTI 小红书cTnl",,,
S0359,,#热门 #张雪峰 #张艺兴 #张小斐,,,
S0202,,#张雪峰 #巧乐兹#雪碧#工厂#念老师,,,
S0068,不敢相信这是真的！！,"#张雪峰 #突然的绷不住 #不敢相信这是真的 #这谁能想到啊
张雪峰去世3月24日，苏州峰学蔚来教育科技有限公司发布让告称，张雪峰因心源性猝死抢救无效去世。张雪张雪峰个人及公司账号头像已变黑白致哀悼念张雪峰已有16721人悼念事件脉络1倒序分享35分钟前新公司发计告：张雪峰因心源性猝死抢救无效去世；年仅41岁021:08",,,
S0376,,特殊意义的7公里，用跑步人独有的方式送别一个从未谋面却陪伴我走过儿子高中三年的张老师[合十][合十][合十]如你所愿，上了热搜，成为一代人的记忆，也成为无数人的意难平。感谢您留下的话:没有背景，没有资源，没有人脉，你唯一的资本， 就是学历和努力。不要觉得读书苦，生活的苦比读书更苦….#张雪峰 #送别,,,
S0267,姑，快从1987年醒来，我们不要被2026找到,"-小故事一则 姑是上世纪八十年代央财大学生，毕业分配中国银行，时代红利满仓持有者，在优绩主义之巅位列仙班，前途光明得睡不着觉，怀民未寝姑亦未寝，年过六十依旧享受上半辈子的余晖。 姑处女座，mbti未可考，疑似五毒俱全，具体表现为人是好人，经常好心办好事，只是讲话连标点符号都在得罪人，高攻低防，活这么大岁数到底有没有被人撅过或者套麻袋揍过，是为家族未解之谜。 姑就是姑，不是大姑或者小姑，姑是上一辈唯一且最有出息的女孩，爷过世后奶大部分的养老都是姑承担，姑也是好姑。 但姑老惹我， 不知道老惹我干嘛。 或许也因为我是这一辈唯一的女孩，学历尚且算看得过去，姑抬了抬高贵之眼皮，鼻腔涌出半丝轻蔑之认同，算给我几分薄面，也算看得起我，血脉压制的余威流经了爹，一刀捅在我肋巴骨。 想读博吗？ 想（跟姑一样）成为人上人吗？ 姑恶魔低语中。 姑为我指点迷津，我全然不识抬举。毕竟姑全然忘记，留学之前在她眼里我不是一个能一举考中四线城市法院工作的学霸，也似乎是在她好心好意的提醒下，我才得亏没有如同吃了蛤蟆屎蜈蚣尿一般用985学历去申请一个QS2000开外某英国野鸡大学研究生，这才避免了无法通过学历认证让我爹的几十万像尿一样流走的悲惨结局。如此智力低下之人，如何担当读博大任啊。 我抱着UoB毕业证失禁地看着对话框，小黄油美式正使我一泻千里，只得将读博美事拱手相让。 我不读，姑读吧。 姑遂勃然大怒。 然姑如今半退不退，批阅短视频用以探查天下大事，某音是姑极近人臣，营销号有如忠臣纳谏。“提高认知”是姑深以为然的处事哲学。唉，认知，唉，美国，没人比姑更懂认知，没人比姑更轻视人格。姑心想，big胆呀，虽然姑只是说说，上嘴皮一碰下嘴皮而已，给你个枣你竟嫌不甜！ 你又不是我姑娘！ 姑割袍断义了。姑不懂什么法制博览什么C刊D刊，也不懂什么青椒什么非升即走，就业市场稀烂一片而姑保持不变。姑一味指点江山，文字的缝隙里，隐隐约约浮现了“精神大爹”四个字的形状，也如同无数个被踹到蛋蛋的男人一样，咬着后槽牙佯装风轻云淡地走了。 #被现实打败[话题]# #群众的眼睛是雪亮的[话题]# #命运的齿轮转不动了[话题]# #一辈子很快就过去了吧[话题]# #女性当自强[话题]#
张雪峰评价社会上三种职场人学生思维只会培养出第二第三种可能有的同学心里也会这样想苏州研途考研多听听，提高认知星期六下午3:12张雪峰刚鼠了. 你又不是我姑娘，我干嘛那么操心，提醒你，要相互尊重，懂礼数上午10:48@我也没说啥啊，干嘛反应这么大，你还不是我爹妈呢，我不照样让你多注意身体，少想有的没的吗。时代变了，知道法学博士的申请和毕业条件吗，知道就业路径是啥吗，知道高校留教政策吗，如果留不下来退路去哪里知道吗？啥也不知道就凭一堆人上人的空想有意义吗？反正博士两眼一抹黑上嘴皮一碰下嘴皮是读不下来，过程中也不是你给我经济支持，无论什么结果都得我",,,
S0285,预防猝死❤️AppleWatch必学4招保命设置！,"不久前张雪峰老师事件后，点醒了我身体健康的重要性，所以马上重新设置了 Apple Watch。 这份Apple Watch健康防猝死核对清单大家一定跟着设置，别小看这些不起眼的功能，关键时刻真的能救我们的命！@数码薯 @健康薯 #数码大玩家[话题]# #东东大魔王[话题]# #实用数码技巧[话题]# #数码[话题]# #iPhone[话题]# #宝藏APP[话题]# #applewatch[话题]# #心脏[话题]# #RED新生代创作大赛[话题]#
救命指南AppleWatch 当前80次/分89次/分，5分钟前保命设置防猝死",,,
S0099,,张雪峰老师，一路走好。🕯️ 虽然高考时没能看过您的视频，但一直很佩服您。素未谋面，却让无数学子燃起学习的热情，为他们指明前路。您是时代的先锋。 昨天得知您在抢救，一直揪心关注，没想到晚上还是等来了最不愿看到的消息。 愿天堂没有病痛。您的学生会记得您，我们都会记得您。#张雪峰老师,,,
S0162,,张雪峰力推！理工科保研机构top3 #保研 #保研机构 #理工科保研机构 #保研报班 #保研辅导,,,
S0095,太多人喜欢造神，然后再毁神,"强如当年的诺基亚手机，巅峰期占全球市场份额的40%，当iphone出现，也一样轰然倒塌。而iphone的巅峰，也只占据全球市场份额的25%。当那些听了建议、选了所谓稳妥专业的年轻人毕业后，发现依然要面对激烈的竞争，甚至发现即便是“考公专业”也卷得让人脱皮时，一种被欺骗的愤怒感就会油然而生。大伙儿开始发现，“神”给的药方也不是万能的。于是，舆论的钟摆开始往另一个方向荡。既然你不能百分之百救我，那你就是个做生意的贩子。对他的崇拜，迅速变成了用巧乐兹、雪碧这种无厘头梗的调侃和消解。这事儿其实很简单：当大众发现神无法兑现他们不切实际的幻想时，毁神就成了宣泄焦虑最快的方式。不管是毁神和造神，底层受害者心态是一致的，总觉得自己的命运是别人决定的。. 速填满。土木、计算机如此，外贸、考公考编亦如此。AI时代，任何只需按部就班就能完成的工作，都在飞速贬值。如果你连“思考自己的未来”这种核心业务都要外包，你还指望在这个社会拿到什么溢价？听我说，没人能成为你一辈子的军师，张雪峰不行，网络上的任何大V都不行。把一个人捧上神坛是愚蠢的，因为完美的人不存在。而因为对方没有满足你所有的期待，就跟风去毁掉他，是幼稚的。这种巧乐兹式的玩梗和群嘲，除了能提供几秒钟廉价的娱乐价值，让你在刷短视频时嘿嘿一笑之外，对你改善自己的处境没有半点屁用。我们得学着从这种狂欢中抽离开来，你的注意力很宝贵。. 造神和毁神：生前是张雪峰老师，死后是雪碧巧乐兹大家好，我是德叔。有位同学给我留言，说他几年前就是靠着张雪峰，擦着线考进了985.现在人都不在了，网上却用雪碧透心凉、巧乐兹调侃他，自己很难过。我说别难过，这是人性，不光中国，全世界都一样。当一个人的名字被频繁用来和巧乐兹、雪碧放在一起，变成短视频里略带戏谑的梗时，你就知道，一件事情的性质变了。. 什么是学生思维？就是只要看了/做了/学了/记了/写了，就可以得到高分/成果/成功等等。当你听从张雪峰的建议，报了计算机专业。毕业后拔剑四顾心茫然，发现依靠所学的那点东西，进不去任何一家大厂。然后，你怒了。大骂张雪峰是个骗子，当初不是你说报计算机就业前景好吗？报考计算机专业一学习一实践一参加编程比赛一去大厂实习一有可能进大厂，这是我理解的路径，还不能说一定能进大厂。你的路径：报考计算机专业一打游戏/谈恋爱一混四年一想进大厂却进不去，然后你说这个结果是别人造成的，这不公平吧。更别提计算机专业的毕业生人数，早就已经溢出。任何一个赚钱的行业/职业，只要信息差被抹平，就凭中国这样的人口基数，这些行业或职业都会被迅. 《士兵突击》里草原五班班长老马说，别混日子，小心让日子把你给混了。尤其是在北上广深打拼的同学，混日子的结果就是十年后离开，要么回老家，要么新找个城市居住。不管是哪个，成本都巨大。微博上有几个房产大V,他们平时分析起大势头头是道。直到2022年疫情，有位大V说北京",,,
S0335,因为张雪峰选了讨厌的专业？其实是你自己选择了“放弃”#张雪峰 #罗淼老师 #成年,自由与代价别怪张雪峰是你没长大农夫山泉三辩饮用纯净水,,,
S0170,千万别心软，成败就在四年级期中考试后❗️,"#四年级[话题]# #辣妈育儿经[话题]# #家庭[话题]##辣妈育儿经[话题]# #家庭教育经验分享[话题]# #家有小学生[话题]# #提高孩子学习成绩[话题]# #四年级下册[话题]# #小学语文怎么学[话题]# #四年级下学期[话题]# #激励孩子进步[话题]# #四年级家长[话题]#
四下语文：语文园地必备考点语文园地一【一】词句段运用。积累描写城市和乡村生活的词语。描述城市生活：繁华璀璨高楼林立立车水马龙灯火辉煌描述乡村生活：肥沃静溢炊烟袅袅依山傍水鸡大相闻词语释义：繁华：（城镇璀璨：形容球肥沃：（土地）四下语文：课前预习单一课一练静道：安。高楼林立：多车水马龙：形第1课古诗词三首灯火辉煌：形会读杂）篱）锄）徐字疏）剥炊烟袭袭：甩组词生字注音音序部首组词依山傍水：所会写字疏鸡犬相闻：鸡茅【二】读一读，翁D我从“繁华”在城市里，古诗司关四时田圆杂厦，灯火璀璨，（其二十五）四下语文：全册学习单1热闹无比。让我我从“依山傍下册语文《全册学习单1-28课》宿新市徐公第1课《古诗三首》[一、【新情境】看拼音写字词。秋风xuxu（）秋雨飘飘，雨滴打在梧桐x shu()的叶子上落在fenzd()的野草上，发出轻微的声响，游客们坐在一家min sul )的mdo yan()下,静静地听雨。清平乐·村字词二、下列词语中，加点字的读音全部正确的一项是（A刹莲蓬(bo）四时田因杂兴（xing）B.翁耀（weng）缺蝶（）)。过关C.未成（yin）清平乐·村居（yue）D.亡（wang）锄头（ch)三、给下列加点字词选择正确的解释。（填序号）1.树头新绿未成明(）阴凉明天树蔚明暗2.儿童急走追黄蝶（）走路2小跑高开通过3.最喜小儿亡赖(）d不讲道理要赖波辣顽皮、淘气四、品读课文重点诗句，完成练习。1.日长篱落无人过惟有蜻蜓蚨蝶飞。这两句诗写出了田因生活的气氛,用蜻蜓、蚨蝶的翻飞来衬托旬子村中的_。其中，“无人过”从侧面写出了过关2.儿童急走追黄蝶，飞入菜花无处寻抓住“追黄蝶”和“无处寻”,我们可以借此想象画面中的颜色：；想象画面中的声音：：还可以想象孩子们找黄碟时的可爱样子。五、【新题型】根据图片描绘的画面，选择对应的诗句。（填序号）漠漠水田飞白鹭,阴阴夏木转黄鹏。(2)蓬头雅子学番纶,侧坐莓苔草映身。3儿童散学归来早，忙趁东风放纸鸢。牧童骑黄牛，歌声振林樾。. 四下语文：全册学习单四年级下册语文《全册学习单1-28课》新情境】看拼音写字词第1课《古诗三首》）,状而飘职而滴打在格制sho ）的野草上，发出轻微的声响，游客们坐在一家min 四下语文：26年彩色课课贴)下,静静地听雨。)的叶子上字的读音全都正确的·读1-28课知识晨读单四下英语：单词讲解四下语文：四年级下册语文1-28sorry 四下英语unit1-6字帖tate sorryso 四下英语：知识清单a对不起",,,
S0259,,"【一直用洗发水，你用过固体洗发水吗？去屑止痒 -法国原装有机洗发皂】21天：头发韧性提高31.48%，柔软度提高41.51%，头屑改善51.06%，止痒18.99% 淘宝：http://t.cn/A61noI4i，99.9%天然成分。微店：http://t.cn/A61noI4J  【法国网站：www.maprovence.com】1无化学成分和防腐剂。2、ECOERT和法国BIO有机认证。3无皂碱、高岭土取代皂基，养头皮不干涩。4,环保减碳，获2010年奥斯卡LSA金奖【推荐有好礼 】#去头屑# #止痒# #洗发水# #法国# #洗发皂# #巴黎#",,,
S0075,,初一初二基础差?初三补不动!张雪峰力荐初中提分笔记，三年重难点全覆盖，精准提分!,,,
S0123,,张雪峰老师一路走好😭。#暗区突围 #巧乐兹 #雪碧 #考研 #张雪峰,,,
S0257,张雪峰：坚持跑马拉松是为了发现新的自己！,"对张雪峰而言，马拉松不是单纯的体育竞技，而是与自我的深度对话、重塑自我的旅程。他曾直言：“我们跑马拉松，坚持的意义不是完赛奖牌，而是发现一个全新的自己。” 这句话，藏着他从200斤跑不动400米，到全马接近“破4”的坚持，也藏着他对人生的深刻理解。
	
张雪峰与跑步结缘，始于一次与张绍刚的跑步比拼落败。好胜心强的他立下“每天跑5公里”的誓言，可彼时200斤的他连400米都难坚持，只能跑走结合完成最初的5公里。但他从未放弃，逐步延长跑步里程，摆脱赘肉、提升体能，跑步最终成为他释放高压工作压力的方式。
	
2020年，张雪峰开启马拉松之旅，当年跑量高达3000公里，为耐力打下基础。同年9月，他以4小时09分57秒完成人生首马，兴奋地在社交平台分享喜悦；两个月后，他在杭州马拉松跑出4小时00分13秒的PB，距“破4”仅差13秒，从“运动菜鸟”成长为资深业余跑者，这份蜕变正是马拉松赋予的“全新自己”。
	
张雪峰口中“新的自己”，是与惰性、自我怀疑对抗的勇气。他曾在直播中描述赛道挣扎：跑到30公里时体力透支，反复质疑自己为何坚持，但这份无人喝彩的较劲，让他冲线时收获了无可替代的成就感。
	
他曾分享，第一次跑完马拉松后，对着镜子乐了半小时，直言自己“特别帅”。这份自信，源于战胜自我的底气，也迁移到工作生活中：“40多公里都能跑下来，还有什么事做不到？” 他还将这份坚韧传递给学生，激励上千人开始跑步。
	
张雪峰用跑步证明，马拉松的意义在过程而非奖牌——途中会遇见疲惫、挣扎的自己，更能遇见坚持的自己。他也曾提醒，初跑者要循序渐进，制定贴合自身的目标，切勿盲目逞强。
	
令人唏嘘的是，3月24日，张雪峰在公司跑步后突发心源性猝死，年仅41岁。事发前两天他还完成7公里打卡，3月累计跑量72公里。他的离世，是长期高压、睡眠不足、饮食不规律埋下的心脏隐患，叠加疲劳运动诱发的悲剧，此前他曾因过度劳累住院，网友提醒的嘴唇发紫预警也被他忽视。
	
张雪峰的故事，既是励志的自我突破史，也是深刻的警示。他告诉我们，人生如马拉松，坚持就能遇见更好的自己；但他的离去也提醒，追求“新的自己”要以守护当下为前提，科学运动、劳逸结合，才能在人生赛道上长久奔跑。#让运动赞美生命[话题]# #张雪峰[话题]#",,,
S0013,,#张雪峰#武亮#考研名师#峰学蔚来,,,
S0289,无常,"张雪峰走了。一个被流量卷上风口的人。后来，就不在了。
我不认识他，但刷到消息的时候，还是愣了一下。有人说是命运的反噬，有人说是时代的浪。我想到的，是另一件事——无常。
这些年越来越觉得，人其实掌控不了什么。你以为是自己的选择，回头看，哪一步不是被推着走的？你以为能算准的，最后都算不准。科学能解释很多事，但解释不了为什么是你，为什么是今天，为什么偏偏是这个时辰。
尼采说，杀不死我的，终将使我更强大。这话年轻时信，后来不信，现在又信了。不是信苦难值得歌颂，是信人比自己以为的能扛。有些事你以为过不去了，可一天一天地，也就过去了。不是不难过了，是你长出了新的东西，去装那些难过。
科恩有句歌词，我记了很久：“万物皆有裂痕，那是光照进来的地方。”以前觉得这是安慰人的话。后来发现是真的。那些过不去的，最后都变成了你的一部分。不是它们消失了，是你变大了，大到能装下它们。
我的人生经历不算多，但“相信”这件
从小到大基本都是封闭与世隔绝尤其是内向的孩子进入社会的前三年基本上就是无力的摸爬滚打智商情商、口才、勇气、心理素质样样不行只能靠自己苦苦摸索，受尽人世间的白眼尝尽人世间的辛苦才能得到一点点可怜的人生经验",,,
S0109,,龙少评价张雪峰 言出法随碰上神秘力量了 76想找个铁拳双排了#龙少 #张雪峰 #抽象 #逆天 #守望先锋,,,
S0128,随笔~张雪峰老师如何吐槽音乐专业,随笔一张雪峰老师如何吐槽音乐专每天，不间断，更新一下。怀念张雪峰老师，把高考志愿和实际结合起来，真的是帮到了很多的家长。今天一个姐姐约了咖啡碰面聊天，她孩子今年高考。想选音乐专业。小姑娘唱歌是好听。在这引用张雪峰老师的话，他吐槽过音乐专业的话，简直是普通家庭的“避坑指南”。. 翻看了视频，真的是火。谁不想听点不掺水的大实话呢？这大姐也听进去了。我继续给她讲了几个例子。之前房东家孩子小林就是个例子，小学开始砸钱学钢琴，爸妈省吃俭用供他考艺校，结果毕业即失业。想走表演路，比不过有家底的同学请名师、跑演出。后来，考编去社区教唱歌，几百号人抢一个名额。最后的最后只能去培训机构代课，月薪刚够房租，爸妈当初投的乐器钱都没回本。幸亏家里还剩几套房子，倒也饿不着。这就是音乐专业的残酷：纯表演就是“塔尖游戏”，普通家庭没天赋、没财力、没资源，凑不齐这三样，大概率就是“用爱发电”饿肚子。还有啊，211、985的牌子在这行不好使，半路出家想靠艺考“弯道超车”，基本等于做梦。. 家长给孩子选择艺术类专业，一定要慎重。不过说回来，也不是没出路！聪明点的可以选应用型专业：做音乐治疗的朋友，在医院给病人做辅助治疗，时薪据说很高400。搞音乐制作的，给短视频、游戏配配乐，薪资比单纯演奏高多了。还有音乐产业管理，管版权、办演出，靠商业思维吃饭，才有得赚。不过我这也是听做MCN的朋友提到的。没有深入了解过。说白了，普通家庭别把音乐当“饭碗”赌，要么选交叉型专业，要么把它当爱好，主业选个稳当的。梦想不能当饭吃。再次引用张雪峰老师的话。他真的用实践帮助到了很多中国的普通家庭。走好。,,,
S0275,他点燃的灯还亮着,"张雪峰走了但他点燃的灯还亮着. 写着写着，心里越发难受，下楼转转，正巧碰到教过的毕业班学生家长，说孩子去了新华，明年高考。心倏地疼了一下！要是您还在，一定能给这个孩子，指一条最踏实的路吧。您走了，但您点燃的灯，还在亮着。它亮在每一个普通家庭的升学路上，亮在每一个迷茫孩子的选择里，亮在每一个被您温暖过、照亮过的人心里。一位退休老教师，向您致以最崇高的敬意！致敬，张雪峰老师人. 您总说，自己是家里那个拼命付出的人。可我想对您说：下辈子，别再来人间做人了，做人太累太辛苦了！或许您是去了平行世界，终于可以好好歇歇了。3月27号，心里的闷痛丝毫没减，总觉得该做点什么。想想送一束菊花吧，聊表我对您的敬意和哀思。可美团提示订单异常，淘宝闪购不支持配送，急得我手足无措。还好孩子提醒我找当地店铺闪送，终于下单成功，一小时送达，心愿了却，心里才好受了一些。等我身体痊愈，一定要去苏州，去新闻大厦楼下走走您走过的路。去您常去的饺子馆，吃一盘韭菜鸡蛋馅饺子，去您坐过的位置旁坐一坐，就像去看望一位素未谋面、却早已刻在心里的老朋友。. 一直想提笔写您，却迟迟不敢动笔。一来怕有博流量之嫌，二来心里始终有个执念，总觉得您是去修行了，迟早会回来；三是年纪越来越大，我怕再过二十年，得了老年痴呆，再把您给忘了。3月24号晚上，刷到您离世的消息，第一反应就是谣言，根本不信。把各大平台翻了个遍，又问了好几个AI,直到所有信息都指向同一个结果，我才不得不接受这个事实。那一刻，心像被一块大石头死死堵住，抽着疼。刚做完肠息肉手术不能下地，只能让家人打开窗户，冷风灌进来，才稍微好受一点儿。今天天津下起了雨，望着灰蒙蒙的天，一瞬间顿悟：您是真的走了。就像大家说的，天上的文曲星换届，您是去当文曲星了。您走了，但您点燃的那盏灯，从来没有灭过。. 关注您很久了，总看您一边吃饭一边连线答疑，我隔着屏幕都忍不住念叨：慢点吃、慢点说，别噎着，好好吃完饭再直播不行吗？这么拼，身体怎么扛得住。后来看到您跑全马，由衷地欣慰，觉得您身体倍儿棒，吃嘛嘛香。您说过的那些话，字字句句都刻在心里，成了无数普通孩子的指路灯：一选择比努力更重要一专业决定未来发展方向，学校决定未来发展平台。一找工作不能只看钱，更要看有没有前途。一家里没矿别空谈理想，学习是普通家庭孩子唯一的出路。一就连婚恋观，您都在用心引导：交女朋友前，先问问自己，是因为寂寞还是爱情？. 还记得那个河南复读生，第一年高考200多分，复读冲上本科线，迷茫不知如何报志愿。您耐心帮他分析，告诉他想考研就选民办本科，求稳就选铁路专科，孩子说想读研改命，您立马举张霁的例子，告诉他要相信相信的力量。还有那个福建考生，在选文理之间摇摆，明明听进去您“能理不文”的建议，却偏偏热爱文史政，孩子说历史政治充满了智慧。您给他鼓掌，笑着鼓励他：你适合学文，更适合做销售，毕业找不到工作就来找我，我们公司",,,
S0124,,#张雪峰 #巧乐兹雪糕 #雪碧,,,
S0328,张雪峰做对了什么，他替普通家庭打破了信息,"张雪峰老师因心源性猝死离世，他为中国教育领域打破信息差，帮助普通家庭做出更明智的选择。他的离世提醒我们，信息差是教育中的巨大障碍，需要更多人站出来打破壁垒，为普通人提供更准确的指导。
张雪峰做对了什么，他替普通家庭打破了信息的牢笼。张雪峰离世引发对信息差的反思，教育信息壁垒下普通家庭选专业需更多专业指导。. 但他做了一件在中国教育领域极其稀缺的事一一他替普通家庭打破了信息的牢笼。太多人生活在信息茧房中，对于教育规划、对于未来的发展路径，对于哪些专业值钱、哪些专业毕业即失业、哪些方向究竟适合自己孩子的发展，大家其实连一个基本的概念都没有。张雪峰老师这些年用他的方式、用他的影响力，让一部分从来不知道「还能这样选」的家庭，第一次看到了另一种可能。不管你认不认同他的每一个观点，至少他让「信息差」这三个字被更多人听见了。这就够了。为什么我对信息差这件事有这么深的体感？因为我自己就是被信息差坑得最狠的那类人。十几年前，高考结束，我面前摆着一张志愿表。没有人告诉我哪个专业有前途，没有人帮我分析行业走向，父母的认知也有局限，身边的老师和同学能给的参考非常有限。我选了建筑类专业—一个在当时看起来体面、高大上、毕业就能挣大钱的方向，毕业后一直从事建筑行业，自己从施工单位转. 到地产公司，目前快要失业了。如果当年有人在我填志愿之前，像张雪峰老师那样跟我说一句「这个专业的就业前景不像你想的那样」，我至少可以少走弯路，少花冤枉钱。但没有人说。因为当时根本没有人替普通家庭说这些话。这不只是我一个人的故事。这些年，我接触了成千上万的人，发现一个残酷的规律：出身普通不可怕，可怕的是出身普通的同时，信息差还没有被打破。一次选错专业可能意味着四五年的时间成本，十几万甚至几十万的经济成本，以及毕业后在一个完全不匹配的方向上继续挣扎的机会成本。不是你不够努力，不是你不够聪明，是你从一开始就没有拿到正确的地图。我们真的有太多的学生和家长被困在信息牢笼中，没有见识，没有贵人相助，了解世界的方式和角度非常单一。他们需要有人继续站出来，用真诚的方式、务实的态度，帮他们把信息的墙推倒，哪怕只是推开一条缝。最后说回张雪峰老师的离世本身。. 当刷到张雪峰老师因心源性猝死离世的消息，说实话我愣了很久。不是那种刷到热搜的短暂震惊，而是一种很深的、从胃里翻上来的难受—一个在中国教育行业真正帮普通家庭说过真话、做过实事的人，就这样突然走了。人生真的太无常了。这件事戳到了我心里一根埋了很多年的刺一关于信息差，关于选错路的代价，以及关于谁来继续替普通家庭说真话。逝者为大，但我想认真说说他做对了什么我知道网上关于张雪峰老师的评价一直有争议。他的很多观点确实不是每一条都经得起推敲，有些建议在特定情境下未必适用，有些话说得太绝对，也引发过不少争论。这些都是事实，我不回避。但逝者为大。在他生命终点的这一刻，我不想讨论他哪句话说对了",,,
S0225,这是我见过最好的五年级开学规划（详细版）,"#五年级#五年级下册#五年级开学#五年级学习规划 #家长收藏孩子受益 #小学语文怎么学 #辣妈育儿经 #小学开学 #五年级下册预习 #五年级开学规划
五年级下学期学习规划1、课本基础知识：生字词+背诵（课文古诗词3文言文）语文2、六下必读名著：《《四大名著》可以提前看起来，五下必考题！时间来不及可以直接用老师整理的《四大名著常考知识点（背熟就OK）汇总》阅读理解答题模板已整理3、阅读理解：文言文阅读+现代文阅4、作文：每天坚持读高分作文，摘抄金句，整理自己的素材本小数乘法、小数除法、简易方程+计算重点抓复习专项练习：多边形的面积计算、植树问题等板块数学3把五上的作业、单元考、期中期末错题进行回顾计算能力是基础，每天刷5题（过好计算关）基础运算（分数的加减法、乘除法的运算规则）预习重点预习（因数与倍数、分数的意义和性质）常考重点公式默写+易错题型拔尖训练+词汇量是基础1、单词积累：回顾五上单词+背诵五下核心词汇英语2、句型：问日常活动/问某人在做某事/问三餐3、语法：一般现在时、现在进行时、特殊疑问句..（单词要牢记）4、阅读：1天1篇阅读训练+20分钟RAZ分级阅读5、作文：万能句型总结+模板练习历史：《河西走廊》《我在故宫修文物》《典籍里的中国》小四门道法：《大国外交》《辉煌中国》《货币》生物：《植物王国》《生命的故事》（纪录片启蒙）地理：《跟着书本去旅行》《航拍中国》《地球的力量》. 五年级下册语文晨读晚默每日一练每日早读第1天1.（四时田园杂兴（其三十一）》作者是代范成大。全诗描写了农村人天耕田、晚上绩麻，儿童学种瓜等场景，反映了农村紧张的劳动气氛和富有情趣的生活，2.（稚于弄冰）作者宋代杨万里。全诗通过对稚于脱冰、穿线、敲冰和冰块落地等情景的描写，写出了儿童生活的乐趣，表达了诗人对儿童的喜爱之情。（村晚）作者宋代雷震。诗的前两句，作者把池塘、青山、落日融合起来构成了一幅美丽的村晚景图，后两句写儿童横坐牛背上，吹短笛的景象，表现出牧童无忧无虑的生活，以及诗人对这种生活的赞美和向往之情。2、（祖父的园子）作者萧红，原名张通莹。课文描写了作者童年时在祖父园中嬉戏玩耍，捉昆虫，跟着祖父在园中载花、拔草、种白菜、铲地、浇水，展现了作者快乐、自由、幸福的童年生活，表达了作者对童年生活的怀念。每日晚默第1天1.(四时田园杂兴（其三十一）》作者是代。全诗描写了农村人_儿童学种瓜等场景，反映了.2.（稚子弄冰）作者代。全诗通过对稚子和等情景的描写，写出了儿童生活的乐趣，表达了诗人对儿童的《村晚》作者代。诗的前两句，作者把融合起来构成了一幅美丽的，后两句写儿童横坐牛背上，吹短笛的景象，表现出牧童的生活，以及诗人对这种生活的之情，2、（祖父的园子）作者，原名。课文描写了作者童年时在祖父园中嬉戏玩耍，捉昆虫，跟着祖父在园中，展现了作者的童年生活，表达了作者对童年生活的. 五",,,
S0231,,也是吃上张雪峰牢师同款套餐了。#张雪峰 #巧乐兹 #雪碧,,,
S0400,信我，死磕这五部动画片，轻松拿捏幼小衔接,"#数学启蒙[话题]# #幼小衔接[话题]# #孩子成长[话题]# #幼儿园大班[话题]#  #英语启蒙动画片[话题]# #寒假计划[话题]#
《唐诗大电影》共10集，每集10分钟妙趣横生的诗心之作10个诗人45首唐诗从诗人的故事出发，让孩子们更容易了解唐诗的深意适合3-9岁CooL 建议收藏. 1魔法拼音国2026-01-2717:212唐诗大电影2026-01-2717:213怪兽数学-3-7岁孩子的数学启蒙2026已整理齐全20:免米分享5拯救汉字星球2026-01-2717:21可手机二十二天搞定拼音可平板2026-01-2717:21怪物数学小分50出来）可电脑2026-01-2717:21. 《魔法拼音中国》共32集每集10分钟A1互动拼音课30天独立学会拼音300+音节拼读的深度学习认得清、读的准TIE 记得牢、写的对！Cool 适合3-9岁建议收藏. 磨耳朵单词超记》共28集，每集5分钟中阶500词每天3-5分钟磨耳朵，不知不觉积累500词量。为孩子英语学习打下基础，激发孩子学习英语的兴趣！适合6-8岁COOl 建议收藏. 《拯救汉字星球》共52集，每集13分钟不仅可以识家还能懂得汉字背后的文化和历史。用动画讲中国汉字故事，告别死记硬背，在趣味故事中轻松高效学汉字。_适合4-12岁cool 建议收藏. 《怪兽数学》共8集，每集8分钟激发孩子的数学思维让孩子真正爱上数学。两只小怪兽与孩子探索数学的奥秘，将抽象数学概念形象化和孩子一起做数学游戏。适合3-9岁Cool 建议收藏. 张雪峰老师10小时前提醒一下，幼小衔接最有效的方法是动画片26921958216建议收藏",,,
S0308,,#真实故事改编 #张译 #张雪峰 #张一山 #张艺兴,,,
S0192,张雪峰初中提分笔记，孩子用过之后不会后悔,"张雪峰初中提分笔记，孩子用过之后不会后悔的 #张雪峰 #提分 #初中
张雪峰给大家介绍我们的初中提分笔记孩子用了不会后悔的中语文是分笔记初中物初中化初中数学来各位初中段的家长提分笔记产品推荐为梦想战初一、初二拍：1",,,
S0268,Color Walk第十弹 | 安静的黑色,"昨晚张雪峰老师离世的消息
带给这个世界一片寂静的黑色
很多中年人不由得开始正视健康的问题
也开始重新认真审视活着的意义
年过四十岁
我们看上去似乎是身体最硬朗
精力和智力最佳状态
然而，很多人其实一直在硬撑
生活中，一大家子要养活
经济上，每个月各种贷款要还
工作中，处于中流砥柱，责任一肩背
每一个都把我们压得喘不了气
虽然大家都知道健康的重要性
但是，仍然在责任的重担之下
死死硬抗，无法停下来
似乎休息就是可耻的
智慧书上说
你们得救在乎归回安息
你们得力在乎平静安稳
你们竟自不肯
安息，不是躺平
而是放下焦虑、停止自我挣扎
信靠TA的主权，在TA里面得心灵的安稳
 
得力，是明白真正的力量
不在奔跑忙碌
而在内心平静安稳
越急越乱，越安息越有力量
今天起，学习仰望和交托
不再为明天忧虑
一天的难处一天当就够了
愿每个中年朋友
都能收获平安喜乐的人生状态
#colorwalk 
旧天堂喜店. 有风. CHILDREN'S ENCYCLOPEDIA OF SPACE 量太空百科全书飞天不是梦，宇宙不是梦，太空之旅即日启程刘宝江编著北京工艺美术出颗社. COLORWALK 今日色卡教程给今天一个颜色这一色，今天就让它出场春天夏天秋天冬天城市颜色转盘紫色6色ColorWalk 开始GO 拍照打卡抽到啦紫色黑色#000000·自定义保存色卡颜色分享展开提示. COLORWALK 2026.03.25颜色记录今日色卡黑色色卡编号：#000000太空百科全书发现生活的美好. ColorWalk任务卡紫色·2026.03.25今日色卡黑色#000000把这抹颜色当作今天的路标ColorWalk转盘. 雨过天晴，天上有云希望你喜欢多天的云也喜欢今天的自己格禾田DACHETIAN. 星空炙味朋友可串不能",,,
S0247,,梵高死后人们才开始欣赏他的作品#张雪峰#巧乐兹#雪碧,,,
S0082,,怀念张雪峰 天堂向左，勇士向右，张老师一路走好#张雪峰 #seeyouagain #地平线6,,,
S0084,,张雪峰老师我还记得你😭😭😭#cos #张雪峰 #巧乐兹 #ooc致歉 #雪碧,,,
S0029,从留几手翻车看INTP的劣势Fe情商低无共力,"不陪她产检。整个孕期一次没去过，葛夕大热天自己走着去，中暑呕吐，都换不来半句关心。他前妻葛夕在直播里吐槽：两人养了8年的爱犬生病不久于世，她情绪崩溃转述病情时，留几手说：那也没办法，并立即谈论自己拔牙的事。毫无眼力劲和共情力，气得葛夕当场情绪失控，无法接受。上《再见爱人》节目的时候，李松蔚老师问他收入怎么样，正常人都知道客气一下，他直接人家：“比你多。”杨子和李行亮都愣了一一你知道人家挣多少啊？他死鸭子嘴硬：“肯定比他高。”这社交能力完全掉线。跟头部心理咨询师比收入，还非压人家一头，图啥呢？二、为啥他这么冷血？INTP的功能缺陷很多人骂留几手“渣”“冷血”，但从MBTI角度看，他真的不是坏，是心理功能没发展好。INTP 被称为逻辑学家，脑子里装着精密的思维齿轮，却唯独缺了""情感解码器""。INTP的阳面四大八维功能. 排序是：主导功能Ti内倾思考：像台永不停歇的计算器，凡事都要拆解成逻辑公式。如果你留意看过留几手的段子，会发现逻辑清晰，犀利刁钻。他也正是因为毒舌点评长相而火。辅助功能Ne外倾直觉：擅长联想但跳脱，经常从""狗去世""联想到""狂犬疫苗有效期""，他脑洞蛮大的，段子写的天马行空，风趣幽默，这也是他能红这么多年的原因。第三功能Si内倾感觉：自己的经验库，个人的经历，不稳定，脆弱易受伤。留几手不是一个经验主义，循规蹈矩的人，他的创作风格挺多变，不是那种单调枯燥重复的。劣势功能Fe外倾情感：这就是留几手的死穴！Fe 劣势让他读不懂别人脸色和社交氛围，没有眼力劲，不懂察言观色，不懂人情世故，说话没分寸，情感冷漠不会关心人。大白话就是INTP最大的优点就是Ti天赋，脑子里全是逻辑聪明转得快。INTP最大的缺点就是Fe劣势，世俗意义上的情商低。. 从留几手翻车看Intp 的劣势fe情商低和魔鬼Fi无共情力大家好，我是胖婶，一个研究实践MBTI五年的INTP,致力于MBTI应用化，解决现实问题。最近这几天，网红留几手算是彻底翻车了。张雪峰老师猝然离世，全网都在悼念，他倒好，来了一句“东北网红数量减一”。网友提醒他“死者为大”，他直接回去：“凭什么？死者又不是我爹，凭什么为大？”这话一出，直接炸了锅，瞬间引爆舆论，评论区10万+的怒骂把他推上热搜第一。不出意外，微博直接被禁止关注，官媒点名批评，网友喊“封杀”他。作为一个INTP,留几手把这种人格的短板暴露得明明白白，Fe情商低到可怕，Fi共情力基本为零。. 我自己就是INTP,曾经我跟他一样，所以秒懂。只不过因为岁数大了，以及INFP朋友潜移默化的影响，我的情感能力发展了，能适当考虑别人感受了，甚至偶尔共情了。今天通过翻车的留几手聊下INTP的臭毛病，以及隐藏在背后的八维功能结构性问题，Fe劣势位，Fi 魔鬼位，希望能给中低阶INTP一点启发，也给大家一个了解这种冷漠机器人的视角。一、留几手那些让人室息的“冷漠时刻”说",,,
S0292,,张雪峰事件告诉我们，慢跑不拼速，控好心率，安全第一，跑得长久才是真热爱。,,,
S0396,不建议物化非艺术考生报工业设计,"这几天每次刷到张雪峰老师的相关视频，心情都无法平静，同时也成为了写这个帖子的一个契机。      🆙是2015年的吉林省理工类非艺考考生，对，就是在张老师2016年全网爆火之前的那一年，所以，其实他并没有对我的高考志愿填报有什么影响，我甚至是在19年他来我本科学校讲座上了热搜的时候才知道这个人的，但是很遗憾我那次因为上课并没去讲座现场。   🆙从读研开始，做过考研辅导，也经常看雪峰老师的直播，慢慢才知道高考志愿当中的一些报考原则，经常悔不当初。所以这样一位鞠躬尽瘁并且可以给考生直言不讳地指点迷津的人英年早逝，确实让人痛惜，希望如果有来生，他可以平安顺遂。     如题，通过这篇笔记，我将从就业形势、个人经历等方面详细说下个人为什么不建议理工类非艺考生报工业设计这个专业的原因，希望给三个月之后报志愿的高考生提供一些参考。
———（此处字符有限，详见图中文字）———      还是那句话：没有一个专业适合所有人，也没有一个专业一定不适合所有人，仅鄙人拙见。
好吧，之前看过有人说，选专业这个事，就像无论嫁给谁，婚后都会说嫁错人了。人生重在体验，如果学到了自己喜欢的专业，无论结果如何，都是很不错的经历。
#高考[话题]# #高考志愿[话题]# #工业设计[话题]##考研[话题]# #张雪峰[话题]##峰学蔚来[话题]#
财会金融/汉语言等专业太无聊了，真的很担心大学四年会学到无聊的专业，觉得没希望了，甚至还没高考就像复读当艺考生，这在高考之前也影响到了我的心态。有一天因为心情太差不想上学，请病假翘课出去到书城，看到了一本设计手绘快题书，在书的封面上写的有“工业设计”四个大字，回家之后在知乎和百度上大致了解了这个专业，以及要上哪些课程，发现好多课程需要画图、做手工，大喜。截至此时，距离高考还有半个月。·你所选的是大学，不是老年大学有时候也会感叹那时候有张雪峰就好了。在多年之后才关注到张老师，感叹：普通人的大学不能当老年大学去报的。选大学，是为了就业，而不是为了爱好和消遣。吉林省2015年理工农医类整体分数线很低，全省考生大概13万人，理工农医类6.8万人，我的分数不是很理想，全省位次大概在7k-8k名左右，但如果只考虑院校层次，基本211和部分985大学里的一些比较常规的专业，比如张老师常推荐的计算. 因为我的观点里它相比其他工科的就业形势属实有点“拉完了”，从毕业多年之后的同学和我自身情况来看，同班30人，在做本专业的大概不超过5个，且做老本行设计的同学叫苦不迭，但却没有其他选择，考公考编没有岗位可报。但对于美术生，相比其他艺术设计类专业，我却推荐产品设计，因为相较于其他设计专业和纯艺术专业，如环境设计（受房地产泡沫影响）、视觉传达设计（受Al冲击）、国油版画（就业面极窄），产品设计由于设计品类的多元化，就业方面还是有一定优势的。据我所知工业设计在各大高校的理工类录",,,
S0297,张雪峰用命换来一句“介入因果”，真不值,"#深度思考[话题]# #不要介入他人因果[话题]# #洞察力[话题]# #真相[话题]# #社会价值观[话题]# #另一种人生哲学[话题]# #哲学思考[话题]#
张雪峰用命换来一句“介入因果”，真不值最近，我看到网上很多人都在说张雪峰老师的死因是“介入他人因果遭反噬”，这就让我想到了广为流传的另一句话：“事以密成言以泄败”。在我看来，这两个流行说法本质相同，它们都虚构了一个“不可言说”的神秘领域，并用它，来恐吓行动与言说。它们将“因果”和“泄败”当作隐藏在现象背后的. 神秘实体，仿佛我们一开口、一伸手就会触发某种形而上的惩罚开关，但语言的意义，就在于它在生活形式中的使用。“帮人”就是具体的行动、言语和后果，而并非是介入某个玄学的因果。将一位过劳者的逝世归于“反噬”，是在用空洞的语法掩盖了一个事实，那就是他的身体，是在极限工作中崩溃了。这不是因果，是物理。那按这逻辑，每一位手术台上与死神抢人的外科医生，每一次开出的处方，都是在“介入因果”，都应承受最直接的“反噬”。医院走廊里挂满的锦旗，也不应该是“妙手回春”，而应该是“咎由自取”。. 若这一切都算干预，那整个现代文明都建立在“反噬”之上。而“事以密成言以泄败”这句谎言，在马云的故事面前那就更不堪一击。他的成功恰恰建立在持续、公开且富有感染力的“言说”之上。当年的马云若信奉“密成”，绝不可能凝聚起“十八罗汉”。他必须不断言说，用语言描绘出一个尚未存在的电商未来，将抽象的愿景植入他人的认知，从而才能构建出最初的信任与团队，包括放弃千万年薪，固执地投身于一家前途未卜的创业公司的蔡崇信。马云不是因保密而成功，正是通过精准、勇敢、重复的一次次“泄密”，泄露他的洞察、激情与信念，才吸引了追随者，换来了资源，定义了时代。. 所以，我反而认定这是一场经典的“语言游戏”，通过言说，制造共识，通过共识，催生现实。真正的善行，从不惧怕被误解的因果；而有力的语言，也无需躲藏在沉默的阴影里。说破的，不是天机，是心魔。",,,
S0008,这是我见过最好的幼儿园大班下学期布局⚠️,张雪峰：春尔最不能心软的就是幼儿园大班下学期没有计划的可以直接抄@阳阳麻麻爱分享FROYS,,,
S0102,,#来根巧乐兹 #巧乐兹 #张雪峰 #张雪峰老师 #雪碧,,,
S0176,整理师日记｜市场驯化与客户成熟度,"确实是需要磨合、相互了解的。
	
不管是新客户老客户，是返单还是体验单，肯定要尽力做到最好。
	
因为
上门服务的目标🎯是规划、整理（可控），
结果是整洁、满意（自我不可控），
收入、复购，只是水到渠成。
	
#整理收纳 #张雪峰 #目标 #思考
	
另推荐大家看一个自学成才的整理师的记录，
也是infp小福蝶，@小鲳鱼不能买冷冻的
表达真犀利呀
我咋就学不会，形不成自己的风格捏？可能我抓不住心里像在暴风里乱飞的思绪吧
整理师日记|市场驯化与客户成熟右划查看全文. 张雪峰老师说“千万别把结果当做目标”。我能理解他说的成绩和学习力之间的关系，但放到其他地方我又有点模糊了。前两天我去整理了两家客户，放在一起对比一看，好像找到一点点感觉。一家是常用整理师的，另一家是第一次体验。经常请整理师的，他家里比较规整。各种空间打眼一看很有条理，我们只需稍加优化；而没有用过整理师的呢，就有些随意，略显凌乱，我们要大量沟通使用习惯和分析行动路线，从而新建立一个秩序。收尾时，新客户往往会说“可以了可以了”，怕超时多收钱，不好意思多占用；而老客户往往会说“能不能帮我把这里再收一下，把那里再整一下”，怕没有一次整利索，还要另约时间。",,,
S0107,普通人跨越阶层的七次机会~~,普通人跨越阶层的七次核心机会包括：高考突围选对学校专业，主动争取大学资源；专业深耕适配赛道，本科阶段主动争取科研机会；读研进阶优先选硕博点多、学科评估高的院校；抓住考研、新高考志愿等赛道跃迁风口；选同频奋斗的伴侣守住家庭稳定；把握短视频、直播等时代红利；自我觉醒跳出舒适区重启人生。张雪峰自身的七次关键跃升是：高考考入郑州大学走出原生环境；放弃安稳工作入行考研辅导；2016年短视频爆火成为顶流教育IP；从讲师转型内容创作者完成IP商业闭环；2021年创办峰学蔚来拓展至全升学规划；举家搬迁苏州实现从网红到企业家跃升；持续自律主动学习实现长期认知与事业迭代。核心共识就是跃升全靠主动争取，大学阶段的主动成长和自律积累是抓住后续机会的基础～,,,
S0126,,张雪峰力荐！高三冲刺必刷真题，关键就在这 #高考冲刺 #真题制胜 #高效备考,,,
S0104,,要在一个行业深耕坚持不下桌 轮也轮得到你。学习张雪峰老师的语录！不断努力，不断学习，奔赴热爱#自信的女孩最美 #创作者中心 #创作灵感 #工业风 #如一婚礼影像,,,
S0318,面试有救了,"偶然刷到这位专做央国企面试的老师，本来只是抱着随便听听的心态，没想到直接被圈粉。
听过太多流水线模板课，千篇一律的套话，背了也不会用，面试一紧张就卡壳。
但这位老师完全不一样，不讲空泛话术、不灌万能答案，只贴合央国企的考核逻辑。
不管是半结构化高频问答、自我介绍打磨，还是岗位匹配、三观类问题拆解，
他都会结合真实考情，讲底层答题思路，帮你把自己的经历梳理成考官爱听、接地气、有格局的回答。
集团公司经常加到注你能否接受?如何看待取场加理现象?国企面试钱老师我的前半生：小三防了一圈，还是没防住！战备广告·95.9万播放简介评论444点我发弹幕10.9万36222025年5月12日17:331人正在看1864不喜欢17203727649川1.你能接受加班2.你的薪资期望是3.你的缺点是什4.你为什么报考这吗？/你对加班怎...多少？么？入职后如何...个岗位？央国企求职求职高手第二季：30+职场人必备技能张雪峰一语道破",,,
S0348,,在沧州阿里国际站外贸圈摸爬滚打这些年，手机里攒了几千个老板的绿泡泡，每年1万多通电话往外打开发客户！深耕这行的我就信张雪峰老师那理儿——在行业里死磕不下桌，今年的业绩高光，轮也该轮到我了！外贸人，一起冲！#沧州外贸人 #阿里国际站深耕 #业绩爆发进行时 #张雪峰说的对 #坚持不下桌,,,
S0273,谁是日语界的刘晓燕啊啊啊啊啊啊…,"英语有刘晓燕，考研有张雪峰
我们日语界这几个小破站老师堪比英语的刘晓燕❗❗
.
🥨叶子先生酱
粉丝量近50万，新标准日本语精讲超级全面！声音甜美、讲课逻辑清晰，几十节课带你从日语小白轻松入门，逗比二次宅属性让学习氛围超好，适合初学者系统学习。
.
🥨hero3046老师
完全免费的宝藏老师！课程覆盖零基础到N1，每课10小时扎实讲解，蓝宝书语法和真题解析细致到""魔性""，例子让人过目不忘，基础薄弱的同学跟下来绝对扎实。
.
🥨教日语的阿飞老师
5岁开始留学日本的老师，注重启发式教学而非应试。每周还有纠音视频和小知识，无偿更新新标准日本语课程，想学地道日本人思维模式的选他！
.
🥨唐盾老师
发音字正腔圆，听起来特别舒服。零基础到N1全套课程内容丰富，不只是照本宣科，学完后刷题巩固就能稳稳冲N1。
.
🥨小慌先生
超讲究应用的口语向老师！《观光日本语》系列从日本节目剪辑，每个分P都有主题，真实对话情境教学，让你把日语融入实际场景。
.
🥨明王道
考级和基础入门全能型UP主，不管是为了JLPT还是兴趣学习，都能找到适合的内容，一站式解决日语学习需求。
.
🌈需要用到的备考物料：
📘日语五十音字帖+测试卷
📕红蓝宝书1000题
📗超奇迹分类记1500词
📒新标日（1-6册+练习+测试）
📙红蓝宝书（详解+练习）
📕别笑！我是日语学习书系列
📗N1-N5-词汇、语法汇总
📘历年考级、高考真题及解析
📘生活情境日语图解词典
📙蕞有趣的日语会话课本
📗Chao奇迹分类记15000日语单词
......
#日语教学 #小语种 #日语单词 #日语语法 #日语考级 #日语老师 #日语入门 #日语口语 #日语学习 #日语培训
谁是日语的刘晓燕啊啊啊啊",,,
S0360,2026张雪峰中考真题汇编万卷峰阅,中考真题上线啦初一初三初三全国通用中考真题是最好的复习资料高直,,,
S0188,,董字辉说：“你穿得再好，别人只会多看你一眼； 你书读得漂亮，别人就会高看你一生。 父母的优势，那是你的背景，学历的优势，才是你的前景。 孩子，外表再光鲜，也只能风光一时； 如果学业有成，你能风光一辈子。 读书有什么用？ 在孩子的成长过程中，会问出各种问题，比如：“妈妈，我为什么学习？读书？“ 其实当孩子问出这个问题时，意味着孩子对读书感到了困惑，想要找到读书的意义和兴趣，我们不妨告诉孩子这几句话： ①不一定能挣很多钱，却可以看见更大的世界。 1. 不一定会大富大贵，却能有更多选择的机会。 2. 不一定能交到很多朋友，却能拥有充实的人生 3. 不一定会让你的智商变高，却会让你生活的更好。 4. 不一定能改变你的容貌，却能改变你的气质。 5. 6不会增加生命的长度，但一定会拓展生命的宽度。 ⑦不一定会让你成为一个完满的人，却能帮你不断完善自我。 张雪峰说：你有没有发现保安的朋友都是保安 军人的朋友大部分是战友 老师的朋友大部分是老师 医生的朋友大部分是医生 做官的朋友大部分是官员 你的朋友的档次决定了你的层次 与虎狼同行，必是猛兽 与凤凰齐飞，必是俊鸟 你能走多远看你与谁同行 所以孩子，父母让你好好读书的目的，并不是为了让父母多有面子，也不是让你长大后多有出息，而是让你能够进入相对好一点的圈子。 当你迷茫时，可以找到学习的榜样；当你遇到困难时，周围的朋友可以激励到你。这样，以后的路会更好走一些。 复旦大学教授陈果说：“一个空瓶子，它的价值是一毛钱，如果把它装满水，就能值1块钱；如果把它装上牛奶，就值5块钱；钱；如果把它装上酒的话，价值就更高。 我们的大脑也是一样的，如果里面装满了游戏，那么你的脑子就一文不值；如果你的脑子装满了知识，那就是价值连城。 所以，如果想要有价值，就必须要多读书。 一定要告诉孩子：读书是为了拥有更多的选择权，选择有意义，有时间的工作，而不是被迫谋生！ * 一定要告诉孩子：读书能够打开我们的眼界和格局，提高我们的修养，教会我们为人处世，学到人生的大智慧！ * 一定要告诉孩子：只有读书，学习，去更远的地方，才能远离那些你不想见的人，才能摆脱那些你不屑一顾的圈子！ 孩子，为自己读书吧！#教育成长计划 #正确引导教育孩子 #父母课堂 #家庭育儿,,,
S0236,,张老师推荐的饺子，味道不错#张雪峰老师,,,
S0326,,我觉得手机美颜让大家分不清楚现实了！看到的都是假的！不是那个样子！是手机软件高科技！科美！@手机摄影网 @小米手机 @雷军 @vivo @张雪峰老师 @美国驻华大使馆 @英国驻华使馆 @法国驻华大使馆 @德国驻华大使馆 @芬兰驻华使领馆 @荷兰驻华大使馆 @戒烟宣传大使 @复旦大学附属中山医院戒烟门诊 @南苑戒烟 @爱使达戒烟控烟贴 @戒烟军团 @全民禁烟推动者 @卫生健康委控烟传播活动 @中国政府网 @烟草学会 @烟草客 @爱因斯坦微博号 @爱因斯坦微博号 @中国政府网 @张雪峰老师 @浙江发布 @潜江发布 @浙江卫视 @浙江经视 @浙江日报 @,,,
S0001,南昌运输怎么样呢,招生专业序号专业（方向）主要专业课程学费南昌运输职业技术学校铁道概论、客运组织、公关礼仪、客运英语、铁道运输服务铁路旅客运输服务、客运规章等课程。宣传简介铁道概论、电路基础、模拟电路、信号基础、2铁道信号施工与维护车站信号等课程。电工基础、电子技术、电机与拖动、电力铁道3电气化铁道供电供电系统、接触网等课程。学海悟道铁道概论、工务安全规则、路基构造与养护、4铁道工程施工与维护工程测量测绘基础、机械养路、工务安全与应急处理等课程。计算机网络应用与技术、电子技能、网络操作5物联网技术应用6300元/学年系统、电子技术基础、物联网应用等课程。电工基础、电工工艺、机械基础、电子工程制6电子信息技术图、电子测量仪器等课程。数字媒体设计与制作、色彩与构成、7数字媒体技术应用PhotoShop图形图像处理及实训、流媒体技术、剪辑艺术、影视后期制作等课程。基础会计、财经法规、企业会计、会计电算8会计事务化、税收基础、企业会计岗位核算等课程。倾力办一所让社会满意的学校网络营销、电子商务网页制作、物流与配送、9电子商务电子商务实务模拟、计算机网络技术、现代商务等课程。Contact Me 国防教育特色班专业技能课、国防军事理论、国防技能、军事10（铁道运输服务）9340元/学年军技能训练及专业课程。联系我们(电子商务）学校地址南昌三大道899号网址www.ncysxx.cn 扫维关注微信公众号. 南昌运输职业技术学校简介师资团队南昌运输职业技术学校是2006年2月经南昌市教育局批准成立、江西省教育厅备案的一所民办全日制中等职业学校(职业高中)。学校坐落于南昌经济技术开发区黄家湖东路111号，学校占地面积200余亩，陈才生徐火庚陈雪婷总建筑面积86000余平方米。校园环境优美宜人、办学设施先进完备，建有电副校长从教20余年华东交通大学硕士工电子实训室、铁路列车乘务实训室、VR实训室、军事教育实训室、绘画实训室、从教40余年语文名师高考班班主任计算机网络实训室等共计40余个实训室。实训设备总值1200万元，学校内教数学名师学楼、实训楼、学生公寓、食堂、运动场等建筑一应俱全。每间教室均配备具备现代化多媒体教育教学设施，校园及周边的监控设施全覆盖，为师生的学习生活提供良好的保障。龚南平凌相如黄康从教30余年从教40余年华东交通大学硕士职教高考升学班数学名师英语名师高考班班主任职教高考升学班是南昌运输职业技术学校以帮助学生升入省内应用型本科高校、职业本科学校、高职专科学校为目标开设的特色升学班。魏火生张慧荣张雪峰种类方向升学方向学费从教30余年浙江大学毕业江西师范大学硕士数学名师语文名师高考班班主任计算机网络技术、人工智能技术应用、计算机应用技术电子信息工程技术、物联网应用技术、电子产品制造技榜样的力量职术、云计算技术应用等电子与信息方向。教高高速铁路运营管理、高速铁路信号控制技术、道路,,,
S0114,,张雪峰老师，我还记得你。你一句别怂，我就敢往前冲😊 张雪峰老师，我还记得你😣 一句一句把我拉出迷雾里🥶 张雪峰老师，我还记得你🥺 那些年少的愁，你替我扛起😍 粉笔灰落在肩上，像雪一样安静❄️ 你笑着说前途远，别先把自己看清😟 多少个深夜回家，我还在翻那页纸 你说过的每句话都在我心里记起 后来风吹过来，我也学会了 不躲不退，往自己的山坡走 张雪峰老师，我还记得你😊 一句一句把我拉出迷雾里😭 张雪峰你替我扛起🤓 如果有一天我走得很远😊 也会想起那间教室的光线😐 桌子旁，说别怕吃苦😇 说这条路总会有人走出去#张雪峰 #饮料代言人,,,
S0375,,张雪峰谈学习#张雪峰#学习#心理健康 #升学#人生规划,,,
S0148,暑假兴趣班必选这三科,"遵从孩子本心
先带宝贝免费试听体验，钢琴、古筝、架子鼓、吉他、单簧管、萨克斯、长笛、美术、书法全覆盖，先激发兴趣，发自内心热爱，学习之路才能长久坚持，拒绝盲目跟风报课
精简开支轻负担
优选家门口靠谱艺校，合理规划课时，不浪费时间与精力，轻松坚持学有所成～
教育从不是盲目堆砌课程，选对一门优质特长深耕，胜过十门浅尝辄止的兴趣班
暑假黄金提升期来啦
别再乱报班踩坑，认准石岛艺校启蒙课
，练气质、磨心性、提专注力，稳稳赢在成长起跑线～
＃石岛暑假兴趣班 ＃石岛乐器美术书法培训＃孩子特长培养 ＃家庭教育 ＃少儿艺术启蒙 ＃暑假育儿攻略 ＃鸡娃干货 ＃教育规划 ＃石岛家长＃石岛艺校
张雪峰推荐石岛暑假班家长Diary 小红书暑假兴趣班这三科必选",,,
S0333,张雪峰与李丽婧。,"2014年，张雪峰与妻子李丽婧在清华校门口拍下结婚照。那时他还是一名普通线下讲师，尚未成名，选择这里也寄托了他对教育事业的初心与期许。 张雪峰离世25天后，妻子李丽婧首度发声，感谢大家的关心，未来只想和女儿安安静静地生活。#爱情与家庭[话题]# #爱情应该有的样子[话题]# #爱情和婚姻[话题]#
国华清. 国华清. CARPETOFFLOWERS 我的繁花时代""RTONY BURGESSAND EIN FATHY UCEMCOONALD Canad cacl. 国华清. 国华清",,,
S0214,,#张雪峰 #粉底液 #粉底液将军 #酱板鸭 #总有日落和云海值得奔赴,,,
S0222,26二级建造师，请锁死这个APP，简直赢麻了,"二级建造师执业资格考试考生信息姓名：演示性别：男准考证号：1234证件号码：1234567890考试科目：建筑工程确认取消若您的个人信息存在错误，请联系现场监考人员进行处理Q搜索HUAWEI. 二级建造师执业资格考试单项选择题（共20题，每题1分。每题的备选项中，只有1个最符合题意）演示3建筑内部疏散楼梯间地面装饰材料燃烧性能应为（A.B2级建筑工程B.B1级单项选择题B3级12345D.A级67891011121314151617181920多项选择题2222326272830实务操作和案例分析题31323334当前未完成部分完成已完成标记交卷标记本题11C Q搜索多云HUAWEI. 二级建造师执业资格考试实务操作和案例分析题（共4题，每题20分）演示资料区32背景资料建筑工程某施工单位承接一栋新建物流仓库工程。钢筋混凝土框架结构，部V.单项选择题结构，建筑层数为2层，独立基础形式，建筑面积1.1万平方米，屋面保现浇泡沫混凝土，厚度为350mm.12345在钢结构施工中，项目部按照相关规定，要求施焊人员在施工前，68910和焊条进行了烘焙。施焊过程中因工期紧迫，焊工人员不足，项目经理现场一名持有机械管理员证书的人员参加焊工班组施焊。1112131415在屋面泡沫混凝土浇筑前，项目部向监理单位提交了浇筑专项方案1617181920包括：基层清理干净，配合比设计、拌制计量准确，采取高压泵送，一厚度300mm,保湿养护不少于3天等内容。监理单位认为所报专项方案部V:多项选择题有误，要求按相关规定修改后重报。根据现场需要，由项目技术负责人组织编写了施工现场防火安全技2122232425案，填写了动火申请表，交由项目经理审批。因动火当日有雨，改为次262830时更换动火地点继续实施。2729监理工程师在现场安全检查中发现，项目部在现场出入口防护棚上实务操作和案例分析照从左向右顺序，集中设置了多个白、黄、蓝、绿颜色背景的安全标志）题口地面一侧消防箱处设置有消防设施提示标志，以规范现场安全管理。313233340当前未完成部分完成已完成标记交卷标记本题11C 多云Q搜索. 级建造师执业资格考试单项选择题（共20题，每题1分。每题的备选项中，只有1个最符合题意）演示8单位工程质量验收程序正确是（竣工预验收单位工程验收建筑工程施工单位自检单项选择题真tm恶心8张雪峰说的没错121617181920二建考试就是在多项选择题222324淘汰信息闭塞的人262728实务操作和案例分析题请锁死这个网址3132跟考试一毛一样历史重复率93%当前未完成部分完成已完成交卷标记本题. 二级建造师执业资格考试单项选择题（共20题，每题1分。每题的备选项中，只有1个最符合题意）演示2“先挖基坑中间土体，周围四边留土坡，土坡最后挖除”属于（A.放坡建筑工程B.逆作单项选择题C.中心岛式5D.盆式",,,
S0106,张雪峰心源性猝死！,如何预防心源性猝死？首都医科大学宣武医院急诊科主任医师贺明轶指出，心源性猝死与长期加班、过度劳累有密切关系。日常生活中，应注意培养健康的生活习惯，如低盐低脂饮食，减少反式脂肪酸、饱和脂肪酸以及糖分的摄入；高血压、糖尿病和血脂异常者应定期监测血糖、血脂。 贺明轶提醒，应避免过度劳累与情绪剧烈波动，长期熬夜、高强度工作、暴怒或过度兴奋都是诱发致命性心律失常的常见诱因，科学运动也是关键。,,,
S0002,别太紧绷,上周全网突然因为张雪峰开始卷「身体健康」。 只能说，人类的终极觉悟很统一—— 可以不成功，但不能不健康（不然连emo的体力都没有）。 说回睡觉这件小事。 很多人以为自己失眠，是因为不困。 错，其实是——你太“负责任”了🙂 举个我的真实案例： 上周五有活动 我设置了三个闹钟：6:40、6:45、6:50。 逻辑上，这已经是“起不来算我输”的配置。 结果—— 我，6:00，自己醒了。 对，就是那种 “身体比闹钟还敬业”的觉醒。 醒来的那一刻，我的大脑开始表演： 继续睡？万一睡过头呢？ 不睡？现在起是不是有点太离谱？ 最后就是—— 人醒着，灵魂骂骂咧咧。 复盘一下，其实事情本身一点都不大。 但我在潜意识里给它加了个buff： “不能迟到！” 于是我的大脑： 懂了，我提前两个小时帮你盯着🙂 谢谢，但真的不用这么贴心。 所以很多睡不着的本质是： 你试图掌控一切。 该你管的：要管。 不该你管的：也要顺便想一遍。 你以为你在未雨绸缪， 其实你在给自己开“无限循环会议”。 我真的很好奇那些“大人物”的生活： 开会 → 开会 → 继续开会 → 顺便再开个会总结刚才的会。 一天结束： 什么都干了，又好像什么都没干。 这种人生，我不行。 我可能更适合当一个 “偶尔焦虑，但总体快乐的小人物”。 毕竟，价值这种东西，本来就是自定义的。 你觉得今天晒到太阳、喝到好喝的咖啡，就是价值——那它就是。 那一刻你会发现—— 原来幸福不需要很贵，只需要你别一直赶路。 所以总结一下我最近的生活哲学： ✔ 闹钟可以设，但别把自己也设成“高压模式” ✔ 事情可以负责，但不用提前两小时焦虑 ✔ 生活可以忙，但记得给自己留点“无用但快乐”的时间 ✔ 减肥可以继续，但快乐不能暂停 说到底—— 日子不是用来硬撑的，是用来体验的。 别老想着“把一切都做好”， 先试试——把自己过舒服。 So，今天也别太紧绷。 该睡睡，该吃吃，该快乐就快乐。 Enjoy 😉 #自由是灵魂的氧气[话题]# #致在出行精致感拉满[话题]# #美国生活[话题]# #抛开事实不谈[话题]#,,,
S0090,千万要听劝！成败就在四年级下学期,"#四年级 #辣妈育儿经 #家庭#辣妈育儿经 #家庭教育经验分享 #家有小学生 #提高孩子学习成绩 #四年级下册 #小学语文怎么学 #四年级下学期
iCloud全部备忘录三、英语：（保95,冲满分）小学英语重点培养兴趣，把单词量提上来是关键，家长重点抓三件事：记单词：每天5个，单个词汇机械记忆特别容易忘，所以可以让孩子把课本里的let'stalk背下来，体验词汇放在句子里的使用情境，就能记得牢！坚持听力：坚持英语熏听磨耳朵！听得多了语感自然就提升，答题正确率至少能提升50%，推荐每天半小时《PeppaPig》+台词本，效果真的很明显！3.鼓励多练口语：学英语却不敢开口说，早晚变成哑巴英语，多鼓励孩子大胆讲英语，只要你不尴尬，尴尬的就是别人。四、小四门启蒙：（看纪录片）科学：1.《奇妙的科学》30集，每集10分钟2.《小小发明家》20集，每集12分钟3.《科学小实验》15集，每集8分钟大地理：1.《美丽的祖国》20集，每集8分钟2.《有趣的地理现象》15集，每集10分钟3.《中国的好地方》12集，每集12分钟. 寒假预习：课内阅读强化训练寒假预习：四下背诵默写汇总L 四年级（下册）必背六容+.A AATRA 寒假预习：四下阅读理解公式1.第1年无网读要意：就位关倾活向，和多体合调文来达的思想感情四年级下册阅读理解常考题型+答题公式真别判文：写景大章（乡村时国主题）1.从九【版型1】文章结构：总分品、总分、分品【型2】大项序方法：空问规序：由选及迹、自近及选，从上到下、房前虚后时间版序：我标志词（年上中午怕晚每夏我车）游览顺序：我际志词（先然后观着些上）【游记】事情发展顺序：起园经过给票【记和文】一个孩子【规型3】联系上下式，解释词语品中答题公式：主意（使用下西方法）+太空意（谁千什么/非怎么样）明畔动齿：明是的眼睛，法白的考云食得无没；赏心到光法满足2122.造然法：把一三半和二四半设在一起解料。缺衣少食：缺少衣食和颜侃色：和满可条的后色。则骨稳心：保朝在心灵深处。友部右会：左右的邻居。依山情水：所处的位置靠着山、靠着水，形容环境忧美。全问：加重活气，“很，非常”小心莫其非常小心可怜已已+非常可怜既战破议十非常想要尝议仅肠植+非常饥法见楚确人很让人心动. 寒假预习：必背必考知识汇总四年级下册语文寒假预习必背知识点机理许是人寒假预习：每课思维导图山头自马西风第一单片天行心人O生于优不想无寒假预习：四下背诵闯关表0少年不-写不书山有可以用第十天第十二4）第十六关第二十共四下语文“必背”闯关表家九元第十九RTATI (a)(4)第十四天第十五克P1位(ETA)第十八英P120第十九天P. 寒假预习：四下计算题专项四刚算一.口。42-3-寒假预习：四下数学知识汇总第一单元四则远算1、加，减的和各部分间的关系0把两个5-24(2）30的（3）已知再寒假预习：鸡兔同笼专项练",,,
S0371,关于ai绘画一个很需要注意的点欢迎讨论！,"关于ai绘画一些碎碎念有点btd了致歉主要想说第一点，没有针对任何人的意思，本人父母健全欢迎讨论！
1 不建议反对ai绘画的妹子去使用ai配音还有ai抽象视频放在开头，我觉得尊重是互相的如果不想被融就要拒绝ai一切不然如果写文的或是配音的拿ai图当封面我们无话可说。当然别的也需要尊重画手！希望被ai侵权的领域都一起努力不要说丧气话，看到侵权就点不感兴趣
2 ai群演竟然100元的版权费低到底了。ai最大问题就是侵权，现在给演员版权费我们一开始被融的小画手们没名气活该为了科技进步时代进步牺牲呗。就算去授权，哪个画手会100给自己卖了😆至少包人家一辈子荣华富贵吧，不然都去ai了谁还找画手约
3 不认为ai产物为同人二创，ai是怎么跟创作搭边的啊？
人家辛辛苦苦满怀热爱的二创结果你那ai跑，一个配比一样的水滴是不能成为眼泪的
前几天还有人把角色图扔进ai跑出来说什么关掉了某功能角色不会被融，，，你自己问问自己信不信呢
4 现在普遍人接受ai就是因为火没烧到自己头上而已，等到自己赖以生存的行业因为ai而被辞退就知道了
5一些绘画软件放明显的ai图进什么意思，一次两次是偶然这么多次不好吧，，
6 一个比喻：我偷了别人的东西我肯定没有那么傻我偷了好多件好多人的我找了A帮我把这些东西拆开有混合组装起来，我自己可能也添加了一些人们都觉得东西归我所有而如果我没有给A钱那归我们二人所有，，
7 ai是好东西是科技进步的象征每错但是错的是幕后喂其侵权的人！一开始ai只是画出来但是后面却出了绘画过程什么意思好难猜啊～如果他能解决侵权那我还能接受一些但就像2条所说是解决不了的，或者说根本不会花钱解决的
一点碎碎念
我觉得人类已经没有未来了，人之所以为人不就是有艺术有灵魂吗如果ai那人类也不要称自己为智慧生物了（这句话纯个人发泄，我肯定相信ai无法完全代替画手）ai已经做到了以假乱真，ai描改已经是圈内质量低的可能看不出来的程度了。一开始手指错误，现在的它进步多少了，它以后在各个行业还会继续进步的，，一开始还为张雪峰老师伤心结果下一秒就被ai了
最后感谢看到这里的老师们
#ai绘画[话题]# #ai文案生成[话题]# #AI工具[话题]# #AIGC[话题]# #ai时代坚持手搓的艺薯家[话题]# #AI代替人工[话题]#
11:26关于ai绘画今天半夜11:25个人关于ai绘画一些碎碎念主要想说第一点，没有针对任何人的意思，本人父母健全大家友好讨论1不建议反对ai绘画的妹子去使用ai配音还有ai抽象视频放在开头，我觉得尊重是互相的如果不想被融就要拒绝ai一切不然如果写文的或是配音的拿ai图当封面我们无话可说。希望被ai侵权的领域都一起努力不要说丧气话，看到侵权就点不感兴趣. 11:26一关于ai绘画一点碎碎念我觉得人类已经没有未来了，人之所以为人不就是有艺术有灵魂吗如果ai那人类也不",,,
S0316,,#上热门话题 #张雪峰 #实体店 #家具店#居然之家山西总店 #新中式高端家具,,,
S0388,张雪峰猝死引发的思考,"张雪峰老师的猝死，给了全国的中青年群体极大的震动和警惕，我也不例外。
说实话，我恐惧死亡
但也因为有了死亡，才显得生命的可贵
一、对生命的底层反思
1. 健康是唯一底线
高压、熬夜、透支式拼搏，在猝死风险面前毫无意义。事业与财富，都以活着为前提。
2. 警惕身体预警信号
胸闷、心悸、长期疲惫、失眠，不是小毛病，是心脏在求救。
3. 拒绝无效拼命
过度运动+长期过劳，是中青年心源性猝死的常见组合，健康比打卡更重要。
二、对死亡的认知
死亡不可预测，更教会我们珍惜当下、善待自己与家人。
不必过度焦虑，但要养成规律作息、定期体检、学会减压的习惯。
面对网络谣言，先核实再传播，不被情绪裹挟。
三、实用自保提醒
出现胸痛、大汗、呼吸困难，立即停止活动，拨打120。
- 高压人群每年做心电图、心脏彩超，必要时查冠脉。
- 不熬夜、不酗酒，疲劳状态绝不剧烈运动。
找了一份防猝死自查清单，愿你为自己和爱的人，把这份健康底线守得稳稳的。
紧急信号识别（出现任一，立刻停止活动并拨打120）
胸部不适：压榨感、闷痛，持续数分钟以上或反复发作。
呼吸异常：不明原因的呼吸困难、急促、感觉喘不上气。
异常出汗：在没有剧烈运动、天气不热的情况下，突然大汗淋漓。
放射痛：疼痛或不适感放射至颈部、肩部、背部或下颌。
生活习惯自检（说到做到）—
1. 拒绝熬夜：固定入睡时间，尽量在23:00前躺下，保证7-8小时高质量睡眠。
2. 劳逸结合：连续高强度工作1小时，起身活动5分钟。每周至少安排1天完全休息。
3. 管住嘴：低盐、低脂、低糖饮食。少喝浓茶、咖啡，避免暴饮暴食。
4. 适度动：选择快走、慢跑、游泳等有氧运动，每周3-5次，每次30分钟以上。过劳时绝不硬撑运动。
5. 情绪管理：觉察到长期焦虑、暴躁或抑郁时，及时寻求倾诉与疏导，不要硬扛。
⚠️ 高危行为避雷（能免则免）
1.避免长时间连续高强度工作或娱乐（如通宵），中间必须强制休息。
2.感冒发烧、身体明显疲劳时，不做剧烈运动，不熬大夜。
3.少抽烟，尽量不饮酒，尤其要避免“烟酒局”。
4.数字资产守护（给家人的交代）
开通手机/电脑的定位共享与紧急联系人功能，确保关键时刻能被迅速定位。
5.整理一份重要资产清单（银行卡、理财账号、保险单等），告知一位至亲。
6.定期检查自己的社交媒体账号与网络足迹，及时清理风险信息。
#清明备忘录[话题]# #清明[话题]# #死亡[话题]# #传统节日[话题]# #我在小红书聊人文[话题]# @人文薯 @薯管家
小红书",,,
S0094,张雪峰说过，小学六年是孩子改命的关键期，千万别浪费！真正有远见的家长，不盲目内卷钢琴、舞蹈，不死磕低年级知识点，更懂得——狠抓晚上的时间，帮孩子筑牢核心能力，这才是未来拉开差距的底气。 · 和小学班主任交流时也发现，全班第一的孩子，都有一个共同习惯：用好晚上的时间。不用熬到深夜，每天1小时，做好复习、预习，再兼顾核心能力，孩子成绩和习惯都会稳步提升，比盲目报补习班管用10倍！ · 不是每个牛娃都,"张雪峰说过，小学六年是孩子改命的关键期，千万别浪费！真正有远见的家长，不盲目内卷钢琴、舞蹈，不死磕低年级知识点，更懂得——狠抓晚上的时间，帮孩子筑牢核心能力，这才是未来拉开差距的底气。 · 和小学班主任交流时也发现，全班第一的孩子，都有一个共同习惯：用好晚上的时间。不用熬到深夜，每天1小时，做好复习、预习，再兼顾核心能力，孩子成绩和习惯都会稳步提升，比盲目报补习班管用10倍！ · 不是每个牛娃都有天赋，但每个优秀的娃，背后都是家长陪着下笨功夫。晚上照着做，孩子迟早拔尖👇 · 1️⃣ 先抓基础习惯：作业自主权+时间管理 别天天盯着孩子写作业，更别陪到深夜！像我家顺子，以前写作业拖拖拉拉，后来用了个笨办法：晚上固定时间，列好任务清单，写完一项打勾，全部完成才能休息。计时器一开，他比我还积极。不是孩子不自觉，是没机会自己掌控时间，晚上这1小时，练的就是自律。 · 2️⃣ 学科打底：计算+练字，不
张雪峰：要想给孩子改命，不要浪费晚上时间！张雪峰说过，小学六年是孩子改命的关键期，千万别浪费！真正有远见的家长，不盲目内卷钢琴、舞蹈，不死磕低年级知识点，更懂得一一狠抓晚上的时间，帮孩子筑牢核心能力，这才是未来拉开差距的底气。和小学班主任交流时也发现，全班第一的孩子，都有一个共同习惯：用好晚上的时间。不用熬到深夜，每天1小时，做好复习、预习，再兼顾核心能力，孩子成绩和习惯都会稳步提升，比盲目报补习",,,
S0115,什么是你失去后才懂得的道理？,"知乎上看到这么一个问题：“什么是你失去后才懂得的道理？”
	
一个高赞回答是：“生病以后才发现，以健康换名利是最亏本的买卖。”
	
年轻人熬夜加班，觉得年轻是资本，想要用健康换取一个前程；中年人上有老下有小，不敢有丝毫懈怠，把“拼命赚钱”当成责任。
直到身体被透支，生命被耗尽，才恍然发觉：健康才是人生最贵的本钱。
我们拼命工作，是为了更好的生活，但是健康都失去了，一切的成就与财富都毫无意义。
	
正如俞敏洪所言：“如果你拼了命英年早逝的话，不如不那么拼命保持身体健康，活到八九十岁，看到这个世界的改变。”#和不完美的自己和解[话题]# #活下去的意义[话题]# #窗外的春天[话题]# #张雪峰[话题]#",,,
S0383,,"献祭式突围：普通人跨越阶层，到底要付出什么#张雪峰#阶层#普通人
献祭式突围普通人跨越阶层到底要付出什么坐尚终了献祭式突围始于1984.5.18终于2026.3.24",,,
S0181,当教育被功利定义，谁看见教师的加班与心酸,"只愿社会能少一点功利评判，多一份对教师的体谅；愿每一位在讲台前负重前行的我们，都能被温柔以待，在疲惫中收获温暖，在坚守中看见光🌟
#教师日常 #张雪峰事件 #教师职业思考 #教育初心 #加班日常 #教师心酸 #教育不是功利 #教育的本质  #老师的不容易 #教育新观念
满，加班早已成为教师的工作常态。放学后留校辅导学生是常态，周末整理档案、撰写教案是常态，深夜回复家长消息、处理班级事务也是常态。很多教师手机24小时不敢关机，生怕错过紧急通知，生怕家长有急事联系不上。本该属于休息的时间，被大量非教学任务挤占；本该用来深耕教学的精力，被各类检查、评比、创建分散。长期伏案、用眼过度、说话过多、精神高度紧绷，让不少教师早早患上咽炎、颈椎病、腰肌劳损，心理上更是长期处于焦虑与内耗之中。可这些疲惫与委屈，在“教师很轻松”的刻板印象里，常常显得微不足道。更让人无奈的是，教师的工作早已突破校园的边界，肩负着远超教学本身的责任。家校沟通需要耗费大量精力，既要耐心回应家长的每一个疑问，也要协调处理学生在校园的各类问题，小到同学间的矛盾摩擦，大到学生的心理疏导、行为习惯养成，事无巨细都要操心。工作强度大、责任重、压力大，但职业获得感并不总能匹配这份辛劳。一句不经意的指责、一次. 看见的辛劳，唯有身处教育一线的人，才能深刻共情。在很多人的印象里，教师工作体面、稳定、有寒暑假，是“轻松又安逸”的职业。这种误解，与社会对教育的功利化认知一脉相承，大家只关心教育产出了什么成绩，却从不关心教师为此付出了多少。事实上，教师的工作早已远远超出课堂教学本身。一节课40分钟的背后，是数小时的备课、磨课、制作课件、研究学情；作业与试卷不是简单打勾打叉，而是逐题批改、分析错因、分类辅导；白天要管理班级纪律、处理学生矛盾、关注孩子情绪，下班之后还有没完没了的表格填写、材料上交、专题学习、线上培训、安全排查所谓的“朝九晚五”，对绝大多数教师而言更像一种奢望。本该休息的傍晚、周末，往往被这些事务填. 当教育被功利定义，谁看见教师的加班与心酸张雪峰事件的持续发酵，将教育推向了功利化评判的风口浪尖。舆论聚焦于专业选择、就业薪资、升学回报，却鲜少有人关注站在教育背后的教师群体，关注他们被忽略的工作内容、超负荷的职业强度，以及藏在日常里的无奈与艰辛。当社会用功利标尺衡量教育成果时，教师却在日复一日的繁冗琐碎、无偿加班中，扛着育人的重担，这份不被. 不被理解的投诉、一场只看数据的评价，都可能让长期的付出瞬间被否定。在功利化的教育生态里，教师的价值被窄化为“提分工具”“成绩制造者”，而他们对学生的陪伴、引导、关怀与人格影响，这些无法量化的温暖与力量，却被轻易忽略。他们也会累，也会委屈，也会在无数个加班的夜晚怀疑坚持的意义，但每当看到学生的进步、听到一句真诚的问候，又会咬牙继续走下去。张雪峰事件像一面镜子，照出了社会普遍",,,
S0264,湖北省考作文去年压挺准，不知道今年怎么样,"#湖北省考 #湖北省考笔试 #湖北省考备考 #湖北省考报名 #湖北省考公告 #湖北省考考点 #26湖北省考
湖北省人力资源和社会保障厅请输入关键字DepartmentofHumanResourcesandSocialSecurityofHubeiProvince 热门搜索：职系26湖北省考行测三色笔记一、关系思维行文脉络思维（一）行文脉络1.引出话题——分析问题—提出观点（对策）2.引出话题——直接表明观点——展开论述（结尾再次强调观点）从文段行文脉络可知，大部分题可以在首尾句找到作者观点，其余文段压缩阅读。（二）解题技巧1.阅读尾句，通过是否存在“因此”“可见”“事实上”“应该”“需要”“不能”等来判断是不是观点（对策）。圈出主题词，首句稍加验证，然后直接选包含主题词的选项，如果有两个以上选项符合，那就优选对策。2.阅读首句，表明观点，圈出主题词对照选项同义替换。随笔练习1.美国著名学者伊顿曾预言：“我们深信，在不久的将来，我们国家的最高经济利益，将主要取决于我们同胞的创造才智，而不取决于自然资源。”伊顿的预言在今天已经变为现实，金融危机、能源和矿产资源价格急剧上涨，世界经济滞涨风险苗头显现，国民的创新能力得到许多国家前所未有的重视。这段文字意在强调：A.人力资源将在经济增长中发挥越来越大的作用B.自然资源在国家发展中的重要性将逐步降低C.国家要发展必须充分发挥国民的创造能力D.国民素质的高低将决定国家未来发展的方向米【解析】C.先看尾句，文段由伊顿的预言引出国民创新能力对国家发展的重要性，由此可知文段强调的重点在于“国民创新”，选项中与此相关的只有C项，故当选。2.在战场上，人机协同被人工智能所取代，至少目前来看短时间内很难发生。人工智能能解决的问题有限，替代首先会发生在部分领城，但却依然离不开人机协同。人工智能的主要实现手段是机器学习，深度学习是实现机器学习的一种方式。尽管目前深度学习在众多领城已取得非常好的效果，但涉及战场上要求创造性、无法给出明确定义和边界、缺乏数字化知识经验的任务，机器可能就无能为力。所以今后一段时间里，机器在作战领域中更多的是. 湖北省人力资源和社会保障厅请输入关辑DepartmentofHumanResourcesand SocialSecurityofHubeiProvince 湖北省考预侧作文坚守文明执法理念行政执法一头连着正府权威，一头连着群众冷暖，是展现法治温度、传递为民初心的重要窗口。文明执法不是弱化执法力度，而是提升执法艺术；不是放弃执法原则，而是兼顾法理人情。新时代行政执法，必须坚持以人民为中心，转变执法理念、规范执法言行、弘扬法治精神，让文明执法成为法治正府的鲜明底色，让公平正义可感可及。转变执法理念，坚守为民宗旨，拉近干群距离与情感鸣。要推动执法理念从“管理型”向“服务型”转变，摒弃官本位思想与强权式思维，把",,,
S0153,怀念张雪峰老师,"张雪峰老师因突发疾病离世，享年41岁。他以直白、通透的方式为无数学子提供升学指导，帮助他们找到正确方向。他的精神和无私奉献将永远激励着每一个被他温暖过的人。
他的一生，短暂却光芒万丈，从平凡出身逆袭，又倾尽所有照亮更多平凡人的路。他是真正的教育者，不是流量网红，他留下的精神，会一直影响着每一个被他温暖过的人。缅怀张雪峰老师，感谢您曾为万千学子照亮前路，愿天堂没有疲惫，一路走好，我们永远铭记您。. 怀念张雪峰老师张雪峰老师离开18天，我们永远失去了这位求学引路人作为一个默默关注他很久的普通人，直到今天，还是很难接受他已经离开的事实，今天，是他离开的第18天，满心都是不舍与怀念。初识张雪峰老师，是被他直白又通透的升学讲解吸引，在这个充斥着虚假宣传、功利说教的教育圈子里，他就像一股清流，始终坚守本心，眼里心里全是求学的孩子。他见过太多普通家庭因为不懂志愿、不懂考研，让孩子错失好前途；也见过太多学子盲目努力，因为选错方向白费功夫，所以他拼尽全力，把自己积攒多年的经验、干货，毫无保留地. 分享出来。他从不避讳谈就业、谈现实，即便被人诟病功利，也依旧坚持为老百姓说话，为寒门学子发声。他告诉大家选专业要接地气、要立足未来，告诉学子考研不是唯一出路，但选对方向比盲目努力更重要，这些话，拯救了无数陷入迷茫的家庭，也让无数学子找到了前行的方向。这么多年，他一直是我心里的榜样，他对教育的热爱、对学子的负责、对真相的坚守，让我们看到了教育最本真的样子。他从来不在乎外界的争议，只在乎能不能帮到更多孩子，这份纯粹，难能可贵。谁能想到，那个永远充满干劲、永远为学子着急的张老师，会突然停下脚步。41岁，正是大展拳脚、能帮更多人的年纪，他却永远离开了我们。这18天，刷到无数网友的悼念，每一条都是发自内心的感激，大家都记得，是他帮自己选对了专业，是他点醒了迷茫的自己。",,,
S0272,,这个暑假，来峰学蔚来研学吧！广州站有学有玩，有名校名企参访，还有等着你的马老师！#张雪峰 #峰学蔚来 #研学 #研学旅行,,,
S0370,,#张雪峰 #易烊千玺 #迪丽热巴,,,
S0315,张雪峰：书法专业｜未来5-10年爆火🔥的证书,书法专业特别是女生拿下这几个王炸证书未来510年超吃香. 书法生就业必备的8大证书4.教师资格证报名时间：每年官网通知为准报名条件：大专及以上学历凝师资格证书考试时间：笔试3月、9月考试证书作用：上岗就业、提升自己、教书育人工作稳定、周末双休5.中国书法家协会书画界最有权威的证书！如果书画老师准备开中国曹法家协会员证工作室，能大大帮你的画室提升生源。入会不容易，不懂得来问我，期待你也成为其中一员6.文促会书法教师证报名时间：随时报名条件：中专及以上学历社会艺术水平考级注教师证书考试时间：3.6.9.11月就业方向：小学教师、中学教师、公务员、培训讲师机构老师. 书法生就业必备的8大证书1.艺科所书法教师证报名时间：随时报名条件：满18周岁考培周期：2一3个月拿证证书作用：上岗就业，专业能力最好的证明开培训班、提高课时费2.中国硬笔书法家协会会员证报名时间：随时报名条件：满18周岁、中专及以上学历就业方向：兼职教师、社会教师书法类教师教学用3.毛笔书法培训师波学习证书报考条件：满18周岁报考时间：随时考试方式：线上机考，每月都可考考试内容：着重考核毛笔书法的教学特点、教学技巧、及书史和书法理论等. 书法生就业必备的8大证书7.少儿硬笔书法教师职业技能在线学习证书报名时间：根据准考证时间为准报名条件：满18周岁考培周期：2一3个月拿证考试内容：《少儿硬笔书法教师理论知识》、《少儿硬笔书法教师实践技能》8.文旅部人才中心书法教师辅导教师证书报考条件：满18周岁报考时间：随时考试方式：线上学习、修学分、线上考试证书用途：证明本行业取得的专业能力，上岗就业必备，开培训班提报资料,,,
S0399,第3期 | 我就是我，30+女生向内自愈,"前两天，一位认识许久，但是近年未曾联络的姐姐找我聊保险，我有些突感意外，因为这位姐姐是我很早就认识的，以前我主动找她聊，但是她直接拒绝了我，一度认为我是“传销”组织，索性我也懒得过多解释，我就再也没有主动提及保险这个事情。
	
但是，前两天，这位姐姐的主动联络，并向我提及到保险，还是在女性群体中相对冷门的杠杆寿险，也是我蛮意外的事情，在聊天过程中，才知道，她发现她老公出轨，并且因为她老公投资失败的原因，在外有不少的欠款，于是他们选择了离婚，而姐姐一生要强，独揽了孩子的抚养权，但是在今年经济行情不太好的情况下，她突然害怕自己没有足够的能力应付未来风险的情况下，孩子没有保障，于是就找到了我。
	
我当时还有些打趣的问到，应该不止婚姻变故导致了她想法的改变吧，她说是的，还有另外一个原因是看到张雪峰猝死的新闻，她感觉有些后怕。
	
在我和姐姐的沟通过程中，我突然发现原来那位性格张扬，我行我素的女性，如今经过婚姻变故，名人猝死，独自带娃居然变得如此独立，内敛和沉稳，这是我意想不到的。
	
于是在和她的沟通过程中，我给她做了风险项目的梳理工作，同时根据她的收入情况，为她做了一个包含基础保障、孩子教育、资产隔离以及生命杠杆的保险计划。
	
计划梳理完成过后，姐姐跟我发了这样的一条消息，内容如下：
	
“猫猫儿（我绰号），说实在的。以前你和我聊保险的时候，我并没有把这个事情放在心上，认为你一度是个为了完成业绩，消耗我的保险销售人员，但是这两天的深度沟通，我发现你的确很专业，帮我解决了很大问题，其实以前二十来岁的时候，就是觉得这个世界都是我的，应该围绕我转，经历过婚姻的失败，现在又一个人在外地打拼事业，娃儿我也要养大，我突然觉得 ，以前的我还是太幼稚了。我先现在的心态就是要提高自己，让自己变得强大，把外求变成内求，啥子情伤，爱伤跟老娘也无关，我现在眼里只有我自己，只有我娃儿，还有挣钱。”
	
我只回复了她一句：
	
“30+的你，向内自愈，所向披靡。”
	
经过这个事情，我感受到了，当代女性的不容易，因为作为女性的你们，细腻，敏感且强大，把完整的自己分割成各种角色被社会定义，女儿、妻子、母亲、事业……而唯独忘了保留自己。
	
但是，我也能深刻感受到，人生的挫折也在让你们在寻找自己，疼爱自己，接受自己，我衷心祝福你们30+以后的人生会越来越好，向内自愈，独自绽放。
	
#我的中女时代[话题]# #自定义人生故事[话题]# #保险[话题]# #女性成长[话题]# #不一样的保险从业者[话题]#",,,
S0078,考公考编面试热点：面试热点人物,"考公考编面试热点：面试热点人物 话题：#四川事业单位联考[话题]##四川事业单位[话题]##考公考编面试[话题]##人物素材[话题]##面试热点[话题]##事业单位面试[话题]##四川省考[话题]##结构化面试[话题]##四川点拨教育[话题]##四川点拨[话题]#
张雪说：“没有自主研发的发动机，永远只能做组装厂。”他顶着巨大压力，以个人名义借钱、花3000万自主研发大排量发动机。2026年，搭载这台发动机的赛车在WSBK世界超级摩托车锦标赛夺冠，打破欧美日长达数十年的垄断。答题金句：“从张雪身上我们看到，自主创新没有捷径，只有把键核心技术掌握在自己手中，才能在国际竞争中赢得主动。”角度二：实干精神考点对接：公考面试常问“谈谈对实干精神的理解”。张雪用实际行动诠释了什么叫“干”字当头2017年创业，首款车型上市即成爆款；2024年因坚持研发与合伙人分歧，他选择离开自己创办的企业，从零开始再创业。他说：“我对失败的包容度很高，因此从不惧怕失败。想到就立刻去做，做错了就直面错误。”答题金句：“张雪的经历告诉我们，实干不是口号，而是敢于试错的勇气和从头再来的魄力。”角度三：企业家精神与社会责任考点对接：常考“企业社会责任”、发展与安全，公考面试常问“企业发展与消费者权益如何平衡”“如何看待企业家的社会责任”。张雪做了一个“反常”的选择。张雪机车夺冠后订单爆满，他却规定：摩托车驾龄不满一年者禁止购买一一宁可损失约10%的销量。他还设立举报奖励机制，防止经销. 三，庞众望（清华博士）人物事迹庞众望：科研报国庞众望，1999年出生于河北沧州吴桥县，父亲患有精神分裂症，母亲下肢残疾。2017年高考684分，获清华大学“自强计划”降分录取资格。2021年本科毕业后直博清华精密仪器系。2025年入选《感动中国》2024年度人物，2026年获评清华大学学生年度人物。角度一：自强不息考点对接：公考面试常问“如何看待寒门难出贵子”“谈谈你对艰苦奋斗的理解”。庞众望是教科书级的答案。父亲患精神分裂症，母亲下肢残疾。他18岁前，曾因先天性心脏病命悬一线，曾为母亲住院挨家挨户借钱，曾为还债捡废品。但他始终笑着。2017年，他以684分考入清华。答题金句：“庞众望让我明白，真正的强者不是没有眼泪的人，而是含着眼泪依然奔跑的人。”角度二：感恩之心考点对接：公考面试常问“谈谈你对感恩的理解”“如何做到不忘初心”。庞众望把感恩落实在行动上。母亲临终前说：“为国家多做点贡献，帮助更多的人。”2025年教师节，他在《人民日报》发表文章感谢小学音乐老师：“谢谢你在普通的教室里，带走孩子的胆怯，为他们留下勇气和信心。”. 二，张雪峰（考研名师、企业家）人物事迹张雪峰，本名张子彪，1984年出生于黑龙江富裕县普通工薪家庭。2007年进入考研培训行业，2016年因《7分钟解读34所985高校》短视频爆红，全",,,
S0041,老公夜不归宿夫妻有隔阂 我用这招让他重新,夜不归宿是关系中的冰山一角，背后是情感价值枯竭和压力过载。他逃避家，是因为感到“不舒适”和“窒息”。真正的修复在于重建家庭温暖，让自己和家变得更有吸引力，让他主动回归。#老公越界#出G#海外生活#情感树洞#婚姻修复#海蓝之谜#宝格丽#奢侈品#香奈儿包包#张雪峰,,,
S0341,张雪峰：中产家庭千万不要落户上海…,"手握上海户口，真心奉劝一句：上海户口虽香，但真的不是人人都适合办。身边很多人盲目跟风落户，樶后被生活压力、教育内卷困住，得不偿失。整理了三类不建议硬冲上海落户的人群，落户前务必对照自查，理性选择更稳妥✅
❌ 家境普通、预算有限的家庭
上海常住成/本居高不下，生活压力极大：单间租房4000元起，日常通勤、餐饮月开销2000元以上，育儿、教育、培优更是长期大额支出。如果家庭收入普通、没有充足储备，盲目落户只会加重生活负担，反而不如二三线城市过得松弛安稳。
❌ 孩子已超小学阶段，没必要硬凑
大部分人落户上海，核心诉求都是孩子升学。但上海教学体系、考试节奏、教材进度和外地差异极大。孩子如果已经升入初中、高中，再转学落户很难适配本地学情，跟不上学习节奏，不仅享受不到升学红利，反而容易影响成绩、耽误学业。
❌ 追求安稳、想躺平生活的人群
上海高压快节奏的环境，并不适合偏爱安稳松弛的人。职场内卷、学区房焦虑、全/方/位育儿竞争贯穿日常，长期身处其中身心消耗极大。如果向往朝九晚五、休闲自在的生活，二三线城市的松弛感，远比上海户口更有价值。
不可否认，上海户口的含金量十足：
✅ 优质教育资源、✅ 顶/尖医/疗配套、✅ 专/属购房购车资格、✅ 完善城市福利
但所有红利，都需要经济实力+抗压能力支撑，并非免费享受。
📝 2026上海四大落户通道｜极简汇总
🌈 居转户
✔️ 7年居住证+无职称+后4年累计36个月2倍社保
✔️ 7年居住证+中级职称+后4年累计36个月1.3倍社保
✔️ 5年居住证+高薪社保+后4年累计36个月3倍社保（高薪捷径）
✔️ 5年居住证+临港就业+3年1倍社保（区域超低门槛）
🌈 留学生落户
✔️ QS前50院校：符合条件直接落户
✔️ QS51-100院校：6个月社保即可，不限基数
✔️ QS101-500院校：6个月1倍社保+个税匹配
✔️ QS500+院校：12个月1.5倍社保+个税匹配
🌈 人才引进落户
✔️ 本科+重点/高新企业+2年2倍社保
✔️ 硕士+重点/高新企业+1年2倍社保
✔️ 高级职称+足额社保可直接申报
✔️ 优质企业高管+3年高额纳税+3倍社保可申报
#上海落户[话题]# #落户上海[话题]# #上海落户政策[话题]# #居转户[话题]# #落户[话题]# #上海落户攻略[话题]# #上海教育[话题]# #上海居住证落户[话题]#
Date MemoNo.张雪峰：中产家庭千万不要落户上海2026.5.25",,,
S0362,过来人告诉你：自拼是这样学的,"张雪峰老师7-16终于有人把自然拼读怎么学讲清楚了！27166106. oe[ou]toe脚趾hoe锄头Joe乔（男子名）ue[ju:]hue颜色fuel燃料cue提示value价值Day3-可变辅音字母的发音c和g很奇怪，遇iey要变换难点汇总c发[k]是常识，遇iey要变[s]g发lg]不用记，遇iey要变[d3]c[k]cat猫cup杯子cold冷的c[s]city城市cycle周期face脸g[g]game游戏guess猜goat山羊9[d3]gym健身房cage笼子giraffe长颈鹿Day4-Y的发音字母Y真奇怪它是一个三面派在开头要读[]多音节词尾要读单音节词尾要读[ar]yul yes是yellow黄色yogurt酸奶yn funny有趣的happy开心的family家庭y[ai]my我的why为什么sky天空Day5-Y与元音字母的组合字母Y要交朋友，朋友越多越暴走ay牵手跟a走eyoy牵手一起走uy牵手自己走ay[ei]day日子May五月play玩ey[ei]grey灰色convey传送obey遵守oyloil boy男孩toy玩具joy开心uy[ai]buy买guy家伙Day6-R与元音字母的组合大哥a遇霸道r,根本不怕喊声啊：二哥o遇霸道r,嘴巴变圆哦哦哦eiu遇霸道r,三天两粒米肚子饿w是个调皮蛋，遇aror要变换ar [a:(r)]car汽车bark吠叫park公园or[s:(r)]pork猪肉fork叉子short短的ir[3:(r)]bird鸟gil女孩skirt短裙ur[3:(r)]hurt伤害turm转身nurse护士w+ar [):(r)]war战争warm温暖的ward病房W+or[3:(r)]work工作word单词world世界第2页共9页. 自然拼读规则汇总英语字母二十六，元音字母他最6,就是AEIOU.元音长短要分清，后有辅音发短音：元音单独站末尾，没有辅音发长音。Day1-元音字母长短音的发音短音发音：a[ae]cat猫rat老鼠hat帽子cab出租车map地图e[e]bed床egg鸡蛋vet兽医pen钢笔hen母鸡pig猪kid孩子bin垃圾桶big大的sit坐[]frog青蛙mom妈妈fox狐狸fog雾log木头u[a]bus公交cup杯子nut坚果hug拥抱sun太阳长音发音：she她me我PDF可打印e因]he他we我们i[ar]hi你好o[ou]go去no不so这样hello你好单词结尾有小e,前面元音发长音a-e[er]make制作cake蛋糕name名字lake湖take带走game游戏same相同的late迟到e-e[]eve前夜compete竞争Chinese中国人gene基因i-e[ax]like喜欢bite咬ride骑Mike迈克nine数字9mine我的fine很好的kite风筝o-",,,
S0030,金融专业真的普通家庭不能选吗？,"当然不是。 简单来说，有资源关系的家庭，能让你在行业里轻松一些，但不能保证都达到上限；普通家庭，那你就靠自己努力，慢慢来。 其实，你仔细看就明白，这段话放在任何行业都能说的过去。 详见文章，可供参考。 #海归求职 #留学生求职 #金融求职 #金融行业 #金融知识 #金融 #商科求职 #金融学 #金融不可能三角#金融实习
果进入了厦大，你肯定不希望到一个差一些的学校读研了；其次，如果准备往金融行业发展，那么保研还是考研又是一个问题，前者需要持续努力，后者需要努力和勇气和运气。随着就业越来越卷，现在很多岗位除了看研究生学历，还要看本科学历和学位，比如本科是不是名校，本科是什么专业(有时候本科是金融学的反而不如理工科背景有优势)。（2）学费：和研究生是绑定在一起的就是当前研究生学费。目前金融名校研究生学费比较贵，你可能要做好心理准备。比如复旦金融专硕研究生一年是10万9,两年，而且不负责住宿(需要自己租房子去)，当年还在涨。当然，学硕目前应该还是8千一年，三年，但现在这样的学校越来越少了。而可悲的是，很多研究生毕业后学费要好几年才能赚回来(攒回来)除此之外，我不觉得有什么门槛。比如，做了保险销售，确实会有同事，家里有厂子，认识很多有钱人，业绩不愁，每天悠哉。但很多保险销售从业者，也是从亲戚朋友同学开始，一点点获取单子，一点点建立信用。也会一个个coldcall打出去。这样虽然辛苦，但真的是从业者的多数。. 接职业咨询/规划/辅导和陪跑UCL硕，本科拿过国奖目前在TopPE做股权投资和并购，交易金额超过10亿美金，在中金资本、JPMorgan私募线、德勤咨询均有经验，帮助很多同学拿到了Top券商、PE/VC、战略咨询等offer 工成果：已做过1000+各种背景Candidates 职业咨询或全职辅导，offer覆盖了目前主流金融公司，具体案例可见朋友圈。能帮你：·金融/咨询/互联网求职路径规划·笔面试真题+Case拆解·简历精修+网申避坑全程本人沟通和跟进，「不搞机构那一套」，直接解决信息差，帮你少走弯路。欢迎各种形式的咨询和辅导，感谢！. 你说这些哪个不是关系户推荐的呢？一个有上市潜力的企业，就像是一块肉，所有获得信息的券商和团队都会闻腥而至，也当然都会找到一些渠道和企业老板对接上。但上市成功与否关系着老板能否一跃为上市企业家，身家能否过亿、过十亿。对他而言，任何渠道推荐过来的券商、团队，都需要确保企业能上市这一基础目标。到了这个时候，还是要看券商平台水平和团队自身能力。类似的情况在投资、融资等等细分行业里都多了去了。那种所谓的一个电话搞定一个项目的年代其实已经过去很久很久了。。。3、对于普通家庭而言，进入金融圈子真正的门槛是什么我看来金融就业有三大门槛(针对进入门槛比较高的金融行业，这也是未来回报相对高一些的岗位（1）学历：本科毕业入行金融当然可以，但高门槛工",,,
S0204,,你是为学子道路上的引路人，也@是品格高尚的先行者，温和谦逊，治学严谨，言辞犀利，用一生坚守对教学的热爱与初心。那些流淌在经典直播课堂，早已了学子们的成长与记忆，成为岁月里永不褪色的光亮，愿先生一路走好，天堂安息，文脉永续。#张雪峰考研 #悼念 #上热搜 #生活与我 #抖音推广,,,
S0284,,一首《雪落峰顶，灯果熄》致敬张雪峰老师 黑龙江的风 吹过富裕县的冬 那个叫子彪的少年 眼里藏着彩虹 郑州大学的宿舍 辩论赛上的麦克风 七分钟 三百秒 把九十八所高校装进心中你说别做白日梦 你说要看路通不通你把高深的围墙 拆成百姓听得懂的砖缝有人笑你太功利 只谈饭碗不谈梦有人骂你太冷酷 把文科的路都封可你指着屏幕那头 千万个迷茫的面容那是大山里的孩子 是工薪层的痛他们输不起一次选择怕走错一步就落空 所以你宁愿做那个恶人 也要把真相大声吼 你总是语速飞快 像在和时间赛跑你总是嗓门很大怕世界听不到 你说普通人家的孩子 没有试错的资本 要在迷雾里点亮一盏灯 哪怕燃烧自己也不肯停 雪落在了苏州的夜 峰顶却突然寂静了 四十一岁的脚步 停在春天的三月 那张总是笑着的脸 变成灰色的页,,,
S0143,张雪峰老师说过线上电商资源很重要‼️,"返回张雪峰老师建议：电商人真的不要把路走窄了说的特别对——“当局者迷，旁观者清”这句话，放在线上电商这条路上，真的也是太符合了;我们很多刚开始做线上开店的人，都容易陷入一个误区“总想自己闷头把一切都琢磨透了再动手，选品、开店呀、货原呀都自己对接清楚，生怕弄错了一点机会，结果就是一个人在自己摇篮里，反复的思考，没有一点执行力，想的永远是这样，那样，可是自己是一步都没有行动起来；后来你就会发现，那些电商做的好的人，从来都不是“聪明”的那个，而是会“借力打力”的人，他们是借平台的力量、借工具的力量、借过来人经验的力量，他们也是愿意看着别人是怎么跑通一个品类的，愿意问别人是怎么避坑，甚至是愿意花q去买别人花了几年时间换来的认知，这不是走捷径，这是用更低的成本、更快的速度，站上巨人的肩膀走路；. 有空去做线上开店未来很香现在很小众. 、返回所以，如果你现在正在犹豫要不要入局，或者入局后却感觉越走越窄—不防停下来思考一下：你是不是想把开店当成一场“闭门造车”信息来源渠道太闭塞了；去看那些做的好的店铺，他们的链接、产品定价，他们的详情页，都是可以直接公开参考的；也可以去问问那些已经跑通的前辈，哪怕是付费讨教，只要能换回一个思维，给你带来质的突破，就值这个票价；去做小化实验成本，不要一上来就全部allin,他们是用最小的成本方式是错，让市场告诉你答案，而不是自己苦苦冥想；电商这个赛道，前景确实是不错的。供应商也越来越多，玩法也越来越丰富，物流和支付体系越来越成熟，但是机会从来不是“最敢想”的人，而是思考过后的行动和执行力，决定一切的；别把路走窄了自己信息越闭塞，交流越少，就会越窄，迈出一步，你不需要想的很完美，很厉害才能开始，路在脚下，更需要有迈出去的勇气；",,,
S0286,,#张雪峰老师 怎么能不遗憾呢？“买房有希望，上学不求人， 城市有温度，事业无上限。”这是张雪峰老师对苏州的4个评价～～苏州不仅是他个人的定居选择，更是他为员工谋福利的战略决策。他曾表示，搬迁是为了让员工能安家落户、结婚生子、让孩子在当地高考，而不是像在北京那样“漂着”。 在情感层面，苏州也承载着他对家乡的思念。尽管身在江南，他仍会因一盘东北蘸酱菜而动情：“我在苏州，做梦都想尝一口这道菜。” 这一刻，他不再是犀利的“考研名师”，而是一个思念故土的普通人。 此外，苏州的本地文化也因他而受到关注，如他推荐的“双丰园”餐厅曾一度成为网红打卡地，引发大众前往品尝。,,,
S0189,26专升本语文，今年将会是槯简单的一年,你好老师业张雪峰老师昨天01:0326专升本英语，今年将会是简单的一年乙1万541810.9万. Ss X 专升本语文诗歌鉴赏答题模板三、山水田园诗（一）常用技法：比喻、拟人、查张、对比3.意境营造方面：常用景物烘托、虚实结合（二）写景表现手法：1.白描和工笔；2.观察角度俯仰的变化与远近高低的顺序；3.光、影、色彩的渲染，视觉、听觉、嗅觉、触觉的运用；4.虚实结合（眼前之景与想象之景）；5.动静结合（以动衬静，化动为静与化静为动）。（三）常用抒情方法1.借景抒情，融情入景；2.乐景写哀情(反衬）。（四）情感1.寄情山水，赞美山河，热爱自然。2.借凄风苦雨，表达对自由的向往及厌倦官场的超脱之情。3.憎恶黑暗，寄托恬淡静雅的隐逸之乐。4.以恬淡之心抒写山水清幽，表达闲适淡泊，悠然自得之情。5.对现实不满和怀才不遇的苦闷。6.厌弃官场，坚决回归自然田园的决心。四、咏史怀古诗（一）常用技法1.借景抒情。2.对比手法：描写眼前衰败、荒凉的景象，与历史上的繁华兴盛形成鲜明的对比。3.化用典故，借典故寄托自己的感伤或对国事的讽喻。4.衬托，诗人往往临古迹而抒怀，以悲景衬悲情。（二）情感. X 专升本语文常识口诀元四大悲剧：吾儿喊冤元四大爱情剧：倩马喜悦吾《梧桐雨》倩《倩女离魂》儿《赵氏孤儿》马《墙头马上》喊《汉宫秋》喜《西厢记》冤《窦娥冤》悦《拜月亭》莎士比亚四大悲剧：哈罗李白汉赋四大家：司杨班长哈《哈姆雷特》司(司马相如)罗《奥赛罗》扬(扬雄)李《李尔王》班(班固)白《麦克白》长(张衡)元曲四大家：白马观光明初四大传奇：杀白荆亭白(白朴)荆《荆钗记》马(马致远)亭《拜月亭》观(关汉卿)白《白兔记》光(郑光祖)杀《杀狗记》初唐四杰：王杨遭咯苏门四学士：观黄补雷(荣)王(王勃)观(秦观)杨(杨炯)黄(黄庭坚)遭(卢照邻)补（晁补之)咯(骆宾王)文雷(张荣)汉赋四大家：司杨班长初唐四杰：王杨遭咯司(司马相如)王(王勃)扬(扬雄)杨(杨炯)班(班固)遭(卢照邻)长(张衡)咯(骆宾王). SS 专升本文学常识高频知识点（按朝代顺序整理18页）【先秦时期】1.先秦散文分为(历史散文)和(诸子散文)两种。2.先秦文学作者身份发生了由巫到史，到（贵族），再到（士)的演变。3.《诗经》的句式以(四）言为主。4.《诗经》因收录诗歌(305)篇，被称为(诗三百)。5.国风多为(春秋）时期的作品。6.李斯是(法家学派)代表人，其作(《谏逐客书》)是古代散文名篇。7.“春秋三传”(《左传》《公羊传》《谷梁传》)。8.“三礼“分别是(《仪礼》《周礼》《礼记》)。9.屈原《九歌·少司命》中“悲莫悲兮生别离，乐莫乐兮新相知”被明代王世贞赞为(“千古情语之祖”)。10.《诗经》常见的押韵方式是（隔句)押韵。11.老子的主张是(无为而治）；具有朴素的(辩证法)思想。12.离骚中常见的两类意象是(香草)(,,,
S0205,求助 从高中到大学都很焦虑迷茫怎么办,"感谢大家能够看这么多字并且给出一些建议，主播是真的没处诉说了[哭惹R][哭惹R]#人生方向抉择 #人生无力感 #迷茫的生活 #迷茫的大学生 #高中和大学 #大学 #关于我的墓志铭
21:06L.Q 乐器等兴趣班都没坚持下来，唯一坚持的事可能就是学习？），不管怎样他们都有人托底，我在这个班级里完成了人生世界观的第一次崩塌，原有的思维模式被一点点打碎，因为我从小被灌输学习是唯一的出路等思想，所以在此之前是典型的优绩主义信奉者，为自己还算不错的学习成绩沾沾自喜，唯一的乐趣就是在学习上超越别人，但首先来到这个班原因就是没考好，在优绩主义世界观里这是不能接受的，是第一层打击，其次我在这里才发现不是所有人都在乎成绩，我洋洋自得的成绩，家境优渥、有人托底的同学根本不放在眼里，压根不惜得和我比，甚至用我们的方言嘲笑我是“学习娃”，这是更为猛烈的第二层冲击，是呀，家境普通又努力学习，在他们眼里就是典型的书呆子形象。在这. 21:07。Q 真的好想干点有意义有价值的事，哪怕忙起来也行，现在我就是怕忙还忙不出个所以然。很恐怖的是，我发现自己在慢慢变笨，记单词也不如高中时候快了，拖延症也严重，比如现在要洗澡，我得在桌子前坐个半小时思考要带的用品，总是没法一鼓作气马上去洗了。我不知道大家能不能给我一些建议，这个帖子也可以说是我的发泄贴吧，我真的不知道该给谁说了，每次给家长一说，我家长就会说：有啥焦虑的，你们学生光把习学好不就完了，我不知道该怎么向他们解释大学里已经不是像高中那样只有单线任务了，还经常提让我也做自媒体，认为自媒体起号可简单，说网上那些生活博主不就是做做饭就火了。真心感谢大家看完并且给我提建议。. 21:0655D 他们眼里就是典型的书呆子形象。在这里，原本初中成绩优异被众星捧月的我终于变成了小透明，这种极大的落差让我难过，我也反思过我自身确实也存在喜欢别人关注自己的毛病。我忘不了在艺术节台下看着别人表演时羡慕的心情；忘不了听见二代们在班里谈论自己花了多少钱找的什么关系进的这所学校时的不平；忘不了同学们讨论寒暑假去了哪玩而我只能沉默不语的尴尬；忘不了夏天学校连上九天，在市区的同学们纷纷请假回家洗澡而我只能硬撑九天的窘迫；忘不了每次发烧生病只能先在宿舍自己抗、抗不过去才能请假，自己坐公交车再转大巴回家的难受。不过我没办法，我只能继续努力学习，学习可能确实是我唯一的路了，但是在这个班里，上课吵吵闹闹不尊重老师，自习更. 21:06L.Q 预约了礼服和妆造，因为家长认为没必要浪费钱我只能穿着旧衣服参与，合照的时候我躲在后面，写的时候自己也觉得有点矫情啦，不过对于一个高中生来说，看着别人漂漂亮亮出片、发朋友圈、发抖音，自己啥打扮也没有真的还是挺难过。高考结束的那一刻，我没感觉高兴，更多的是迷茫。最后我考入了一所985的法学专业，其实成绩刚出来的时候，我也有过如范进中举般的喜悦，没",,,
S0156,感觉第二个赛博永生的人要出现了…,19:33554你给过的勇气我一直放在心甲大家都在搜：念张师歌词697条评论这是张雪峰的应援物料无清爽柠檬味0糖0脂肪卷四层美味昨天20:34·四川回复13作者赞过中八陪一张期待你的评论. 18:291132026城市马拉松张雪峰02:35:28火车头代言人挑战自我战自我巧东兹补水充能纵享丝滑雪碧巧东兹雪碧巧乐兹官方代言人：火车头+我也发一张识别图片6,,,
S0263,,感谢伦哥请的巧乐兹。@5233 #这个世界上不能没有甜品 #张雪峰,,,
S0340,从舍己为人报应论 我们到底经历什么,"你有没有发现，现在很多人一提到“善良”“帮助别人”，第一反应不是感动，而是嘲讽？
甚至会有人说，谁去伸出援手，谁就是活该遭报应。
这样的话，听着特别刺耳，但仔细想想，它为什么会流行起来？
我觉得，这背后其实不是人变冷漠了，而是社会环境变了。
经济下行、就业压力大、资源越来越少，大家都在拼命抢一口饭吃。
在这种生存焦虑里，“明哲保身”变成了一种策略，“专注自我发展”成了唯一的政治正确。
于是，慢慢就有人把“利己”推向了极端：
- 你帮别人，是浪费自己的机会；
- 你愿意付出，就是不懂事、好欺负；
- 你敢对世界保持善意，就可能被现实狠狠打脸。
久而久之，善良被污名化，付出被嘲笑，“极端利己”反而成了“清醒”。
但我一直觉得，这是一种特别悲哀的“异化”。
我们不是天生不想善良，而是被现实逼得不敢善良了。
当成本太高、风险太大，每个人都只能竖起铠甲，保护好自己。
这不是某一个人的问题，而是整个时代的焦虑，被具象化到了每个人的生活里。
今天这条视频，不是要骂谁，也不是要站在道德高地指责别人，我只是想提醒自己，也提醒你：
在生存很难的时候，我们依然可以保留一点点底线和温度。
不要让“弱肉强食”的逻辑，彻底吞没我们对他人的善意。
#人间哲学[话题]# #RED新生代创作大赛[话题]# #社会议题[话题]# #女性成长[话题]# #情绪共鸣[话题]# #深度思考[话题]# #张雪峰[话题]# #经济[话题]# #焦虑[话题]# #人间清醒[话题]#
经济下行小红书善良=原罪？",,,
S0337,考研vs工作怎么选,"又到毕业季，考研还是工作？这个问题我也纠结过。
说实话，张雪峰老师的视频我看了好几遍，但有些话他真没细说。今天不是来蹭热度，是工作4年后回头看，想说说那些大实话。
**1. 你的专业需不需要考研？**
不是所有专业都必须考研。我室友学计算机，本科就拿字节offer年薪40w+。但我学会计的闺蜜说，她们行业CPA比研究生学历管用多了。
怎么判断？去招聘网站搜目标岗位，看它们的学历要求是什么。如果大部分岗位都要求本科，那你就别考研。
**2. 你家的情况适不适合考研？**
这个真的很现实。我同学家里条件不太好二战失败，她说早知道第一年就该去工作。研究生三年学费+生活费，对普通家庭是负担。
全职考研两年的成本不仅仅是时间，还有金钱和机会成本。你二战成功的概率有多大？
**3. 你真的想学术还是只想学历？**
读研三年要写论文做项目发文章，如果你只是为了""有个学历""，这三年会很难熬。你真的想做学术
备忘录想清楚这几个问题，你就已经成功了一半。你们呢？有没有在为这个问题纠结？评论区聊聊，我当年也是这么过来的。. 备忘录想清楚这几个问题后，我决定放弃考研去找工作。**张雪峰没告诉你的事**其实张雪峰老师说了很多大实话，但我后来发现有些关键问题他确实没细说：**1.你的专业需不需要考研**不是所有专业都必须考研。我室友学的计算机，人家本科就拿到了字节的offer,现在年薪40w+。但我学会计的闺蜜告诉我，她们行业CPA比研究生学历管用多了。张雪峰老师说""有些专业必须考研""，但没说""有些专业考研没用""。这才是真相。有些专业考研确实能帮你进入更高的平台，比如医学、法律、金融。但有些专业考研反而是浪费时间，比如我室友学的计算机人家本科就拿到了好offer.怎么判断？我教你一个简单的方法：**去招聘网站搜你想做的岗位，看它们的学历要求是什么。**如果大部分岗位都要求本科，那你就别考研；如果研究生是. 备忘录欢做研究，不喜欢写论文，但为了那个学历证书硬撑着。最后三年下来，什么都没学到，还落下了心理问题。你真的想学术吗？还是只是想有个学历？想清楚这个问题，比考研本身重要100倍。**4.考研能带来的好处vS坏处**考研的好处：-学历提升，某些岗位的敲门砖-转专业的机会（比如从生化环材转到计算机）-缓冲期，可以继续学习或者准备考公-进入更好平台的跳板考研的坏处：-时间成本：三年时间-经济成本：学费+生活费-机会成本：这三年工作经验-风险：可能考不上，可能读了发现不喜欢. 备忘录张雪峰老师确实帮很多人避了坑，但他也制造了不少焦虑。什么""不考研就没出路""，什么""本科只能去流水线""一一听听就好，别全信。我本科同学没考研的，现在混得比我好的多了去了。关键不是学历，是你到底想要什么，以及愿不愿意为目标付出。而且你知道吗？很多企业其实更看重工作经验。我现在的leader就是本科毕业，工作5年现在是",,,
S0085,张雪峰猝然离世，别再拿“熬一熬”赌命了,"猝死是心脏长期透支的结果，常见高危信号包括熬夜、焦虑、睡眠质量差等。预防猝死的关键是改善睡眠和调整生活方式，避免乱补和过度养生。新西兰Prvia超级睡眠软糖含有高纯度GABA，帮助放松神经、缓解焦虑，改善睡眠质量，保护心脏健康。#当代青年的新痛点[话题]# #拥抱我的身体信号[话题]# #生命科学[话题]# #人生没有后悔药[话题]# #再也不熬夜[话题]# #老年人睡眠障碍[话题]# #脑雾的成因[话题]#
心脏终于能好好休息了。睡得好，才是性价比最高的“续命养生”。特添加维生素b6情绪舒缓放松身心THEROLEOFVITAMINB6调节情绪舒缓神经功能VB6参与人体消除神经递质代谢烦躁、焦虑别等身体用最惨烈的方式提醒你，从今晚，睡个好觉开始。. 缺了它，你就等于开着引擎睡觉一心脏怎么可能不累？Y-氨基丁酸(简称GABA)98%高纯度华熙生物出品舒缓放松，温和无依赖，抑制神经兴奋性增强安静放松α波；抑制紧张焦虑β波[1]数据来自：宁亚维，马梦戈，杨正，侯琳琳，赵忠情，陈艺王志新，贾英民y-氨基丁酸的制备方法及其功能食品研究进展[]食品与发工业2020.46(23)238-247.[2]数据来源：AdhamMAS.Higashiguch.2006新西兰Prvia 超级睡眠软糖. 养生越简单越好最怕的不是不养生，而是一钱花了、产品堆了，身体却更差。熬夜失眠的人，心脏真的会“过劳死”如果你：明明很累，躺下脑子像跑马灯半夜容易醒，醒了再也睡不着V白天全靠咖啡硬撑V怕吃助眠药依赖、怕长胖说明你的GABA（y-氨基丁酸）严重不足。GABA是大脑自己分泌的“睡眠氨基酸”，负责放松神经、稳定情绪。. 环球甄选和元茶集Heon 新西兰进口GABA睡眠软糖睡前两颗·一觉到天亮rvia Premium SUPERSLEEP Quality GABA Cervia Gummy SUPER SLEEPGABA 6060Gummies 一粒=250mg高纯度GABA（纯度99.8%）直接作用于脑神经，放松、舒压、助眠特别添加维生素B6,缓解焦虑0蔗糖、0脂肪，不怕长胖天然植萃，无依赖，不是褪黑素. PRVIA超级睡眠软糖解决你的睡眠问题GABA含量高达250mg/粒放松好眠GABA含量高达250mg 情绪CPrvia 稳定SUPERSLEEP GABA SLEEPGABA 60沉浸舒压Q弹可口睡前一颗，不再翻来覆去，不再半夜惊醒，. 张雪峰猝然离世，别再拿“熬一熬”赌命了40岁左右，说没就没。他不是第一个，也不会是最后一个。你以为猝死是“意外”？不，它是身体在长期透支后，被最后一根稻草压垮的必然结果。. 高危信号（很多人忽略了）：·熬夜后晨起有“宿醉感”、头晕心慌·白天靠咖啡续命，晚上却脑子停不下来·反复胸闷、莫名疲惫、饭后恶心·睡眠很浅，一有动静就醒这些不是“亚健康”，是自主神经已",,,
S0163,沙盘推演：张雪峰遗产分配方案,沙盘推演：张雪峰遗产分配方案声明本文严格基于公开信息与法律逻辑进行沙盘推演，不代表任何一方的立场，也不构成法律建议。所有信息均来自公开报道，仅供参考。引言：一场意料之外的告别. 但这里有一个关键问题：张雪峰的核心资产是婚前财产还是婚后财产？张雪峰二零二五年十一月再婚，核心资产——公司股权、房产、版权—一都是在再婚前积累的，属于个人财产，不进入夫妻共同财产分割。也就是说，在无遗嘱情境下，付幸能分到的等于婚后四个月共同财产的百分之五十，加上个人财产的百分之三十三点三（与女儿、母亲均分）。张菡能分到个人财产的百分之三十三点三。张母能分到个人财产的百分之三十三点三。二、分配结果以五到八亿总资产计算，婚后四个月新增收入占总量比例极低，大约百分之五左右。. 有人都在问的问题：他的女儿，到底能拿到多少？第一部分：先算账一一张雪峰留下了什么？一、资产规模与构成据业内人士估算，张雪峰离世时个人身家约五到八亿元人民币。核心资产主要包括四个部分。第一是公司股权，他持有峰学蔚来百分之七十五的股权，这家公司二零二四年营收超过八亿，利润率约百分之七十；同时还持有研途教育百分之十点八六的股权，以及若干家控股公司。这部分估值大约在四到六亿之间。第二是房产，他在苏州核心地段拥有多套房产，估值约零点五到一亿。. 付幸能分到的是婚后四个月共同财产的百分之五十，这部分大约一百二十五万到二百五十万，加上个人财产的百分之三十三点三，这部分大约一点六七亿到二点六七亿，合计约一点六八亿到二点七亿。张烨菡分到个人财产的百分之三十三点三，约一点六七亿到二点六七亿。张母同样分到约一点六七亿到二点六七亿。关键结论是：即使没有遗嘱，付幸也不是“最大赢家”一她拿到的比例约百分之三十三，而不是网上传言的百分之五十或百分之六十七。因为核心资产是婚前财产，不进入夫妻共同财产分割。第四部分：推演情境三一一无遗嘱，且张雪峰未再一、婚姻状态争议张雪峰的感情经历相对复杂。第一段婚姻是与李丽. 三、公司员工的“隐形遗产”张雪峰对员工的好，是出了名的：发两干万年终奖、推行上四休三、公司账上永远留足二百名员工半年的工资。他离世后，这笔两干万的员工保障专项账户，由财务部门与第三方联合监管，专款专用。一千多名员工的饭碗，关联着一千多个家庭的生计。这是张雪峰留下的另一份“遗产”一份沉甸甸的责任。第七部分：财富传承的终极拷问张雪峰的骤然离世，撕开了网红经济时代财富传承的暗面。他是“女儿奴”——为女儿注册了近四十枚“. 婧，二零一七年闪婚，育有女儿张菡，二零二零年左右离婚。第二段感情是与张张相处三年，未领证。第三段关系是二零二五年十一月与付幸登记结。如果张雪峰与付幸的婚姻被认定无效，比如存在法律瑕疵，或者两人未登记结婚，那么付幸就不是合法配偶，无权继承。第一顺序继承人变为张烨菡和张母两人，均分个人财产。二、分配结果在这种情境下，张烨菡分到个人财产,,,
S0062,#就业方向,2026年城市地下空间工程分数段排名表计划范围累计人数分数2026年实际录取情况1人244分公办公办2人240分公办3人235分公办4人229分公办5人223分公办8人220分公办9人219分公办12人218分公办14人212分公办17人210分公办19人209分22人208分公办公办23人207分. 张雪峰8句实在话1.没有伞的孩2.学历是铜牌，子，能力是银牌，人必须努力奔跑脉是金牌，思维是王3.世界上没有4.读书不是唯一绝对的公平，的出路，但却只有相对的努力是最好的出路5.选择大于努6.不要把自己力，方向不对，的命运，努力白费寄托在别人身上7.人生没有白8.成功的速度，走的路，一定要超过父每一步都算数母老去的速度公众号·寻踪,,,
S0378,,心源性猝死前一个月是有征兆的 这些信号很明显，放在末尾了#视频日记#兖州正念瑜伽 #心源性猝死 #张雪峰#兖州瑜伽馆,,,
S0118,一级建造师终于考过了 但我觉得恶心🤢,首页il 章节练习模拟试题每日一练历年真题高频错题课程中心我的课程试卷直播课时免费2025年一级建造师《工程经济》真题及答案课程问答总题：80题时限：120分钟总分：100.00分最高得分：74.50分19人参我的笔记8资料分享免费2024年一级建造师《工程经济》真题及答案资料下载总题：80题时限：120分钟总分：100.00分最高得分：86.00分22人参更新进度免费2023年一级建造师《工程经济》真题及答案题库中心总题：80题时限：120分钟总分：100.00分最高得分：92.00分12人参我的题库做题记录免费2022年一级建造师《工程经济》补考真题及答案个人管理总题：80题时限：120分钟总分：100.00分最高得分：97.00分16人参考学习报告免费我的订单2022年一级建造师《工程经济》真题及答案总题：79题时限：120分钟总分：100.00分最高得分：74.00分13人参考优惠券消息中心上一页28我的班主任Q搜索W HUAWEI IAMUH. 中国人事考试网www.cpta.com.cn 首页|通知公告机构介绍考试介绍考试政策成绩公布职业资格证书|办事指南|人才测评站内搜素一建过了但我觉得恶心当前位置：成查询结果2025年度一级建造师资格考试成绩查询结果考生信息姓名：证件号码：报名省市：浙江省报名地市：科目名称成绩建设工程经济74建设工程法视及相关知识79建设工程项目管理89专业工程管理与实务（建筑工程）103合格标准请参见本网站合格标准栏目相关内容。评价. 首页章节练习模拟试题每日一练历年真题高频错题智能课程中心我的课程试卷直播课时课程问答2025年一级建造师《工程经济》冲刺试卷（三）总题：80题时限：120分钟总分：100.00分最高得分：100.00分19人参考我的笔记8资料分享2025年一级建造师《工程经济》冲刺试卷（二）资料下载总题：80题时限：120分钟总分：100.00分最高得分：1.00分2人参考更新进度2025年一级建造师《工程经济》冲刺试卷（一）题库中心总题：80题时限：120分钟总分：100.00分最高得分：0.00分4人参考我的题库做题记录2025年一级建造师《工程经济》强化试卷（三）个人管理总题：80题时限：120分钟总分：100.00分最高得分：88.50分1人参考学习报告我的订单2025年一级建造师《工程经济》强化试卷（二）总题：80题时限：120分钟总分：100.00分最高得分：0.00分1人参考优惠券消息中心2025年一级建造师《工程经济》强化试卷（一）8我的班主任总题：80题时限：120分钟总分：100.00分最高得分：0.00分2人参考Q搜索W HUAWEI HAVMEI o 1)F4F5F1F2F3F6F7F8#%*. 2025年一级建造师《工程经济》真题及答案年份：2025总分：100.00分时间：120,,,
S0149,张雪峰之死意外带火了哪些行业？第一速效救心丸。第二AED。第三健康体检。第四人身,"速效救心丸守护心脏健康快速缓解心绞痛关键时刻显身手速效救心丸. AED—守护生命的急救神器关键时刻，一键救人AED 了解AED,为生命续航. 人身意外保险守护每一份安全意外无情人有情保险保障暖人心24小时理赔服务咨询电话：. 遗嘱公证守护您的身后心愿专业公证保障权益. 健康体检守护你我定期体检早防早治. 张雪峰之死意外带火了哪些行业？",,,
S0186,,#巧乐兹 #张雪峰 #雪碧 #念张师#张雪峰老师我还记得你,,,
S0386,,#张雪峰 #巧乐兹 #雪碧 哇什么情况,,,
S0336,健康教育主题班会｜从张雪峰事件反思,#新手班主任干货[话题]# #心理健康教育[话题]# #主题班会课件[话题]##心理老师[话题]##班主任必备[话题]# #不一样课件[话题]# #主题班会PPT模板[话题]# #主题班会[话题]# #张雪峰事件[话题]##健康无价🙏🙏🙏[话题]#,,,
S0234,高三生的尽头就是中外合办,"#中外合办# #中外合办学#
高三生的尽头就是中外合办张雪峰说的没错，只要家里预算，不要让孩子只卷高考，先把中外合作办学给申请上。中外合办有4+0、3+1、2+2、1+3四类学制，不仅节省时间，费用还划算！打破信息差，选择大于努力!!评论区扣“1”中外合办资料我追着发你第一梯队第二梯队第二梯队S11院校中外合办4+0中外合办3+1一本线上成绩本科线上成绩不看高考自主招生上海纽约大学上海大学4+0华东师范大学3+1昆山杜克大学上海理工大学4+0上海财经大学3+1香港中文大学深圳中国农业大学4+0中央财经大学3+1香港科技大学广州北京理工大学3+0北京交通大学3+1香港城市大学东莞中央财经大学4+0中石油北京3+1宁波诺丁汉大学北京理工大学4+0北京第二外国语3+1西交利物浦大学集美大学4+0华南师范大学3+1北师港浸会(UIC)沈阳师范大学4+0广东财经大学3+1深圳北理莫斯科武汉理工大学4+0广东金融学院3+1广东以色列理工大连外国语3+1温州肯恩大学济南大学3+1上海立信3+1",,,
S0240,张雪峰老师让你醒醐灌顶的90句,"张雪峰让我醍醐灌顶的90句74、文科看学校，理科看专业，工科看行业。75、能选省会中心的，尽量不选地级市的。76、能读上财的金融，尽量不读北大的考古。77、选专业就是选行业，你选的专业，直接决定了你未来会不会失业。78、所有文科专业本质都是服务业，核心是沟通与适配。79、医学专业慎选，它的回报周期太长，普通家庭耗不起；一旦选了，就要做好终身学习的准备。80、高考是普通人最公平的竞争，不看出身，只看努力；考研是你人生第二次公平的改命机会。81、考研不是避风港，是战场。82、不是考研没用，是你没用。83、本科毕业啥也不是，考研是你跳级的门票。84、你可以不喜欢学习，但你一定要为自己未来负责。85、考研择校，别盲目冲名校，选对专业和导师，比名校光环更重要。86、很多人考研，不是因为想考研，是因为不想上班，这种心态大概率考不上。87、所有的专业都没有高低贵贱之分，但有就业好坏小红书你的成长能量灯塔》小红书号：95006524944. 张雪峰让我醍醐灌顶的90句63、城市学校专业，不是绝对，但对大多数普通人适用。64、能上985不上211,能上211不上双非，能上公办不上民办。65、专业选得好，年年像高考；学校选得好，就业没烦恼。66、分数不够能力凑，能力不够地域凑，地域不够专业凑。67、家里没资源，就学技术；家里有资源，就学管理。68、能读理工，尽量不读文科；能读工科，尽量不读理科。69、能读有技术门槛的，尽量不读虚名高的。70、想考公优选汉语言、思政，别盲目选英语等小众文文科。71、服从调剂要慎重，它可能把你调到完全无法接受、毕业即失业的专业。72、不要以为学了热门专业就有好工作：热门专业意味着更多人抢同一个蛋糕；冷门专业如果做到顶尖，就是整个蛋糕都是你的。73、本科是你第一出身，一辈子也无法改变，因此要更加重视。小红书你的成长能量灯塔》小红书号：95006524944. 张雪峰让我醍醐灌顶的90句14、职场里，你的不可替代性，才是你最大的底气。15、别信什么「先就业再择业」，第一份工作，直接决定了你未来的职业赛道。16、体制内的稳定，不是铁饭碗；你手里的技术和能力，才是真正的铁饭碗。17、职场上，情商比智商更重要，尤其是文科类的工作。18、不要为了所谓的「诗和远方」，裸辞放弃稳定的工作，尤其是普通家庭的孩子，你没有试错的资本。19、35岁之前，一定要攒下自己的核心竞争力，不然35岁之后，你只会被年轻人淘汰。20、人脉不是你认识多少人，而是多少人认识你；不是你能求多少人办事，而是你能帮多少人办事。21、别把平台的能力，当成自己的能力，离开平台你什么都不是，才是最可怕的。22、年轻的时候，别总想着躺平，你现在躺平了，未来你的孩子就要加倍努力。23、父母让你考公、考编、当老师，不是他们思想保守，是他们见过社会的风雨，知道什么是真正的安稳。24、别总抱怨父母没本事，他们",,,
S0069,珍珠手机链~太爱珍珠啦！,"最近大爱珍珠[偷笑R][偷笑R]
下班回家，立刻做一条珍珠手机链，
感觉夏天说来就来，安排好了！
串珠的快乐都懂吧[哇R]
.
张雪峰老师家财万贯都走了，人还有什么想不开呢，做自己热爱的事情，活好当下每一天最重要！
.
#珍珠[话题]# #珍珠手作[话题]# #珍珠饰品[话题]# #手机挂件[话题]# #手机链[话题]# #当红手串大赏[话题]# #串珠项链[话题]# #珍珠项链[话题]# #巴洛克珍珠项链[话题]# #浪漫生活的记录者[话题]#
Photographer AGood Day. 139Photographer AGood Day",,,
S0398,,不是这还有正常人吗md都跟有病一样。吃个雪糕挨你啥事了，一群跳梁小丑肆意诋毁戏谑，把低俗当趣味，把无礼当幽默，没一点人伦底线，躲在屏幕后嚼舌根博眼球，嘴脸丑陋，就只会在网上靠调侃逝者刷存在感、找优越感#张雪峰 #巧乐兹#张雪峰老师,,,
S0166,,吃完嘴唇有点发紫#张雪峰 #巧乐兹 #抽象 #张雪峰老师 #巧克力口味雪糕,,,
S0301,,张雪峰建议：石家庄暑假初中集训营，这三家直接闭眼去！ 石家庄暑假初中集训，这三家机构可以直接闭眼去。暑假想给孩子报集训营的家长，这三家机构很值得参考，纯个人真实体验分享，不打广告。 第一家：专注初中全科暑期封闭集训，老师都是经验丰富的一线骨干教师，教龄基本都在十年以上，食宿全包，管理规范。往届学生集训后平均提分明显。第二家：在多个城市都有校区，品牌口碑扎实。采用主讲老师加助教的双师模式，课前有规划，课后有批改和答疑，全程跟踪学习。很多学生都是老家长推荐和答疑过来的。第三家：专攻中考考前集训，针对性特别强，会按孩子的薄弱科目定制学习方案。小班教学，关注度高，提分效果突出，本地家长认可度很高。想知道这三家初中集训机构的详细情况，评论区扣 789，我把靠谱机构分享给你。 #初一 #初二 #初三 #石家庄暑假预习 #石家庄暑假集训,,,
S0140,📣我的单篇笔记赞和收藏破50❗️️️,"#我的2026
小红书谭老师指导叛逆厌学50Singlearticle likes and favoritesexceed 单篇笔记赞/收藏破[发布于2026年4月1日）张雪峰告别会上最没法看下去的xiaohongshumilestone card:)",,,
S0238,,"夜已深，关于明日A股的行情，我再强调几句，防止有人没有看到：
 1、今晚最大的消息就是，中远海运集运宣布：“即日起恢复远东至阿联酋、沙特等中东六国的新订舱业务，鉴于中东地区局势动荡，上述新订舱业务的安排以及实际的运输可能会有变动。”

2、这是时隔21天后，中国航运率先恢复在霍尔木兹海峡的通航，中国航运能够恢复通航，也说明美伊局势暂时得到缓和。

3、金姐早就指出，不管美伊战争如何发展，中东就是一块烫手的山芋，一旦美国被伊朗拖住，就会深陷泥潭。此时此刻，美国总统特朗普，应该已经后悔对伊朗发起战争。

4、所以，接下来，美国总统特朗普，会想尽一切办法终止",,,
S0279,一方菜园，半生心安：我们为什么要自己种菜,"41岁的张雪峰老师因心源性猝死离世，消息传来，全网唏嘘。
	
说真的，也很让我破防，因为我还挺喜欢张雪峰老师的，虽然孩子还没到高考年纪但也总听他直播。从第一晚看到变黑的头像时的不愿相信，到第二天看到讣告时的只能接受。因为我们都是一样的年纪，84年，41岁， 正是上有老下有小的年纪，正是奋力拼搏的年纪，还有很多未体验的生活，太多未完成的责任。就那样的走了，死者长已矣，活者犹可追。
	
不得不思考，我们到底，要怎样活着？
	
十九年前，我也是一个白领，刚出校门，短短一年升到总裁办主任，董事长助理，身兼另外一个机构一把手助理。无数加班的夜晚，高强度的工作，紧张的职场人际关系，很快，失眠和永远被冠以亚健康的各种过敏和湿疹找上了我，让卡在30而立年纪的我，不禁思考：30岁以后的人生，要怎么过？
	
我们总在追赶目标、奔赴名利，却常常忘了，健康才是一切的前提。
没时间好好谈恋爱，没时间陪家人，总在思考，人生的意义是什么？
被长辈催婚，想着，这样的破烂身体，怎么能好好迎接宝宝。
	
于是毅然决然，决定开始种地。后来，自然而然，有时间好好谈恋爱，好好经营家庭，有了可爱的宝宝，为了宝宝第一口辅食开始生态养鸡，为了宝宝玩的健康开始在农场里践行自然教育。一切，都跟土地学会了，顺其自然。
	
家庭菜园里的慢生活，更像是一剂治愈焦虑的良药。翻土、播种、浇水、除草，没有KPI，没有 deadline，只有泥土的清香与作物慢慢生长的节奏。
	
清晨看露珠挂在菜叶上，傍晚摘一把新鲜蔬果下锅，指尖沾着泥土，心里装着安稳。在菜园里，时间被拉长，焦虑被抚平，身体在劳作中舒展，心绪在慢节奏里回归平稳。
	
人生从不是一场冲刺，而是细水长流的陪伴。别等到失去才懂得珍惜，别让拼命成为遗憾。
	
守好一方菜园，
护住一生安康，
三餐四季，家人安康
有田可种，有饭可吃，
便是最好的人生。
	
#张雪峰[话题]# #人生感悟[话题]# #慢生活[话题]# #菜园生活[话题]# #健康最重要[话题]# #治愈自己[话题]# #人间清醒[话题]#
小红书. 小红书. 小红书. 小红书. 小红书",,,
S0199,,张雪峰老师一路走好#时尚引领者 #致服装行业的女人们 #女人要打扮 #服装是有能量的 #找出自我穿搭风格 #穿女装的男人 #女性穿衣打扮[话,,,
S0117,,张雪峰老师动了太多人的蛋糕，他在直播时说过，明年你不一定还能见得到我。这个消息让我的心沉了一下，呜呼哀哉💔,,,
S0167,,41岁月，跑72公里，依然没跑赢死神，那个帮无数人规划人生的张雪峰，终究没能规划好自己的身体。别再拿“我还年轻”当资本，身体从不会跟你开玩笑。,,,
S0351,张雪峰说的没错，抱线上外教真的别太天真！,"给糖糖选线上外教，我前前后后踩了不少坑，直到三年前才终于选对。现在她固定跟着一位美国老师，每周 3 节一对一，不仅发音地道，还能全英文聊《冰雪奇缘》、聊角色、聊故事。这三年的真实感受，今天一次性说透。
每周 3 节一对一，节奏真的要顺着孩子来。
我之前也踩过节奏的坑：一周 5 节太密集，糖糖一看到上课界面就抵触；一周 1 节又太松散，学了就忘，完全留不住。亲测下来，每周 3 节、每节 25 分钟才是蕞舒服的节奏，穿插在放学和周末，既能保持语感，又不会有压力。现在糖糖到点会主动坐好，甚至提前把绘本、玩偶准备好，就等老师上线，这种主动劲儿，比催一百遍都管用。
选对平台和老师，这三点缺一不可。
第一，一定要有能长期进阶的体系教材。
不是随便一套课件就能用三年。我们用的教材体系完整，从蕞简单的开口表达，到慢慢能读英文小故事、描述角色心情，难度稳步上升，口语、阅读、表达一起练，孩子的英语能力是Qua",,,
S0011,读书，是为了拥有选择人生的权利,"张雪峰曾说，孩子不想读书，就带他去四个地方：汽车客运站、火车站、高铁站和飞机场。龙应台也在《亲爱的安德烈》中写道：读书用功，不是要你跟别人比成就，而是希望你将来拥有选择的权利。两人一个直白，一个温柔，
xi wo 希沃一体机Moments worth sharing SharingHour hle cs ycu wish",,,
S0021,,峰学未来团队初中分层练首发分层训练，精准定位学科薄弱点，高效提分#峰学蔚来 #峰学未来 #初中#武亮#张雪峰,,,
S0253,四下｜今天就好好看看书啦📖,"人纷纷都准备跑路，报：赣南巡抚王守仁到了。的上司，公堂之上也是乱成一这里做甚？，放在平时，音回答了成功从不会，是要搞个仪式、摆个酒席隆身缺席了他的疑问：叛！”一片。张雪峰量军队，准备在城内布防。句话，他十分兴奋，当即作出了表示：“宁王敢来，就与他巷战到底！”然而，王守仁拍了拍他的肩膀，称赞了他的勇气，又对在场的人发布了一道出为朝廷效力，人意料的命令：第十章“不用布防了，传令下去，全军集结，准备撤退！”孤军，平定叛乱。”啥？不是你非要抵抗到底吗？现在又搞什么名堂?165面对戴德孺那惊讶的脸孔，王守仁若无其事地笑了笑：“戴知府，我们的兵力不够，这里也不是平叛的地方，必须马上撤离。”来，来，无一兵一卒，是个彻底的光，那么哪里才是平叛的地方呢？！」“吉安。”他看着王守仁，略带讽刺地暗“在那里，我们将拥有战胜叛军的实力。”当年司马迁在《史记》中曾经说过，“飞无独有偶，很多人第一次看到王守仁，都会觉得他是一个呆子，活像个二愣子，吃够平叛呢？”上去傻乎乎的，但在他糊涂的外表下，却有着无尽的智慧。理由如此自信，能够平越王守仁是一个很绝的人，他总是在奇怪的地方，提出奇怪的意见，作出奇怪的事，但最后却都被证实是正确的。“飞将军”李广的外形很像一个普通的农民，答。现场变得鸦雀无他的这种可怕的智慧来源于他的哲学，因为王守仁先生和古往今来的所有哲学家都不同，他的哲学十分特别，就如同吃饭的筷子和挖地的锄头，随时都可以用，随时都有用处。他痛恨杀害孙燧、发动战争的宁王，却从未被愤怒冲昏头脑，他十分清楚凭借目前的兵力，绝对无法战胜对手，眼下他只能积蓄力量，等待时机的到来。，看有着平叛的志向，也要有切合实际的平叛策略，这就是“知行合一”，王守仁无往不胜的哲学和智慧。可惜一百多年后的史可法似乎并不了解这一点。人这个人属的少”，这就是. ，而且加进了自己的感悟，这就拉近了作者与读作不仅笔锋活泼幽默，，也拉近了古人与今人的距离。著名明史专家毛佩琦明朝那些事儿当年明月那些事儿》写得好，写得比较放松，我们过去写的人都掏看，生怕哪块适。著名收藏家马未都限写《明朝那些事儿》的人聊，1,那本书很好，我觉得喜欢看的人都是有苦，除了把史实提出来，还要评论、挖掘，的语言去说，他有他的角度。联想集团创始人柳传志直历史是由一堆难故事和生动的妖孽横行的宫廷方式让他们了解，著名作家、历史学者吴思是好事,真是写得好看肆行的官廷第肆部香港凤凰卫视主持人窦文涛. Annie G G 的信念奋战在我看来那位仁兄这才自“王大人好，属下吉报司强援要说这位伍知府也算支撑他一丝不动，不但他不跑，吉安，位于江西中部，交通便利，易守难攻，王守仁将在这里举起平叛的大旗，准备最后的决战。拿刀干掉了。算王大人运气好，当时镇守吉安的知府是一个非经过这么一闹，吉安的官常强悍的人，他的名字叫做伍文定。还是有一定差距的。安全起见伍文定，湖北人，出身于官宦世",,,
S0112,,#巧乐兹 #雪碧 黑子们，道歉会不会？尊重懂不懂？#张雪峰,,,
S0242,我终于敢停下来了，在56岁这一年,"昨天刷到张雪峰老师离世的消息，
从不相信，到不敢信，到确认事实只是几分钟。
我却认真思考了很久，
也想到了决定离职前后的纠结。
我这一生，好像总在赶路。
从国企退休之后，
我又在私企干了整整十年。
以前的我，不敢停，也不敢慢。
一件事刚做完，马上接下一件。
一方面，是总想把事情尽力做好，
另一方面，其实我心里明白，
我在用忙碌，悄悄盖住自己的不安和不踏实。
好像只要不停下来，就不会慌张。
这些年，我一味埋头做事、拼命工作，
只想护着家人周全。
可我回头才发现，我最不会爱的，其实是自己。
有一天晚上，同一时间段陪两波客户，
两个场地来回穿行，
晚上在村里没有灯光的小路上急行，
穿裙子的我，左腿迎面骨磕在铁架上，
血顺着腿流进鞋里，我硬是一声没吭，
悄悄擦掉血迹。全程陪着应酬、送走客人，
自己开车25公里回家拿上医保卡，
深夜才走进医院，
那时候，早就错过了缝针最佳时间，
整整一个夏天，我持续
我们这一代人好像天生不懂心疼自己习惯了先顾别人先顾事情总把自己排在最后很多委屈、疲惫，嘴上不说人与永恒周国平身体却悄悄留下了痕迹. 7",,,
S0215,,老板的爱 生日挨着端午，忙着给他的伙伴们发礼物🎁，有没有给自己准备礼物？？？再也听不到大家给您说“生日快乐”了😭😭😭#活力四射的老板 #张雪峰老师#峰学未来#峰学蔚来,,,
S0132,这次为了在一楼加一个全浴，简直是大动干戈。自以为没动多少，不过是一个外墙的窗户改,"这次为了在一楼加一个全浴，简直是大动干戈。自以为没动多少，不过是一个外墙的窗户改成了去deck 的门，同时以前的门改成了窗户，加一个全浴三件套，室内厕所新加一厕所门，加装抽油烟机和厨房刷漆，厨房几乎是不动的状态。
	
然后就遇见了难拆的水泥砂浆灌在铁网里的内墙，室外百年老工艺的stucco 厚墙(师傅说其实我这外墙是也是水泥墙，只是肉眼以为是现代版的stucco，咋就说嘛，这房子为什么在高速旁边还这么隔音，确实厚重，打个洞都费了牛劲儿）补外墙做防水，新门做新的framing, 各种非标准件的DIY。 接着，室内厕所门洞切出来后，发现阁楼正好有一扇旧门。直接扛下来师傅切小一些，自己DIY门框再套进去，准备之后刷漆换锁，也和整个屋子的其他老门风格搭配。
	
这个厕所项目加动外墙，看似简单实际工序复杂，涉及面很广。师傅表示，通过这个项目，他学习了不少知识，实操技术又上一个层面。而我，为了省钱非要自己当GC，有空就需要配合师傅去买材料，并且同时联系水电来跟进项目，感觉自己的段位也都上升一个等级。但是因为同时还要抓紧时间上班，下班后继续带娃，差点虚脱！最近看了张雪峰老师的报道后，赶紧请了一天病假在家躺平。正好也要等第一次inspection, 大家都停工等待，而我就趁机给全家都约了各种体检，身体第一，保命要紧！
	
最后如果上天再给我一次机会的话，我可能会多花2W 刀请个GC 来干活儿，但同时，我也失去了让自己成长的机会。摔桌，你要成长什么？以后去做GC吗？不行的，我做GC 血本无归。墙外能看见的不说，看不见的我也高标准，又费时间又费钱，根本没法儿盈利。。。[失望R]  好了，so far so good. 大家敬请期待结果吧！#厕所装修[话题]# #张雪峰[话题]# #身体健康[话题]# #westchester[话题]# #厨房[话题]# #百年老房[话题]# #老房改造[话题]#
厕所装修？",,,
S0017,#调整生活习惯 #上学 #高中生日常,个V 个个个个个个个个？8. StickyNotes MAR252026死。唉，不管是高中生，还是更年期的牛马，我们都好好的，吃好睡好，保持心情愉悦. StickyNotes MAR252026260325早晨6：50去卧室把娃叫醒，给他马上一半的三明治，娃7：13出门3其实这个时间去上学挺好的晚上10：00进家门，吃了一碗面，还说我调的这个汤好我们聊起来张雪峰老师，娃说：熬夜了就不能跑步了，这样很容易猝,,,
S0052,,武老师辛苦了❤️@峰学蔚来武亮 @张雪峰团队讲升学规划 #张雪峰团队,,,
S0032,,【#张雪峰女儿祝爸爸生日快乐#】#张雪峰生日张姩菡发文悼念父亲#5月18日，张雪峰女儿张姩菡发布视频祝爸爸生日快乐并配文悼念父亲：“爸爸生日快乐🎂，打了很多字，打了又删。爸爸，我最近喜欢看漫画，妈妈说会带我去签售会的，我很期待。我最近开始研究自己画漫画觉得很有意思。我最近考试成绩都在90分以上，没有落下，但有一些没上的课还没来得及补起来，我准备这两天用学习机补一下。爸爸，有好多好多哥哥姐姐叔叔阿姨私信关心我，好多好多，多到看不过来。妈妈说这是爸爸种的善因，在世界上开出了花。爸爸，当神仙是不是天天能看到我?妈妈说如果遇到了觉得lucky的事，那一定是你,,,
S0325,,香港之行第3天---回深圳:因酒店所订价格不含餐食，外出吃了个早餐，清汤寡水的，两人也要78港币，不便宜。按照秀兰姐的提议首先去香港会展中心金紫荆广场打卡，路上看见许多装修脚部手架还是用竹子的，想起去年那场火灾，心里还是慎得慌[惊恐]。与大姐汇合后又带我们去了时代广场（途经附近的立交桥下，匆匆瞥了一眼打小人的场面，没有停下脚步，我这人不记仇，感觉如果要选择的话还一下想不起哪个小人来[抠鼻]，罢了！罢了！让小人自己迷途知返，悔过自新去吧！[憨笑][憨笑]），也许她感觉我们昨天没有买点啥，有点遗憾吧？！[嘘]再次去闻了一下奢侈味，摸摸口袋没有多少钱，感觉无从下手[捂脸]，于是瞄上了旁边铜锣湾免税大药房，张雪峰的明星效应使我下决心买了日本产的救心丸，放在口袋里一下感觉放心多了[破涕为笑][破涕为笑]！跟大姐分别后，想想也确实不死心，便去了微信推送的奢侈品打折批发点---彩星中心，结果到那一看，感觉那钱根本不是钱！这回真的死心了，告诉自己帆布包也是包包，一样能装东西，围脖照旧能挡风，还是省点钱补充能量和维生素吧！[尴尬][调皮]下午4点出发回深圳，近一个小时的车程，老公坐到吐，因为他不会坐车，在香港基本是陪着他走路和坐地铁，实在不方便才坐公交或打的（发现香港的路虽然挤了点，但公交线还是很全很方便的），于是拿着个手机，把高德地图导航用到溜[666]，一个俨然一副轻车熟路的导游样子在前面带路，一个提着东西老老实实在后面跟着，即便绕错个把路口，他也不知道[破涕为笑][破涕为笑]，这次香港之行发现香港的地铁费比公交费要贵，而且挺贵的，刚好与内地相反。一回到深圳，他说一下安神了，大陆的安保工程[强][强]，难怪是一国两制。晚上胃口也开了，去吃了暖暖的潮汕火锅，喝点啤酒，愜意！今晚早点休息，明天赶路呢。[再见][再见],,,
S0305,张雪峰的离世为何引发了全民关注（下）,首先也是最重要的，张雪峰这个东北汉子敢说真话，并且用最直白的语言说真话。这恐怕在历朝历代都是不多见的。本来东北话即被形容为渣子方言，带有天然的戏谑力和感染力。他从不刻意回避、不随波逐流，也不像学术教授那样讲究委婉曲致，他想啥说啥，想到哪儿说到哪儿。试问公众人物有几人能做到？他掏心掏肝的为每一个普通考生、每一个普通家庭着想，给出最佳指导意见，绝不敷衍塞责，也不唯利益之马首是瞻。即便是不付费，随意看看他的视频，也会瞬间被他感染。只因一个“真”。 其次是他的接地气。即便晋升为身价不菲的商界精英，他依然骑着他的小电驴穿行在苏州的大街上，而不是如其他人一样置办数辆豪车。从他的言语间，人们也能知晓他不去国外置业、没有办理移民，甚至对女儿的期望也只是在苏州能一直读到大学。 屏幕里从未看到他穿过任何名牌戴过任何名表。再看那些红几代富几代和大明星，无一不是名牌傍身、仆从随行，房产数处、绿卡几张。 第三，他成功地把商界精英和演艺明星与普通人归位一体。草根出身的张雪峰，凭借自身的不懈拼搏，逆袭为商界精英，又参演了影视剧和多档文艺节目，可以说是多栖达人。虽然名气甚高，但这从未削减他淳朴的本色。看看艺人们在屏幕前不要说吃喝，甚至都不敢大笑的拘谨，再看看张雪峰直播时穿着的随意、吃喝的自然、举止的随性……这种强烈的反差感就弥补了人们对于名人的日常行为而好奇的缺失。透过张雪峰，网友们终于把精明的商人、光鲜的明星和普通人 视觉化的联系在一起了。这自然会极大的拉近大众与张雪峰的心理距离。 最后借助网友的话，愿张先生在仙界亦能成为一束光！愿无数的张雪峰盛开在这人间。#张雪峰老师[话题]# #人物故事[话题]#,,,
S0023,张雪峰刚走，AI版的他就出现了,"刷到真的愣住。 张雪峰老师去世没多久， 一个叫 “张雪峰.skill” 的AI技能包突然爆火。 不是简单扒语录， 而是把他这辈子的志愿逻辑、说话风格、思维框架全喂给AI， 让AI完全复刻他的语气、思路、怼人方式， 帮人填志愿、做职业规划、聊升学选择。 有人说： ✅ 这是精神延续，让他的价值继续帮千万学生 ✅ 比没人指路强太多，真的能救命 也有人说： ❌ 人刚走就拿来做AI、搞流量、赚钱 ❌ 消费逝者，吃相太难看 ❌ 没有温度，只剩话术，很讽刺 我看完挺复杂的。 一边觉得，他这辈子最想做的就是帮普通人少走弯路，AI延续这件事本身，其实挺“张雪峰”。 但另一边，人刚离开就被做成工具包赚钱，真的有点戳心。 你们觉得： 用AI复刻逝者，是纪念还是消费？ #互联网[话题]# #大厂[话题]# #热点[话题]# #ai[话题]# #人工智能发展[话题]# #AI人工智能[话题]# #AI生成[话题]# #热点新闻事件[话题]# #热点新闻[话题]# #张雪峰[话题]#
张雪峰刚走AI版的他就出现了这真的合适吗？",,,
S0298,张雪峰：自学执业药师的，骂醒一个是一个！,"执业药师，玩的就是一个信息差！满分100分，60分及格就可以拿证，真心劝大家学执业药师最忌讳自己瞎琢磨，吃力不讨好，还容易产生很多没必要的支出！！
.
✅26教材花费： 教材没买正版的，看了完全一样，所以没必要花这冤枉钱，主要能用就可以，籽料是同事给的，可以根据每日详细打卡计划学习，嘎嘎好用
.
下面讲讲备考经验
.
✅备考规划建议
基础学习阶段（5个月）：系统学习基础课程，打牢执业药师的基础
巩固复习阶段（3个月）：重点突破+专攻真题
冲刺拔高阶段（2个月）：模拟训练+查缺补漏
.
✅在备考过程中，还需注意以下几点：
1️⃣制定合理的学习计划，并严格按照这个计划去执行，有必要的时候也要根据实际情况进行灵活调整。
2️⃣真题是比较关键的，多做真题，通过做题来检验学习效果，熟悉考试题型和出题思路。
3️⃣注意各科目的突出特点，有针对性地进行学习。例如《中药二》重点考常用单味药、常用中成药。合
执业药师Licensed Pharmacist 本证书由中华人民共和国人力资源和社会保障部、国家药品监督管理局批准颁发，表明持证人通过国家统一组织姓名：的考试，取得执业药师职业资格。证件号码：Su 性别：出生年月：女15年09月承和社会保障部品监餐专业中药学批准日期：2025年10月19日管理号：02.中华人民共和国国家药品监督管理局人力资源和社会保障部",,,
S0248,孙割你居然被kimi的api屏蔽了,"今天用claude code实装了一下火了好久的蒸馏skill，感觉打开了新世界。其实本来最想加装的是孙割的skill，没想到孙割作为争议人物居然被kimi的api屏蔽了😂😂😂，于是重新试了试赛博复活雪峰老师。又在github上不断探索感觉打开了新世界，根本停不下来。户子峰哥等等，只有你想不到，没有蒸馏不了，嗯我们已经有了女娲.skill，负责自动化蒸馏，还有达尔文.skill，负责进化😋,我们还有山顶洞人.skill，负责用文言文省token(skill调用真的太烧token了，三四轮对话就能把我kimi入门版会员的api额度用到限制..只能等几个小时恢复😢) 看来是时候研究一下本地部署了😋#vibecoding大赏 #孙学 #skill蒸馏人 #峰哥#户子#张雪峰#kimi#claudecode#法学生花活
孙学Skill-孙宇晨认知框架我们读完了孙宇晨的一切公开内容，提炼出了他的认知操作系统。采集了什么：·2189条推文（英文号14418+中文号7411），覆盖2017-2026共9年·1本288页自传《这世界既残酷也温柔》全文逐章分析·155集付费音频课《财富自由革命之路》完整转写（喜马拉雅，18小时）. README 峰哥Skill 独立学者、极限旅行家、纪录片导演B站独特的深度内容创作者，以“解答世间万物”直播闻名安装方式1：直接复制到用户级Skill目录cp-rfengge-/.workbuddy/skills/方式2：复制到项目级Skill目录cp-rfengge/path/to/your/project/.workbuddy/skills/使用方式触发关键词·用户提到“峰哥”峰哥亡命天涯周丽峰”·用户询问两性关系、婚恋观、生死观. 达尔文.skil让所有Skill持续进化达尔文.skill 女娲造Skil,达尔文让Skill进化。受Karpathyautoresearch启发，达尔文skill用自主实验循环批量优化所有Skill：8维度评估、棘轮机制（只保留改进，自动回滚退步）、独立子agent评分。女娲的Phase5双Agent精炼就内置了达尔文的评估体系，这也是女娲生成的Skill 质量高的原因之一。npxskillsaddalchaincyf/darwin-skill. OREADME AContributing 中MITicense caveman whyusemanytokenwhenfewdotrick starszklas commiticeneMTT Before/After·Install·Levels+Skills+Benchmarks·Evals AClaudeCodeskil/pluginandCodexpluginthatmakesagenttalklikecaveman-cutting75%ofoutputtok",,,
S0356,,"我一直都不太喜欢宿命这个词，可能在这两个字面前人类所有的顽固抵抗都显得有点愚蠢。可是在张雪峰离开的那天晚上，就在收到朋友给我分享他疑似去世的消息前几分钟，我看完了WhynotTV和OpenAI核心工程师翁家翌的对谈，在结尾他谈到宿命论，谈到人类是没有自由意志的，我们的生命是可以被预测的，世界是确定的，我们生活在一个确定性的马尔可夫过程里
就在我思考的间隙里，朋友发来消息，说张雪峰好像走了。在我看来，张雪峰属于非常成功的小镇做题家的那一梯队，他拼命努力走到了在那天之前都是绝大多数人难以企及的高度，然后，在那天中午的跑步机上，他猝死了
之前因为他在直播间固",,,
S0043,突然间看见，好难以置信,"在我的记忆里，他其实也没有活跃着非常长的时间，所以当突然看见一个讣告，我还是感觉到很意外。 也更加觉得这个社会现在已经很病态了。 只想让大家恐惧和焦虑，不停的往前走。 但是却并不在意你的身体，你的心理是否健康。 所以不管怎么样，不管外界压力再大，一定要学会自己给自己放假，一定要学会自己给自己放松。 都要好好照顾自己。 一路走好🙏🏻🙏🏻🙏🏻🙏🏻 #张雪峰去世🕯🕯#哀悼🕯 #好好照顾自己
张雪峰全部图片经验资讯文档人生成功路志愿张雪峰去世，“在公司跑步后出现不适送医”张雪峰社交账号发布计告：张雪峰老师因心源性猝死全力抢救无效，于2026年3月24日15时50分在苏州逝世。大象新闻1小时前查看更多张雪峰去世张雪峰逝世，享年41岁三言科技1小时前张雪峰生前访谈曾说“我死后. 21:5039张雪峰老师十关注计告我们怀着无比沉痛的心情，向所有关心张雪峰老师的各界朋友告知：亲爱的张雪峰老师，因心源性猝死全力抢救无效，于2026年3月24日15时50分在苏州逝世。张雪峰老师出身寒门，一生心系广大学子，深耕教育行业，始终以捐资助学、助力学子成长为己任，以赤诚之心践行教育理想，嘉言懿行，启迪后人。特此计告，深切哀悼。苏州峰学蔚来教育科技有限公司2026年3月24日80评论1094小红书小红书号：***********. 大家要照顾好自己呀",,,
S0319,高考作文素材积累秘籍,高考真题张雪峰推荐高考真题派作文源”作文归纳九大作文题源，助你三步轻松成文！+等式拆解法：拆解材料语句，用等式重新定义关键词材料看不懂一+填空发散法：回绕关键络写公式，发散息考找到论点立意找不准—峰阅·主题记忆法：只需记住九大主题，即可化用千万话题素材记不住一正版教育名师张雪峰团队潜心研究新高考命题趋势高效的作文提分公式不记多，找准真题源头，轻松破解高考作文！归纳作文题源·三步轻松成文保证高考真题源作文. 名师张雪峰峰阅教研组高考作文提分宝典高考真题高考真题永作文精选源”作文72道真题36篇范文归纳九大作文题源，助你三步轻松成文！超100则素材金句式族脑道：拆解材科语句，用等式变新定义关建间材料着不懂·编空发数温：预绕关键问编写公式，发数思考找到论点立意找不准透彻掌握主题，匹配切题素材，+全建记忆准：只贵记任九大主期，即可化用千万话票素材记不住即可巧作佳篇！教育名师张雪峰团队潜心研究新高考命趋势提炼更高效的作文提分公式素材记少不记多，找准真超源头，轻松破解高考作文！. 名师张雪峰峰阅教研组源素材手把手带你：审材料|定立意|成佳篇一材多高考真题高考真题法作文高一材可通万题，一填即定立意大作文主源”作文冲刺高考千全万化的作文话后，新游自9大主期人物林9大作文题源归纳九大作文题源，助你三步轻松成文！种角度，千变万化三条线索，百绿合3步成文方法9大作文主题教育名传张营峰团队游心研究高考命势81例人物素材素财记少不记多，找准真跟游头，轻松效解高考作文！提炼更高效的作文提分公式2025高考作文提分宝典全国通用. 高考真题源”作文归纳九大作文题源，助你三步轻松成文！材料看不懂一+等式拆解法：拆解材料语句，用等式重新定义关键词立意找不准—+填空发散法：围绕关键词填写公式，发散思考找到论点峰悦素材记不住一+主题记忆法：只需记住九大主题，即可化用千万话题广束放游出航社教育名师张雪峰团队潜心研究新高考命题趋势提炼更高效的作文提分公式素材记少不记多，找准真题源头，轻松破解高考作文！. 名师张雪峰峰阅教研组源素材手把手带你：审材料|定立意|成佳篇一材多高考真题高考真题法作文高一材可通万题，一填即定立意大作文主源”作文冲刺高考千全万化的作文话后，新游自9大主期人物林9大作文题源归纳九大作文题源，助你三步轻松成文！种角度，千变万化三条线索，百绿合3步成文方法9大作文主题教育名传张营峰团队游心研究高考命势81例人物素材素财记少不记多，找准真跟游头，轻松效解高考作文！提炼更高效的作文提分公式2025高考作文提分宝典全国通用,,,
S0299,人生重启计划打卡 | 第 516 天,"事意O. MGIGOm. 20:51支5478积善之家告诉你一个因果秘密：你做善事就是为了让别人受益，只要他是受益者，而他后面所有的功德，你都有份。这就是你不知道为什么你的人生突然变好的原因，就是因为你的心善，利益了更多的人，你会感受到莫名其妙的各种力量都在帮你。积善之家，必有余庆；积不善之家，必有余殃。…成长智慧录已关注164163107. 今日份幸运签为你鼓掌别急着赶路，路边的小花也在为你鼓掌呀252026年03月星期三农历二月初七亲爱的Vina 你已累计帮助1241人感谢你让世界更美好蚂蚁庄园支付宝公益ALIPAYPHILANTH. 张雪峰点醒所有女孩子张雪峰老师的一些话，值得所有女孩子反复看。1.“女孩一定要努力，去更好的地方，遇到更好的人。,,鱼找鱼，虾找虾。你的圈子，决定了你会遇见谁。拼命往上走，不是为了攀附，是为了给自己一个选择更好人生的入场券。. 人生重启计划打卡相信美好，不是因为世界完美，而是你的相信会让此刻变得更值得。. 7.“建议文科女生发疯式往上爬！如果出身普通，就更要“疯”。把刷剧的时间用来学数据分析，把闲聊的功夫拿去考硬核证书。在文科赛道里，技能是你的护城河。8.“女生慎报金融，尤其普通家庭。”他点破了残酷现实：某些行业，资源比能力更重要。如果没有背景，选一个凭本事吃饭的赛道，更稳妥。. 示县全安申定学U.6. 00:2647心强则胜心强则胜内心强大，是治愈一切的良方。当我们的内心，变得足够强大，一切困难皆可战胜，一切问题皆可解决。心强则胜，心弱则败，很多时候，打败我们的，不是生活的不如意，也不是情感的波折，更不是工作上的糟心，而是我们内心的脆弱！心强则胜，内心强大是治愈一切的良方。当我们的内心，变得足够强大，3小时前…166255955. 5.“你现在不吃学习的苦，将来就要吃生活的苦。”学习的苦，是主动的、有期限的。生活的苦，是被动的、无尽的。选前者，你能掌控；选后者，你只能承受。6.“努力的速度，一定要赶上父母老去的速度。”这是我们拼命的深层动力。不是虚荣，是想在他们需要时，有能力说“别担心，有”。。. 9.“师范类像买国债，收益稳、风险低，适合女生求稳。”如果你追求稳定，这没错。但“稳”不等于躺平，是在稳定的基础上，持续积累你的不可替代性。10.“健康永远是第一位。”这是他用自己的生命，给我们上的最后一课。没了健康，一切繁华与理想都无从谈起。爱自己，从惜命开始。. 18:41O5498厚德载福福报不一定让你很有钱，但一定会让你成为最圆满的自己。心存善念，必有后福，让人三尺，度己一生。当你遇到困难时，能帮你度过难关的即不是人，也不是钱，而是你日积月累的善行。只要心地善良，且德行兼备，那你一定有福报。福报不一定让你很有钱，但一定会让你成为最圆满的自己。心存善念，必有…成长智慧录已关注609139. 2.“姑娘，千万别在高中搞对象",,,
S0184,,#张雪峰 #峰学蔚来 #人不在了，书依然在，多么有趣的灵魂，这么草率的走了！,,,
S0039,,#张雪峰考研图书 #张雪峰小课堂 #张雪峰教学 #张雪峰高考分层练 #张雪峰正版书,,,
S0321,,"不用死背范文模板，学会方法，小学作文次次出彩！ #峰学未来 #张雪峰团队 #语文
峰学未来官方直播间倒计时天中考必考内容提前掌握mhoil 谩舒词健写故写自己写寿2式打通神部和作文sprinting 我们的修辞手法中语文温分星中",,,
S0200,,张老师我想你了呜呜呜#来根巧乐兹 #雪碧 #张雪峰 #张雪峰老师 #来根巧乐兹,,,
S0226,,看到张雪峰老师的消息，心中五味杂陈，人到中年，创业再忙也要记 看到张雪峰老师的消息，心中五味杂陈，人到中年，创业再忙也要记得心疼自己，我们努力打拼是为了好好生活，不是为了透支身体，愿我们都能在奔波中好好照顾自己，健康平安才是福#江苏 #常州武进区牛塘镇 #蔓奇拉红酒供应链 #兰姐,,,
S0174,张雪峰说的太对了！考公上岸的真相！,"张雪峰说，能考上公务员的只有两种人，如果你不是天赋型选手的话，那就只有肯努力的人才能成功上岸！如果你没有一个可以倚仗的爹妈，那就自己为自己撑伞，没有伞的孩子必须学会奔跑！给备考的宝子们分享一些过来人的经验总结，希望能帮到大家一1、目标明确，断了退路，心中只有一个信念就是：我要考上2、晚上11点准时睡觉，早上6点半起保证充足睡眠，别把自己搞得太疲惫3、手机上卸载所有无用软件、娱乐app,保证自己学习的专注力始终保持最佳状态。. GG 张雪峰说只有两种人能考上gwy",,,
S0027,,开心❤。张雪峰事件后 想要运动手表的心达到巅峰[🫣｝ 承蒙孩子们厚爱，喜提华为GT6[😜] 没有很贵，但是很喜欢！ 它可以“共情我的情绪，懂我的开心与不开心，一旦拥有，别无所求”。 那天上午跟老大说:商量个事儿吧，我想要个运动手表，你和仁仁春节的压岁钱给老妈贡献个运动手表咋样，老大说，你和仁仁说吧，我没意见，到家我忘了，当天晚上孩子们已安排好✌✌✌,,,
S0070,匮乏的内在小孩,精神动力学视角下的“匮乏焦虑”与自我消耗2026年3月24日，考研名师张雪峰因心源性猝死去世，年仅41岁。尽管他早已身家过亿，但直到生命最后一刻，他依然保持着“拼命三郎”的工作节奏。从心理学角度看，他的悲剧并非简单的“过劳死”，而是一场由童年匮乏感驱动的心理剧本，在那个剧本里，他始终是那个“不敢停下来”的寒门少年。01童年的为“心理黑洞”匮乏感的种子张雪峰出生在黑龙江一个普通家庭，小时候家里“穷得响都没有”，一家三口曾挤在一张旧床上。这种物质上的极度匮乏，在心理学上会留下一个深刻的“心理印记”。这个印记就像一个黑洞，它会让人在潜意识里形成一种信念：“我拥有的永远不够，我必须拼命跑，. 羁绊是来时路，自由是心归宿杨惠芳宁宜心理创始人，从业18年，资深心理咨询师，督导师咨询经验10000小节+预约V号：yang***********第三届中国-挪威精神分析心理治疗师连续培训项目高级组第一届中英婴儿观察及青少年心智化培训项目第四届、第五届中美精神动力婚姻与家庭治疗初级组和高级组第二届简单心理督导师培训项目第三届和光心理移情焦点治疗师（TFP）训练项目. 04悲剧的启示：如何识别自己的“匮乏剧本”张雪峰的悲剧是一个极端的缩影。我们身边很多人，包括我们自己，可能都在上演类似的剧本：明明不缺钱了，却还是不敢休息。总觉得“还不够”永远在焦虑未来。05如何打破这个循环？觉察：问问自己，我现在的拼命，是真的为了更好的生活，还是仅仅在填补童年那个“不够好”的感觉？对话：试着安抚内心那个“穷怕了”的小孩，告诉他：“我们现在已经安全了，可以慢一点。”. 他甚至把这种焦虑合理化，曾公开说：“穷人家的孩子如果想过好的生活，就要承担这种压力。”这句话听起来励志，实则悲壮—一它把“透支生命”美化成了“逆袭的代价”。03心理与生理的合谋：焦虑如何“杀死”一个人张雪峰在2023年就曾因胸闷心悸被强制住院，但他并未真正休息。从心身医学看，长期的焦虑和高压会扰乱神经系统：心理层面：大脑一直处于“战斗或逃跑”的红色警报状态，无法放松。生理层面：持续的高压导致血压波动、心脏负荷过重，最终引爆“心源性猝死”。他的身体其实早就拉响了警报，但那个被匮乏感控制的“内心小孩”听不见，或者说是不敢听。. 边界：区分“生存需求”和“心理饥饿”。很多时候，我们不是在为生存奔波，而是在为恐惧买单。真正的富有，不是银行卡上的数字，而是内心终于相信“我已经足够好”。真正的心理健康，不是永远高效，而是拥有“停下来也不自责”的能力。试着把休息纳入日程，像对待重要会议一样对待你的睡眠和放松时间。倾听身体发出的信号：身体从不说谎。如果你感到持续的疲劳、情绪低落、注意力涣散，这不是意志力薄弱，而是心理能量耗竭的信号。这时候，停下来不是失败，而是最高级的自救。张雪峰用生命为无数寒门学子指了路，却没能为自己找到那条通往“内心安宁”的路。,,,
S0354,张雪峰老师给妻子和女儿留下了什么？,和责任，可以提前安排得更从容。张老师走得太急，让无数人心里多了一丝警醒。趁现在还能规划的时候，不妨多给自己和家人一份隐形的保障。下载「后话」看看吧，或许它就是那个你一直想找，却不知道怎么描述的小小后盾。愿我们都能在忙碌中，多留一点从容给最重要的人。. 张雪峰老师给妻子和女儿留下了什么？张雪峰老师走了，那天消息刷屏时，很多人的第一反应是“不可能吧”，紧接着就是一阵说不出的惋惜。41岁，正当年富力强，声音还那么洪亮，讲起人生规划、家庭责任时句句扎心，转眼间就再也听不到了。跑步后突发不适，抢救到最后也没能留住，这份突然，让人忍不住想：如果早一点为“万一”做点准备，会不会少一些遗憾？我们总觉得那些温暖的话、重要的交代、甚至藏在心底的账号和叮嘱，都来得及当面说。可生活有时候比规划残酷得多一一忙碌、意外、健康的隐形警. 报，总在最不经意的时候敲门。很多人开始反思：那些想留给家人、给孩子、给挚友的话，真的能确保在需要的时候，准确、安全地送到他们手里吗？有这么一款安静藏在手机里的小工具，它像一个贴心的“数字哨兵”，帮你把那些来不及当面说出口的情感、嘱托和实用信息，加密保管好。它用银行级的AES-256加密，本地处理核心内容，服务器只存看不懂的密文。只有你指定的收件人，拿着那句只有你们懂的“暗语”，才能在正确的时候打开。最聪明的地方在于它的“生命签到”机制。你可以自己设置一个缺席天数，每天轻轻一点，就告诉它“我还好”。如果哪天因为各种原因没签到，系统会先发短信或邮件温和提醒你确认。一旦超过阈值还没回应，它才会安静地把你提前准备好的内容，定向送到家人或朋友的邮箱或手机上。不打扰、不误发，像一个沉默却可靠的托管助手。它不张扬，不需要天天打开，却在高压工作、独居生活、为家人多想一步的时候，给人一种踏实的安心。情感资产、重要提醒、甚至一些数字层面的交代，都能在这里找到归宿。生命总有不确定，但爱,,,
S0074,🔥高考报志愿必入！张雪峰这本选专业神书,"第二章一风险，只是计算机行业的这一场：并且其备良好的身体素质，以消足生出和电子信息类一信息时代的动脉，而是注重能力的行业。计算机更新机代是重据结构、算法、网络技术新每。脏！芯一大批极具竞争力的本土高新一原不上行业发展，就有可能旅A智能代的行这些龙头企业的持续扩张显著该专业正引领着数字化物联网、包括编程语言、，打造国之当前，工智能、、中芯国际等。不断推动智能手机、突破技术封锁，，如华为、伴随着全球电子信息产业的发展、时进“转码”对这些专业的学生，其前沿技术已扩展至人企业应运而生，，因此，言，以目前市面上“转码”成功的来加大了对电子信息类专业人才的需求。与智能化的转型浪潮，、新一代通信及嵌入式系统等关键领域，信息、3、智慧城市等领域的颠覆性创新。因人而异。动驾驶、“转码在本科阶段会学到计算机相关的专业课，学生在。对于没有任何计算机基础的学生而言，用一年时间成相关计算机语能力的提升。进而完成“转同对容易。尊机专业的学生来说有哪些帮助？他们大多用一,部分本科生的学术基础可能较为薄弱，知面也和研对于计算机考硕生，由于他们在校期间往往缺乏直接参与n 。为了提升自己在就业市场的竞争力，帮相较于硕士或博士，这了起点发展。对于个人而言，这样的环境不利于快速成长。对受限。尤其是对于来自普通院校的本科生，，因此其动手能力和实践经验不足。的机会，了他们一个重要的选择。|016|. 汇川技术将与燕山大学建立“燕山大学一汇川技术工业智能控制现代产业学院”汇川技术与哈尔滨工业大学（深圳）机电学院共同建立就业实习基地，探索“学校龙头企业”的校企合作新格局。除此之外，汇川技术还与多所高等院校建立了校企合作，如哈尔滨工业大学、中国矿业大学、湖南工业大学、深圳信息职业技术学院、深圳职业技术大学、辽宁科技大学等。从上述招聘信息（信息搜集时间为2024年9月）中可以看出，，学生所学习的专业国智并不是某一种行业和岗位招聘的唯一标准，学生的职业能力同样至关重要。将专业知识与职业能力相结合，才是确定未来就业方向的关键。其认清各类专业差异汽车（一）专业一览表自动化类专业信息详见表4-8.优表4-8自动化类专业信息致力于培养掌握电子技术、控制理论、计算机技术、信息处理及系统工程等多一句话介绍学科知识，能够从事自动化系统分析、设计、开发、运行、管理及维护的复合专业型人才系统软件编器基础课程高等数学、大学物理、电路原理、模拟电子技术、数字电子技术ink模型代自动控制原理、电子与电子拖动技术基础、传感器与检测技术、微机原理与接专业课程口技术、控制系统数字仿真、现代控制理论控制工程等《大话自动化：从蒸汽机到人工智能》[加]晨枫编著推荐书目《度量世界》[美】罗伯特·P.克里斯著适合哪些术，了解对工程技术和创新有兴趣，愿意在各行业从事技术性工作核心传学生选科建议物理+化学动化考研建议控制工程、控制科学与工程、检测技术与自",,,
S0187,选择的幻觉,"张雪峰通过社交媒体帮助年轻人认清现实，承认选择的有限性，但并未提供真正解决方案。他的走红反映了中国高考体制的结构性缺陷，揭示了教育与就业的不匹配，但并未改变现状。
	
PS：本文无意为张雪峰本人辩护或定罪，也不构成对任何具体专业选择的建议。文中涉及的模式分析基于公开信息，不指向道德判断。博主的兴趣仅在于理解一个社会现象的结构，而非裁定其中任何一方的对错。如 果完全不认可博主的观点可以理性讨论，本人zz立场坚定热爱社会，没有任何不良企图。:3
#未来的选择[话题]# #选择决定命运[话题]# #张雪峰[话题]# #选择与挑战[话题]# #高考[话题]#
对了专业”，孩子就能实现阶层跃迁。于是弥散性的焦虑产生，所有人都知道选择至关重要，但没有人戳破面前的选择是精心布置的幻觉。张雪峰的出现撕破了这层幻觉。他最出圈的那些言论传递的核心信息是“处境决定路径，而你必须认清这一点”。他并没有展开选择的光谱然后徐徐介绍，他是在收窄它，而且收窄得非常不留情面。这件事为什么反而让大量普通家庭感到解脱？因为他替他们完成了一个极其艰难的心理动作：承认自己的处境是有限的，同时不必为此感到羞耻。在张雪峰的话语体系里，选择几条固定路径不失为务实清醒之举，是不被忽悠的表现。他把一种被动的处境包装成了主动的姿态，你只是在看穿虚假选项之后再择选，你比那些还在做梦的人更聪明。专业就业率数据是公开的，各行业的薪酬中位数是可查的，“生化环材是天坑”在大学生群体中早已是流传多年的共识。他真正做的，是为这些散碎的信息提供了一个情感框架，人们可以坦然接受现实，而在这种叙事结构下并不感到自我贬损。. 别报”来覆盖所有情境，在传播效率上是极高的，但在信息准确性上注定是粗糙的。不过，细致的分析不产生流量，恐惧才产生流量，这是媒介生态客观存在的结构性激励。围绕张雪峰的舆论分裂，实际上也是当下中国社会一道更深裂痕的投影。批评他的人：大学教授、文化评论者、媒体从业者，说的是“教育不应该是这样的”。支持他的人，为孩子前途忧心的家长、刚毕业找不到工作的年轻人、在就业市场上碰壁的普通学历持有者：说的是“教育就是这样的，终于有人不装了”。前者是价值判断，后者是事实判断。这两种话语不在同一个平面上，因此也几乎不可能产生真正的对话。而最讽刺的在于，张雪峰越成功，就越证明他所描述的那个系统是正确的。一个大部分人确实没有什么选择余地的系统。如果年轻人真的有丰富的、有意义的选择，如果高校专业设置真的以就业市场和学生发展为导向，如果转专业的门槛足够低、试错的成本足够可控，那么根本不会有几千万人涌向一个短视频博主去寻求人生方向的指引。他的走红就是他的论点最有力的证据。. 也正因如此，对张雪峰最公允的评价不是“他是对的”或“他是错的”。作为一个被时代的结构性缺陷推到前台的人物，他指出了问题，但他给出的不是真正的解决方案，因为真正的解决方案在",,,
S0210,想：武亮接棒峰学历来,"#创作灵感[话题]# #长沙闪电快剪[话题]# #小红书[话题]# #热点[话题]# #热门[话题]#
武亮接棒峰学蔚来没有张雪峰幽默却是定海神针长沙闪电快剪",,,
S0037,,张雪峰老师我还记得你#张雪峰老师 #巧乐兹 #雪碧 #念张师,,,
S0228,寒门也出人才,张雪峰创立“峰学蔚来”,,,
S0293,,"其实本来对张雪峰的了解
仅仅存在于新闻学的争议上
但这几天看了很多切片，而且张老师毕业郑大也算是半个河南人了，真的会有点难过
感觉他真的是很质朴又纯粹的好人
很愿意在他人危难的时候帮一把
也看了一些直播切片，感觉他真的会为学生考虑实际情况也会尽自己所能的去帮助需要帮助的学生/家长
一方面感觉他这么消耗自己去工作是有那种很纯粹的善良在的，他希望打破信息差去帮助求助他的家长们
一方面又感觉他的身体状况完全没有被他重视，发生这样糟糕的事情是早晚的。
去年大s过世跟他过世
看到他们的视频都会难过很久。
感觉都是很善良很愿意帮助他人的人。
今天看很多人发去送他的视频/图片
真的是纯粹的难过
甚至打这些字的时候都是泪流满面
一个纯粹的帮了那么多人的好人这样走掉
那怕有那么多人送也有点可惜
那么爱女儿的他可能也会有点后悔没有珍惜自己的身体再多陪陪女儿吧。
张雪峰老师RIP #张雪峰
GG 感觉张雪峰真的是很纯粹的好人真的很可惜",,,
S0369,生病,"因长期熬夜、饮食不规律和情绪压力，我突然出现头晕、心慌、胸闷等症状，经过医院检查，确诊为肝肾阴虚、心血虚、肝火旺和气血不足。这次生病让我意识到健康的重要性，决定调整生活习惯，珍惜生活，照顾好自己。#病来如山倒 #心态对疾病的影响 #治疗 #好好爱护自己身体 #但愿世上人无病 #去医院看病 #健康 #对抗心理疾病 #健康很重要 #病毒远离我
病情。我觉得我是常年的思虑过重。再加上常年的失眠，熬夜。生活不规律，饮食不规律。再加上那天吃了野草，我以为我中毒了。所以惊吓也是一方面。各种机缘巧合加到一块，把我自己本来就是有点虚的身体一次性爆发出来了。后来我发现我是肝肾阴虚。心血虚。肝火旺。气血也有点不足。还是长年累月，慢慢一天一天形成的问题，只是在这个机缘巧合下爆发出来了而已。通过这次生病，我一定要引起重视。今年也36岁了。身体健康才是最重要的。其他的就好好生活就行了。以后再也不熬夜了。以后一定要吃好喝好。要学会爱自己，照顾好自己。因为如果一旦生病了，花钱是一方面。最重要的是身边也没有人照顾。这就很难过。还好这段时间我家里妈一直给我打视频，一直陪我聊天，让我感觉到心里没有那么难过。. 今天感觉好多了，今天还去上班了。这些天生病了，把我折磨的很难过。过完年以后，我在3月7号那一天来到了西安。过了大概两天左右，那天天气晴朗，阳光明媚。我就一个人去公园散步、踏青。公园里有一片蓝色的小花引起了我的注意。我走近前，仔细的欣赏了半天。这种花是蓝色的枝叶是绿色的。我也没见过这种花，不知道它叫什么名字。我用豆包拍了个照片问了一下。豆包说这是阿拉伯婆婆纳。说是一种药材，只有补肾的作用。说是有的地方也可以做菜吃。说是脾胃寒凉的人不能吃。我一时兴起，就拔了一大束，装到兜里。回到我住的附近。我让那个面馆的老板娘给我用水焯了一下。然后凉拌上，我下着面条吃。刚吃了两口，我就感觉到头晕目眩。差点儿晕倒。我就不敢吃了，我猜这个婆婆纳应该不能吃，应该是有毒的。我回家以后，我发现我胃也不舒服，有点疼，开始反酸，头晕。我从来没有过这种现象。所以我很害怕，我就去高新医院检查了。结果人家给我测了血压给我。医生说我没事儿，其它都是正常的，让我催吐呢。我问医生怎么催吐的，她说就是把胃里的. 东西吐出来。当时我很害怕，我就没有催吐，我感觉虽然头晕也应该问题不大。后来大概过了两三天，它慢慢的好了。又过了一周时间，我到一个公司去培训。那天下班以后回家的时候，我就感觉我颈椎不舒服，牵引着头疼。因为颈椎的问题是经常性偶尔会犯。我就没太当回事，然后回家就强忍着睡着了。大概一两点钟的时候我就醒了。醒了以后我再也睡不着了，我就看了一晚上的短剧。到早上不知道什么时候睡着了。然后中午11点多起床以后。我去楼下吃了一个肉夹馍，喝了一碗紫菜蛋花汤。骑自行车5分钟到地铁口。刚坐下来抽了两口烟。我就感觉有点不对劲。我的喉咙里往出吐白色的沫。",,,
S0347,写给普通家庭的孩子：张雪峰的10句大实话,"读书虽苦，不读书则苦一辈子。选专业应考虑未来能否养活自己，普通家庭优先选择稳定职业如医生、军校、师范。社会层层筛选，学历和工作是关键。三代人中必有一代要拼命，要么吃苦，要么让孩子吃苦。 💬 评论区聊聊：哪句话最戳你？ #张雪峰[话题]# #选专业[话题]# #普通家庭[话题]# #高考志愿[话题]# #家庭教育[话题]# #学业规划[话题]# #父母必看系列[话题]# #教育价值观[话题]# #家长认知决定孩子未来[话题]# #教育改变人生[话题]#
7.学习是你这辈子遇到过的最简单的事了，读书苦一阵子，不读书苦一辈子；8.富人选情怀，穷人选就业；普通家庭优先选医生，军校，师范，稳；9.社会是一层层筛子；用学历筛掉不读书的人，用工作筛掉没能力的人；10.三代人总有一代要拼命，要么你吃苦，要么你的孩子吃苦。. 写给普通家庭的孩子：张雪峰的10句大实话读书苦一阵子不读书苦一辈子三代人总有一代要拼命张雪峰这10句“扎心大实话”，虽然听着刺耳，但句句戳中普通家庭的痛点选专业、拼学业，本质都是在为未来铺路，普通家庭的孩子，更要清醒！. 1.孩子非要报新闻学，我一定会把他打晕，然后给他报个别的；2.家里没矿，别学文科；所有文科专业都叫服务业，总结成一个字就是“舔”；3.普通家庭的孩子，没有资格谈兴趣。你的兴趣，应该是先让自己活下来；4.生化环材四大天坑，不是名校博士别碰；农林矿油土木郎，风里雨里工地忙；5.金融慎报，除非家里有资源，还得有圈子；管理别碰，除非家里有企业；6.选专业不是选兴趣，是选未来十年能不能养活自己，是父母晚年的底气；",,,
S0101,26教资笔试就锁定这个app 跟考试一毛一样,小学综合素质模拟考场答题系统准考证号：11111证件号码：1111111111111登录重置你们玩吧，我要开始准备教资笔试考试了. 2026年小学教师资格证《小学综合素质》题库试题数量：3078到期时间：2027-01-29包含科目：小学综合素质n 首页题库练习错题强化试题收藏我的笔记做题记录类型：章节练习历年真题模拟试卷预测试卷冲刺试卷考前点题2025年下半年教师资格《小学综合素质》试题（网友回忆版）2025年上半年教师资格《小学综合素质》试题（网友回忆版）2024年下半年教师资格《小学综合素质》试题（网友回忆版）2024年上半年教师资格《小学综合素质》试题（网友回忆版）2023年下半年教师资格《小学综合素质》试题（网友回忆版）2023年上半年教师资格《小学综合素质》试题（网友回忆版）2022年下半年教师资格《小学综合素质》试题（网友回忆版）. 2026年小学教师资格证《小学综合素质》题库试题数量：3078到期时间：2027-01-29包含科目：小学综合素质首页题库练习错题强化试题收藏我的笔记做类型：章节练习历年真题模拟试卷预测试卷冲刺试卷考前点题章节名称基础练习题【含解析】第1章职业理念第2章教育法律法规第3章教师职业道德第4章教师文化素养第5章教师基本能力. 已完成5题/共33题Tr 田定基准价。返回设置字体计算器答题卡首重做收起答题卡单选题345689101112131415161718192021合收藏本题反馈纠错2223242526272829按照微利原则确定基准价，以保障教问答题错误3正确2未做28添加保存进度，下次继续提交试卷下一题. 科目：全部幼儿综合素质幼儿保教知识与能力小学综合素质小学教育知中学教育学（省考）中学教育心理学（省考）（初中）小学教育心理学（省考）（初中）历史（初中）地理（初中）音乐（初中）生物（初中）道德与法治2026年幼儿教师资格证（全套2科）题库有效期：12个月2026年小学教师资格证（全套2科）题库有效期：12个月2026年中学教师资格证（全套2科）题库有效期：12个月2026年幼儿教师资格证《幼儿综合素质》题库有效期：12个月各个科目都有！2026年幼儿教师资格证《幼儿保教知识与能力》题库有效期：12个月2026年小学教师资格证《小学综合素质》题库有效期：12个月2026年小学教师资格证《小学教育知识与能力》题库有效期：12个月2026年中学教师资格证《中学综合素质》题库有效期：12个月. 他的热门内容更多你好老师张雪峰老师昨天22:08发布于江苏+关注春节放心玩吧，教资笔试这个app跟考试一模一样1676894587043万. 职业资格/教师资格证/小学综合素质/考前点题/2026年教师资格《小学综合素质》黄金密训卷[问答题]1.材料：李强是一个对上网非常痴迷的孩子。他爸爸由于工作需要买了一台电脑同爸爸一起玩，父,,,
S0116,什么样的人活的最幸福,"宇宙不奖励道德，宇宙只奖励真我 #拥有幸福的能力 #让自己幸福 #做一个幸福的人 #幸福的底气 #成为什么样的人 #生活 #生活记录 #旅行出游 #旅行
宇宙没有道德这个东西，道德是人类社会创造并约束行为的，在不同的时代下，道德感是不一样的。比如古代的克己复礼，士农工商，新中国时期劳动最光荣，还有现在有钱至上，不婚不育，女权主义。但是这是人类社会鼓励和评判你的标准，并不是宇宙鼓励你的方式。宇宙没有道德高低，只有能量高低。如果你真的发自内心的想要做一件事，比如你真的想要赚钱，你对赚钱有这浓厚的兴趣，做这件事让你专注，兴奋，孜孜不倦的话，你的能量状态就会很高，宇宙便会奖励你，它会吸引更多你专注的事情还有对你有帮助的人来到身边。但是如果你想赚钱只是为了养家糊口，为了不被人看不起，为了不让自己被这个社会淘汰，为了让自己看起来符合社会标准的话，那你就是在为了符合“道德”而约束你自己。. 你并不是真的想要赚钱是吧，你其实只是在营造出这个社会所期待的样子，但在内心的本质上，你是在牺牲你自己，成全这个社会的期待和运转。如果连你自己都牺牲自己，不在意自己真实的感受，那么宇宙将不会奖励你。宇宙只会奖励能量高频的人，那些专心，平静，有热情的人，而你心口不一，一边踩刹车，一边踩油门，耗能极大，能量低频，你最终会觉得不快乐，不幸福。最近汽车创始人张雪，网友经常拿他和刚刚逝去的张雪峰老师做比较，两人完全不同的人生态度，一个极致的理想主义，一个是极致的现实主义，大家都他们的评价褒贬不一，人们一边觉得张雪峰是底层人民能够走出来的标杆，而作为同样来自底层的张雪，大家更多是惊叹他的传奇，并且或多或少的会觉得他具有一定的幸存者偏差。但我还是觉得，张雪是那个被奖励的少年，因为他足够纯粹，他足够真我。. 什么样的人活得最幸福？一个反常识，世界并不会奖励那些善良，努力，勤奋的人，世界只会奖励一种人，那就是尊重并顺应自己感受的人。宇宙不奖励道德，宇宙奖励真我。看似是一个心理学问题，但实际上心理学的尽头是神秘学。你会发现有些人看似善良，努力，勤奋，是一个符合这个社会价值标准的“好人”，但他们却都觉得离幸福很远。我一生没做坏事，为何还是举步维艰，想要幸福却是如履薄冰。善良，努力，自律，有孝心，是这个社会教导并提倡你成为的样子，我们暂且可以把这样的社会准则称之为一种广义的道德感。. 做这件事他是开心的，期待的，有激情有梦想的，他想一辈子做下去，就算他这辈子不成功，他也能成为一个开开心心的小老头。他不知疲惫，他能量高涨，所有他身边的人，都能感受到他身体里的这股能量，所以会有源源不断的人借钱给他，帮助他，这也应了一句话，叫做你足够想做一件事的时候，全世界的人都会给你让步，因为你的能量太强了。你的磁场，会吸引到更多好事来到你身边。而要保持好磁场的一个最主要的核心就是，你得听听你内心的真实感受，如果你做这件事就会开心",,,
S0195,,您睡了三天了#张雪峰老师 # 明天早上7：00我们等着您跳起来告诉我们 “前两天天上的文曲星召唤我回去看看 我告诉他人间的使命尚未完成 幼女尚小 我回来再陪陪她”,,,
S0218,,张雪峰老师说别把孩子教的太老实了！！！ 得教会他们七句话： 第一：首先要大声说话，要敢跟人对视 第二：别怕社交，别太在意同学间的感情*第三：学会说不，哪怕是老师、第四：有人欺负你，就直接怼回去 第五：别人想要你的东西，要问他拿什么换 第六：受委屈了，马上告诉爸妈他们会支持你的第七：别太在乎老师的评价 这些都是教育孩子的重要点，我要鼓励孩子勇于表 达 接收他们的不完美，教他们怎么面对不公平！！！#育儿#教育孩子#宝妈带娃#成长思维#育儿经验分享,,,
