agent_id,agent_type,week,condition,baseline_B,spiral_D,fatigue_R,threshold,utility,speak,observed_speak,observed_posted
1,marketing,2026-W12,full,0.8252,1.1001,1.0,0.9103,1.1001,1,1,1
1,marketing,2026-W12,no_b,0.8252,1.1001,1.0,0.9103,1.1001,1,1,1
1,marketing,2026-W12,no_d,0.8252,1.1001,1.0,0.9103,1.0,1,1,1
1,marketing,2026-W12,no_r,0.8252,1.1001,1.0,0.9103,1.1001,1,1,1
1,marketing,2026-W13,full,0.8252,0.9806,0.5895,0.9103,0.9168083,1,1,1
1,marketing,2026-W13,no_b,0.8252,0.9806,0.5895,0.9103,0.5780637000000001,0,1,1
1,marketing,2026-W13,no_d,0.8252,0.9806,0.5895,0.9103,0.9282446,1,1,1
1,marketing,2026-W13,no_r,0.8252,0.9806,0.5895,0.9103,0.9806,1,1,1
1,marketing,2026-W14,full,0.8252,1.0945,0.5166,0.9103,0.96432038,1,1,1
1,marketing,2026-W14,no_b,0.8252,1.0945,0.5166,0.9103,0.5654186999999999,0,1,1
1,marketing,2026-W14,no_d,0.8252,1.0945,0.5166,0.9103,0.91550168,1,1,1
1,marketing,2026-W14,no_r,0.8252,1.0945,0.5166,0.9103,1.0945,1,1,1
1,marketing,2026-W15,full,0.8252,1.0805,0.3713,0.9103,0.9199928900000001,1,1,1
1,marketing,2026-W15,no_b,0.8252,1.0805,0.3713,0.9103,0.40118965,0,1,1
1,marketing,2026-W15,no_d,0.8252,1.0805,0.3713,0.9103,0.8901032400000001,0,1,1
1,marketing,2026-W15,no_r,0.8252,1.0805,0.3713,0.9103,1.0805,1,1,1
1,marketing,2026-W16,full,0.8252,1.0805,0.2851,0.9103,0.89798603,0,0,0
1,marketing,2026-W16,no_b,0.8252,1.0805,0.2851,0.9103,0.30805055000000003,0,0,0
1,marketing,2026-W16,no_d,0.8252,1.0805,0.2851,0.9103,0.87503548,0,0,0
1,marketing,2026-W16,no_r,0.8252,1.0805,0.2851,0.9103,1.0805,1,0,0
1,marketing,2026-W17,full,0.8252,0.9806,0.2189,0.9103,0.8592170600000001,0,0,0
1,marketing,2026-W17,no_b,0.8252,0.9806,0.2189,0.9103,0.21465334000000003,0,0,0
1,marketing,2026-W17,no_d,0.8252,0.9806,0.2189,0.9103,0.86346372,0,0,0
1,marketing,2026-W17,no_r,0.8252,0.9806,0.2189,0.9103,0.9806,1,0,0
1,marketing,2026-W18,full,0.8252,1.0428,0.1918,0.9103,0.86693568,0,0,0
1,marketing,2026-W18,no_b,0.8252,1.0428,0.1918,0.9103,0.20000904,0,0,0
1,marketing,2026-W18,no_d,0.8252,1.0428,0.1918,0.9103,0.85872664,0,0,0
1,marketing,2026-W18,no_r,0.8252,1.0428,0.1918,0.9103,1.0428,1,0,0
1,marketing,2026-W19,full,0.8252,0.9806,0.1573,0.9103,0.8496444200000001,0,0,0
1,marketing,2026-W19,no_b,0.8252,0.9806,0.1573,0.9103,0.15424838,0,0,0
1,marketing,2026-W19,no_d,0.8252,0.9806,0.1573,0.9103,0.85269604,0,0,0
1,marketing,2026-W19,no_r,0.8252,0.9806,0.1573,0.9103,0.9806,1,0,0
1,marketing,2026-W20,full,0.8252,1.0945,0.1379,0.9103,0.86233647,0,0,0
1,marketing,2026-W20,no_b,0.8252,1.0945,0.1379,0.9103,0.15093155,0,0,0
1,marketing,2026-W20,no_d,0.8252,1.0945,0.1379,0.9103,0.84930492,0,0,0
1,marketing,2026-W20,no_r,0.8252,1.0945,0.1379,0.9103,1.0945,1,0,0
1,marketing,2026-W21,full,0.8252,0.9806,0.0991,0.9103,0.84060014,0,0,0
1,marketing,2026-W21,no_b,0.8252,0.9806,0.0991,0.9103,0.09717746,0,0,0
1,marketing,2026-W21,no_d,0.8252,0.9806,0.0991,0.9103,0.8425226800000001,0,0,0
1,marketing,2026-W21,no_r,0.8252,0.9806,0.0991,0.9103,0.9806,1,0,0
1,marketing,2026-W22,full,0.8252,1.0428,0.0868,0.9103,0.84408768,0,0,0
1,marketing,2026-W22,no_b,0.8252,1.0428,0.0868,0.9103,0.09051503999999999,0,0,0
1,marketing,2026-W22,no_d,0.8252,1.0428,0.0868,0.9103,0.84037264,0,0,0
1,marketing,2026-W22,no_r,0.8252,1.0428,0.0868,0.9103,1.0428,1,0,0
2,marketing,2026-W12,full,0.8252,1.0821,1.0,1.1012,1.0821,0,0,0
2,marketing,2026-W12,no_b,0.8252,1.0821,1.0,1.1012,1.0821,0,0,0
2,marketing,2026-W12,no_d,0.8252,1.0821,1.0,1.1012,1.0,0,0,0
2,marketing,2026-W12,no_r,0.8252,1.0821,1.0,1.1012,1.0821,0,0,0
2,marketing,2026-W13,full,0.8252,0.9841,0.6589,1.1012,0.92989921,0,0,0
2,marketing,2026-W13,no_b,0.8252,0.9841,0.6589,1.1012,0.64842349,0,0,0
2,marketing,2026-W13,no_d,0.8252,0.9841,0.6589,1.1012,0.94037572,0,0,0
2,marketing,2026-W13,no_r,0.8252,0.9841,0.6589,1.1012,0.9841,0,0,0
2,marketing,2026-W14,full,0.8252,0.9841,0.5848,1.1012,0.91812472,0,0,0
2,marketing,2026-W14,no_b,0.8252,0.9841,0.5848,1.1012,0.57550168,0,0,0
2,marketing,2026-W14,no_d,0.8252,0.9841,0.5848,1.1012,0.92742304,0,0,0
2,marketing,2026-W14,no_r,0.8252,0.9841,0.5848,1.1012,0.9841,0,0,0
2,marketing,2026-W15,full,0.8252,0.9431,0.5191,1.1012,0.88640189,0,0,0
2,marketing,2026-W15,no_b,0.8252,0.9431,0.5191,1.1012,0.48956321,0,0,0
2,marketing,2026-W15,no_d,0.8252,0.9431,0.5191,1.1012,0.91593868,0,0,0
2,marketing,2026-W15,no_r,0.8252,0.9431,0.5191,1.1012,0.9431,0,0,0
2,marketing,2026-W16,full,0.8252,0.9841,0.489,1.1012,0.9029021,0,0,0
2,marketing,2026-W16,no_b,0.8252,0.9841,0.489,1.1012,0.48122489999999996,0,0,0
2,marketing,2026-W16,no_d,0.8252,0.9841,0.489,1.1012,0.9106772000000001,0,0,0
2,marketing,2026-W16,no_r,0.8252,0.9841,0.489,1.1012,0.9841,0,0,0
2,marketing,2026-W17,full,0.8252,1.0663,0.4341,1.1012,0.9298615100000001,0,0,0
2,marketing,2026-W17,no_b,0.8252,1.0663,0.4341,1.1012,0.46288083,0,0,0
2,marketing,2026-W17,no_d,0.8252,1.0663,0.4341,1.1012,0.90108068,0,0,0
2,marketing,2026-W17,no_r,0.8252,1.0663,0.4341,1.1012,1.0663,0,0,0
2,marketing,2026-W18,full,0.8252,1.0812,0.342,1.1012,0.912752,0,0,0
2,marketing,2026-W18,no_b,0.8252,1.0812,0.342,1.1012,0.3697704,0,0,0
2,marketing,2026-W18,no_d,0.8252,1.0812,0.342,1.1012,0.8849816,0,0,0
2,marketing,2026-W18,no_r,0.8252,1.0812,0.342,1.1012,1.0812,0,0,0
2,marketing,2026-W19,full,0.8252,1.0352,0.2392,1.1012,0.875432,0,0,0
2,marketing,2026-W19,no_b,0.8252,1.0352,0.2392,1.1012,0.24761983999999998,0,0,0
2,marketing,2026-W19,no_d,0.8252,1.0352,0.2392,1.1012,0.86701216,0,0,0
2,marketing,2026-W19,no_r,0.8252,1.0352,0.2392,1.1012,1.0352,0,0,0
2,marketing,2026-W20,full,0.8252,1.0778,0.2,1.1012,0.87572,0,0,0
2,marketing,2026-W20,no_b,0.8252,1.0778,0.2,1.1012,0.21556000000000003,0,0,0
2,marketing,2026-W20,no_d,0.8252,1.0778,0.2,1.1012,0.86016,0,0,0
2,marketing,2026-W20,no_r,0.8252,1.0778,0.2,1.1012,1.0778,0,0,0
2,marketing,2026-W21,full,0.8252,1.0352,0.1485,1.1012,0.8563850000000001,0,0,0
2,marketing,2026-W21,no_b,0.8252,1.0352,0.1485,1.1012,0.15372719999999998,0,0,0
2,marketing,2026-W21,no_d,0.8252,1.0352,0.1485,1.1012,0.8511578000000001,0,0,0
2,marketing,2026-W21,no_r,0.8252,1.0352,0.1485,1.1012,1.0352,0,0,0
2,marketing,2026-W22,full,0.8252,0.9431,0.1241,1.1012,0.8398313900000001,0,0,0
2,marketing,2026-W22,no_b,0.8252,0.9431,0.1241,1.1012,0.11703871,0,0,0
2,marketing,2026-W22,no_d,0.8252,0.9431,0.1241,1.1012,0.8468926800000001,0,0,0
2,marketing,2026-W22,no_r,0.8252,0.9431,0.1241,1.1012,0.9431,0,0,0
3,other,2026-W12,full,0.7686,0.3485,1.0,0.9984,0.3485,0,0,0
3,other,2026-W12,no_b,0.7686,0.3485,1.0,0.9984,0.3485,0,0,0
3,other,2026-W12,no_d,0.7686,0.3485,1.0,0.9984,1.0,1,0,0
3,other,2026-W12,no_r,0.7686,0.3485,1.0,0.9984,0.3485,0,0,0
3,other,2026-W13,full,0.7686,0.9487,1.0,0.9984,0.9487,0,0,0
3,other,2026-W13,no_b,0.7686,0.9487,1.0,0.9984,0.9487,0,0,0
3,other,2026-W13,no_d,0.7686,0.9487,1.0,0.9984,1.0,1,0,0
3,other,2026-W13,no_r,0.7686,0.9487,1.0,0.9984,0.9487,0,0,0
3,other,2026-W14,full,0.7686,0.3485,0.5567,0.9984,0.5347303299999999,0,0,0
3,other,2026-W14,no_b,0.7686,0.3485,0.5567,0.9984,0.19400995,0,0,0
3,other,2026-W14,no_d,0.7686,0.3485,0.5567,0.9984,0.89742038,0,0,0
3,other,2026-W14,no_r,0.7686,0.3485,0.5567,0.9984,0.3485,0,0,0
3,other,2026-W15,full,0.7686,0.3485,0.5567,0.9984,0.5347303299999999,0,0,0
3,other,2026-W15,no_b,0.7686,0.3485,0.5567,0.9984,0.19400995,0,0,0
3,other,2026-W15,no_d,0.7686,0.3485,0.5567,0.9984,0.89742038,0,0,0
3,other,2026-W15,no_r,0.7686,0.3485,0.5567,0.9984,0.3485,0,0,0
3,other,2026-W16,full,0.7686,1.6304,0.5567,0.9984,1.24836406,1,1,1
3,other,2026-W16,no_b,0.7686,1.6304,0.5567,0.9984,0.90764368,0,1,1
3,other,2026-W16,no_d,0.7686,1.6304,0.5567,0.9984,0.89742038,0,1,1
3,other,2026-W16,no_r,0.7686,1.6304,0.5567,0.9984,1.6304,1,1,1
3,other,2026-W17,full,0.7686,0.9487,0.1725,0.9984,0.7996672499999999,0,0,0
3,other,2026-W17,no_b,0.7686,0.9487,0.1725,0.9984,0.16365074999999998,0,0,0
3,other,2026-W17,no_d,0.7686,0.9487,0.1725,0.9984,0.8085165,0,0,0
3,other,2026-W17,no_r,0.7686,0.9487,0.1725,0.9984,0.9487,0,0,0
3,other,2026-W18,full,0.7686,0.9487,0.096,0.9984,0.7858896,0,0,0
3,other,2026-W18,no_b,0.7686,0.9487,0.096,0.9984,0.0910752,0,0,0
3,other,2026-W18,no_d,0.7686,0.9487,0.096,0.9984,0.7908143999999999,0,0,0
3,other,2026-W18,no_r,0.7686,0.9487,0.096,0.9984,0.9487,0,0,0
3,other,2026-W19,full,0.7686,1.408,0.0535,0.9984,0.8028078999999999,0,0,0
3,other,2026-W19,no_b,0.7686,1.408,0.0535,0.9984,0.07532799999999999,0,0,0
3,other,2026-W19,no_d,0.7686,1.408,0.0535,0.9984,0.7809799,0,0,0
3,other,2026-W19,no_r,0.7686,1.408,0.0535,0.9984,1.408,1,0,0
3,other,2026-W20,full,0.7686,0.3485,0.0222,0.9984,0.7592737799999999,0,0,0
3,other,2026-W20,no_b,0.7686,0.3485,0.0222,0.9984,0.0077367,0,0,0
3,other,2026-W20,no_d,0.7686,0.3485,0.0222,0.9984,0.77373708,0,0,0
3,other,2026-W20,no_r,0.7686,0.3485,0.0222,0.9984,0.3485,0,0,0
3,other,2026-W21,full,0.7686,0.3485,0.0222,0.9984,0.7592737799999999,0,0,0
3,other,2026-W21,no_b,0.7686,0.3485,0.0222,0.9984,0.0077367,0,0,0
3,other,2026-W21,no_d,0.7686,0.3485,0.0222,0.9984,0.77373708,0,0,0
3,other,2026-W21,no_r,0.7686,0.3485,0.0222,0.9984,0.3485,0,0,0
3,other,2026-W22,full,0.7686,0.3485,0.0222,0.9984,0.7592737799999999,0,0,0
3,other,2026-W22,no_b,0.7686,0.3485,0.0222,0.9984,0.0077367,0,0,0
3,other,2026-W22,no_d,0.7686,0.3485,0.0222,0.9984,0.77373708,0,0,0
3,other,2026-W22,no_r,0.7686,0.3485,0.0222,0.9984,0.3485,0,0,0
4,meme,2026-W12,full,0.7755,0.6052,1.0,1.0185,0.6052,0,0,0
4,meme,2026-W12,no_b,0.7755,0.6052,1.0,1.0185,0.6052,0,0,0
4,meme,2026-W12,no_d,0.7755,0.6052,1.0,1.0185,1.0,0,0,0
4,meme,2026-W12,no_r,0.7755,0.6052,1.0,1.0185,0.6052,0,0,0
4,meme,2026-W13,full,0.7755,0.6052,1.0,1.0185,0.6052,0,0,0
4,meme,2026-W13,no_b,0.7755,0.6052,1.0,1.0185,0.6052,0,0,0
4,meme,2026-W13,no_d,0.7755,0.6052,1.0,1.0185,1.0,0,0,0
4,meme,2026-W13,no_r,0.7755,0.6052,1.0,1.0185,0.6052,0,0,0
4,meme,2026-W14,full,0.7755,0.6052,1.0,1.0185,0.6052,0,0,0
4,meme,2026-W14,no_b,0.7755,0.6052,1.0,1.0185,0.6052,0,0,0
4,meme,2026-W14,no_d,0.7755,0.6052,1.0,1.0185,1.0,0,0,0
4,meme,2026-W14,no_r,0.7755,0.6052,1.0,1.0185,0.6052,0,0,0
4,meme,2026-W15,full,0.7755,0.6052,1.0,1.0185,0.6052,0,0,0
4,meme,2026-W15,no_b,0.7755,0.6052,1.0,1.0185,0.6052,0,0,0
4,meme,2026-W15,no_d,0.7755,0.6052,1.0,1.0185,1.0,0,0,0
4,meme,2026-W15,no_r,0.7755,0.6052,1.0,1.0185,0.6052,0,0,0
4,meme,2026-W16,full,0.7755,0.6052,1.0,1.0185,0.6052,0,0,0
4,meme,2026-W16,no_b,0.7755,0.6052,1.0,1.0185,0.6052,0,0,0
4,meme,2026-W16,no_d,0.7755,0.6052,1.0,1.0185,1.0,0,0,0
4,meme,2026-W16,no_r,0.7755,0.6052,1.0,1.0185,0.6052,0,0,0
4,meme,2026-W17,full,0.7755,0.6052,1.0,1.0185,0.6052,0,0,0
4,meme,2026-W17,no_b,0.7755,0.6052,1.0,1.0185,0.6052,0,0,0
4,meme,2026-W17,no_d,0.7755,0.6052,1.0,1.0185,1.0,0,0,0
4,meme,2026-W17,no_r,0.7755,0.6052,1.0,1.0185,0.6052,0,0,0
4,meme,2026-W18,full,0.7755,0.6052,1.0,1.0185,0.6052,0,0,0
4,meme,2026-W18,no_b,0.7755,0.6052,1.0,1.0185,0.6052,0,0,0
4,meme,2026-W18,no_d,0.7755,0.6052,1.0,1.0185,1.0,0,0,0
4,meme,2026-W18,no_r,0.7755,0.6052,1.0,1.0185,0.6052,0,0,0
4,meme,2026-W19,full,0.7755,0.7335,1.0,1.0185,0.7335,0,0,0
4,meme,2026-W19,no_b,0.7755,0.7335,1.0,1.0185,0.7335,0,0,0
4,meme,2026-W19,no_d,0.7755,0.7335,1.0,1.0185,1.0,0,0,0
4,meme,2026-W19,no_r,0.7755,0.7335,1.0,1.0185,0.7335,0,0,0
4,meme,2026-W20,full,0.7755,0.7335,0.9108,1.0185,0.7372464000000001,0,0,0
4,meme,2026-W20,no_b,0.7755,0.7335,0.9108,1.0185,0.6680718000000001,0,0,0
4,meme,2026-W20,no_d,0.7755,0.7335,0.9108,1.0185,0.9799746,0,0,0
4,meme,2026-W20,no_r,0.7755,0.7335,0.9108,1.0185,0.7335,0,0,0
4,meme,2026-W21,full,0.7755,1.4348,0.8296,1.0185,1.32245528,1,1,1
4,meme,2026-W21,no_b,0.7755,1.4348,0.8296,1.0185,1.1903100800000002,1,1,1
4,meme,2026-W21,no_d,0.7755,1.4348,0.8296,1.0185,0.9617452,0,1,1
4,meme,2026-W21,no_r,0.7755,1.4348,0.8296,1.0185,1.4348,1,1,1
4,meme,2026-W22,full,0.7755,1.4359,0.4737,1.0185,1.08833148,1,1,1
4,meme,2026-W22,no_b,0.7755,1.4359,0.4737,1.0185,0.68018583,0,1,1
4,meme,2026-W22,no_d,0.7755,1.4359,0.4737,1.0185,0.88184565,0,1,1
4,meme,2026-W22,no_r,0.7755,1.4359,0.4737,1.0185,1.4359,1,1,1
5,education,2026-W12,full,0.7412,0.8919,1.0,0.7612,0.8919,1,1,1
5,education,2026-W12,no_b,0.7412,0.8919,1.0,0.7612,0.8919,1,1,1
5,education,2026-W12,no_d,0.7412,0.8919,1.0,0.7612,1.0,1,1,1
5,education,2026-W12,no_r,0.7412,0.8919,1.0,0.7612,0.8919,1,1,1
5,education,2026-W13,full,0.7412,1.1081,0.8388,0.7612,1.04895572,1,1,1
5,education,2026-W13,no_b,0.7412,1.1081,0.8388,0.7612,0.9294742800000001,1,1,1
5,education,2026-W13,no_d,0.7412,1.1081,0.8388,0.7612,0.9582814399999999,1,1,1
5,education,2026-W13,no_r,0.7412,1.1081,0.8388,0.7612,1.1081,1,1,1
5,education,2026-W14,full,0.7412,1.1081,0.5902,0.7612,0.9577443800000001,1,1,1
5,education,2026-W14,no_b,0.7412,1.1081,0.5902,0.7612,0.65400062,0,1,1
5,education,2026-W14,no_d,0.7412,1.1081,0.5902,0.7612,0.89394376,1,1,1
5,education,2026-W14,no_r,0.7412,1.1081,0.5902,0.7612,1.1081,1,1,1
5,education,2026-W15,full,0.7412,1.1081,0.4153,0.7612,0.89357357,1,1,1
5,education,2026-W15,no_b,0.7412,1.1081,0.4153,0.7612,0.46019393000000003,0,1,1
5,education,2026-W15,no_d,0.7412,1.1081,0.4153,0.7612,0.84867964,1,1,1
5,education,2026-W15,no_r,0.7412,1.1081,0.4153,0.7612,1.1081,1,1,1
5,education,2026-W16,full,0.7412,1.1081,0.2922,0.7612,0.8484081800000001,1,1,0
5,education,2026-W16,no_b,0.7412,1.1081,0.2922,0.7612,0.32378682000000003,0,1,0
5,education,2026-W16,no_d,0.7412,1.1081,0.2922,0.7612,0.8168213599999999,1,1,0
5,education,2026-W16,no_r,0.7412,1.1081,0.2922,0.7612,1.1081,1,1,0
5,education,2026-W17,full,0.7412,0.7883,0.2056,0.7612,0.75088376,0,0,0
5,education,2026-W17,no_b,0.7412,0.7883,0.2056,0.7612,0.16207448,0,0,0
5,education,2026-W17,no_d,0.7412,0.7883,0.2056,0.7612,0.79440928,1,0,0
5,education,2026-W17,no_r,0.7412,0.7883,0.2056,0.7612,0.7883,1,0,0
5,education,2026-W18,full,0.7412,0.8919,0.2056,0.7612,0.77218392,1,1,1
5,education,2026-W18,no_b,0.7412,0.8919,0.2056,0.7612,0.18337464,0,1,1
5,education,2026-W18,no_d,0.7412,0.8919,0.2056,0.7612,0.79440928,1,1,1
5,education,2026-W18,no_r,0.7412,0.8919,0.2056,0.7612,0.8919,1,1,1
5,education,2026-W19,full,0.7412,0.8919,0.1724,0.7612,0.76718068,1,1,1
5,education,2026-W19,no_b,0.7412,0.8919,0.1724,0.7612,0.15376356,0,1,1
5,education,2026-W19,no_d,0.7412,0.8919,0.1724,0.7612,0.7858171199999999,1,1,1
5,education,2026-W19,no_r,0.7412,0.8919,0.1724,0.7612,0.8919,1,1,1
5,education,2026-W20,full,0.7412,1.1081,0.1447,0.7612,0.79429043,1,1,1
5,education,2026-W20,no_b,0.7412,1.1081,0.1447,0.7612,0.16034207,0,1,1
5,education,2026-W20,no_d,0.7412,1.1081,0.1447,0.7612,0.7786483599999999,1,1,1
5,education,2026-W20,no_r,0.7412,1.1081,0.1447,0.7612,1.1081,1,1,1
5,education,2026-W21,full,0.7412,0.8919,0.1018,0.7612,0.75654126,0,0,0
5,education,2026-W21,no_b,0.7412,0.8919,0.1018,0.7612,0.09079542,0,0,0
5,education,2026-W21,no_d,0.7412,0.8919,0.1018,0.7612,0.7675458399999999,1,0,0
5,education,2026-W21,no_r,0.7412,0.8919,0.1018,0.7612,0.8919,1,0,0
5,education,2026-W22,full,0.7412,0.8919,0.0854,0.7612,0.75406978,0,0,0
5,education,2026-W22,no_b,0.7412,0.8919,0.0854,0.7612,0.07616826,0,0,0
5,education,2026-W22,no_d,0.7412,0.8919,0.0854,0.7612,0.76330152,1,0,0
5,education,2026-W22,no_r,0.7412,0.8919,0.0854,0.7612,0.8919,1,0,0
6,marketing,2026-W12,full,0.8252,1.0753,1.0,0.9529,1.0753,1,1,1
6,marketing,2026-W12,no_b,0.8252,1.0753,1.0,0.9529,1.0753,1,1,1
6,marketing,2026-W12,no_d,0.8252,1.0753,1.0,0.9529,1.0,1,1,1
6,marketing,2026-W12,no_r,0.8252,1.0753,1.0,0.9529,1.0753,1,1,1
6,marketing,2026-W13,full,0.8252,0.9479,0.6399,0.9529,0.90371573,0,0,0
6,marketing,2026-W13,no_b,0.8252,0.9479,0.6399,0.9529,0.60656121,0,0,0
6,marketing,2026-W13,no_d,0.8252,0.9479,0.6399,0.9529,0.93705452,0,0,0
6,marketing,2026-W13,no_r,0.8252,0.9479,0.6399,0.9529,0.9479,0,0,0
6,marketing,2026-W14,full,0.8252,1.0323,0.6004,0.9529,0.94954284,0,0,0
6,marketing,2026-W14,no_b,0.8252,1.0323,0.6004,0.9529,0.6197929200000001,0,0,0
6,marketing,2026-W14,no_d,0.8252,1.0323,0.6004,0.9529,0.9301499200000001,0,0,0
6,marketing,2026-W14,no_r,0.8252,1.0323,0.6004,0.9529,1.0323,1,0,0
6,marketing,2026-W15,full,0.8252,1.0744,0.4959,0.9529,0.94877828,0,0,0
6,marketing,2026-W15,no_b,0.8252,1.0744,0.4959,0.9529,0.53279496,0,0,0
6,marketing,2026-W15,no_d,0.8252,1.0744,0.4959,0.9529,0.91188332,0,0,0
6,marketing,2026-W15,no_r,0.8252,1.0744,0.4959,0.9529,1.0744,1,0,0
6,marketing,2026-W16,full,0.8252,1.0712,0.3382,0.9529,0.9083972,0,0,0
6,marketing,2026-W16,no_b,0.8252,1.0712,0.3382,0.9529,0.36227983999999996,0,0,0
6,marketing,2026-W16,no_d,0.8252,1.0712,0.3382,0.9529,0.88431736,0,0,0
6,marketing,2026-W16,no_r,0.8252,1.0712,0.3382,0.9529,1.0712,1,0,0
6,marketing,2026-W17,full,0.8252,1.0607,0.2459,0.9529,0.8831094500000001,0,0,0
6,marketing,2026-W17,no_b,0.8252,1.0607,0.2459,0.9529,0.26082613,0,0,0
6,marketing,2026-W17,no_d,0.8252,1.0607,0.2459,0.9529,0.86818332,0,0,0
6,marketing,2026-W17,no_r,0.8252,1.0607,0.2459,0.9529,1.0607,1,0,0
6,marketing,2026-W18,full,0.8252,1.0323,0.1905,0.9529,0.8646525500000001,0,0,0
6,marketing,2026-W18,no_b,0.8252,1.0323,0.1905,0.9529,0.19665315,0,0,0
6,marketing,2026-W18,no_d,0.8252,1.0323,0.1905,0.9529,0.8584994,0,0,0
6,marketing,2026-W18,no_r,0.8252,1.0323,0.1905,0.9529,1.0323,1,0,0
6,marketing,2026-W19,full,0.8252,1.0744,0.1573,0.9529,0.86439916,0,0,0
6,marketing,2026-W19,no_b,0.8252,1.0744,0.1573,0.9529,0.16900312,0,0,0
6,marketing,2026-W19,no_d,0.8252,1.0744,0.1573,0.9529,0.85269604,0,0,0
6,marketing,2026-W19,no_r,0.8252,1.0744,0.1573,0.9529,1.0744,1,0,0
6,marketing,2026-W20,full,0.8252,1.0607,0.1073,0.9529,0.85046915,0,0,0
6,marketing,2026-W20,no_b,0.8252,1.0607,0.1073,0.9529,0.11381311000000001,0,0,0
6,marketing,2026-W20,no_d,0.8252,1.0607,0.1073,0.9529,0.84395604,0,0,0
6,marketing,2026-W20,no_r,0.8252,1.0607,0.1073,0.9529,1.0607,1,0,0
6,marketing,2026-W21,full,0.8252,0.9479,0.0832,0.9529,0.83540864,0,0,0
6,marketing,2026-W21,no_b,0.8252,0.9479,0.0832,0.9529,0.07886528,0,0,0
6,marketing,2026-W21,no_d,0.8252,0.9479,0.0832,0.9529,0.83974336,0,0,0
6,marketing,2026-W21,no_r,0.8252,0.9479,0.0832,0.9529,0.9479,0,0,0
6,marketing,2026-W22,full,0.8252,1.0323,0.078,0.9529,0.8413538,0,0,0
6,marketing,2026-W22,no_b,0.8252,1.0323,0.078,0.9529,0.0805194,0,0,0
6,marketing,2026-W22,no_d,0.8252,1.0323,0.078,0.9529,0.8388344000000001,0,0,0
6,marketing,2026-W22,no_r,0.8252,1.0323,0.078,0.9529,1.0323,1,0,0
7,meme,2026-W12,full,0.7755,0.5589,1.0,0.8025,0.5589,0,0,0
7,meme,2026-W12,no_b,0.7755,0.5589,1.0,0.8025,0.5589,0,0,0
7,meme,2026-W12,no_d,0.7755,0.5589,1.0,0.8025,1.0,1,0,0
7,meme,2026-W12,no_r,0.7755,0.5589,1.0,0.8025,0.5589,0,0,0
7,meme,2026-W13,full,0.7755,0.5589,1.0,0.8025,0.5589,0,0,0
7,meme,2026-W13,no_b,0.7755,0.5589,1.0,0.8025,0.5589,0,0,0
7,meme,2026-W13,no_d,0.7755,0.5589,1.0,0.8025,1.0,1,0,0
7,meme,2026-W13,no_r,0.7755,0.5589,1.0,0.8025,0.5589,0,0,0
7,meme,2026-W14,full,0.7755,0.5589,1.0,0.8025,0.5589,0,0,0
7,meme,2026-W14,no_b,0.7755,0.5589,1.0,0.8025,0.5589,0,0,0
7,meme,2026-W14,no_d,0.7755,0.5589,1.0,0.8025,1.0,1,0,0
7,meme,2026-W14,no_r,0.7755,0.5589,1.0,0.8025,0.5589,0,0,0
7,meme,2026-W15,full,0.7755,0.5589,1.0,0.8025,0.5589,0,0,0
7,meme,2026-W15,no_b,0.7755,0.5589,1.0,0.8025,0.5589,0,0,0
7,meme,2026-W15,no_d,0.7755,0.5589,1.0,0.8025,1.0,1,0,0
7,meme,2026-W15,no_r,0.7755,0.5589,1.0,0.8025,0.5589,0,0,0
7,meme,2026-W16,full,0.7755,0.5589,1.0,0.8025,0.5589,0,0,0
7,meme,2026-W16,no_b,0.7755,0.5589,1.0,0.8025,0.5589,0,0,0
7,meme,2026-W16,no_d,0.7755,0.5589,1.0,0.8025,1.0,1,0,0
7,meme,2026-W16,no_r,0.7755,0.5589,1.0,0.8025,0.5589,0,0,0
7,meme,2026-W17,full,0.7755,0.5589,1.0,0.8025,0.5589,0,0,0
7,meme,2026-W17,no_b,0.7755,0.5589,1.0,0.8025,0.5589,0,0,0
7,meme,2026-W17,no_d,0.7755,0.5589,1.0,0.8025,1.0,1,0,0
7,meme,2026-W17,no_r,0.7755,0.5589,1.0,0.8025,0.5589,0,0,0
7,meme,2026-W18,full,0.7755,0.5589,1.0,0.8025,0.5589,0,0,0
7,meme,2026-W18,no_b,0.7755,0.5589,1.0,0.8025,0.5589,0,0,0
7,meme,2026-W18,no_d,0.7755,0.5589,1.0,0.8025,1.0,1,0,0
7,meme,2026-W18,no_r,0.7755,0.5589,1.0,0.8025,0.5589,0,0,0
7,meme,2026-W19,full,0.7755,0.5589,1.0,0.8025,0.5589,0,0,0
7,meme,2026-W19,no_b,0.7755,0.5589,1.0,0.8025,0.5589,0,0,0
7,meme,2026-W19,no_d,0.7755,0.5589,1.0,0.8025,1.0,1,0,0
7,meme,2026-W19,no_r,0.7755,0.5589,1.0,0.8025,0.5589,0,0,0
7,meme,2026-W20,full,0.7755,1.3414,1.0,0.8025,1.3414,1,1,1
7,meme,2026-W20,no_b,0.7755,1.3414,1.0,0.8025,1.3414,1,1,1
7,meme,2026-W20,no_d,0.7755,1.3414,1.0,0.8025,1.0,1,1,1
7,meme,2026-W20,no_r,0.7755,1.3414,1.0,0.8025,1.3414,1,1,1
7,meme,2026-W21,full,0.7755,1.4801,0.7483,0.8025,1.30275218,1,1,1
7,meme,2026-W21,no_b,0.7755,1.4801,0.7483,0.8025,1.1075588299999999,1,1,1
7,meme,2026-W21,no_d,0.7755,1.4801,0.7483,0.8025,0.94349335,1,1,1
7,meme,2026-W21,no_r,0.7755,1.4801,0.7483,0.8025,1.4801,1,1,1
7,meme,2026-W22,full,0.7755,1.4859,0.4615,0.8025,1.1033496,1,1,1
7,meme,2026-W22,no_b,0.7755,1.4859,0.4615,0.8025,0.68574285,0,1,1
7,meme,2026-W22,no_d,0.7755,1.4859,0.4615,0.8025,0.87910675,1,1,1
7,meme,2026-W22,no_r,0.7755,1.4859,0.4615,0.8025,1.4859,1,1,1
8,education,2026-W12,full,0.7412,0.8882,1.0,1.0381,0.8882,0,0,0
8,education,2026-W12,no_b,0.7412,0.8882,1.0,1.0381,0.8882,0,0,0
8,education,2026-W12,no_d,0.7412,0.8882,1.0,1.0381,1.0,0,0,0
8,education,2026-W12,no_r,0.7412,0.8882,1.0,1.0381,0.8882,0,0,0
8,education,2026-W13,full,0.7412,0.8882,0.8249,1.0381,0.8624603,0,0,0
8,education,2026-W13,no_b,0.7412,0.8882,0.8249,1.0381,0.73267618,0,0,0
8,education,2026-W13,no_d,0.7412,0.8882,0.8249,1.0381,0.95468412,0,0,0
8,education,2026-W13,no_r,0.7412,0.8882,0.8249,1.0381,0.8882,0,0,0
8,education,2026-W14,full,0.7412,1.1118,0.6805,1.0381,0.9933932999999999,0,0,0
8,education,2026-W14,no_b,0.7412,1.1118,0.6805,1.0381,0.7565799,0,0,0
8,education,2026-W14,no_d,0.7412,1.1118,0.6805,1.0381,0.9173134000000001,0,0,0
8,education,2026-W14,no_r,0.7412,1.1118,0.6805,1.0381,1.1118,1,0,0
8,education,2026-W15,full,0.7412,0.781,0.463,1.0381,0.7596274,0,0,0
8,education,2026-W15,no_b,0.7412,0.781,0.463,1.0381,0.361603,0,0,0
8,education,2026-W15,no_d,0.7412,0.781,0.463,1.0381,0.8610244,0,0,0
8,education,2026-W15,no_r,0.7412,0.781,0.463,1.0381,0.781,0,0,0
8,education,2026-W16,full,0.7412,1.1118,0.463,1.0381,0.9127877999999999,0,0,0
8,education,2026-W16,no_b,0.7412,1.1118,0.463,1.0381,0.5147634,0,0,0
8,education,2026-W16,no_d,0.7412,1.1118,0.463,1.0381,0.8610244,0,0,0
8,education,2026-W16,no_r,0.7412,1.1118,0.463,1.0381,1.1118,1,0,0
8,education,2026-W17,full,0.7412,1.1118,0.3151,1.0381,0.8579760599999999,0,0,0
8,education,2026-W17,no_b,0.7412,1.1118,0.3151,1.0381,0.35032817999999993,0,0,0
8,education,2026-W17,no_d,0.7412,1.1118,0.3151,1.0381,0.82274788,0,0,0
8,education,2026-W17,no_r,0.7412,1.1118,0.3151,1.0381,1.1118,1,0,0
8,education,2026-W18,full,0.7412,1.219,0.2144,1.0381,0.84364032,0,0,0
8,education,2026-W18,no_b,0.7412,1.219,0.2144,1.0381,0.2613536,0,0,0
8,education,2026-W18,no_d,0.7412,1.219,0.2144,1.0381,0.79668672,0,0,0
8,education,2026-W18,no_r,0.7412,1.219,0.2144,1.0381,1.219,1,0,0
8,education,2026-W19,full,0.7412,1.1118,0.1203,1.0381,0.7857831799999999,0,0,0
8,education,2026-W19,no_b,0.7412,1.1118,0.1203,1.0381,0.13374954,0,0,0
8,education,2026-W19,no_d,0.7412,1.1118,0.1203,1.0381,0.7723336399999999,0,0,0
8,education,2026-W19,no_r,0.7412,1.1118,0.1203,1.0381,1.1118,1,0,0
8,education,2026-W20,full,0.7412,1.1118,0.0819,1.0381,0.7715521399999999,0,0,0
8,education,2026-W20,no_b,0.7412,1.1118,0.0819,1.0381,0.09105642,0,0,0
8,education,2026-W20,no_d,0.7412,1.1118,0.0819,1.0381,0.76239572,0,0,0
8,education,2026-W20,no_r,0.7412,1.1118,0.0819,1.0381,1.1118,1,0,0
8,education,2026-W21,full,0.7412,0.8882,0.0557,1.0381,0.7493879,0,0,0
8,education,2026-W21,no_b,0.7412,0.8882,0.0557,1.0381,0.04947274,0,0,0
8,education,2026-W21,no_d,0.7412,0.8882,0.0557,1.0381,0.75561516,0,0,0
8,education,2026-W21,no_r,0.7412,0.8882,0.0557,1.0381,0.8882,0,0,0
8,education,2026-W22,full,0.7412,1.219,0.046,1.0381,0.7631787999999999,0,0,0
8,education,2026-W22,no_b,0.7412,1.219,0.046,1.0381,0.056074000000000006,0,0,0
8,education,2026-W22,no_d,0.7412,1.219,0.046,1.0381,0.7531048,0,0,0
8,education,2026-W22,no_r,0.7412,1.219,0.046,1.0381,1.219,1,0,0
9,meme,2026-W12,full,0.7755,0.5134,1.0,0.9605,0.5134,0,0,0
9,meme,2026-W12,no_b,0.7755,0.5134,1.0,0.9605,0.5134,0,0,0
9,meme,2026-W12,no_d,0.7755,0.5134,1.0,0.9605,1.0,1,0,0
9,meme,2026-W12,no_r,0.7755,0.5134,1.0,0.9605,0.5134,0,0,0
9,meme,2026-W13,full,0.7755,0.5134,1.0,0.9605,0.5134,0,0,0
9,meme,2026-W13,no_b,0.7755,0.5134,1.0,0.9605,0.5134,0,0,0
9,meme,2026-W13,no_d,0.7755,0.5134,1.0,0.9605,1.0,1,0,0
9,meme,2026-W13,no_r,0.7755,0.5134,1.0,0.9605,0.5134,0,0,0
9,meme,2026-W14,full,0.7755,0.5134,1.0,0.9605,0.5134,0,0,0
9,meme,2026-W14,no_b,0.7755,0.5134,1.0,0.9605,0.5134,0,0,0
9,meme,2026-W14,no_d,0.7755,0.5134,1.0,0.9605,1.0,1,0,0
9,meme,2026-W14,no_r,0.7755,0.5134,1.0,0.9605,0.5134,0,0,0
9,meme,2026-W15,full,0.7755,0.5134,1.0,0.9605,0.5134,0,0,0
9,meme,2026-W15,no_b,0.7755,0.5134,1.0,0.9605,0.5134,0,0,0
9,meme,2026-W15,no_d,0.7755,0.5134,1.0,0.9605,1.0,1,0,0
9,meme,2026-W15,no_r,0.7755,0.5134,1.0,0.9605,0.5134,0,0,0
9,meme,2026-W16,full,0.7755,0.5134,1.0,0.9605,0.5134,0,0,0
9,meme,2026-W16,no_b,0.7755,0.5134,1.0,0.9605,0.5134,0,0,0
9,meme,2026-W16,no_d,0.7755,0.5134,1.0,0.9605,1.0,1,0,0
9,meme,2026-W16,no_r,0.7755,0.5134,1.0,0.9605,0.5134,0,0,0
9,meme,2026-W17,full,0.7755,1.0424,1.0,0.9605,1.0424,1,1,1
9,meme,2026-W17,no_b,0.7755,1.0424,1.0,0.9605,1.0424,1,1,1
9,meme,2026-W17,no_d,0.7755,1.0424,1.0,0.9605,1.0,1,1,1
9,meme,2026-W17,no_r,0.7755,1.0424,1.0,0.9605,1.0424,1,1,1
9,meme,2026-W18,full,0.7755,0.6715,0.8253,0.9605,0.6896688,0,0,0
9,meme,2026-W18,no_b,0.7755,0.6715,0.8253,0.9605,0.55418895,0,0,0
9,meme,2026-W18,no_d,0.7755,0.6715,0.8253,0.9605,0.96077985,1,0,0
9,meme,2026-W18,no_r,0.7755,0.6715,0.8253,0.9605,0.6715,0,0,0
9,meme,2026-W19,full,0.7755,0.5134,0.7498,0.9605,0.57897742,0,0,0
9,meme,2026-W19,no_b,0.7755,0.5134,0.7498,0.9605,0.38494732,0,0,0
9,meme,2026-W19,no_d,0.7755,0.5134,0.7498,0.9605,0.9438301,0,0,0
9,meme,2026-W19,no_r,0.7755,0.5134,0.7498,0.9605,0.5134,0,0,0
9,meme,2026-W20,full,0.7755,0.6715,0.7498,0.9605,0.6975207999999999,0,0,0
9,meme,2026-W20,no_b,0.7755,0.6715,0.7498,0.9605,0.5034907,0,0,0
9,meme,2026-W20,no_d,0.7755,0.6715,0.7498,0.9605,0.9438301,0,0,0
9,meme,2026-W20,no_r,0.7755,0.6715,0.7498,0.9605,0.6715,0,0,0
9,meme,2026-W21,full,0.7755,1.5296,0.6812,0.9605,1.28919292,1,1,1
9,meme,2026-W21,no_b,0.7755,1.5296,0.6812,0.9605,1.0419635200000001,1,1,1
9,meme,2026-W21,no_d,0.7755,1.5296,0.6812,0.9605,0.9284294,0,1,1
9,meme,2026-W21,no_r,0.7755,1.5296,0.6812,0.9605,1.5296,1,1,1
9,meme,2026-W22,full,0.7755,1.536,0.4215,0.9605,1.0960507499999999,1,1,1
9,meme,2026-W22,no_b,0.7755,1.536,0.4215,0.9605,0.647424,0,1,1
9,meme,2026-W22,no_d,0.7755,1.536,0.4215,0.9605,0.87012675,0,1,1
9,meme,2026-W22,no_r,0.7755,1.536,0.4215,0.9605,1.536,1,1,1
10,education,2026-W12,full,0.7412,0.8848,1.0,0.9019,0.8848,0,0,0
10,education,2026-W12,no_b,0.7412,0.8848,1.0,0.9019,0.8848,0,0,0
10,education,2026-W12,no_d,0.7412,0.8848,1.0,0.9019,1.0,1,0,0
10,education,2026-W12,no_r,0.7412,0.8848,1.0,0.9019,0.8848,0,0,0
10,education,2026-W13,full,0.7412,0.8848,0.8535,0.9019,0.8637626,0,0,0
10,education,2026-W13,no_b,0.7412,0.8848,0.8535,0.9019,0.7551768000000001,0,0,0
10,education,2026-W13,no_d,0.7412,0.8848,0.8535,0.9019,0.9620858,1,0,0
10,education,2026-W13,no_r,0.7412,0.8848,0.8535,0.9019,0.8848,0,0,0
10,education,2026-W14,full,0.7412,1.2458,0.7284,0.9019,1.10875064,1,1,1
10,education,2026-W14,no_b,0.7412,1.2458,0.7284,0.9019,0.9074407200000001,1,1,1
10,education,2026-W14,no_d,0.7412,1.2458,0.7284,0.9019,0.92970992,1,1,1
10,education,2026-W14,no_r,0.7412,1.2458,0.7284,0.9019,1.2458,1,1,1
10,education,2026-W15,full,0.7412,1.1152,0.3865,0.9019,0.885751,0,0,0
10,education,2026-W15,no_b,0.7412,1.1152,0.3865,0.9019,0.4310248,0,0,0
10,education,2026-W15,no_d,0.7412,1.1152,0.3865,0.9019,0.8412261999999999,0,0,0
10,education,2026-W15,no_r,0.7412,1.1152,0.3865,0.9019,1.1152,1,0,0
10,education,2026-W16,full,0.7412,1.1152,0.2815,0.9019,0.8464809999999999,0,0,0
10,education,2026-W16,no_b,0.7412,1.1152,0.2815,0.9019,0.31392879999999995,0,0,0
10,education,2026-W16,no_d,0.7412,1.1152,0.2815,0.9019,0.8140522,0,0,0
10,education,2026-W16,no_r,0.7412,1.1152,0.2815,0.9019,1.1152,1,0,0
10,education,2026-W17,full,0.7412,0.8848,0.2051,0.9019,0.77065236,0,0,0
10,education,2026-W17,no_b,0.7412,0.8848,0.2051,0.9019,0.18147248000000002,0,0,0
10,education,2026-W17,no_d,0.7412,0.8848,0.2051,0.9019,0.7942798799999999,0,0,0
10,education,2026-W17,no_r,0.7412,0.8848,0.2051,0.9019,0.8848,0,0,0
10,education,2026-W18,full,0.7412,0.8848,0.175,0.9019,0.76633,0,0,0
10,education,2026-W18,no_b,0.7412,0.8848,0.175,0.9019,0.15484,0,0,0
10,education,2026-W18,no_d,0.7412,0.8848,0.175,0.9019,0.78649,0,0,0
10,education,2026-W18,no_r,0.7412,0.8848,0.175,0.9019,0.8848,0,0,0
10,education,2026-W19,full,0.7412,0.8848,0.1494,0.9019,0.76265384,0,0,0
10,education,2026-W19,no_b,0.7412,0.8848,0.1494,0.9019,0.13218912000000002,0,0,0
10,education,2026-W19,no_d,0.7412,0.8848,0.1494,0.9019,0.77986472,0,0,0
10,education,2026-W19,no_r,0.7412,0.8848,0.1494,0.9019,0.8848,0,0,0
10,education,2026-W20,full,0.7412,1.1152,0.1275,0.9019,0.788885,0,0,0
10,education,2026-W20,no_b,0.7412,1.1152,0.1275,0.9019,0.142188,0,0,0
10,education,2026-W20,no_d,0.7412,1.1152,0.1275,0.9019,0.774197,0,0,0
10,education,2026-W20,no_r,0.7412,1.1152,0.1275,0.9019,1.1152,1,0,0
10,education,2026-W21,full,0.7412,0.7745,0.0929,0.9019,0.74429357,0,0,0
10,education,2026-W21,no_b,0.7412,0.7745,0.0929,0.9019,0.07195104999999999,0,0,0
10,education,2026-W21,no_d,0.7412,0.7745,0.0929,0.9019,0.7652425199999999,0,0,0
10,education,2026-W21,no_r,0.7412,0.7745,0.0929,0.9019,0.7745,0,0,0
10,education,2026-W22,full,0.7412,0.7745,0.0929,0.9019,0.74429357,0,0,0
10,education,2026-W22,no_b,0.7412,0.7745,0.0929,0.9019,0.07195104999999999,0,0,0
10,education,2026-W22,no_d,0.7412,0.7745,0.0929,0.9019,0.7652425199999999,0,0,0
10,education,2026-W22,no_r,0.7412,0.7745,0.0929,0.9019,0.7745,0,0,0
11,education,2026-W12,full,0.7412,0.9178,1.0,0.8437,0.9178,1,1,1
11,education,2026-W12,no_b,0.7412,0.9178,1.0,0.8437,0.9178,1,1,1
11,education,2026-W12,no_d,0.7412,0.9178,1.0,0.8437,1.0,1,1,1
11,education,2026-W12,no_r,0.7412,0.9178,1.0,0.8437,0.9178,1,1,1
11,education,2026-W13,full,0.7412,0.9178,0.8436,0.8437,0.89017976,1,1,1
11,education,2026-W13,no_b,0.7412,0.9178,0.8436,0.8437,0.77425608,0,1,1
11,education,2026-W13,no_d,0.7412,0.9178,0.8436,0.8437,0.95952368,1,1,1
11,education,2026-W13,no_r,0.7412,0.9178,0.8436,0.8437,0.9178,1,1,1
11,education,2026-W14,full,0.7412,1.1611,0.7117,0.8437,1.04004283,1,1,1
11,education,2026-W14,no_b,0.7412,1.1611,0.7117,0.8437,0.82635487,0,1,1
11,education,2026-W14,no_d,0.7412,1.1611,0.7117,0.8437,0.92538796,1,1,1
11,education,2026-W14,no_r,0.7412,1.1611,0.7117,0.8437,1.1611,1,1,1
11,education,2026-W15,full,0.7412,1.1611,0.4273,0.8437,0.92062327,1,1,1
11,education,2026-W15,no_b,0.7412,1.1611,0.4273,0.8437,0.49613803,0,1,1
11,education,2026-W15,no_d,0.7412,1.1611,0.4273,0.8437,0.85178524,1,1,1
11,education,2026-W15,no_r,0.7412,1.1611,0.4273,0.8437,1.1611,1,1,1
11,education,2026-W16,full,0.7412,0.8389,0.2565,0.8437,0.76626005,0,0,0
11,education,2026-W16,no_b,0.7412,0.8389,0.2565,0.8437,0.21517785,0,0,0
11,education,2026-W16,no_d,0.7412,0.8389,0.2565,0.8437,0.8075821999999999,0,0,0
11,education,2026-W16,no_r,0.7412,0.8389,0.2565,0.8437,0.8389,0,0,0
11,education,2026-W17,full,0.7412,0.9178,0.2565,0.8437,0.7864979,0,0,0
11,education,2026-W17,no_b,0.7412,0.9178,0.2565,0.8437,0.2354157,0,0,0
11,education,2026-W17,no_d,0.7412,0.9178,0.2565,0.8437,0.8075821999999999,0,0,0
11,education,2026-W17,no_r,0.7412,0.9178,0.2565,0.8437,0.9178,1,0,0
11,education,2026-W18,full,0.7412,0.9178,0.2164,0.8437,0.77941624,0,0,0
11,education,2026-W18,no_b,0.7412,0.9178,0.2164,0.8437,0.19861192,0,0,0
11,education,2026-W18,no_d,0.7412,0.9178,0.2164,0.8437,0.79720432,0,0,0
11,education,2026-W18,no_r,0.7412,0.9178,0.2164,0.8437,0.9178,1,0,0
11,education,2026-W19,full,0.7412,1.1756,0.1826,0.8437,0.8205214399999999,0,0,0
11,education,2026-W19,no_b,0.7412,1.1756,0.1826,0.8437,0.21466456,0,0,0
11,education,2026-W19,no_d,0.7412,1.1756,0.1826,0.8437,0.78845688,0,0,0
11,education,2026-W19,no_r,0.7412,1.1756,0.1826,0.8437,1.1756,1,0,0
11,education,2026-W20,full,0.7412,0.9178,0.0925,0.8437,0.7575354999999999,0,0,0
11,education,2026-W20,no_b,0.7412,0.9178,0.0925,0.8437,0.0848965,0,0,0
11,education,2026-W20,no_d,0.7412,0.9178,0.0925,0.8437,0.765139,0,0,0
11,education,2026-W20,no_r,0.7412,0.9178,0.0925,0.8437,0.9178,1,0,0
11,education,2026-W21,full,0.7412,1.1756,0.078,0.8437,0.7750832,0,0,0
11,education,2026-W21,no_b,0.7412,1.1756,0.078,0.8437,0.0916968,0,0,0
11,education,2026-W21,no_d,0.7412,1.1756,0.078,0.8437,0.7613864,0,0,0
11,education,2026-W21,no_r,0.7412,1.1756,0.078,0.8437,1.1756,1,0,0
11,education,2026-W22,full,0.7412,0.9178,0.0395,0.8437,0.7481757,0,0,0
11,education,2026-W22,no_b,0.7412,0.9178,0.0395,0.8437,0.036253099999999996,0,0,0
11,education,2026-W22,no_d,0.7412,0.9178,0.0395,0.8437,0.7514225999999999,0,0,0
11,education,2026-W22,no_r,0.7412,0.9178,0.0395,0.8437,0.9178,1,0,0
12,meme,2026-W12,full,0.7755,0.526,1.0,0.9445,0.526,0,0,0
12,meme,2026-W12,no_b,0.7755,0.526,1.0,0.9445,0.526,0,0,0
12,meme,2026-W12,no_d,0.7755,0.526,1.0,0.9445,1.0,1,0,0
12,meme,2026-W12,no_r,0.7755,0.526,1.0,0.9445,0.526,0,0,0
12,meme,2026-W13,full,0.7755,0.526,1.0,0.9445,0.526,0,0,0
12,meme,2026-W13,no_b,0.7755,0.526,1.0,0.9445,0.526,0,0,0
12,meme,2026-W13,no_d,0.7755,0.526,1.0,0.9445,1.0,1,0,0
12,meme,2026-W13,no_r,0.7755,0.526,1.0,0.9445,0.526,0,0,0
12,meme,2026-W14,full,0.7755,0.526,1.0,0.9445,0.526,0,0,0
12,meme,2026-W14,no_b,0.7755,0.526,1.0,0.9445,0.526,0,0,0
12,meme,2026-W14,no_d,0.7755,0.526,1.0,0.9445,1.0,1,0,0
12,meme,2026-W14,no_r,0.7755,0.526,1.0,0.9445,0.526,0,0,0
12,meme,2026-W15,full,0.7755,0.526,1.0,0.9445,0.526,0,0,0
12,meme,2026-W15,no_b,0.7755,0.526,1.0,0.9445,0.526,0,0,0
12,meme,2026-W15,no_d,0.7755,0.526,1.0,0.9445,1.0,1,0,0
12,meme,2026-W15,no_r,0.7755,0.526,1.0,0.9445,0.526,0,0,0
12,meme,2026-W16,full,0.7755,0.526,1.0,0.9445,0.526,0,0,0
12,meme,2026-W16,no_b,0.7755,0.526,1.0,0.9445,0.526,0,0,0
12,meme,2026-W16,no_d,0.7755,0.526,1.0,0.9445,1.0,1,0,0
12,meme,2026-W16,no_r,0.7755,0.526,1.0,0.9445,0.526,0,0,0
12,meme,2026-W17,full,0.7755,0.526,1.0,0.9445,0.526,0,0,0
12,meme,2026-W17,no_b,0.7755,0.526,1.0,0.9445,0.526,0,0,0
12,meme,2026-W17,no_d,0.7755,0.526,1.0,0.9445,1.0,1,0,0
12,meme,2026-W17,no_r,0.7755,0.526,1.0,0.9445,0.526,0,0,0
12,meme,2026-W18,full,0.7755,0.68,1.0,0.9445,0.68,0,0,0
12,meme,2026-W18,no_b,0.7755,0.68,1.0,0.9445,0.68,0,0,0
12,meme,2026-W18,no_d,0.7755,0.68,1.0,0.9445,1.0,1,0,0
12,meme,2026-W18,no_r,0.7755,0.68,1.0,0.9445,0.68,0,0,0
12,meme,2026-W19,full,0.7755,1.0413,0.9156,0.9445,1.0188664799999998,1,1,1
12,meme,2026-W19,no_b,0.7755,1.0413,0.9156,0.9445,0.9534142799999998,1,1,1
12,meme,2026-W19,no_d,0.7755,1.0413,0.9156,0.9445,0.9810521999999999,1,1,1
12,meme,2026-W19,no_r,0.7755,1.0413,0.9156,0.9445,1.0413,1,1,1
12,meme,2026-W20,full,0.7755,1.0413,0.7676,0.9445,0.9795280799999999,1,1,1
12,meme,2026-W20,no_b,0.7755,1.0413,0.7676,0.9445,0.7993018799999999,0,1,1
12,meme,2026-W20,no_d,0.7755,1.0413,0.7676,0.9445,0.9478262,1,1,1
12,meme,2026-W20,no_r,0.7755,1.0413,0.7676,0.9445,1.0413,1,1,1
12,meme,2026-W21,full,0.7755,1.3669,0.6435,0.9445,1.1560659,1,1,1
12,meme,2026-W21,no_b,0.7755,1.3669,0.6435,0.9445,0.8796001499999999,0,1,1
12,meme,2026-W21,no_d,0.7755,1.3669,0.6435,0.9445,0.91996575,0,1,1
12,meme,2026-W21,no_r,0.7755,1.3669,0.6435,0.9445,1.3669,1,1,1
12,meme,2026-W22,full,0.7755,1.5159,0.4939,0.9445,1.14118356,1,1,1
12,meme,2026-W22,no_b,0.7755,1.5159,0.4939,0.9445,0.7487030100000001,0,1,1
12,meme,2026-W22,no_d,0.7755,1.5159,0.4939,0.9445,0.8863805499999999,0,1,1
12,meme,2026-W22,no_r,0.7755,1.5159,0.4939,0.9445,1.5159,1,1,1
13,marketing,2026-W12,full,0.8252,1.0914,1.0,0.7958,1.0914,1,1,1
13,marketing,2026-W12,no_b,0.8252,1.0914,1.0,0.7958,1.0914,1,1,1
13,marketing,2026-W12,no_d,0.8252,1.0914,1.0,0.7958,1.0,1,1,1
13,marketing,2026-W12,no_r,0.8252,1.0914,1.0,0.7958,1.0914,1,1,1
13,marketing,2026-W13,full,0.8252,0.9823,0.566,0.7958,0.9141186,1,1,1
13,marketing,2026-W13,no_b,0.8252,0.9823,0.566,0.7958,0.5559818,0,1,1
13,marketing,2026-W13,no_d,0.8252,0.9823,0.566,0.7958,0.9241368,1,1,1
13,marketing,2026-W13,no_r,0.8252,0.9823,0.566,0.7958,0.9823,1,1,1
13,marketing,2026-W14,full,0.8252,1.0862,0.4988,0.7958,0.9553868000000001,1,1,1
13,marketing,2026-W14,no_b,0.8252,1.0862,0.4988,0.7958,0.5417965600000001,0,1,1
13,marketing,2026-W14,no_d,0.8252,1.0862,0.4988,0.7958,0.91239024,1,1,1
13,marketing,2026-W14,no_r,0.8252,1.0862,0.4988,0.7958,1.0862,1,1,1
13,marketing,2026-W15,full,0.8252,1.091,0.3636,0.7958,0.92184488,1,1,1
13,marketing,2026-W15,no_b,0.8252,1.091,0.3636,0.7958,0.3966876,0,1,1
13,marketing,2026-W15,no_d,0.8252,1.091,0.3636,0.7958,0.88875728,1,1,1
13,marketing,2026-W15,no_r,0.8252,1.091,0.3636,0.7958,1.091,1,1,1
13,marketing,2026-W16,full,0.8252,1.0734,0.2335,0.7958,0.8831547,1,1,1
13,marketing,2026-W16,no_b,0.8252,1.0734,0.2335,0.7958,0.2506389,0,1,1
13,marketing,2026-W16,no_d,0.8252,1.0734,0.2335,0.7958,0.8660158,1,1,1
13,marketing,2026-W16,no_r,0.8252,1.0734,0.2335,0.7958,1.0734,1,1,1
13,marketing,2026-W17,full,0.8252,1.039,0.1814,0.7958,0.86398332,1,1,1
13,marketing,2026-W17,no_b,0.8252,1.039,0.1814,0.7958,0.1884746,0,1,1
13,marketing,2026-W17,no_d,0.8252,1.039,0.1814,0.7958,0.8569087200000001,1,1,1
13,marketing,2026-W17,no_r,0.8252,1.039,0.1814,0.7958,1.039,1,1,1
13,marketing,2026-W18,full,0.8252,1.039,0.15,0.7958,0.85727,1,1,1
13,marketing,2026-W18,no_b,0.8252,1.039,0.15,0.7958,0.15585,0,1,1
13,marketing,2026-W18,no_d,0.8252,1.039,0.15,0.7958,0.8514200000000001,1,1,1
13,marketing,2026-W18,no_r,0.8252,1.039,0.15,0.7958,1.039,1,1,1
13,marketing,2026-W19,full,0.8252,1.0734,0.1241,0.7958,0.85600162,1,1,1
13,marketing,2026-W19,no_b,0.8252,1.0734,0.1241,0.7958,0.13320894,0,1,1
13,marketing,2026-W19,no_d,0.8252,1.0734,0.1241,0.7958,0.8468926800000001,1,1,1
13,marketing,2026-W19,no_r,0.8252,1.0734,0.1241,0.7958,1.0734,1,1,1
13,marketing,2026-W20,full,0.8252,1.0734,0.0964,0.7958,0.84912648,1,1,1
13,marketing,2026-W20,no_b,0.8252,1.0734,0.0964,0.7958,0.10347575999999999,0,1,1
13,marketing,2026-W20,no_d,0.8252,1.0734,0.0964,0.7958,0.84205072,1,1,1
13,marketing,2026-W20,no_r,0.8252,1.0734,0.0964,0.7958,1.0734,1,1,1
13,marketing,2026-W21,full,0.8252,1.039,0.0748,0.7958,0.84119224,1,1,1
13,marketing,2026-W21,no_b,0.8252,1.039,0.0748,0.7958,0.0777172,0,1,1
13,marketing,2026-W21,no_d,0.8252,1.039,0.0748,0.7958,0.8382750400000001,1,1,1
13,marketing,2026-W21,no_r,0.8252,1.039,0.0748,0.7958,1.039,1,1,1
13,marketing,2026-W22,full,0.8252,0.9823,0.0619,0.7958,0.83492449,1,1,1
13,marketing,2026-W22,no_b,0.8252,0.9823,0.0619,0.7958,0.060804369999999996,0,1,1
13,marketing,2026-W22,no_d,0.8252,0.9823,0.0619,0.7958,0.83602012,1,1,1
13,marketing,2026-W22,no_r,0.8252,0.9823,0.0619,0.7958,0.9823,1,1,1
14,marketing,2026-W12,full,0.8252,1.0753,1.0,0.8545,1.0753,1,1,1
14,marketing,2026-W12,no_b,0.8252,1.0753,1.0,0.8545,1.0753,1,1,1
14,marketing,2026-W12,no_d,0.8252,1.0753,1.0,0.8545,1.0,1,1,1
14,marketing,2026-W12,no_r,0.8252,1.0753,1.0,0.8545,1.0753,1,1,1
14,marketing,2026-W13,full,0.8252,0.9855,0.5532,0.8545,0.91387796,1,1,1
14,marketing,2026-W13,no_b,0.8252,0.9855,0.5532,0.8545,0.5451786000000001,0,1,1
14,marketing,2026-W13,no_d,0.8252,0.9855,0.5532,0.8545,0.9218993600000001,1,1,1
14,marketing,2026-W13,no_r,0.8252,0.9855,0.5532,0.8545,0.9855,1,1,1
14,marketing,2026-W14,full,0.8252,1.0741,0.485,0.8545,0.9459165,1,1,1
14,marketing,2026-W14,no_b,0.8252,1.0741,0.485,0.8545,0.5209385,0,1,1
14,marketing,2026-W14,no_d,0.8252,1.0741,0.485,0.8545,0.9099780000000001,1,1,1
14,marketing,2026-W14,no_r,0.8252,1.0741,0.485,0.8545,1.0741,1,1,1
14,marketing,2026-W15,full,0.8252,1.0322,0.3268,0.8545,0.8928476000000001,1,1,1
14,marketing,2026-W15,no_b,0.8252,1.0322,0.3268,0.8545,0.33732296,0,1,1
14,marketing,2026-W15,no_d,0.8252,1.0322,0.3268,0.8545,0.88232464,1,1,1
14,marketing,2026-W15,no_r,0.8252,1.0322,0.3268,0.8545,1.0322,1,1,1
14,marketing,2026-W16,full,0.8252,1.0605,0.2683,0.8545,0.88833099,1,1,1
14,marketing,2026-W16,no_b,0.8252,1.0605,0.2683,0.8545,0.28453215,0,1,1
14,marketing,2026-W16,no_d,0.8252,1.0605,0.2683,0.8545,0.87209884,1,1,1
14,marketing,2026-W16,no_r,0.8252,1.0605,0.2683,0.8545,1.0605,1,1,1
14,marketing,2026-W17,full,0.8252,1.071,0.2062,0.8545,0.87588396,1,1,1
14,marketing,2026-W17,no_b,0.8252,1.071,0.2062,0.8545,0.2208402,0,1,1
14,marketing,2026-W17,no_d,0.8252,1.071,0.2062,0.8545,0.86124376,1,1,1
14,marketing,2026-W17,no_r,0.8252,1.071,0.2062,0.8545,1.071,1,1,1
14,marketing,2026-W18,full,0.8252,0.9855,0.1484,0.8545,0.84898852,0,0,0
14,marketing,2026-W18,no_b,0.8252,0.9855,0.1484,0.8545,0.14624820000000002,0,0,0
14,marketing,2026-W18,no_d,0.8252,0.9855,0.1484,0.8545,0.8511403200000001,0,0,0
14,marketing,2026-W18,no_r,0.8252,0.9855,0.1484,0.8545,0.9855,1,0,0
14,marketing,2026-W19,full,0.8252,1.071,0.1301,0.8545,0.85717858,1,1,1
14,marketing,2026-W19,no_b,0.8252,1.071,0.1301,0.8545,0.1393371,0,1,1
14,marketing,2026-W19,no_d,0.8252,1.071,0.1301,0.8545,0.84794148,0,1,1
14,marketing,2026-W19,no_r,0.8252,1.071,0.1301,0.8545,1.071,1,1,1
14,marketing,2026-W20,full,0.8252,1.075,0.0936,0.8545,0.84858128,0,0,0
14,marketing,2026-W20,no_b,0.8252,1.075,0.0936,0.8545,0.10062,0,0,0
14,marketing,2026-W20,no_d,0.8252,1.075,0.0936,0.8545,0.8415612800000001,0,0,0
14,marketing,2026-W20,no_r,0.8252,1.075,0.0936,0.8545,1.075,1,0,0
14,marketing,2026-W21,full,0.8252,1.0605,0.0591,0.8545,0.8391062300000001,0,0,0
14,marketing,2026-W21,no_b,0.8252,1.0605,0.0591,0.8545,0.06267555,0,0,0
14,marketing,2026-W21,no_d,0.8252,1.0605,0.0591,0.8545,0.8355306800000001,0,0,0
14,marketing,2026-W21,no_r,0.8252,1.0605,0.0591,0.8545,1.0605,1,0,0
14,marketing,2026-W22,full,0.8252,0.9481,0.0454,0.8545,0.83077966,0,0,0
14,marketing,2026-W22,no_b,0.8252,0.9481,0.0454,0.8545,0.043043740000000004,0,0,0
14,marketing,2026-W22,no_d,0.8252,0.9481,0.0454,0.8545,0.83313592,0,0,0
14,marketing,2026-W22,no_r,0.8252,0.9481,0.0454,0.8545,0.9481,1,0,0
15,education,2026-W12,full,0.7412,1.1134,1.0,1.067,1.1134,1,1,1
15,education,2026-W12,no_b,0.7412,1.1134,1.0,1.067,1.1134,1,1,1
15,education,2026-W12,no_d,0.7412,1.1134,1.0,1.067,1.0,0,1,1
15,education,2026-W12,no_r,0.7412,1.1134,1.0,1.067,1.1134,1,1,1
15,education,2026-W13,full,0.7412,0.7778,0.7624,1.067,0.76910384,0,0,0
15,education,2026-W13,no_b,0.7412,0.7778,0.7624,1.067,0.59299472,0,0,0
15,education,2026-W13,no_d,0.7412,0.7778,0.7624,1.067,0.93850912,0,0,0
15,education,2026-W13,no_r,0.7412,0.7778,0.7624,1.067,0.7778,0,0,0
15,education,2026-W14,full,0.7412,1.2222,0.7624,1.067,1.1079143999999999,1,1,1
15,education,2026-W14,no_b,0.7412,1.2222,0.7624,1.067,0.93180528,0,1,1
15,education,2026-W14,no_d,0.7412,1.2222,0.7624,1.067,0.93850912,0,1,1
15,education,2026-W14,no_r,0.7412,1.2222,0.7624,1.067,1.2222,1,1,1
15,education,2026-W15,full,0.7412,1.1134,0.5076,1.067,0.9301287199999999,0,0,0
15,education,2026-W15,no_b,0.7412,1.1134,0.5076,1.067,0.56516184,0,0,0
15,education,2026-W15,no_d,0.7412,1.1134,0.5076,1.067,0.8725668799999999,0,0,0
15,education,2026-W15,no_r,0.7412,1.1134,0.5076,1.067,1.1134,1,0,0
15,education,2026-W16,full,0.7412,1.2222,0.387,1.067,0.9273469999999999,0,0,0
15,education,2026-W16,no_b,0.7412,1.2222,0.387,1.067,0.4729914,0,0,0
15,education,2026-W16,no_d,0.7412,1.2222,0.387,1.067,0.8413556,0,0,0
15,education,2026-W16,no_r,0.7412,1.2222,0.387,1.067,1.2222,1,0,0
15,education,2026-W17,full,0.7412,0.8866,0.2577,1.067,0.77866958,0,0,0
15,education,2026-W17,no_b,0.7412,0.8866,0.2577,1.067,0.22847682,0,0,0
15,education,2026-W17,no_d,0.7412,0.8866,0.2577,1.067,0.80789276,0,0,0
15,education,2026-W17,no_r,0.7412,0.8866,0.2577,1.067,0.8866,0,0,0
15,education,2026-W18,full,0.7412,1.1134,0.225,1.067,0.8249449999999999,0,0,0
15,education,2026-W18,no_b,0.7412,1.1134,0.225,1.067,0.250515,0,0,0
15,education,2026-W18,no_d,0.7412,1.1134,0.225,1.067,0.79943,0,0,0
15,education,2026-W18,no_r,0.7412,1.1134,0.225,1.067,1.1134,1,0,0
15,education,2026-W19,full,0.7412,0.7778,0.1715,1.067,0.7474769,0,0,0
15,education,2026-W19,no_b,0.7412,0.7778,0.1715,1.067,0.13339270000000003,0,0,0
15,education,2026-W19,no_d,0.7412,0.7778,0.1715,1.067,0.7855842,0,0,0
15,education,2026-W19,no_r,0.7412,0.7778,0.1715,1.067,0.7778,0,0,0
15,education,2026-W20,full,0.7412,1.2222,0.1715,1.067,0.8236915,0,0,0
15,education,2026-W20,no_b,0.7412,1.2222,0.1715,1.067,0.2096073,0,0,0
15,education,2026-W20,no_d,0.7412,1.2222,0.1715,1.067,0.7855842,0,0,0
15,education,2026-W20,no_r,0.7412,1.2222,0.1715,1.067,1.2222,1,0,0
15,education,2026-W21,full,0.7412,0.7778,0.1142,1.067,0.74537972,0,0,0
15,education,2026-W21,no_b,0.7412,0.7778,0.1142,1.067,0.08882476,0,0,0
15,education,2026-W21,no_d,0.7412,0.7778,0.1142,1.067,0.77075496,0,0,0
15,education,2026-W21,no_r,0.7412,0.7778,0.1142,1.067,0.7778,0,0,0
15,education,2026-W22,full,0.7412,0.8866,0.1142,1.067,0.75780468,0,0,0
15,education,2026-W22,no_b,0.7412,0.8866,0.1142,1.067,0.10124972,0,0,0
15,education,2026-W22,no_d,0.7412,0.8866,0.1142,1.067,0.77075496,0,0,0
15,education,2026-W22,no_r,0.7412,0.8866,0.1142,1.067,0.8866,0,0,0
16,marketing,2026-W12,full,0.8252,1.0849,1.0,0.9144,1.0849,1,1,1
16,marketing,2026-W12,no_b,0.8252,1.0849,1.0,0.9144,1.0849,1,1,1
16,marketing,2026-W12,no_d,0.8252,1.0849,1.0,0.9144,1.0,1,1,1
16,marketing,2026-W12,no_r,0.8252,1.0849,1.0,0.9144,1.0849,1,1,1
16,marketing,2026-W13,full,0.8252,1.0364,0.5836,0.9144,0.94845632,1,1,1
16,marketing,2026-W13,no_b,0.8252,1.0364,0.5836,0.9144,0.60484304,0,1,1
16,marketing,2026-W13,no_d,0.8252,1.0364,0.5836,0.9144,0.92721328,1,1,1
16,marketing,2026-W13,no_r,0.8252,1.0364,0.5836,0.9144,1.0364,1,1,1
16,marketing,2026-W14,full,0.8252,1.0804,0.4634,0.9144,0.94345968,1,1,1
16,marketing,2026-W14,no_b,0.8252,1.0804,0.4634,0.9144,0.5006573599999999,0,1,1
16,marketing,2026-W14,no_d,0.8252,1.0804,0.4634,0.9144,0.90620232,0,1,1
16,marketing,2026-W14,no_r,0.8252,1.0804,0.4634,0.9144,1.0804,1,1,1
16,marketing,2026-W15,full,0.8252,0.9835,0.3154,0.9144,0.87512782,0,0,0
16,marketing,2026-W15,no_b,0.8252,0.9835,0.3154,0.9144,0.3101959,0,0,0
16,marketing,2026-W15,no_d,0.8252,0.9835,0.3154,0.9144,0.88033192,0,0,0
16,marketing,2026-W15,no_r,0.8252,0.9835,0.3154,0.9144,0.9835,1,0,0
16,marketing,2026-W16,full,0.8252,1.0849,0.2704,0.9144,0.89542288,0,0,0
16,marketing,2026-W16,no_b,0.8252,1.0849,0.2704,0.9144,0.29335695999999994,0,0,0
16,marketing,2026-W16,no_d,0.8252,1.0849,0.2704,0.9144,0.87246592,0,0,0
16,marketing,2026-W16,no_r,0.8252,1.0849,0.2704,0.9144,1.0849,1,0,0
16,marketing,2026-W17,full,0.8252,1.0364,0.1578,0.9144,0.8585273600000001,0,0,0
16,marketing,2026-W17,no_b,0.8252,1.0364,0.1578,0.9144,0.16354391999999998,0,0,0
16,marketing,2026-W17,no_d,0.8252,1.0364,0.1578,0.9144,0.8527834400000001,0,0,0
16,marketing,2026-W17,no_r,0.8252,1.0364,0.1578,0.9144,1.0364,1,0,0
16,marketing,2026-W18,full,0.8252,1.0364,0.1253,0.9144,0.8516633600000001,0,0,0
16,marketing,2026-W18,no_b,0.8252,1.0364,0.1253,0.9144,0.12986092,0,0,0
16,marketing,2026-W18,no_d,0.8252,1.0364,0.1253,0.9144,0.84710244,0,0,0
16,marketing,2026-W18,no_r,0.8252,1.0364,0.1253,0.9144,1.0364,1,0,0
16,marketing,2026-W19,full,0.8252,1.0685,0.0995,0.9144,0.84940835,0,0,0
16,marketing,2026-W19,no_b,0.8252,1.0685,0.0995,0.9144,0.10631575,0,0,0
16,marketing,2026-W19,no_d,0.8252,1.0685,0.0995,0.9144,0.8425926,0,0,0
16,marketing,2026-W19,no_r,0.8252,1.0685,0.0995,0.9144,1.0685,1,0,0
16,marketing,2026-W20,full,0.8252,1.0804,0.0731,0.9144,0.8438551200000001,0,0,0
16,marketing,2026-W20,no_b,0.8252,1.0804,0.0731,0.9144,0.07897724,0,0,0
16,marketing,2026-W20,no_d,0.8252,1.0804,0.0731,0.9144,0.8379778800000001,0,0,0
16,marketing,2026-W20,no_r,0.8252,1.0804,0.0731,0.9144,1.0804,1,0,0
16,marketing,2026-W21,full,0.8252,1.0849,0.0498,0.9144,0.8381330600000001,0,0,0
16,marketing,2026-W21,no_b,0.8252,1.0849,0.0498,0.9144,0.054028019999999996,0,0,0
16,marketing,2026-W21,no_d,0.8252,1.0849,0.0498,0.9144,0.8339050400000001,0,0,0
16,marketing,2026-W21,no_r,0.8252,1.0849,0.0498,0.9144,1.0849,1,0,0
16,marketing,2026-W22,full,0.8252,0.9412,0.0291,0.9144,0.8285756000000001,0,0,0
16,marketing,2026-W22,no_b,0.8252,0.9412,0.0291,0.9144,0.02738892,0,0,0
16,marketing,2026-W22,no_d,0.8252,0.9412,0.0291,0.9144,0.83028668,0,0,0
16,marketing,2026-W22,no_r,0.8252,0.9412,0.0291,0.9144,0.9412,1,0,0
17,marketing,2026-W12,full,0.8252,1.0927,1.0,0.8684,1.0927,1,1,1
17,marketing,2026-W12,no_b,0.8252,1.0927,1.0,0.8684,1.0927,1,1,1
17,marketing,2026-W12,no_d,0.8252,1.0927,1.0,0.8684,1.0,1,1,1
17,marketing,2026-W12,no_r,0.8252,1.0927,1.0,0.8684,1.0927,1,1,1
17,marketing,2026-W13,full,0.8252,1.0745,0.517,0.8684,0.9540881,1,1,1
17,marketing,2026-W13,no_b,0.8252,1.0745,0.517,0.8684,0.5555165,0,1,1
17,marketing,2026-W13,no_d,0.8252,1.0745,0.517,0.8684,0.9155716,1,1,1
17,marketing,2026-W13,no_r,0.8252,1.0745,0.517,0.8684,1.0745,1,1,1
17,marketing,2026-W14,full,0.8252,0.9821,0.3856,0.8684,0.88570064,1,1,1
17,marketing,2026-W14,no_b,0.8252,0.9821,0.3856,0.8684,0.37869776,0,1,1
17,marketing,2026-W14,no_d,0.8252,0.9821,0.3856,0.8684,0.89260288,1,1,1
17,marketing,2026-W14,no_r,0.8252,0.9821,0.3856,0.8684,0.9821,1,1,1
17,marketing,2026-W15,full,0.8252,1.0874,0.333,0.8684,0.9125126,1,1,1
17,marketing,2026-W15,no_b,0.8252,1.0874,0.333,0.8684,0.3621042,0,1,1
17,marketing,2026-W15,no_d,0.8252,1.0874,0.333,0.8684,0.8834084,1,1,1
17,marketing,2026-W15,no_r,0.8252,1.0874,0.333,0.8684,1.0874,1,1,1
17,marketing,2026-W16,full,0.8252,1.0396,0.2308,0.8684,0.87468352,1,1,1
17,marketing,2026-W16,no_b,0.8252,1.0396,0.2308,0.8684,0.23993968000000002,0,1,1
17,marketing,2026-W16,no_d,0.8252,1.0396,0.2308,0.8684,0.8655438400000001,0,1,1
17,marketing,2026-W16,no_r,0.8252,1.0396,0.2308,0.8684,1.0396,1,1,1
17,marketing,2026-W17,full,0.8252,1.0745,0.1853,0.8684,0.87139529,1,1,1
17,marketing,2026-W17,no_b,0.8252,1.0745,0.1853,0.8684,0.19910485,0,1,1
17,marketing,2026-W17,no_d,0.8252,1.0745,0.1853,0.8684,0.8575904400000001,0,1,1
17,marketing,2026-W17,no_r,0.8252,1.0745,0.1853,0.8684,1.0745,1,1,1
17,marketing,2026-W18,full,0.8252,1.0745,0.1382,0.8684,0.8596532600000001,0,0,0
17,marketing,2026-W18,no_b,0.8252,1.0745,0.1382,0.8684,0.1484959,0,0,0
17,marketing,2026-W18,no_d,0.8252,1.0745,0.1382,0.8684,0.8493573600000001,0,0,0
17,marketing,2026-W18,no_r,0.8252,1.0745,0.1382,0.8684,1.0745,1,0,0
17,marketing,2026-W19,full,0.8252,1.0874,0.1031,0.8684,0.85223282,0,0,0
17,marketing,2026-W19,no_b,0.8252,1.0874,0.1031,0.8684,0.11211093999999999,0,0,0
17,marketing,2026-W19,no_d,0.8252,1.0874,0.1031,0.8684,0.8432218800000001,0,0,0
17,marketing,2026-W19,no_r,0.8252,1.0874,0.1031,0.8684,1.0874,1,0,0
17,marketing,2026-W20,full,0.8252,1.0396,0.0714,0.8684,0.8405081600000001,0,0,0
17,marketing,2026-W20,no_b,0.8252,1.0396,0.0714,0.8684,0.07422744,0,0,0
17,marketing,2026-W20,no_d,0.8252,1.0396,0.0714,0.8684,0.83768072,0,0,0
17,marketing,2026-W20,no_r,0.8252,1.0396,0.0714,0.8684,1.0396,1,0,0
17,marketing,2026-W21,full,0.8252,1.0745,0.0573,0.8684,0.83948489,0,0,0
17,marketing,2026-W21,no_b,0.8252,1.0745,0.0573,0.8684,0.061568849999999994,0,0,0
17,marketing,2026-W21,no_d,0.8252,1.0745,0.0573,0.8684,0.83521604,0,0,0
17,marketing,2026-W21,no_r,0.8252,1.0745,0.0573,0.8684,1.0745,1,0,0
17,marketing,2026-W22,full,0.8252,1.0874,0.0428,0.8684,0.83642216,0,0,0
17,marketing,2026-W22,no_b,0.8252,1.0874,0.0428,0.8684,0.046540719999999994,0,0,0
17,marketing,2026-W22,no_d,0.8252,1.0874,0.0428,0.8684,0.83268144,0,0,0
17,marketing,2026-W22,no_r,0.8252,1.0874,0.0428,0.8684,1.0874,1,0,0
18,other,2026-W12,full,0.7686,0.519,1.0,1.0396,0.519,0,0,0
18,other,2026-W12,no_b,0.7686,0.519,1.0,1.0396,0.519,0,0,0
18,other,2026-W12,no_d,0.7686,0.519,1.0,1.0396,1.0,0,0,0
18,other,2026-W12,no_r,0.7686,0.519,1.0,1.0396,0.519,0,0,0
18,other,2026-W13,full,0.7686,0.6514,1.0,1.0396,0.6514,0,0,0
18,other,2026-W13,no_b,0.7686,0.6514,1.0,1.0396,0.6514,0,0,0
18,other,2026-W13,no_d,0.7686,0.6514,1.0,1.0396,1.0,0,0,0
18,other,2026-W13,no_r,0.7686,0.6514,1.0,1.0396,0.6514,0,0,0
18,other,2026-W14,full,0.7686,0.6514,0.756,1.0396,0.6799968,0,0,0
18,other,2026-W14,no_b,0.7686,0.6514,0.756,1.0396,0.49245839999999996,0,0,0
18,other,2026-W14,no_d,0.7686,0.6514,0.756,1.0396,0.9435384,0,0,0
18,other,2026-W14,no_r,0.7686,0.6514,0.756,1.0396,0.6514,0,0,0
18,other,2026-W15,full,0.7686,1.4653,0.5715,1.0396,1.16676405,1,1,1
18,other,2026-W15,no_b,0.7686,1.4653,0.5715,1.0396,0.83741895,0,1,1
18,other,2026-W15,no_d,0.7686,1.4653,0.5715,1.0396,0.9008451,0,1,1
18,other,2026-W15,no_r,0.7686,1.4653,0.5715,1.0396,1.4653,1,1,1
18,other,2026-W16,full,0.7686,1.4653,0.1867,1.0396,0.89867389,0,0,0
18,other,2026-W16,no_b,0.7686,1.4653,0.1867,1.0396,0.27357151,0,0,0
18,other,2026-W16,no_d,0.7686,1.4653,0.1867,1.0396,0.8118023799999999,0,0,0
18,other,2026-W16,no_r,0.7686,1.4653,0.1867,1.0396,1.4653,1,0,0
18,other,2026-W17,full,0.7686,1.4653,0.061,1.0396,0.8110987,0,0,0
18,other,2026-W17,no_b,0.7686,1.4653,0.061,1.0396,0.0893833,0,0,0
18,other,2026-W17,no_d,0.7686,1.4653,0.061,1.0396,0.7827154,0,0,0
18,other,2026-W17,no_r,0.7686,1.4653,0.061,1.0396,1.4653,1,0,0
18,other,2026-W18,full,0.7686,1.3012,0.0199,1.0396,0.77919874,0,0,0
18,other,2026-W18,no_b,0.7686,1.3012,0.0199,1.0396,0.02589388,0,0,0
18,other,2026-W18,no_d,0.7686,1.3012,0.0199,1.0396,0.77320486,0,0,0
18,other,2026-W18,no_r,0.7686,1.3012,0.0199,1.0396,1.3012,1,0,0
18,other,2026-W19,full,0.7686,0.6514,0.0086,1.0396,0.7675920799999999,0,0,0
18,other,2026-W19,no_b,0.7686,0.6514,0.0086,1.0396,0.00560204,0,0,0
18,other,2026-W19,no_d,0.7686,0.6514,0.0086,1.0396,0.77059004,0,0,0
18,other,2026-W19,no_r,0.7686,0.6514,0.0086,1.0396,0.6514,0,0,0
18,other,2026-W20,full,0.7686,0.9621,0.0065,1.0396,0.7698577499999999,0,0,0
18,other,2026-W20,no_b,0.7686,0.9621,0.0065,1.0396,0.0062536499999999995,0,0,0
18,other,2026-W20,no_d,0.7686,0.9621,0.0065,1.0396,0.7701041,0,0,0
18,other,2026-W20,no_r,0.7686,0.9621,0.0065,1.0396,0.9621,0,0,0
18,other,2026-W21,full,0.7686,0.519,0.0037,1.0396,0.76767648,0,0,0
18,other,2026-W21,no_b,0.7686,0.519,0.0037,1.0396,0.0019203000000000002,0,0,0
18,other,2026-W21,no_d,0.7686,0.519,0.0037,1.0396,0.7694561799999999,0,0,0
18,other,2026-W21,no_r,0.7686,0.519,0.0037,1.0396,0.519,0,0,0
18,other,2026-W22,full,0.7686,0.519,0.0037,1.0396,0.76767648,0,0,0
18,other,2026-W22,no_b,0.7686,0.519,0.0037,1.0396,0.0019203000000000002,0,0,0
18,other,2026-W22,no_d,0.7686,0.519,0.0037,1.0396,0.7694561799999999,0,0,0
18,other,2026-W22,no_r,0.7686,0.519,0.0037,1.0396,0.519,0,0,0
19,education,2026-W12,full,0.7412,0.9179,1.0,0.786,0.9179,1,1,1
19,education,2026-W12,no_b,0.7412,0.9179,1.0,0.786,0.9179,1,1,1
19,education,2026-W12,no_d,0.7412,0.9179,1.0,0.786,1.0,1,1,1
19,education,2026-W12,no_r,0.7412,0.9179,1.0,0.786,0.9179,1,1,1
19,education,2026-W13,full,0.7412,0.9179,0.8311,0.786,0.88805537,1,1,1
19,education,2026-W13,no_b,0.7412,0.9179,0.8311,0.786,0.76286669,0,1,1
19,education,2026-W13,no_d,0.7412,0.9179,0.8311,0.786,0.95628868,1,1,1
19,education,2026-W13,no_r,0.7412,0.9179,0.8311,0.786,0.9179,1,1,1
19,education,2026-W14,full,0.7412,1.1609,0.6908,0.786,1.03112876,1,1,1
19,education,2026-W14,no_b,0.7412,1.1609,0.6908,0.786,0.80194972,1,1,1
19,education,2026-W14,no_d,0.7412,1.1609,0.6908,0.786,0.91997904,1,1,1
19,education,2026-W14,no_r,0.7412,1.1609,0.6908,0.786,1.1609,1,1,1
19,education,2026-W15,full,0.7412,0.9179,0.3966,0.786,0.81127922,1,1,1
19,education,2026-W15,no_b,0.7412,0.9179,0.3966,0.786,0.36403914000000004,0,1,1
19,education,2026-W15,no_d,0.7412,0.9179,0.3966,0.786,0.84384008,1,1,1
19,education,2026-W15,no_r,0.7412,0.9179,0.3966,0.786,0.9179,1,1,1
19,education,2026-W16,full,0.7412,0.9179,0.3296,0.786,0.79944032,1,1,1
19,education,2026-W16,no_b,0.7412,0.9179,0.3296,0.786,0.30253984,0,1,1
19,education,2026-W16,no_d,0.7412,0.9179,0.3296,0.786,0.82650048,1,1,1
19,education,2026-W16,no_r,0.7412,0.9179,0.3296,0.786,0.9179,1,1,1
19,education,2026-W17,full,0.7412,1.0821,0.2739,0.786,0.83457251,1,1,1
19,education,2026-W17,no_b,0.7412,1.0821,0.2739,0.786,0.29638718999999997,0,1,1
19,education,2026-W17,no_d,0.7412,1.0821,0.2739,0.786,0.81208532,1,1,1
19,education,2026-W17,no_r,0.7412,1.0821,0.2739,0.786,1.0821,1,1,1
19,education,2026-W18,full,0.7412,0.8391,0.1892,0.786,0.75972268,0,0,0
19,education,2026-W18,no_b,0.7412,0.8391,0.1892,0.786,0.15875772,0,0,0
19,education,2026-W18,no_d,0.7412,0.8391,0.1892,0.786,0.79016496,1,0,0
19,education,2026-W18,no_r,0.7412,0.8391,0.1892,0.786,0.8391,1,0,0
19,education,2026-W19,full,0.7412,1.1609,0.1892,0.786,0.82060724,1,1,1
19,education,2026-W19,no_b,0.7412,1.1609,0.1892,0.786,0.21964228000000002,0,1,1
19,education,2026-W19,no_d,0.7412,1.1609,0.1892,0.786,0.79016496,1,1,1
19,education,2026-W19,no_r,0.7412,1.1609,0.1892,0.786,1.1609,1,1,1
19,education,2026-W20,full,0.7412,0.9179,0.1086,0.786,0.76038962,0,0,0
19,education,2026-W20,no_b,0.7412,0.9179,0.1086,0.786,0.09968394000000001,0,0,0
19,education,2026-W20,no_d,0.7412,0.9179,0.1086,0.786,0.76930568,0,0,0
19,education,2026-W20,no_r,0.7412,0.9179,0.1086,0.786,0.9179,1,0,0
19,education,2026-W21,full,0.7412,1.0821,0.0903,0.786,0.77198327,0,0,0
19,education,2026-W21,no_b,0.7412,1.0821,0.0903,0.786,0.09771363000000001,0,0,0
19,education,2026-W21,no_d,0.7412,1.0821,0.0903,0.786,0.7645696399999999,0,0,0
19,education,2026-W21,no_r,0.7412,1.0821,0.0903,0.786,1.0821,1,0,0
19,education,2026-W22,full,0.7412,0.8391,0.0624,0.786,0.74730896,0,0,0
19,education,2026-W22,no_b,0.7412,0.8391,0.0624,0.786,0.05235984,0,0,0
19,education,2026-W22,no_d,0.7412,0.8391,0.0624,0.786,0.75734912,0,0,0
19,education,2026-W22,no_r,0.7412,0.8391,0.0624,0.786,0.8391,1,0,0
20,mourning,2026-W12,full,0.7678,0.6784,1.0,0.9193,0.6784,0,0,0
20,mourning,2026-W12,no_b,0.7678,0.6784,1.0,0.9193,0.6784,0,0,0
20,mourning,2026-W12,no_d,0.7678,0.6784,1.0,0.9193,1.0,1,0,0
20,mourning,2026-W12,no_r,0.7678,0.6784,1.0,0.9193,0.6784,0,0,0
20,mourning,2026-W13,full,0.7678,1.3513,1.0,0.9193,1.3513,1,1,1
20,mourning,2026-W13,no_b,0.7678,1.3513,1.0,0.9193,1.3513,1,1,1
20,mourning,2026-W13,no_d,0.7678,1.3513,1.0,0.9193,1.0,1,1,1
20,mourning,2026-W13,no_r,0.7678,1.3513,1.0,0.9193,1.3513,1,1,1
20,mourning,2026-W14,full,0.7678,1.34,0.3936,0.9193,0.99301792,1,1,1
20,mourning,2026-W14,no_b,0.7678,1.34,0.3936,0.9193,0.527424,0,1,1
20,mourning,2026-W14,no_d,0.7678,1.34,0.3936,0.9193,0.85919392,0,1,1
20,mourning,2026-W14,no_r,0.7678,1.34,0.3936,0.9193,1.34,1,1,1
20,mourning,2026-W15,full,0.7678,1.3513,0.181,0.9193,0.8734135000000001,0,0,0
20,mourning,2026-W15,no_b,0.7678,1.3513,0.181,0.9193,0.24458529999999998,0,0,0
20,mourning,2026-W15,no_d,0.7678,1.3513,0.181,0.9193,0.8098282,0,0,0
20,mourning,2026-W15,no_r,0.7678,1.3513,0.181,0.9193,1.3513,1,0,0
20,mourning,2026-W16,full,0.7678,0.9519,0.0713,0.9193,0.78092633,0,0,0
20,mourning,2026-W16,no_b,0.7678,0.9519,0.0713,0.9193,0.06787047,0,0,0
20,mourning,2026-W16,no_d,0.7678,0.9519,0.0713,0.9193,0.78435586,0,0,0
20,mourning,2026-W16,no_r,0.7678,0.9519,0.0713,0.9193,0.9519,1,0,0
20,mourning,2026-W17,full,0.7678,0.6784,0.0522,0.9193,0.76313332,0,0,0
20,mourning,2026-W17,no_b,0.7678,0.6784,0.0522,0.9193,0.03541248,0,0,0
20,mourning,2026-W17,no_d,0.7678,0.6784,0.0522,0.9193,0.7799208400000001,0,0,0
20,mourning,2026-W17,no_r,0.7678,0.6784,0.0522,0.9193,0.6784,0,0,0
20,mourning,2026-W18,full,0.7678,0.9519,0.0522,0.9193,0.77741002,0,0,0
20,mourning,2026-W18,no_b,0.7678,0.9519,0.0522,0.9193,0.04968918,0,0,0
20,mourning,2026-W18,no_d,0.7678,0.9519,0.0522,0.9193,0.7799208400000001,0,0,0
20,mourning,2026-W18,no_r,0.7678,0.9519,0.0522,0.9193,0.9519,1,0,0
20,mourning,2026-W19,full,0.7678,0.9519,0.0383,0.9193,0.77485103,0,0,0
20,mourning,2026-W19,no_b,0.7678,0.9519,0.0383,0.9193,0.03645777,0,0,0
20,mourning,2026-W19,no_d,0.7678,0.9519,0.0383,0.9193,0.77669326,0,0,0
20,mourning,2026-W19,no_r,0.7678,0.9519,0.0383,0.9193,0.9519,1,0,0
20,mourning,2026-W20,full,0.7678,0.6784,0.028,0.9193,0.7652968,0,0,0
20,mourning,2026-W20,no_b,0.7678,0.6784,0.028,0.9193,0.0189952,0,0,0
20,mourning,2026-W20,no_d,0.7678,0.6784,0.028,0.9193,0.7743016,0,0,0
20,mourning,2026-W20,no_r,0.7678,0.6784,0.028,0.9193,0.6784,0,0,0
20,mourning,2026-W21,full,0.7678,0.6784,0.028,0.9193,0.7652968,0,0,0
20,mourning,2026-W21,no_b,0.7678,0.6784,0.028,0.9193,0.0189952,0,0,0
20,mourning,2026-W21,no_d,0.7678,0.6784,0.028,0.9193,0.7743016,0,0,0
20,mourning,2026-W21,no_r,0.7678,0.6784,0.028,0.9193,0.6784,0,0,0
20,mourning,2026-W22,full,0.7678,0.7605,0.028,0.9193,0.7675956,0,0,0
20,mourning,2026-W22,no_b,0.7678,0.7605,0.028,0.9193,0.021294,0,0,0
20,mourning,2026-W22,no_d,0.7678,0.7605,0.028,0.9193,0.7743016,0,0,0
20,mourning,2026-W22,no_r,0.7678,0.7605,0.028,0.9193,0.7605,0,0,0
21,mourning,2026-W12,full,0.7678,0.6707,1.0,0.8097,0.6707,0,0,0
21,mourning,2026-W12,no_b,0.7678,0.6707,1.0,0.8097,0.6707,0,0,0
21,mourning,2026-W12,no_d,0.7678,0.6707,1.0,0.8097,1.0,1,0,0
21,mourning,2026-W12,no_r,0.7678,0.6707,1.0,0.8097,0.6707,0,0,0
21,mourning,2026-W13,full,0.7678,1.3481,1.0,0.8097,1.3481,1,1,1
21,mourning,2026-W13,no_b,0.7678,1.3481,1.0,0.8097,1.3481,1,1,1
21,mourning,2026-W13,no_d,0.7678,1.3481,1.0,0.8097,1.0,1,1,1
21,mourning,2026-W13,no_r,0.7678,1.3481,1.0,0.8097,1.3481,1,1,1
21,mourning,2026-W14,full,0.7678,1.1808,0.4692,0.8097,0.9615796000000001,1,1,1
21,mourning,2026-W14,no_b,0.7678,1.1808,0.4692,0.8097,0.5540313600000001,0,1,1
21,mourning,2026-W14,no_d,0.7678,1.1808,0.4692,0.8097,0.8767482400000001,1,1,1
21,mourning,2026-W14,no_r,0.7678,1.1808,0.4692,0.8097,1.1808,1,1,1
21,mourning,2026-W15,full,0.7678,0.7548,0.298,0.8097,0.763926,0,0,0
21,mourning,2026-W15,no_b,0.7678,0.7548,0.298,0.8097,0.2249304,0,0,0
21,mourning,2026-W15,no_d,0.7678,0.7548,0.298,0.8097,0.8369956000000001,1,0,0
21,mourning,2026-W15,no_r,0.7678,0.7548,0.298,0.8097,0.7548,0,0,0
21,mourning,2026-W16,full,0.7678,1.1808,0.2561,0.8097,0.8735693,1,1,1
21,mourning,2026-W16,no_b,0.7678,1.1808,0.2561,0.8097,0.30240288,0,1,1
21,mourning,2026-W16,no_d,0.7678,1.1808,0.2561,0.8097,0.8272664200000001,1,1,1
21,mourning,2026-W16,no_r,0.7678,1.1808,0.2561,0.8097,1.1808,1,1,1
21,mourning,2026-W17,full,0.7678,0.7548,0.1626,0.8097,0.7656862,0,0,0
21,mourning,2026-W17,no_b,0.7678,0.7548,0.1626,0.8097,0.12273048,0,0,0
21,mourning,2026-W17,no_d,0.7678,0.7548,0.1626,0.8097,0.8055557200000001,0,0,0
21,mourning,2026-W17,no_r,0.7678,0.7548,0.1626,0.8097,0.7548,0,0,0
21,mourning,2026-W18,full,0.7678,0.6707,0.1398,0.8097,0.75422542,0,0,0
21,mourning,2026-W18,no_b,0.7678,0.6707,0.1398,0.8097,0.09376386,0,0,0
21,mourning,2026-W18,no_d,0.7678,0.6707,0.1398,0.8097,0.80026156,0,0,0
21,mourning,2026-W18,no_r,0.7678,0.6707,0.1398,0.8097,0.6707,0,0,0
21,mourning,2026-W19,full,0.7678,0.6707,0.1398,0.8097,0.75422542,0,0,0
21,mourning,2026-W19,no_b,0.7678,0.6707,0.1398,0.8097,0.09376386,0,0,0
21,mourning,2026-W19,no_d,0.7678,0.6707,0.1398,0.8097,0.80026156,0,0,0
21,mourning,2026-W19,no_r,0.7678,0.6707,0.1398,0.8097,0.6707,0,0,0
21,mourning,2026-W20,full,0.7678,0.7548,0.1398,0.8097,0.7659826000000001,0,0,0
21,mourning,2026-W20,no_b,0.7678,0.7548,0.1398,0.8097,0.10552104000000001,0,0,0
21,mourning,2026-W20,no_d,0.7678,0.7548,0.1398,0.8097,0.80026156,0,0,0
21,mourning,2026-W20,no_r,0.7678,0.7548,0.1398,0.8097,0.7548,0,0,0
21,mourning,2026-W21,full,0.7678,0.6707,0.1202,0.8097,0.75612858,0,0,0
21,mourning,2026-W21,no_b,0.7678,0.6707,0.1202,0.8097,0.08061813999999999,0,0,0
21,mourning,2026-W21,no_d,0.7678,0.6707,0.1202,0.8097,0.79571044,0,0,0
21,mourning,2026-W21,no_r,0.7678,0.6707,0.1202,0.8097,0.6707,0,0,0
21,mourning,2026-W22,full,0.7678,0.6707,0.1202,0.8097,0.75612858,0,0,0
21,mourning,2026-W22,no_b,0.7678,0.6707,0.1202,0.8097,0.08061813999999999,0,0,0
21,mourning,2026-W22,no_d,0.7678,0.6707,0.1202,0.8097,0.79571044,0,0,0
21,mourning,2026-W22,no_r,0.7678,0.6707,0.1202,0.8097,0.6707,0,0,0
22,mourning,2026-W12,full,0.7678,0.7246,1.0,0.7878,0.7246,0,0,0
22,mourning,2026-W12,no_b,0.7678,0.7246,1.0,0.7878,0.7246,0,0,0
22,mourning,2026-W12,no_d,0.7678,0.7246,1.0,0.7878,1.0,1,0,0
22,mourning,2026-W12,no_r,0.7678,0.7246,1.0,0.7878,0.7246,0,0,0
22,mourning,2026-W13,full,0.7678,1.3009,1.0,0.7878,1.3009,1,1,1
22,mourning,2026-W13,no_b,0.7678,1.3009,1.0,0.7878,1.3009,1,1,1
22,mourning,2026-W13,no_d,0.7678,1.3009,1.0,0.7878,1.0,1,1,1
22,mourning,2026-W13,no_r,0.7678,1.3009,1.0,0.7878,1.3009,1,1,1
22,mourning,2026-W14,full,0.7678,0.7949,0.4329,0.7878,0.77953159,0,0,0
22,mourning,2026-W14,no_b,0.7678,0.7949,0.4329,0.7878,0.34411221000000003,0,0,0
22,mourning,2026-W14,no_d,0.7678,0.7949,0.4329,0.7878,0.86831938,1,0,0
22,mourning,2026-W14,no_r,0.7678,0.7949,0.4329,0.7878,0.7949,1,0,0
22,mourning,2026-W15,full,0.7678,1.3041,0.3766,0.7878,0.96977058,1,1,1
22,mourning,2026-W15,no_b,0.7678,1.3041,0.3766,0.7878,0.49112406000000003,0,1,1
22,mourning,2026-W15,no_d,0.7678,1.3041,0.3766,0.7878,0.85524652,1,1,1
22,mourning,2026-W15,no_r,0.7678,1.3041,0.3766,0.7878,1.3041,1,1,1
22,mourning,2026-W16,full,0.7678,0.7949,0.1233,0.7878,0.77114143,0,0,0
22,mourning,2026-W16,no_b,0.7678,0.7949,0.1233,0.7878,0.09801117000000001,0,0,0
22,mourning,2026-W16,no_d,0.7678,0.7949,0.1233,0.7878,0.7964302600000001,1,0,0
22,mourning,2026-W16,no_r,0.7678,0.7949,0.1233,0.7878,0.7949,1,0,0
22,mourning,2026-W17,full,0.7678,0.7246,0.1073,0.7878,0.7631646400000001,0,0,0
22,mourning,2026-W17,no_b,0.7678,0.7246,0.1073,0.7878,0.07774958000000001,0,0,0
22,mourning,2026-W17,no_d,0.7678,0.7246,0.1073,0.7878,0.79271506,1,0,0
22,mourning,2026-W17,no_r,0.7678,0.7246,0.1073,0.7878,0.7246,0,0,0
22,mourning,2026-W18,full,0.7678,0.9588,0.1073,0.7878,0.7882943,1,1,1
22,mourning,2026-W18,no_b,0.7678,0.9588,0.1073,0.7878,0.10287924000000001,0,1,1
22,mourning,2026-W18,no_d,0.7678,0.9588,0.1073,0.7878,0.79271506,1,1,1
22,mourning,2026-W18,no_r,0.7678,0.9588,0.1073,0.7878,0.9588,1,1,1
22,mourning,2026-W19,full,0.7678,0.7246,0.0812,0.7878,0.76429216,0,0,0
22,mourning,2026-W19,no_b,0.7678,0.7246,0.0812,0.7878,0.05883752,0,0,0
22,mourning,2026-W19,no_d,0.7678,0.7246,0.0812,0.7878,0.7866546400000001,0,0,0
22,mourning,2026-W19,no_r,0.7678,0.7246,0.0812,0.7878,0.7246,0,0,0
22,mourning,2026-W20,full,0.7678,0.7246,0.0812,0.7878,0.76429216,0,0,0
22,mourning,2026-W20,no_b,0.7678,0.7246,0.0812,0.7878,0.05883752,0,0,0
22,mourning,2026-W20,no_d,0.7678,0.7246,0.0812,0.7878,0.7866546400000001,0,0,0
22,mourning,2026-W20,no_r,0.7678,0.7246,0.0812,0.7878,0.7246,0,0,0
22,mourning,2026-W21,full,0.7678,0.7949,0.0812,0.7878,0.7700005200000001,0,0,0
22,mourning,2026-W21,no_b,0.7678,0.7949,0.0812,0.7878,0.06454588,0,0,0
22,mourning,2026-W21,no_d,0.7678,0.7949,0.0812,0.7878,0.7866546400000001,0,0,0
22,mourning,2026-W21,no_r,0.7678,0.7949,0.0812,0.7878,0.7949,1,0,0
22,mourning,2026-W22,full,0.7678,0.7246,0.0706,0.7878,0.76475008,0,0,0
22,mourning,2026-W22,no_b,0.7678,0.7246,0.0706,0.7878,0.051156759999999996,0,0,0
22,mourning,2026-W22,no_d,0.7678,0.7246,0.0706,0.7878,0.7841933200000001,0,0,0
22,mourning,2026-W22,no_r,0.7678,0.7246,0.0706,0.7878,0.7246,0,0,0
23,mourning,2026-W12,full,0.7678,0.675,1.0,1.0273,0.675,0,0,0
23,mourning,2026-W12,no_b,0.7678,0.675,1.0,1.0273,0.675,0,0,0
23,mourning,2026-W12,no_d,0.7678,0.675,1.0,1.0273,1.0,0,0,0
23,mourning,2026-W12,no_r,0.7678,0.675,1.0,1.0273,0.675,0,0,0
23,mourning,2026-W13,full,0.7678,1.3437,1.0,1.0273,1.3437,1,1,1
23,mourning,2026-W13,no_b,0.7678,1.3437,1.0,1.0273,1.3437,1,1,1
23,mourning,2026-W13,no_d,0.7678,1.3437,1.0,1.0273,1.0,0,1,1
23,mourning,2026-W13,no_r,0.7678,1.3437,1.0,1.0273,1.3437,1,1,1
23,mourning,2026-W14,full,0.7678,1.3023,0.3985,1.0273,0.9807982500000001,0,0,0
23,mourning,2026-W14,no_b,0.7678,1.3023,0.3985,1.0273,0.51896655,0,0,0
23,mourning,2026-W14,no_d,0.7678,1.3023,0.3985,1.0273,0.8603317,0,0,0
23,mourning,2026-W14,no_r,0.7678,1.3023,0.3985,1.0273,1.3023,1,0,0
23,mourning,2026-W15,full,0.7678,1.3581,0.1909,1.0273,0.8804882700000001,0,0,0
23,mourning,2026-W15,no_b,0.7678,1.3581,0.1909,1.0273,0.25926129,0,0,0
23,mourning,2026-W15,no_d,0.7678,1.3581,0.1909,1.0273,0.81212698,0,0,0
23,mourning,2026-W15,no_r,0.7678,1.3581,0.1909,1.0273,1.3581,1,0,0
23,mourning,2026-W16,full,0.7678,0.7579,0.0527,1.0273,0.76727827,0,0,0
23,mourning,2026-W16,no_b,0.7678,0.7579,0.0527,1.0273,0.03994133,0,0,0
23,mourning,2026-W16,no_d,0.7678,0.7579,0.0527,1.0273,0.78003694,0,0,0
23,mourning,2026-W16,no_r,0.7678,0.7579,0.0527,1.0273,0.7579,0,0,0
23,mourning,2026-W17,full,0.7678,0.7579,0.0438,1.0273,0.76736638,0,0,0
23,mourning,2026-W17,no_b,0.7678,0.7579,0.0438,1.0273,0.03319602,0,0,0
23,mourning,2026-W17,no_d,0.7678,0.7579,0.0438,1.0273,0.7779703600000001,0,0,0
23,mourning,2026-W17,no_r,0.7678,0.7579,0.0438,1.0273,0.7579,0,0,0
23,mourning,2026-W18,full,0.7678,0.9513,0.0364,1.0273,0.7744794,0,0,0
23,mourning,2026-W18,no_b,0.7678,0.9513,0.0364,1.0273,0.03462732,0,0,0
23,mourning,2026-W18,no_d,0.7678,0.9513,0.0364,1.0273,0.77625208,0,0,0
23,mourning,2026-W18,no_r,0.7678,0.9513,0.0364,1.0273,0.9513,0,0,0
23,mourning,2026-W19,full,0.7678,1.1785,0.0252,1.0273,0.7781496400000001,0,0,0
23,mourning,2026-W19,no_b,0.7678,1.1785,0.0252,1.0273,0.029698200000000004,0,0,0
23,mourning,2026-W19,no_d,0.7678,1.1785,0.0252,1.0273,0.7736514400000001,0,0,0
23,mourning,2026-W19,no_r,0.7678,1.1785,0.0252,1.0273,1.1785,1,0,0
23,mourning,2026-W20,full,0.7678,0.7579,0.0145,1.0273,0.76765645,0,0,0
23,mourning,2026-W20,no_b,0.7678,0.7579,0.0145,1.0273,0.01098955,0,0,0
23,mourning,2026-W20,no_d,0.7678,0.7579,0.0145,1.0273,0.7711669,0,0,0
23,mourning,2026-W20,no_r,0.7678,0.7579,0.0145,1.0273,0.7579,0,0,0
23,mourning,2026-W21,full,0.7678,0.675,0.0121,1.0273,0.76667712,0,0,0
23,mourning,2026-W21,no_b,0.7678,0.675,0.0121,1.0273,0.008167500000000001,0,0,0
23,mourning,2026-W21,no_d,0.7678,0.675,0.0121,1.0273,0.77060962,0,0,0
23,mourning,2026-W21,no_r,0.7678,0.675,0.0121,1.0273,0.675,0,0,0
23,mourning,2026-W22,full,0.7678,0.675,0.0121,1.0273,0.76667712,0,0,0
23,mourning,2026-W22,no_b,0.7678,0.675,0.0121,1.0273,0.008167500000000001,0,0,0
23,mourning,2026-W22,no_d,0.7678,0.675,0.0121,1.0273,0.77060962,0,0,0
23,mourning,2026-W22,no_r,0.7678,0.675,0.0121,1.0273,0.675,0,0,0
24,other,2026-W12,full,0.7686,0.5019,1.0,1.1168,0.5019,0,0,0
24,other,2026-W12,no_b,0.7686,0.5019,1.0,1.1168,0.5019,0,0,0
24,other,2026-W12,no_d,0.7686,0.5019,1.0,1.1168,1.0,0,0,0
24,other,2026-W12,no_r,0.7686,0.5019,1.0,1.1168,0.5019,0,0,0
24,other,2026-W13,full,0.7686,0.9608,1.0,1.1168,0.9608,0,0,0
24,other,2026-W13,no_b,0.7686,0.9608,1.0,1.1168,0.9608,0,0,0
24,other,2026-W13,no_d,0.7686,0.9608,1.0,1.1168,1.0,0,0,0
24,other,2026-W13,no_r,0.7686,0.9608,1.0,1.1168,0.9608,0,0,0
24,other,2026-W14,full,0.7686,0.639,0.5995,1.1168,0.6909048,0,0,0
24,other,2026-W14,no_b,0.7686,0.639,0.5995,1.1168,0.38308050000000005,0,0,0
24,other,2026-W14,no_d,0.7686,0.639,0.5995,1.1168,0.9073243,0,0,0
24,other,2026-W14,no_r,0.7686,0.639,0.5995,1.1168,0.639,0,0,0
24,other,2026-W15,full,0.7686,0.639,0.4642,1.1168,0.70843968,0,0,0
24,other,2026-W15,no_b,0.7686,0.639,0.4642,1.1168,0.2966238,0,0,0
24,other,2026-W15,no_d,0.7686,0.639,0.4642,1.1168,0.87601588,0,0,0
24,other,2026-W15,no_r,0.7686,0.639,0.4642,1.1168,0.639,0,0,0
24,other,2026-W16,full,0.7686,0.639,0.3594,1.1168,0.72202176,0,0,0
24,other,2026-W16,no_b,0.7686,0.639,0.3594,1.1168,0.22965660000000002,0,0,0
24,other,2026-W16,no_d,0.7686,0.639,0.3594,1.1168,0.85176516,0,0,0
24,other,2026-W16,no_r,0.7686,0.639,0.3594,1.1168,0.639,0,0,0
24,other,2026-W17,full,0.7686,0.639,0.2783,1.1168,0.73253232,0,0,0
24,other,2026-W17,no_b,0.7686,0.639,0.2783,1.1168,0.1778337,0,0,0
24,other,2026-W17,no_d,0.7686,0.639,0.2783,1.1168,0.8329986199999999,0,0,0
24,other,2026-W17,no_r,0.7686,0.639,0.2783,1.1168,0.639,0,0,0
24,other,2026-W18,full,0.7686,1.3119,0.2155,1.1168,0.8856811499999999,0,0,0
24,other,2026-W18,no_b,0.7686,1.3119,0.2155,1.1168,0.28271445,0,0,0
24,other,2026-W18,no_d,0.7686,1.3119,0.2155,1.1168,0.8184667,0,0,0
24,other,2026-W18,no_r,0.7686,1.3119,0.2155,1.1168,1.3119,1,0,0
24,other,2026-W19,full,0.7686,1.4819,0.1,1.1168,0.83993,0,0,0
24,other,2026-W19,no_b,0.7686,1.4819,0.1,1.1168,0.14819000000000002,0,0,0
24,other,2026-W19,no_d,0.7686,1.4819,0.1,1.1168,0.79174,0,0,0
24,other,2026-W19,no_r,0.7686,1.4819,0.1,1.1168,1.4819,1,0,0
24,other,2026-W20,full,0.7686,0.5019,0.036,1.1168,0.7589988,0,0,0
24,other,2026-W20,no_b,0.7686,0.5019,0.036,1.1168,0.0180684,0,0,0
24,other,2026-W20,no_d,0.7686,0.5019,0.036,1.1168,0.7769303999999999,0,0,0
24,other,2026-W20,no_r,0.7686,0.5019,0.036,1.1168,0.5019,0,0,0
24,other,2026-W21,full,0.7686,0.639,0.036,1.1168,0.7639343999999999,0,0,0
24,other,2026-W21,no_b,0.7686,0.639,0.036,1.1168,0.023004,0,0,0
24,other,2026-W21,no_d,0.7686,0.639,0.036,1.1168,0.7769303999999999,0,0,0
24,other,2026-W21,no_r,0.7686,0.639,0.036,1.1168,0.639,0,0,0
24,other,2026-W22,full,0.7686,0.5019,0.0278,1.1168,0.7611857399999999,0,0,0
24,other,2026-W22,no_b,0.7686,0.5019,0.0278,1.1168,0.01395282,0,0,0
24,other,2026-W22,no_d,0.7686,0.5019,0.0278,1.1168,0.7750329199999999,0,0,0
24,other,2026-W22,no_r,0.7686,0.5019,0.0278,1.1168,0.5019,0,0,0
25,other,2026-W12,full,0.7686,0.3853,1.0,0.8374,0.3853,0,0,0
25,other,2026-W12,no_b,0.7686,0.3853,1.0,0.8374,0.3853,0,0,0
25,other,2026-W12,no_d,0.7686,0.3853,1.0,0.8374,1.0,1,0,0
25,other,2026-W12,no_r,0.7686,0.3853,1.0,0.8374,0.3853,0,0,0
25,other,2026-W13,full,0.7686,0.5545,1.0,0.8374,0.5545,0,0,0
25,other,2026-W13,no_b,0.7686,0.5545,1.0,0.8374,0.5545,0,0,0
25,other,2026-W13,no_d,0.7686,0.5545,1.0,0.8374,1.0,1,0,0
25,other,2026-W13,no_r,0.7686,0.5545,1.0,0.8374,0.5545,0,0,0
25,other,2026-W14,full,0.7686,0.9516,0.7605,0.8374,0.9077715,1,1,1
25,other,2026-W14,no_b,0.7686,0.9516,0.7605,0.8374,0.7236918,0,1,1
25,other,2026-W14,no_d,0.7686,0.9516,0.7605,0.8374,0.9445797,1,1,1
25,other,2026-W14,no_r,0.7686,0.9516,0.7605,0.8374,0.9516,1,1,1
25,other,2026-W15,full,0.7686,1.385,0.4399,0.8374,1.0397543599999999,1,1,1
25,other,2026-W15,no_b,0.7686,1.385,0.4399,0.8374,0.6092615,0,1,1
25,other,2026-W15,no_d,0.7686,1.385,0.4399,0.8374,0.8703928599999999,1,1,1
25,other,2026-W15,no_r,0.7686,1.385,0.4399,0.8374,1.385,1,1,1
25,other,2026-W16,full,0.7686,0.9516,0.1935,0.8374,0.8040105,0,0,0
25,other,2026-W16,no_b,0.7686,0.9516,0.1935,0.8374,0.1841346,0,0,0
25,other,2026-W16,no_d,0.7686,0.9516,0.1935,0.8374,0.8133758999999999,0,0,0
25,other,2026-W16,no_r,0.7686,0.9516,0.1935,0.8374,0.9516,1,0,0
25,other,2026-W17,full,0.7686,0.9516,0.1119,0.8374,0.7890777,0,0,0
25,other,2026-W17,no_b,0.7686,0.9516,0.1119,0.8374,0.10648404,0,0,0
25,other,2026-W17,no_d,0.7686,0.9516,0.1119,0.8374,0.79449366,0,0,0
25,other,2026-W17,no_r,0.7686,0.9516,0.1119,0.8374,0.9516,1,0,0
25,other,2026-W18,full,0.7686,1.385,0.0647,0.8374,0.80848108,0,0,0
25,other,2026-W18,no_b,0.7686,1.385,0.0647,0.8374,0.0896095,0,0,0
25,other,2026-W18,no_d,0.7686,1.385,0.0647,0.8374,0.7835715799999999,0,0,0
25,other,2026-W18,no_r,0.7686,1.385,0.0647,0.8374,1.385,1,0,0
25,other,2026-W19,full,0.7686,0.5545,0.0285,0.8374,0.76249815,0,0,0
25,other,2026-W19,no_b,0.7686,0.5545,0.0285,0.8374,0.01580325,0,0,0
25,other,2026-W19,no_d,0.7686,0.5545,0.0285,0.8374,0.7751948999999999,0,0,0
25,other,2026-W19,no_r,0.7686,0.5545,0.0285,0.8374,0.5545,0,0,0
25,other,2026-W20,full,0.7686,0.5545,0.0217,0.8374,0.76395403,0,0,0
25,other,2026-W20,no_b,0.7686,0.5545,0.0217,0.8374,0.01203265,0,0,0
25,other,2026-W20,no_d,0.7686,0.5545,0.0217,0.8374,0.7736213799999999,0,0,0
25,other,2026-W20,no_r,0.7686,0.5545,0.0217,0.8374,0.5545,0,0,0
25,other,2026-W21,full,0.7686,0.3853,0.0165,0.8374,0.7622755499999999,0,0,0
25,other,2026-W21,no_b,0.7686,0.3853,0.0165,0.8374,0.00635745,0,0,0
25,other,2026-W21,no_d,0.7686,0.3853,0.0165,0.8374,0.7724181,0,0,0
25,other,2026-W21,no_r,0.7686,0.3853,0.0165,0.8374,0.3853,0,0,0
25,other,2026-W22,full,0.7686,0.5545,0.0165,0.8374,0.7650673499999999,0,0,0
25,other,2026-W22,no_b,0.7686,0.5545,0.0165,0.8374,0.009149250000000001,0,0,0
25,other,2026-W22,no_d,0.7686,0.5545,0.0165,0.8374,0.7724181,0,0,0
25,other,2026-W22,no_r,0.7686,0.5545,0.0165,0.8374,0.5545,0,0,0
26,marketing,2026-W12,full,0.8252,1.0952,1.0,0.7613,1.0952,1,1,1
26,marketing,2026-W12,no_b,0.8252,1.0952,1.0,0.7613,1.0952,1,1,1
26,marketing,2026-W12,no_d,0.8252,1.0952,1.0,0.7613,1.0,1,1,1
26,marketing,2026-W12,no_r,0.8252,1.0952,1.0,0.7613,1.0952,1,1,1
26,marketing,2026-W13,full,0.8252,0.9343,0.5678,0.7613,0.88714698,1,1,1
26,marketing,2026-W13,no_b,0.8252,0.9343,0.5678,0.7613,0.53049554,0,1,1
26,marketing,2026-W13,no_d,0.8252,0.9343,0.5678,0.7613,0.92445144,1,1,1
26,marketing,2026-W13,no_r,0.8252,0.9343,0.5678,0.7613,0.9343,1,1,1
26,marketing,2026-W14,full,0.8252,1.0937,0.529,0.7613,0.9672364999999999,1,1,1
26,marketing,2026-W14,no_b,0.8252,1.0937,0.529,0.7613,0.5785673,0,1,1
26,marketing,2026-W14,no_d,0.8252,1.0937,0.529,0.7613,0.9176692000000001,1,1,1
26,marketing,2026-W14,no_r,0.8252,1.0937,0.529,0.7613,1.0937,1,1,1
26,marketing,2026-W15,full,0.8252,0.9816,0.346,0.7613,0.8793144,1,1,1
26,marketing,2026-W15,no_b,0.8252,0.9816,0.346,0.7613,0.3396336,0,1,1
26,marketing,2026-W15,no_d,0.8252,0.9816,0.346,0.7613,0.8856808,1,1,1
26,marketing,2026-W15,no_r,0.8252,0.9816,0.346,0.7613,0.9816,1,1,1
26,marketing,2026-W16,full,0.8252,1.0898,0.3004,0.7613,0.9046858400000001,1,1,1
26,marketing,2026-W16,no_b,0.8252,1.0898,0.3004,0.7613,0.32737592000000004,0,1,1
26,marketing,2026-W16,no_d,0.8252,1.0898,0.3004,0.7613,0.87770992,1,1,1
26,marketing,2026-W16,no_r,0.8252,1.0898,0.3004,0.7613,1.0898,1,1,1
26,marketing,2026-W17,full,0.8252,0.9816,0.2109,0.7613,0.85818476,1,1,1
26,marketing,2026-W17,no_b,0.8252,0.9816,0.2109,0.7613,0.20701944,0,1,1
26,marketing,2026-W17,no_d,0.8252,0.9816,0.2109,0.7613,0.86206532,1,1,1
26,marketing,2026-W17,no_r,0.8252,0.9816,0.2109,0.7613,0.9816,1,1,1
26,marketing,2026-W18,full,0.8252,1.0407,0.183,0.7613,0.8646365,1,1,1
26,marketing,2026-W18,no_b,0.8252,1.0407,0.183,0.7613,0.19044809999999998,0,1,1
26,marketing,2026-W18,no_d,0.8252,1.0407,0.183,0.7613,0.8571884000000001,1,1,1
26,marketing,2026-W18,no_r,0.8252,1.0407,0.183,0.7613,1.0407,1,1,1
26,marketing,2026-W19,full,0.8252,1.0898,0.148,0.7613,0.8643608,1,1,1
26,marketing,2026-W19,no_b,0.8252,1.0898,0.148,0.7613,0.1612904,0,1,1
26,marketing,2026-W19,no_d,0.8252,1.0898,0.148,0.7613,0.8510704,1,1,1
26,marketing,2026-W19,no_r,0.8252,1.0898,0.148,0.7613,1.0898,1,1,1
26,marketing,2026-W20,full,0.8252,1.0937,0.1039,0.7613,0.8530971500000001,1,1,1
26,marketing,2026-W20,no_b,0.8252,1.0937,0.1039,0.7613,0.11363543,0,1,1
26,marketing,2026-W20,no_d,0.8252,1.0937,0.1039,0.7613,0.8433617200000001,1,1,1
26,marketing,2026-W20,no_r,0.8252,1.0937,0.1039,0.7613,1.0937,1,1,1
26,marketing,2026-W21,full,0.8252,1.0766,0.068,0.7613,0.8422952,1,1,1
26,marketing,2026-W21,no_b,0.8252,1.0766,0.068,0.7613,0.0732088,0,1,1
26,marketing,2026-W21,no_d,0.8252,1.0766,0.068,0.7613,0.8370864,1,1,1
26,marketing,2026-W21,no_r,0.8252,1.0766,0.068,0.7613,1.0766,1,1,1
26,marketing,2026-W22,full,0.8252,1.0766,0.0512,0.7613,0.8380716800000001,1,1,1
26,marketing,2026-W22,no_b,0.8252,1.0766,0.0512,0.7613,0.055121920000000005,0,1,1
26,marketing,2026-W22,no_d,0.8252,1.0766,0.0512,0.7613,0.8341497600000001,1,1,1
26,marketing,2026-W22,no_r,0.8252,1.0766,0.0512,0.7613,1.0766,1,1,1
27,other,2026-W12,full,0.7686,0.3272,1.0,0.7886,0.3272,0,0,0
27,other,2026-W12,no_b,0.7686,0.3272,1.0,0.7886,0.3272,0,0,0
27,other,2026-W12,no_d,0.7686,0.3272,1.0,0.7886,1.0,1,0,0
27,other,2026-W12,no_r,0.7686,0.3272,1.0,0.7886,0.3272,0,0,0
27,other,2026-W13,full,0.7686,0.5124,1.0,0.7886,0.5124,0,0,0
27,other,2026-W13,no_b,0.7686,0.5124,1.0,0.7886,0.5124,0,0,0
27,other,2026-W13,no_d,0.7686,0.5124,1.0,0.7886,1.0,1,0,0
27,other,2026-W13,no_r,0.7686,0.5124,1.0,0.7886,0.5124,0,0,0
27,other,2026-W14,full,0.7686,0.5124,0.7039,0.7886,0.5882608199999999,0,0,0
27,other,2026-W14,no_b,0.7686,0.5124,0.7039,0.7886,0.36067836,0,0,0
27,other,2026-W14,no_d,0.7686,0.5124,0.7039,0.7886,0.93148246,1,0,0
27,other,2026-W14,no_r,0.7686,0.5124,0.7039,0.7886,0.5124,0,0,0
27,other,2026-W15,full,0.7686,0.5124,0.4955,0.7886,0.6416529,0,0,0
27,other,2026-W15,no_b,0.7686,0.5124,0.4955,0.7886,0.25389419999999996,0,0,0
27,other,2026-W15,no_d,0.7686,0.5124,0.4955,0.7886,0.8832587,1,0,0
27,other,2026-W15,no_r,0.7686,0.5124,0.4955,0.7886,0.5124,0,0,0
27,other,2026-W16,full,0.7686,1.4214,0.3487,0.7886,0.99623136,1,1,1
27,other,2026-W16,no_b,0.7686,1.4214,0.3487,0.7886,0.49564218,0,1,1
27,other,2026-W16,no_d,0.7686,1.4214,0.3487,0.7886,0.84928918,1,1,1
27,other,2026-W16,no_r,0.7686,1.4214,0.3487,0.7886,1.4214,1,1,1
27,other,2026-W17,full,0.7686,1.651,0.1216,0.7886,0.87589984,1,1,1
27,other,2026-W17,no_b,0.7686,1.651,0.1216,0.7886,0.2007616,0,1,1
27,other,2026-W17,no_d,0.7686,1.651,0.1216,0.7886,0.7967382399999999,1,1,1
27,other,2026-W17,no_r,0.7686,1.651,0.1216,0.7886,1.651,1,1,1
27,other,2026-W18,full,0.7686,0.5124,0.0299,0.7886,0.7609396199999999,0,0,0
27,other,2026-W18,no_b,0.7686,0.5124,0.0299,0.7886,0.01532076,0,0,0
27,other,2026-W18,no_d,0.7686,0.5124,0.0299,0.7886,0.7755188599999999,0,0,0
27,other,2026-W18,no_r,0.7686,0.5124,0.0299,0.7886,0.5124,0,0,0
27,other,2026-W19,full,0.7686,0.5124,0.021,0.7886,0.7632198,0,0,0
27,other,2026-W19,no_b,0.7686,0.5124,0.021,0.7886,0.0107604,0,0,0
27,other,2026-W19,no_d,0.7686,0.5124,0.021,0.7886,0.7734593999999999,0,0,0
27,other,2026-W19,no_r,0.7686,0.5124,0.021,0.7886,0.5124,0,0,0
27,other,2026-W20,full,0.7686,1.4214,0.0148,0.7886,0.77826144,0,0,0
27,other,2026-W20,no_b,0.7686,1.4214,0.0148,0.7886,0.021036720000000002,0,0,0
27,other,2026-W20,no_d,0.7686,1.4214,0.0148,0.7886,0.77202472,0,0,0
27,other,2026-W20,no_r,0.7686,1.4214,0.0148,0.7886,1.4214,1,0,0
27,other,2026-W21,full,0.7686,0.3272,0.0052,0.7886,0.7663047199999999,0,0,0
27,other,2026-W21,no_b,0.7686,0.3272,0.0052,0.7886,0.0017014399999999998,0,0,0
27,other,2026-W21,no_d,0.7686,0.3272,0.0052,0.7886,0.76980328,0,0,0
27,other,2026-W21,no_r,0.7686,0.3272,0.0052,0.7886,0.3272,0,0,0
27,other,2026-W22,full,0.7686,0.5124,0.0052,0.7886,0.76726776,0,0,0
27,other,2026-W22,no_b,0.7686,0.5124,0.0052,0.7886,0.00266448,0,0,0
27,other,2026-W22,no_d,0.7686,0.5124,0.0052,0.7886,0.76980328,0,0,0
27,other,2026-W22,no_r,0.7686,0.5124,0.0052,0.7886,0.5124,0,0,0
28,mourning,2026-W12,full,0.7678,0.652,1.0,1.1016,0.652,0,0,0
28,mourning,2026-W12,no_b,0.7678,0.652,1.0,1.1016,0.652,0,0,0
28,mourning,2026-W12,no_d,0.7678,0.652,1.0,1.1016,1.0,0,0,0
28,mourning,2026-W12,no_r,0.7678,0.652,1.0,1.1016,0.652,0,0,0
28,mourning,2026-W13,full,0.7678,1.368,1.0,1.1016,1.368,1,1,1
28,mourning,2026-W13,no_b,0.7678,1.368,1.0,1.1016,1.368,1,1,1
28,mourning,2026-W13,no_d,0.7678,1.368,1.0,1.1016,1.0,0,1,1
28,mourning,2026-W13,no_r,0.7678,1.368,1.0,1.1016,1.368,1,1,1
28,mourning,2026-W14,full,0.7678,1.3237,0.4144,1.1016,0.99816496,0,0,0
28,mourning,2026-W14,no_b,0.7678,1.3237,0.4144,1.1016,0.54854128,0,0,0
28,mourning,2026-W14,no_d,0.7678,1.3237,0.4144,1.1016,0.8640236800000001,0,0,0
28,mourning,2026-W14,no_r,0.7678,1.3237,0.4144,1.1016,1.3237,1,0,0
28,mourning,2026-W15,full,0.7678,1.1911,0.2048,1.1016,0.85449184,0,0,0
28,mourning,2026-W15,no_b,0.7678,1.1911,0.2048,1.1016,0.24393728000000003,0,0,0
28,mourning,2026-W15,no_d,0.7678,1.1911,0.2048,1.1016,0.8153545600000001,0,0,0
28,mourning,2026-W15,no_r,0.7678,1.1911,0.2048,1.1016,1.1911,1,0,0
28,mourning,2026-W16,full,0.7678,0.9479,0.1207,1.1016,0.78953807,0,0,0
28,mourning,2026-W16,no_b,0.7678,0.9479,0.1207,1.1016,0.11441153,0,0,0
28,mourning,2026-W16,no_d,0.7678,0.9479,0.1207,1.1016,0.7958265400000001,0,0,0
28,mourning,2026-W16,no_r,0.7678,0.9479,0.1207,1.1016,0.9479,0,0,0
28,mourning,2026-W17,full,0.7678,0.9479,0.0849,1.1016,0.7830904900000001,0,0,0
28,mourning,2026-W17,no_b,0.7678,0.9479,0.0849,1.1016,0.08047671,0,0,0
28,mourning,2026-W17,no_d,0.7678,0.9479,0.0849,1.1016,0.78751378,0,0,0
28,mourning,2026-W17,no_r,0.7678,0.9479,0.0849,1.1016,0.9479,0,0,0
28,mourning,2026-W18,full,0.7678,0.9479,0.0597,1.1016,0.77855197,0,0,0
28,mourning,2026-W18,no_b,0.7678,0.9479,0.0597,1.1016,0.05658963,0,0,0
28,mourning,2026-W18,no_d,0.7678,0.9479,0.0597,1.1016,0.78166234,0,0,0
28,mourning,2026-W18,no_r,0.7678,0.9479,0.0597,1.1016,0.9479,0,0,0
28,mourning,2026-W19,full,0.7678,1.1911,0.0419,1.1016,0.78553627,0,0,0
28,mourning,2026-W19,no_b,0.7678,1.1911,0.0419,1.1016,0.04990709,0,0,0
28,mourning,2026-W19,no_d,0.7678,1.1911,0.0419,1.1016,0.77752918,0,0,0
28,mourning,2026-W19,no_r,0.7678,1.1911,0.0419,1.1016,1.1911,1,0,0
28,mourning,2026-W20,full,0.7678,0.7408,0.0247,1.1016,0.7671331,0,0,0
28,mourning,2026-W20,no_b,0.7678,0.7408,0.0247,1.1016,0.01829776,0,0,0
28,mourning,2026-W20,no_d,0.7678,0.7408,0.0247,1.1016,0.77353534,0,0,0
28,mourning,2026-W20,no_r,0.7678,0.7408,0.0247,1.1016,0.7408,0,0,0
28,mourning,2026-W21,full,0.7678,0.7408,0.0207,1.1016,0.7672411,0,0,0
28,mourning,2026-W21,no_b,0.7678,0.7408,0.0207,1.1016,0.01533456,0,0,0
28,mourning,2026-W21,no_d,0.7678,0.7408,0.0207,1.1016,0.7726065400000001,0,0,0
28,mourning,2026-W21,no_r,0.7678,0.7408,0.0207,1.1016,0.7408,0,0,0
28,mourning,2026-W22,full,0.7678,0.652,0.0174,1.1016,0.76578508,0,0,0
28,mourning,2026-W22,no_b,0.7678,0.652,0.0174,1.1016,0.0113448,0,0,0
28,mourning,2026-W22,no_d,0.7678,0.652,0.0174,1.1016,0.77184028,0,0,0
28,mourning,2026-W22,no_r,0.7678,0.652,0.0174,1.1016,0.652,0,0,0
29,other,2026-W12,full,0.7686,0.4385,1.0,1.096,0.4385,0,0,0
29,other,2026-W12,no_b,0.7686,0.4385,1.0,1.096,0.4385,0,0,0
29,other,2026-W12,no_d,0.7686,0.4385,1.0,1.096,1.0,0,0,0
29,other,2026-W12,no_r,0.7686,0.4385,1.0,1.096,0.4385,0,0,0
29,other,2026-W13,full,0.7686,0.9558,1.0,1.096,0.9558,0,0,0
29,other,2026-W13,no_b,0.7686,0.9558,1.0,1.096,0.9558,0,0,0
29,other,2026-W13,no_d,0.7686,0.9558,1.0,1.096,1.0,0,0,0
29,other,2026-W13,no_r,0.7686,0.9558,1.0,1.096,0.9558,0,0,0
29,other,2026-W14,full,0.7686,0.4385,0.5306,1.096,0.59344894,0,0,0
29,other,2026-W14,no_b,0.7686,0.4385,0.5306,1.096,0.2326681,0,0,0
29,other,2026-W14,no_d,0.7686,0.4385,0.5306,1.096,0.89138084,0,0,0
29,other,2026-W14,no_r,0.7686,0.4385,0.5306,1.096,0.4385,0,0,0
29,other,2026-W15,full,0.7686,1.3517,0.5306,1.096,1.07799286,0,0,0
29,other,2026-W15,no_b,0.7686,1.3517,0.5306,1.096,0.7172120199999998,0,0,0
29,other,2026-W15,no_d,0.7686,1.3517,0.5306,1.096,0.89138084,0,0,0
29,other,2026-W15,no_r,0.7686,1.3517,0.5306,1.096,1.3517,1,0,0
29,other,2026-W16,full,0.7686,0.4385,0.2051,1.096,0.70089649,0,0,0
29,other,2026-W16,no_b,0.7686,0.4385,0.2051,1.096,0.08993635,0,0,0
29,other,2026-W16,no_d,0.7686,0.4385,0.2051,1.096,0.8160601399999999,0,0,0
29,other,2026-W16,no_r,0.7686,0.4385,0.2051,1.096,0.4385,0,0,0
29,other,2026-W17,full,0.7686,0.9558,0.2051,1.096,0.8069947199999999,0,0,0
29,other,2026-W17,no_b,0.7686,0.9558,0.2051,1.096,0.19603458,0,0,0
29,other,2026-W17,no_d,0.7686,0.9558,0.2051,1.096,0.8160601399999999,0,0,0
29,other,2026-W17,no_r,0.7686,0.9558,0.2051,1.096,0.9558,0,0,0
29,other,2026-W18,full,0.7686,1.5433,0.1088,1.096,0.85288736,0,0,0
29,other,2026-W18,no_b,0.7686,1.5433,0.1088,1.096,0.16791103999999998,0,0,0
29,other,2026-W18,no_d,0.7686,1.5433,0.1088,1.096,0.79377632,0,0,0
29,other,2026-W18,no_r,0.7686,1.5433,0.1088,1.096,1.5433,1,0,0
29,other,2026-W19,full,0.7686,0.593,0.0306,1.096,0.76322664,0,0,0
29,other,2026-W19,no_b,0.7686,0.593,0.0306,1.096,0.018145799999999997,0,0,0
29,other,2026-W19,no_d,0.7686,0.593,0.0306,1.096,0.7756808399999999,0,0,0
29,other,2026-W19,no_r,0.7686,0.593,0.0306,1.096,0.593,0,0,0
29,other,2026-W20,full,0.7686,1.5433,0.0223,1.096,0.78587581,0,0,0
29,other,2026-W20,no_b,0.7686,1.5433,0.0223,1.096,0.034415589999999996,0,0,0
29,other,2026-W20,no_d,0.7686,1.5433,0.0223,1.096,0.77376022,0,0,0
29,other,2026-W20,no_r,0.7686,1.5433,0.0223,1.096,1.5433,1,0,0
29,other,2026-W21,full,0.7686,0.4385,0.0063,1.096,0.76652037,0,0,0
29,other,2026-W21,no_b,0.7686,0.4385,0.0063,1.096,0.00276255,0,0,0
29,other,2026-W21,no_d,0.7686,0.4385,0.0063,1.096,0.77005782,0,0,0
29,other,2026-W21,no_r,0.7686,0.4385,0.0063,1.096,0.4385,0,0,0
29,other,2026-W22,full,0.7686,0.593,0.0063,1.096,0.7674937199999999,0,0,0
29,other,2026-W22,no_b,0.7686,0.593,0.0063,1.096,0.0037359,0,0,0
29,other,2026-W22,no_d,0.7686,0.593,0.0063,1.096,0.77005782,0,0,0
29,other,2026-W22,no_r,0.7686,0.593,0.0063,1.096,0.593,0,0,0
30,mourning,2026-W12,full,0.7678,0.7097,1.0,1.0399,0.7097,0,0,0
30,mourning,2026-W12,no_b,0.7678,0.7097,1.0,1.0399,0.7097,0,0,0
30,mourning,2026-W12,no_d,0.7678,0.7097,1.0,1.0399,1.0,0,0,0
30,mourning,2026-W12,no_r,0.7678,0.7097,1.0,1.0399,0.7097,0,0,0
30,mourning,2026-W13,full,0.7678,1.3069,1.0,1.0399,1.3069,1,1,1
30,mourning,2026-W13,no_b,0.7678,1.3069,1.0,1.0399,1.3069,1,1,1
30,mourning,2026-W13,no_d,0.7678,1.3069,1.0,1.0399,1.0,0,1,1
30,mourning,2026-W13,no_r,0.7678,1.3069,1.0,1.0399,1.3069,1,1,1
30,mourning,2026-W14,full,0.7678,1.3069,0.4055,1.0399,0.98640505,0,0,0
30,mourning,2026-W14,no_b,0.7678,1.3069,0.4055,1.0399,0.5299479500000001,0,0,0
30,mourning,2026-W14,no_d,0.7678,1.3069,0.4055,1.0399,0.8619571,0,0,0
30,mourning,2026-W14,no_r,0.7678,1.3069,0.4055,1.0399,1.3069,1,0,0
30,mourning,2026-W15,full,0.7678,1.2699,0.1644,1.0399,0.85034524,0,0,0
30,mourning,2026-W15,no_b,0.7678,1.2699,0.1644,1.0399,0.20877156,0,0,0
30,mourning,2026-W15,no_d,0.7678,1.2699,0.1644,1.0399,0.80597368,0,0,0
30,mourning,2026-W15,no_r,0.7678,1.2699,0.1644,1.0399,1.2699,1,0,0
30,mourning,2026-W16,full,0.7678,0.9565,0.0799,1.0399,0.78287713,0,0,0
30,mourning,2026-W16,no_b,0.7678,0.9565,0.0799,1.0399,0.07642435,0,0,0
30,mourning,2026-W16,no_d,0.7678,0.9565,0.0799,1.0399,0.7863527800000001,0,0,0
30,mourning,2026-W16,no_r,0.7678,0.9565,0.0799,1.0399,0.9565,0,0,0
30,mourning,2026-W17,full,0.7678,0.7838,0.0557,1.0399,0.7686912,0,0,0
30,mourning,2026-W17,no_b,0.7678,0.7838,0.0557,1.0399,0.04365766,0,0,0
30,mourning,2026-W17,no_d,0.7678,0.7838,0.0557,1.0399,0.7807335400000001,0,0,0
30,mourning,2026-W17,no_r,0.7678,0.7838,0.0557,1.0399,0.7838,0,0,0
30,mourning,2026-W18,full,0.7678,0.9565,0.0465,1.0399,0.7765745500000001,0,0,0
30,mourning,2026-W18,no_b,0.7678,0.9565,0.0465,1.0399,0.04447725,0,0,0
30,mourning,2026-W18,no_d,0.7678,0.9565,0.0465,1.0399,0.7785973,0,0,0
30,mourning,2026-W18,no_r,0.7678,0.9565,0.0465,1.0399,0.9565,0,0,0
30,mourning,2026-W19,full,0.7678,0.9565,0.0324,1.0399,0.77391388,0,0,0
30,mourning,2026-W19,no_b,0.7678,0.9565,0.0324,1.0399,0.0309906,0,0,0
30,mourning,2026-W19,no_d,0.7678,0.9565,0.0324,1.0399,0.7753232800000001,0,0,0
30,mourning,2026-W19,no_r,0.7678,0.9565,0.0324,1.0399,0.9565,0,0,0
30,mourning,2026-W20,full,0.7678,0.7097,0.0226,1.0399,0.7664869400000001,0,0,0
30,mourning,2026-W20,no_b,0.7678,0.7097,0.0226,1.0399,0.01603922,0,0,0
30,mourning,2026-W20,no_d,0.7678,0.7097,0.0226,1.0399,0.77304772,0,0,0
30,mourning,2026-W20,no_r,0.7678,0.7097,0.0226,1.0399,0.7097,0,0,0
30,mourning,2026-W21,full,0.7678,0.7097,0.0226,1.0399,0.7664869400000001,0,0,0
30,mourning,2026-W21,no_b,0.7678,0.7097,0.0226,1.0399,0.01603922,0,0,0
30,mourning,2026-W21,no_d,0.7678,0.7097,0.0226,1.0399,0.77304772,0,0,0
30,mourning,2026-W21,no_r,0.7678,0.7097,0.0226,1.0399,0.7097,0,0,0
30,mourning,2026-W22,full,0.7678,0.7097,0.0226,1.0399,0.7664869400000001,0,0,0
30,mourning,2026-W22,no_b,0.7678,0.7097,0.0226,1.0399,0.01603922,0,0,0
30,mourning,2026-W22,no_d,0.7678,0.7097,0.0226,1.0399,0.77304772,0,0,0
30,mourning,2026-W22,no_r,0.7678,0.7097,0.0226,1.0399,0.7097,0,0,0
31,meme,2026-W12,full,0.7755,0.6194,1.0,0.9054,0.6194,0,0,0
31,meme,2026-W12,no_b,0.7755,0.6194,1.0,0.9054,0.6194,0,0,0
31,meme,2026-W12,no_d,0.7755,0.6194,1.0,0.9054,1.0,1,0,0
31,meme,2026-W12,no_r,0.7755,0.6194,1.0,0.9054,0.6194,0,0,0
31,meme,2026-W13,full,0.7755,0.6194,1.0,0.9054,0.6194,0,0,0
31,meme,2026-W13,no_b,0.7755,0.6194,1.0,0.9054,0.6194,0,0,0
31,meme,2026-W13,no_d,0.7755,0.6194,1.0,0.9054,1.0,1,0,0
31,meme,2026-W13,no_r,0.7755,0.6194,1.0,0.9054,0.6194,0,0,0
31,meme,2026-W14,full,0.7755,0.7431,1.0,0.9054,0.7431,0,0,0
31,meme,2026-W14,no_b,0.7755,0.7431,1.0,0.9054,0.7431,0,0,0
31,meme,2026-W14,no_d,0.7755,0.7431,1.0,0.9054,1.0,1,0,0
31,meme,2026-W14,no_r,0.7755,0.7431,1.0,0.9054,0.7431,0,0,0
31,meme,2026-W15,full,0.7755,0.6194,0.9231,0.9054,0.63140409,0,0,0
31,meme,2026-W15,no_b,0.7755,0.6194,0.9231,0.9054,0.57176814,0,0,0
31,meme,2026-W15,no_d,0.7755,0.6194,0.9231,0.9054,0.98273595,1,0,0
31,meme,2026-W15,no_r,0.7755,0.6194,0.9231,0.9054,0.6194,0,0,0
31,meme,2026-W16,full,0.7755,0.6194,0.9231,0.9054,0.63140409,0,0,0
31,meme,2026-W16,no_b,0.7755,0.6194,0.9231,0.9054,0.57176814,0,0,0
31,meme,2026-W16,no_d,0.7755,0.6194,0.9231,0.9054,0.98273595,1,0,0
31,meme,2026-W16,no_r,0.7755,0.6194,0.9231,0.9054,0.6194,0,0,0
31,meme,2026-W17,full,0.7755,0.7431,0.9231,0.9054,0.7455915599999999,0,0,0
31,meme,2026-W17,no_b,0.7755,0.7431,0.9231,0.9054,0.68595561,0,0,0
31,meme,2026-W17,no_d,0.7755,0.7431,0.9231,0.9054,0.98273595,1,0,0
31,meme,2026-W17,no_r,0.7755,0.7431,0.9231,0.9054,0.7431,0,0,0
31,meme,2026-W18,full,0.7755,0.6194,0.8522,0.9054,0.6424715799999999,0,0,0
31,meme,2026-W18,no_b,0.7755,0.6194,0.8522,0.9054,0.52785268,0,0,0
31,meme,2026-W18,no_d,0.7755,0.6194,0.8522,0.9054,0.9668189,1,0,0
31,meme,2026-W18,no_r,0.7755,0.6194,0.8522,0.9054,0.6194,0,0,0
31,meme,2026-W19,full,0.7755,0.6194,0.8522,0.9054,0.6424715799999999,0,0,0
31,meme,2026-W19,no_b,0.7755,0.6194,0.8522,0.9054,0.52785268,0,0,0
31,meme,2026-W19,no_d,0.7755,0.6194,0.8522,0.9054,0.9668189,1,0,0
31,meme,2026-W19,no_r,0.7755,0.6194,0.8522,0.9054,0.6194,0,0,0
31,meme,2026-W20,full,0.7755,0.7431,0.8522,0.9054,0.74788872,0,0,0
31,meme,2026-W20,no_b,0.7755,0.7431,0.8522,0.9054,0.63326982,0,0,0
31,meme,2026-W20,no_d,0.7755,0.7431,0.8522,0.9054,0.9668189,1,0,0
31,meme,2026-W20,no_r,0.7755,0.7431,0.8522,0.9054,0.7431,0,0,0
31,meme,2026-W21,full,0.7755,1.4192,0.7866,0.9054,1.28183442,1,1,1
31,meme,2026-W21,no_b,0.7755,1.4192,0.7866,0.9054,1.11634272,1,1,1
31,meme,2026-W21,no_d,0.7755,1.4192,0.7866,0.9054,0.9520917,1,1,1
31,meme,2026-W21,no_r,0.7755,1.4192,0.7866,0.9054,1.4192,1,1,1
31,meme,2026-W22,full,0.7755,1.391,0.4868,0.9054,1.0751254000000001,1,1,1
31,meme,2026-W22,no_b,0.7755,1.391,0.4868,0.9054,0.6771388,0,1,1
31,meme,2026-W22,no_d,0.7755,1.391,0.4868,0.9054,0.8847866,0,1,1
31,meme,2026-W22,no_r,0.7755,1.391,0.4868,0.9054,1.391,1,1,1
32,marketing,2026-W12,full,0.8252,1.0751,1.0,0.769,1.0751,1,1,1
32,marketing,2026-W12,no_b,0.8252,1.0751,1.0,0.769,1.0751,1,1,1
32,marketing,2026-W12,no_d,0.8252,1.0751,1.0,0.769,1.0,1,1,1
32,marketing,2026-W12,no_r,0.8252,1.0751,1.0,0.769,1.0751,1,1,1
32,marketing,2026-W13,full,0.8252,1.0606,0.6454,0.769,0.97712716,1,1,1
32,marketing,2026-W13,no_b,0.8252,1.0606,0.6454,0.769,0.68451124,0,1,1
32,marketing,2026-W13,no_d,0.8252,1.0606,0.6454,0.769,0.93801592,1,1,1
32,marketing,2026-W13,no_r,0.8252,1.0606,0.6454,0.769,1.0606,1,1,1
32,marketing,2026-W14,full,0.8252,1.0322,0.5025,0.769,0.9292175,1,1,1
32,marketing,2026-W14,no_b,0.8252,1.0322,0.5025,0.769,0.5186805,0,1,1
32,marketing,2026-W14,no_d,0.8252,1.0322,0.5025,0.769,0.913037,1,1,1
32,marketing,2026-W14,no_r,0.8252,1.0322,0.5025,0.769,1.0322,1,1,1
32,marketing,2026-W15,full,0.8252,1.0606,0.4165,0.769,0.9232441,1,1,1
32,marketing,2026-W15,no_b,0.8252,1.0606,0.4165,0.769,0.44173989999999996,0,1,1
32,marketing,2026-W15,no_d,0.8252,1.0606,0.4165,0.769,0.8980042,1,1,1
32,marketing,2026-W15,no_r,0.8252,1.0606,0.4165,0.769,1.0606,1,1,1
32,marketing,2026-W16,full,0.8252,1.0322,0.3243,0.769,0.8923301,1,1,1
32,marketing,2026-W16,no_b,0.8252,1.0322,0.3243,0.769,0.33474245999999996,0,1,1
32,marketing,2026-W16,no_d,0.8252,1.0322,0.3243,0.769,0.88188764,1,1,1
32,marketing,2026-W16,no_r,0.8252,1.0322,0.3243,0.769,1.0322,1,1,1
32,marketing,2026-W17,full,0.8252,0.9854,0.2688,0.769,0.86826176,1,1,1
32,marketing,2026-W17,no_b,0.8252,0.9854,0.2688,0.769,0.26487552,0,1,1
32,marketing,2026-W17,no_d,0.8252,0.9854,0.2688,0.769,0.87218624,1,1,1
32,marketing,2026-W17,no_r,0.8252,0.9854,0.2688,0.769,0.9854,1,1,1
32,marketing,2026-W18,full,0.8252,1.0322,0.2372,0.769,0.8743004000000001,1,1,1
32,marketing,2026-W18,no_b,0.8252,1.0322,0.2372,0.769,0.24483784,0,1,1
32,marketing,2026-W18,no_d,0.8252,1.0322,0.2372,0.769,0.8666625600000001,1,1,1
32,marketing,2026-W18,no_r,0.8252,1.0322,0.2372,0.769,1.0322,1,1,1
32,marketing,2026-W19,full,0.8252,1.0711,0.1966,0.769,0.87354394,1,1,1
32,marketing,2026-W19,no_b,0.8252,1.0711,0.1966,0.769,0.21057826,0,1,1
32,marketing,2026-W19,no_d,0.8252,1.0711,0.1966,0.769,0.85956568,1,1,1
32,marketing,2026-W19,no_r,0.8252,1.0711,0.1966,0.769,1.0711,1,1,1
32,marketing,2026-W20,full,0.8252,1.0751,0.1438,0.769,0.86113562,1,1,1
32,marketing,2026-W20,no_b,0.8252,1.0751,0.1438,0.769,0.15459938,0,1,1
32,marketing,2026-W20,no_d,0.8252,1.0751,0.1438,0.769,0.8503362400000001,1,1,1
32,marketing,2026-W20,no_r,0.8252,1.0751,0.1438,0.769,1.0751,1,1,1
32,marketing,2026-W21,full,0.8252,1.0322,0.0928,0.769,0.8444096000000001,1,1,1
32,marketing,2026-W21,no_b,0.8252,1.0322,0.0928,0.769,0.09578816,0,1,1
32,marketing,2026-W21,no_d,0.8252,1.0322,0.0928,0.769,0.8414214400000001,1,1,1
32,marketing,2026-W21,no_r,0.8252,1.0322,0.0928,0.769,1.0322,1,1,1
32,marketing,2026-W22,full,0.8252,0.948,0.0769,0.769,0.8346433200000001,1,1,1
32,marketing,2026-W22,no_b,0.8252,0.948,0.0769,0.769,0.0729012,0,1,1
32,marketing,2026-W22,no_d,0.8252,0.948,0.0769,0.769,0.83864212,1,1,1
32,marketing,2026-W22,no_r,0.8252,0.948,0.0769,0.769,0.948,1,1,1
33,marketing,2026-W12,full,0.8252,1.0694,1.0,0.8858,1.0694,1,1,1
33,marketing,2026-W12,no_b,0.8252,1.0694,1.0,0.8858,1.0694,1,1,1
33,marketing,2026-W12,no_d,0.8252,1.0694,1.0,0.8858,1.0,1,1,1
33,marketing,2026-W12,no_r,0.8252,1.0694,1.0,0.8858,1.0694,1,1,1
33,marketing,2026-W13,full,0.8252,1.0298,0.5825,0.8858,0.9443795,1,1,1
33,marketing,2026-W13,no_b,0.8252,1.0298,0.5825,0.8858,0.5998585000000001,0,1,1
33,marketing,2026-W13,no_d,0.8252,1.0298,0.5825,0.8858,0.927021,1,1,1
33,marketing,2026-W13,no_r,0.8252,1.0298,0.5825,0.8858,1.0298,1,1,1
33,marketing,2026-W14,full,0.8252,1.0657,0.4621,0.8858,0.9363350500000001,1,1,1
33,marketing,2026-W14,no_b,0.8252,1.0657,0.4621,0.8858,0.4924599700000001,0,1,1
33,marketing,2026-W14,no_d,0.8252,1.0657,0.4621,0.8858,0.90597508,1,1,1
33,marketing,2026-W14,no_r,0.8252,1.0657,0.4621,0.8858,1.0657,1,1,1
33,marketing,2026-W15,full,0.8252,0.9865,0.3141,0.8858,0.8758643300000001,0,0,0
33,marketing,2026-W15,no_b,0.8252,0.9865,0.3141,0.8858,0.30985965,0,0,0
33,marketing,2026-W15,no_d,0.8252,0.9865,0.3141,0.8858,0.8801046800000001,0,0,0
33,marketing,2026-W15,no_r,0.8252,0.9865,0.3141,0.8858,0.9865,1,0,0
33,marketing,2026-W16,full,0.8252,1.056,0.2692,0.8858,0.88733136,1,1,1
33,marketing,2026-W16,no_b,0.8252,1.056,0.2692,0.8858,0.2842752,0,1,1
33,marketing,2026-W16,no_d,0.8252,1.056,0.2692,0.8858,0.8722561600000001,0,1,1
33,marketing,2026-W16,no_r,0.8252,1.056,0.2692,0.8858,1.056,1,1,1
33,marketing,2026-W17,full,0.8252,1.0657,0.1977,0.8858,0.8727468500000001,0,0,0
33,marketing,2026-W17,no_b,0.8252,1.0657,0.1977,0.8858,0.21068889000000002,0,0,0
33,marketing,2026-W17,no_d,0.8252,1.0657,0.1977,0.8858,0.85975796,0,0,0
33,marketing,2026-W17,no_r,0.8252,1.0657,0.1977,0.8858,1.0657,1,0,0
33,marketing,2026-W18,full,0.8252,1.056,0.1344,0.8858,0.85621952,0,0,0
33,marketing,2026-W18,no_b,0.8252,1.056,0.1344,0.8858,0.1419264,0,0,0
33,marketing,2026-W18,no_d,0.8252,1.056,0.1344,0.8858,0.8486931200000001,0,0,0
33,marketing,2026-W18,no_r,0.8252,1.056,0.1344,0.8858,1.056,1,0,0
33,marketing,2026-W19,full,0.8252,1.056,0.0987,0.8858,0.8479799600000001,0,0,0
33,marketing,2026-W19,no_b,0.8252,1.056,0.0987,0.8858,0.1042272,0,0,0
33,marketing,2026-W19,no_d,0.8252,1.056,0.0987,0.8858,0.84245276,0,0,0
33,marketing,2026-W19,no_r,0.8252,1.056,0.0987,0.8858,1.056,1,0,0
33,marketing,2026-W20,full,0.8252,1.056,0.0725,0.8858,0.841933,0,0,0
33,marketing,2026-W20,no_b,0.8252,1.056,0.0725,0.8858,0.07656,0,0,0
33,marketing,2026-W20,no_d,0.8252,1.056,0.0725,0.8858,0.8378730000000001,0,0,0
33,marketing,2026-W20,no_r,0.8252,1.056,0.0725,0.8858,1.056,1,0,0
33,marketing,2026-W21,full,0.8252,1.056,0.0532,0.8858,0.8374785600000001,0,0,0
33,marketing,2026-W21,no_b,0.8252,1.056,0.0532,0.8858,0.0561792,0,0,0
33,marketing,2026-W21,no_d,0.8252,1.056,0.0532,0.8858,0.83449936,0,0,0
33,marketing,2026-W21,no_r,0.8252,1.056,0.0532,0.8858,1.056,1,0,0
33,marketing,2026-W22,full,0.8252,0.9865,0.0391,0.8858,0.83150683,0,0,0
33,marketing,2026-W22,no_b,0.8252,0.9865,0.0391,0.8858,0.038572150000000006,0,0,0
33,marketing,2026-W22,no_d,0.8252,0.9865,0.0391,0.8858,0.83203468,0,0,0
33,marketing,2026-W22,no_r,0.8252,0.9865,0.0391,0.8858,0.9865,1,0,0
34,marketing,2026-W12,full,0.8252,1.0792,1.0,1.0368,1.0792,1,1,1
34,marketing,2026-W12,no_b,0.8252,1.0792,1.0,1.0368,1.0792,1,1,1
34,marketing,2026-W12,no_d,0.8252,1.0792,1.0,1.0368,1.0,0,1,1
34,marketing,2026-W12,no_r,0.8252,1.0792,1.0,1.0368,1.0792,1,1,1
34,marketing,2026-W13,full,0.8252,1.0639,0.6129,1.0368,0.97149923,0,0,0
34,marketing,2026-W13,no_b,0.8252,1.0639,0.6129,1.0368,0.6520643100000001,0,0,0
34,marketing,2026-W13,no_d,0.8252,1.0639,0.6129,1.0368,0.93233492,0,0,0
34,marketing,2026-W13,no_r,0.8252,1.0639,0.6129,1.0368,1.0639,1,0,0
34,marketing,2026-W14,full,0.8252,1.034,0.4633,1.0368,0.92193704,0,0,0
34,marketing,2026-W14,no_b,0.8252,1.034,0.4633,1.0368,0.4790522,0,0,0
34,marketing,2026-W14,no_d,0.8252,1.034,0.4633,1.0368,0.90618484,0,0,0
34,marketing,2026-W14,no_r,0.8252,1.034,0.4633,1.0368,1.034,0,0,0
34,marketing,2026-W15,full,0.8252,1.0639,0.3756,1.0368,0.91485572,0,0,0
34,marketing,2026-W15,no_b,0.8252,1.0639,0.3756,1.0368,0.39960084,0,0,0
34,marketing,2026-W15,no_d,0.8252,1.0639,0.3756,1.0368,0.89085488,0,0,0
34,marketing,2026-W15,no_r,0.8252,1.0639,0.3756,1.0368,1.0639,1,0,0
34,marketing,2026-W16,full,0.8252,1.034,0.2839,1.0368,0.88447832,0,0,0
34,marketing,2026-W16,no_b,0.8252,1.034,0.2839,1.0368,0.2935526,0,0,0
34,marketing,2026-W16,no_d,0.8252,1.034,0.2839,1.0368,0.87482572,0,0,0
34,marketing,2026-W16,no_r,0.8252,1.034,0.2839,1.0368,1.034,0,0,0
34,marketing,2026-W17,full,0.8252,1.075,0.2302,1.0368,0.8827039600000001,0,0,0
34,marketing,2026-W17,no_b,0.8252,1.075,0.2302,1.0368,0.247465,0,0,0
34,marketing,2026-W17,no_d,0.8252,1.075,0.2302,1.0368,0.8654389600000001,0,0,0
34,marketing,2026-W17,no_r,0.8252,1.075,0.2302,1.0368,1.075,1,0,0
34,marketing,2026-W18,full,0.8252,1.034,0.1623,1.0368,0.8590882400000001,0,0,0
34,marketing,2026-W18,no_b,0.8252,1.034,0.1623,1.0368,0.1678182,0,0,0
34,marketing,2026-W18,no_d,0.8252,1.034,0.1623,1.0368,0.85357004,0,0,0
34,marketing,2026-W18,no_r,0.8252,1.034,0.1623,1.0368,1.034,0,0,0
34,marketing,2026-W19,full,0.8252,1.0792,0.1315,1.0368,0.8586010000000001,0,0,0
34,marketing,2026-W19,no_b,0.8252,1.0792,0.1315,1.0368,0.1419148,0,0,0
34,marketing,2026-W19,no_d,0.8252,1.0792,0.1315,1.0368,0.8481862,0,0,0
34,marketing,2026-W19,no_r,0.8252,1.0792,0.1315,1.0368,1.0792,1,0,0
34,marketing,2026-W20,full,0.8252,1.075,0.0806,1.0368,0.8453338800000001,0,0,0
34,marketing,2026-W20,no_b,0.8252,1.075,0.0806,1.0368,0.086645,0,0,0
34,marketing,2026-W20,no_d,0.8252,1.075,0.0806,1.0368,0.83928888,0,0,0
34,marketing,2026-W20,no_r,0.8252,1.075,0.0806,1.0368,1.075,1,0,0
34,marketing,2026-W21,full,0.8252,1.034,0.0568,1.0368,0.83705984,0,0,0
34,marketing,2026-W21,no_b,0.8252,1.034,0.0568,1.0368,0.058731200000000004,0,0,0
34,marketing,2026-W21,no_d,0.8252,1.034,0.0568,1.0368,0.8351286400000001,0,0,0
34,marketing,2026-W21,no_r,0.8252,1.034,0.0568,1.0368,1.034,0,0,0
34,marketing,2026-W22,full,0.8252,1.0639,0.0461,1.0368,0.8362040700000001,0,0,0
34,marketing,2026-W22,no_b,0.8252,1.0639,0.0461,1.0368,0.049045790000000006,0,0,0
34,marketing,2026-W22,no_d,0.8252,1.0639,0.0461,1.0368,0.83325828,0,0,0
34,marketing,2026-W22,no_r,0.8252,1.0639,0.0461,1.0368,1.0639,1,0,0
35,education,2026-W12,full,0.7412,1.1115,1.0,0.9576,1.1115,1,1,1
35,education,2026-W12,no_b,0.7412,1.1115,1.0,0.9576,1.1115,1,1,1
35,education,2026-W12,no_d,0.7412,1.1115,1.0,0.9576,1.0,1,1,1
35,education,2026-W12,no_r,0.7412,1.1115,1.0,0.9576,1.1115,1,1,1
35,education,2026-W13,full,0.7412,0.7817,0.7066,0.9576,0.7698172999999999,0,0,0
35,education,2026-W13,no_b,0.7412,0.7817,0.7066,0.9576,0.55234922,0,0,0
35,education,2026-W13,no_d,0.7412,0.7817,0.7066,0.9576,0.92406808,0,0,0
35,education,2026-W13,no_r,0.7412,0.7817,0.7066,0.9576,0.7817,0,0,0
35,education,2026-W14,full,0.7412,1.238,0.7066,0.9576,1.09223888,1,1,1
35,education,2026-W14,no_b,0.7412,1.238,0.7066,0.9576,0.8747708,0,1,1
35,education,2026-W14,no_d,0.7412,1.238,0.7066,0.9576,0.92406808,0,1,1
35,education,2026-W14,no_r,0.7412,1.238,0.7066,0.9576,1.238,1,1,1
35,education,2026-W15,full,0.7412,0.8885,0.3528,0.9576,0.79316744,0,0,0
35,education,2026-W15,no_b,0.7412,0.8885,0.3528,0.9576,0.3134628,0,0,0
35,education,2026-W15,no_d,0.7412,0.8885,0.3528,0.9576,0.83250464,0,0,0
35,education,2026-W15,no_r,0.7412,0.8885,0.3528,0.9576,0.8885,0,0,0
35,education,2026-W16,full,0.7412,1.1115,0.2965,0.9576,0.85099395,0,0,0
35,education,2026-W16,no_b,0.7412,1.1115,0.2965,0.9576,0.32955975,0,0,0
35,education,2026-W16,no_d,0.7412,1.1115,0.2965,0.9576,0.8179342,0,0,0
35,education,2026-W16,no_r,0.7412,1.1115,0.2965,0.9576,1.1115,1,0,0
35,education,2026-W17,full,0.7412,1.1115,0.2095,0.9576,0.8187778499999999,0,0,0
35,education,2026-W17,no_b,0.7412,1.1115,0.2095,0.9576,0.23285925,0,0,0
35,education,2026-W17,no_d,0.7412,1.1115,0.2095,0.9576,0.7954186,0,0,0
35,education,2026-W17,no_r,0.7412,1.1115,0.2095,0.9576,1.1115,1,0,0
35,education,2026-W18,full,0.7412,1.2183,0.148,0.9576,0.8118107999999999,0,0,0
35,education,2026-W18,no_b,0.7412,1.2183,0.148,0.9576,0.18030839999999998,0,0,0
35,education,2026-W18,no_d,0.7412,1.2183,0.148,0.9576,0.7795023999999999,0,0,0
35,education,2026-W18,no_r,0.7412,1.2183,0.148,0.9576,1.2183,1,0,0
35,education,2026-W19,full,0.7412,1.2183,0.0879,0.9576,0.78313709,0,0,0
35,education,2026-W19,no_b,0.7412,1.2183,0.0879,0.9576,0.10708857000000001,0,0,0
35,education,2026-W19,no_d,0.7412,1.2183,0.0879,0.9576,0.76394852,0,0,0
35,education,2026-W19,no_r,0.7412,1.2183,0.0879,0.9576,1.2183,1,0,0
35,education,2026-W20,full,0.7412,1.1115,0.0522,0.9576,0.76052966,0,0,0
35,education,2026-W20,no_b,0.7412,1.1115,0.0522,0.9576,0.0580203,0,0,0
35,education,2026-W20,no_d,0.7412,1.1115,0.0522,0.9576,0.75470936,0,0,0
35,education,2026-W20,no_r,0.7412,1.1115,0.0522,0.9576,1.1115,1,0,0
35,education,2026-W21,full,0.7412,1.2183,0.0369,0.9576,0.75880499,0,0,0
35,education,2026-W21,no_b,0.7412,1.2183,0.0369,0.9576,0.04495527,0,0,0
35,education,2026-W21,no_d,0.7412,1.2183,0.0369,0.9576,0.75074972,0,0,0
35,education,2026-W21,no_r,0.7412,1.2183,0.0369,0.9576,1.2183,1,0,0
35,education,2026-W22,full,0.7412,1.2183,0.0219,0.9576,0.75164849,0,0,0
35,education,2026-W22,no_b,0.7412,1.2183,0.0219,0.9576,0.02668077,0,0,0
35,education,2026-W22,no_d,0.7412,1.2183,0.0219,0.9576,0.74686772,0,0,0
35,education,2026-W22,no_r,0.7412,1.2183,0.0219,0.9576,1.2183,1,0,0
36,marketing,2026-W12,full,0.8252,1.0912,1.0,0.9968,1.0912,1,1,1
36,marketing,2026-W12,no_b,0.8252,1.0912,1.0,0.9968,1.0912,1,1,1
36,marketing,2026-W12,no_d,0.8252,1.0912,1.0,0.9968,1.0,1,1,1
36,marketing,2026-W12,no_r,0.8252,1.0912,1.0,0.9968,1.0912,1,1,1
36,marketing,2026-W13,full,0.8252,1.0391,0.6707,0.9968,0.9686627299999999,0,0,0
36,marketing,2026-W13,no_b,0.8252,1.0391,0.6707,0.9968,0.6969243699999998,0,0,0
36,marketing,2026-W13,no_d,0.8252,1.0391,0.6707,0.9968,0.94243836,0,0,0
36,marketing,2026-W13,no_r,0.8252,1.0391,0.6707,0.9968,1.0391,1,0,0
36,marketing,2026-W14,full,0.8252,1.0912,0.5652,0.9968,0.9755431999999999,0,0,0
36,marketing,2026-W14,no_b,0.8252,1.0912,0.5652,0.9968,0.61674624,0,0,0
36,marketing,2026-W14,no_d,0.8252,1.0912,0.5652,0.9968,0.92399696,0,0,0
36,marketing,2026-W14,no_r,0.8252,1.0912,0.5652,0.9968,1.0912,1,0,0
36,marketing,2026-W15,full,0.8252,0.9823,0.3791,0.9968,0.88475661,0,0,0
36,marketing,2026-W15,no_b,0.8252,0.9823,0.3791,0.9968,0.37238993,0,0,0
36,marketing,2026-W15,no_d,0.8252,0.9823,0.3791,0.9968,0.8914666800000001,0,0,0
36,marketing,2026-W15,no_r,0.8252,0.9823,0.3791,0.9968,0.9823,0,0,0
36,marketing,2026-W16,full,0.8252,1.0901,0.3382,0.9968,0.9147891800000001,0,0,0
36,marketing,2026-W16,no_b,0.8252,1.0901,0.3382,0.9968,0.36867182000000004,0,0,0
36,marketing,2026-W16,no_d,0.8252,1.0901,0.3382,0.9968,0.88431736,0,0,0
36,marketing,2026-W16,no_r,0.8252,1.0901,0.3382,0.9968,1.0901,1,0,0
36,marketing,2026-W17,full,0.8252,0.9823,0.2402,0.9968,0.86293542,0,0,0
36,marketing,2026-W17,no_b,0.8252,0.9823,0.2402,0.9968,0.23594846,0,0,0
36,marketing,2026-W17,no_d,0.8252,0.9823,0.2402,0.9968,0.8671869600000001,0,0,0
36,marketing,2026-W17,no_r,0.8252,0.9823,0.2402,0.9968,0.9823,0,0,0
36,marketing,2026-W18,full,0.8252,1.0901,0.2143,0.9968,0.8819680700000001,0,0,0
36,marketing,2026-W18,no_b,0.8252,1.0901,0.2143,0.9968,0.23360843,0,0,0
36,marketing,2026-W18,no_d,0.8252,1.0901,0.2143,0.9968,0.8626596400000001,0,0,0
36,marketing,2026-W18,no_r,0.8252,1.0901,0.2143,0.9968,1.0901,1,0,0
36,marketing,2026-W19,full,0.8252,1.0736,0.1521,0.9968,0.8629816400000001,0,0,0
36,marketing,2026-W19,no_b,0.8252,1.0736,0.1521,0.9968,0.16329456000000003,0,0,0
36,marketing,2026-W19,no_d,0.8252,1.0736,0.1521,0.9968,0.85178708,0,0,0
36,marketing,2026-W19,no_r,0.8252,1.0736,0.1521,0.9968,1.0736,1,0,0
36,marketing,2026-W20,full,0.8252,1.0391,0.1211,0.9968,0.8511032900000001,0,0,0
36,marketing,2026-W20,no_b,0.8252,1.0391,0.1211,0.9968,0.12583501,0,0,0
36,marketing,2026-W20,no_d,0.8252,1.0391,0.1211,0.9968,0.8463682800000001,0,0,0
36,marketing,2026-W20,no_r,0.8252,1.0391,0.1211,0.9968,1.0391,1,0,0
36,marketing,2026-W21,full,0.8252,0.9368,0.102,0.9968,0.8365832000000001,0,0,0
36,marketing,2026-W21,no_b,0.8252,0.9368,0.102,0.9968,0.09555359999999999,0,0,0
36,marketing,2026-W21,no_d,0.8252,0.9368,0.102,0.9968,0.8430296,0,0,0
36,marketing,2026-W21,no_r,0.8252,0.9368,0.102,0.9968,0.9368,0,0,0
36,marketing,2026-W22,full,0.8252,1.0901,0.0964,0.9968,0.8507363600000001,0,0,0
36,marketing,2026-W22,no_b,0.8252,1.0901,0.0964,0.9968,0.10508564000000001,0,0,0
36,marketing,2026-W22,no_d,0.8252,1.0901,0.0964,0.9968,0.84205072,0,0,0
36,marketing,2026-W22,no_r,0.8252,1.0901,0.0964,0.9968,1.0901,1,0,0
37,other,2026-W12,full,0.7686,0.5036,1.0,0.8723,0.5036,0,0,0
37,other,2026-W12,no_b,0.7686,0.5036,1.0,0.8723,0.5036,0,0,0
37,other,2026-W12,no_d,0.7686,0.5036,1.0,0.8723,1.0,1,0,0
37,other,2026-W12,no_r,0.7686,0.5036,1.0,0.8723,0.5036,0,0,0
37,other,2026-W13,full,0.7686,0.9609,1.0,0.8723,0.9609,1,1,1
37,other,2026-W13,no_b,0.7686,0.9609,1.0,0.8723,0.9609,1,1,1
37,other,2026-W13,no_d,0.7686,0.9609,1.0,0.8723,1.0,1,1,1
37,other,2026-W13,no_r,0.7686,0.9609,1.0,0.8723,0.9609,1,1,1
37,other,2026-W14,full,0.7686,0.6402,0.5569,0.8723,0.69709404,0,0,0
37,other,2026-W14,no_b,0.7686,0.6402,0.5569,0.8723,0.35652737999999995,0,0,0
37,other,2026-W14,no_d,0.7686,0.6402,0.5569,0.8723,0.89746666,1,0,0
37,other,2026-W14,no_r,0.7686,0.6402,0.5569,0.8723,0.6402,0,0,0
37,other,2026-W15,full,0.7686,0.5036,0.4156,0.8723,0.658466,0,0,0
37,other,2026-W15,no_b,0.7686,0.5036,0.4156,0.8723,0.20929616000000004,0,0,0
37,other,2026-W15,no_d,0.7686,0.5036,0.4156,0.8723,0.86476984,0,0,0
37,other,2026-W15,no_r,0.7686,0.5036,0.4156,0.8723,0.5036,0,0,0
37,other,2026-W16,full,0.7686,0.5036,0.4156,0.8723,0.658466,0,0,0
37,other,2026-W16,no_b,0.7686,0.5036,0.4156,0.8723,0.20929616000000004,0,0,0
37,other,2026-W16,no_d,0.7686,0.5036,0.4156,0.8723,0.86476984,0,0,0
37,other,2026-W16,no_r,0.7686,0.5036,0.4156,0.8723,0.5036,0,0,0
37,other,2026-W17,full,0.7686,1.5313,0.4156,0.8723,1.08557812,1,1,1
37,other,2026-W17,no_b,0.7686,1.5313,0.4156,0.8723,0.63640828,0,1,1
37,other,2026-W17,no_d,0.7686,1.5313,0.4156,0.8723,0.86476984,0,1,1
37,other,2026-W17,no_r,0.7686,1.5313,0.4156,0.8723,1.5313,1,1,1
37,other,2026-W18,full,0.7686,1.4803,0.0962,0.8723,0.83706554,0,0,0
37,other,2026-W18,no_b,0.7686,1.4803,0.0962,0.8723,0.14240486,0,0,0
37,other,2026-W18,no_d,0.7686,1.4803,0.0962,0.8723,0.79086068,0,0,0
37,other,2026-W18,no_r,0.7686,1.4803,0.0962,0.8723,1.4803,1,0,0
37,other,2026-W19,full,0.7686,0.6402,0.0298,0.8723,0.7647736799999999,0,0,0
37,other,2026-W19,no_b,0.7686,0.6402,0.0298,0.8723,0.01907796,0,0,0
37,other,2026-W19,no_d,0.7686,0.6402,0.0298,0.8723,0.77549572,0,0,0
37,other,2026-W19,no_r,0.7686,0.6402,0.0298,0.8723,0.6402,0,0,0
37,other,2026-W20,full,0.7686,0.5036,0.0223,0.8723,0.7626904999999999,0,0,0
37,other,2026-W20,no_b,0.7686,0.5036,0.0223,0.8723,0.01123028,0,0,0
37,other,2026-W20,no_d,0.7686,0.5036,0.0223,0.8723,0.77376022,0,0,0
37,other,2026-W20,no_r,0.7686,0.5036,0.0223,0.8723,0.5036,0,0,0
37,other,2026-W21,full,0.7686,0.6402,0.0223,0.8723,0.76573668,0,0,0
37,other,2026-W21,no_b,0.7686,0.6402,0.0223,0.8723,0.01427646,0,0,0
37,other,2026-W21,no_d,0.7686,0.6402,0.0223,0.8723,0.77376022,0,0,0
37,other,2026-W21,no_r,0.7686,0.6402,0.0223,0.8723,0.6402,0,0,0
37,other,2026-W22,full,0.7686,0.5036,0.0166,0.8723,0.7642009999999999,0,0,0
37,other,2026-W22,no_b,0.7686,0.5036,0.0166,0.8723,0.00835976,0,0,0
37,other,2026-W22,no_d,0.7686,0.5036,0.0166,0.8723,0.7724412399999999,0,0,0
37,other,2026-W22,no_r,0.7686,0.5036,0.0166,0.8723,0.5036,0,0,0
38,marketing,2026-W12,full,0.8252,1.0756,1.0,0.8755,1.0756,1,1,1
38,marketing,2026-W12,no_b,0.8252,1.0756,1.0,0.8755,1.0756,1,1,1
38,marketing,2026-W12,no_d,0.8252,1.0756,1.0,0.8755,1.0,1,1,1
38,marketing,2026-W12,no_r,0.8252,1.0756,1.0,0.8755,1.0756,1,1,1
38,marketing,2026-W13,full,0.8252,0.9853,0.5925,0.8755,0.92005925,1,1,1
38,marketing,2026-W13,no_b,0.8252,0.9853,0.5925,0.8755,0.58379025,0,1,1
38,marketing,2026-W13,no_d,0.8252,0.9853,0.5925,0.8755,0.9287690000000001,1,1,1
38,marketing,2026-W13,no_r,0.8252,0.9853,0.5925,0.8755,0.9853,1,1,1
38,marketing,2026-W14,full,0.8252,1.0716,0.5102,0.8755,0.9509132800000001,1,1,1
38,marketing,2026-W14,no_b,0.8252,1.0716,0.5102,0.8755,0.54673032,0,1,1
38,marketing,2026-W14,no_d,0.8252,1.0716,0.5102,0.8755,0.91438296,1,1,1
38,marketing,2026-W14,no_r,0.8252,1.0716,0.5102,0.8755,1.0716,1,1,1
38,marketing,2026-W15,full,0.8252,1.061,0.351,0.8755,0.9079658,1,1,1
38,marketing,2026-W15,no_b,0.8252,1.061,0.351,0.8755,0.37241099999999994,0,1,1
38,marketing,2026-W15,no_d,0.8252,1.061,0.351,0.8755,0.8865548,1,1,1
38,marketing,2026-W15,no_r,0.8252,1.061,0.351,0.8755,1.061,1,1,1
38,marketing,2026-W16,full,0.8252,1.0325,0.2603,0.8755,0.87916019,1,1,1
38,marketing,2026-W16,no_b,0.8252,1.0325,0.2603,0.8755,0.26875974999999996,0,1,1
38,marketing,2026-W16,no_d,0.8252,1.0325,0.2603,0.8755,0.87070044,0,1,1
38,marketing,2026-W16,no_r,0.8252,1.0325,0.2603,0.8755,1.0325,1,1,1
38,marketing,2026-W17,full,0.8252,1.0325,0.208,0.8755,0.8683184,0,0,0
38,marketing,2026-W17,no_b,0.8252,1.0325,0.208,0.8755,0.21475999999999998,0,0,0
38,marketing,2026-W17,no_d,0.8252,1.0325,0.208,0.8755,0.8615584000000001,0,0,0
38,marketing,2026-W17,no_r,0.8252,1.0325,0.208,0.8755,1.0325,1,0,0
38,marketing,2026-W18,full,0.8252,1.061,0.1662,0.8755,0.86438996,0,0,0
38,marketing,2026-W18,no_b,0.8252,1.061,0.1662,0.8755,0.17633819999999997,0,0,0
38,marketing,2026-W18,no_d,0.8252,1.061,0.1662,0.8755,0.85425176,0,0,0
38,marketing,2026-W18,no_r,0.8252,1.061,0.1662,0.8755,1.061,1,0,0
38,marketing,2026-W19,full,0.8252,0.9853,0.1232,0.8755,0.8449243200000001,0,0,0
38,marketing,2026-W19,no_b,0.8252,0.9853,0.1232,0.8755,0.12138896,0,0,0
38,marketing,2026-W19,no_d,0.8252,0.9853,0.1232,0.8755,0.84673536,0,0,0
38,marketing,2026-W19,no_r,0.8252,0.9853,0.1232,0.8755,0.9853,1,0,0
38,marketing,2026-W20,full,0.8252,1.0325,0.1061,0.8755,0.84719453,0,0,0
38,marketing,2026-W20,no_b,0.8252,1.0325,0.1061,0.8755,0.10954825,0,0,0
38,marketing,2026-W20,no_d,0.8252,1.0325,0.1061,0.8755,0.8437462800000001,0,0,0
38,marketing,2026-W20,no_r,0.8252,1.0325,0.1061,0.8755,1.0325,1,0,0
38,marketing,2026-W21,full,0.8252,0.9853,0.0848,0.8755,0.83877648,0,0,0
38,marketing,2026-W21,no_b,0.8252,0.9853,0.0848,0.8755,0.08355343999999999,0,0,0
38,marketing,2026-W21,no_d,0.8252,0.9853,0.0848,0.8755,0.84002304,0,0,0
38,marketing,2026-W21,no_r,0.8252,0.9853,0.0848,0.8755,0.9853,1,0,0
38,marketing,2026-W22,full,0.8252,0.9476,0.073,0.8755,0.8341352000000001,0,0,0
38,marketing,2026-W22,no_b,0.8252,0.9476,0.073,0.8755,0.0691748,0,0,0
38,marketing,2026-W22,no_d,0.8252,0.9476,0.073,0.8755,0.8379604,0,0,0
38,marketing,2026-W22,no_r,0.8252,0.9476,0.073,0.8755,0.9476,1,0,0
39,other,2026-W12,full,0.7686,0.323,1.0,0.9398,0.323,0,0,0
39,other,2026-W12,no_b,0.7686,0.323,1.0,0.9398,0.323,0,0,0
39,other,2026-W12,no_d,0.7686,0.323,1.0,0.9398,1.0,1,0,0
39,other,2026-W12,no_r,0.7686,0.323,1.0,0.9398,0.323,0,0,0
39,other,2026-W13,full,0.7686,0.9467,1.0,0.9398,0.9467,1,1,1
39,other,2026-W13,no_b,0.7686,0.9467,1.0,0.9398,0.9467,1,1,1
39,other,2026-W13,no_d,0.7686,0.9467,1.0,0.9398,1.0,1,1,1
39,other,2026-W13,no_r,0.7686,0.9467,1.0,0.9398,0.9467,1,1,1
39,other,2026-W14,full,0.7686,0.5094,0.5086,0.9398,0.6367708799999999,0,0,0
39,other,2026-W14,no_b,0.7686,0.5094,0.5086,0.9398,0.25908084000000003,0,0,0
39,other,2026-W14,no_d,0.7686,0.5094,0.5086,0.9398,0.88629004,0,0,0
39,other,2026-W14,no_r,0.7686,0.5094,0.5086,0.9398,0.5094,0,0,0
39,other,2026-W15,full,0.7686,0.5094,0.3627,0.9398,0.67458816,0,0,0
39,other,2026-W15,no_b,0.7686,0.5094,0.3627,0.9398,0.18475938,0,0,0
39,other,2026-W15,no_d,0.7686,0.5094,0.3627,0.9398,0.85252878,0,0,0
39,other,2026-W15,no_r,0.7686,0.5094,0.3627,0.9398,0.5094,0,0,0
39,other,2026-W16,full,0.7686,0.9467,0.2586,0.9398,0.8146566599999999,0,0,0
39,other,2026-W16,no_b,0.7686,0.9467,0.2586,0.9398,0.24481661999999998,0,0,0
39,other,2026-W16,no_d,0.7686,0.9467,0.2586,0.9398,0.8284400399999999,0,0,0
39,other,2026-W16,no_r,0.7686,0.9467,0.2586,0.9398,0.9467,1,0,0
39,other,2026-W17,full,0.7686,0.5094,0.1315,0.9398,0.7345151999999999,0,0,0
39,other,2026-W17,no_b,0.7686,0.5094,0.1315,0.9398,0.06698609999999999,0,0,0
39,other,2026-W17,no_d,0.7686,0.5094,0.1315,0.9398,0.7990290999999999,0,0,0
39,other,2026-W17,no_r,0.7686,0.5094,0.1315,0.9398,0.5094,0,0,0
39,other,2026-W18,full,0.7686,1.424,0.0938,0.9398,0.83007652,0,0,0
39,other,2026-W18,no_b,0.7686,1.424,0.0938,0.9398,0.13357119999999997,0,0,0
39,other,2026-W18,no_d,0.7686,1.424,0.0938,0.9398,0.79030532,0,0,0
39,other,2026-W18,no_r,0.7686,1.424,0.0938,0.9398,1.424,1,0,0
39,other,2026-W19,full,0.7686,0.5094,0.034,0.9398,0.7597872,0,0,0
39,other,2026-W19,no_b,0.7686,0.5094,0.034,0.9398,0.0173196,0,0,0
39,other,2026-W19,no_d,0.7686,0.5094,0.034,0.9398,0.7764675999999999,0,0,0
39,other,2026-W19,no_r,0.7686,0.5094,0.034,0.9398,0.5094,0,0,0
39,other,2026-W20,full,0.7686,1.655,0.0243,0.9398,0.79013952,0,0,0
39,other,2026-W20,no_b,0.7686,1.655,0.0243,0.9398,0.040216499999999995,0,0,0
39,other,2026-W20,no_d,0.7686,1.655,0.0243,0.9398,0.77422302,0,0,0
39,other,2026-W20,no_r,0.7686,1.655,0.0243,0.9398,1.655,1,0,0
39,other,2026-W21,full,0.7686,0.323,0.0063,0.9398,0.76579272,0,0,0
39,other,2026-W21,no_b,0.7686,0.323,0.0063,0.9398,0.0020349,0,0,0
39,other,2026-W21,no_d,0.7686,0.323,0.0063,0.9398,0.77005782,0,0,0
39,other,2026-W21,no_r,0.7686,0.323,0.0063,0.9398,0.323,0,0,0
39,other,2026-W22,full,0.7686,0.323,0.0063,0.9398,0.76579272,0,0,0
39,other,2026-W22,no_b,0.7686,0.323,0.0063,0.9398,0.0020349,0,0,0
39,other,2026-W22,no_d,0.7686,0.323,0.0063,0.9398,0.77005782,0,0,0
39,other,2026-W22,no_r,0.7686,0.323,0.0063,0.9398,0.323,0,0,0
40,meme,2026-W12,full,0.7755,0.4489,1.0,0.7955,0.4489,0,0,0
40,meme,2026-W12,no_b,0.7755,0.4489,1.0,0.7955,0.4489,0,0,0
40,meme,2026-W12,no_d,0.7755,0.4489,1.0,0.7955,1.0,1,0,0
40,meme,2026-W12,no_r,0.7755,0.4489,1.0,0.7955,0.4489,0,0,0
40,meme,2026-W13,full,0.7755,0.4489,1.0,0.7955,0.4489,0,0,0
40,meme,2026-W13,no_b,0.7755,0.4489,1.0,0.7955,0.4489,0,0,0
40,meme,2026-W13,no_d,0.7755,0.4489,1.0,0.7955,1.0,1,0,0
40,meme,2026-W13,no_r,0.7755,0.4489,1.0,0.7955,0.4489,0,0,0
40,meme,2026-W14,full,0.7755,0.4489,1.0,0.7955,0.4489,0,0,0
40,meme,2026-W14,no_b,0.7755,0.4489,1.0,0.7955,0.4489,0,0,0
40,meme,2026-W14,no_d,0.7755,0.4489,1.0,0.7955,1.0,1,0,0
40,meme,2026-W14,no_r,0.7755,0.4489,1.0,0.7955,0.4489,0,0,0
40,meme,2026-W15,full,0.7755,0.4489,1.0,0.7955,0.4489,0,0,0
40,meme,2026-W15,no_b,0.7755,0.4489,1.0,0.7955,0.4489,0,0,0
40,meme,2026-W15,no_d,0.7755,0.4489,1.0,0.7955,1.0,1,0,0
40,meme,2026-W15,no_r,0.7755,0.4489,1.0,0.7955,0.4489,0,0,0
40,meme,2026-W16,full,0.7755,0.4489,1.0,0.7955,0.4489,0,0,0
40,meme,2026-W16,no_b,0.7755,0.4489,1.0,0.7955,0.4489,0,0,0
40,meme,2026-W16,no_d,0.7755,0.4489,1.0,0.7955,1.0,1,0,0
40,meme,2026-W16,no_r,0.7755,0.4489,1.0,0.7955,0.4489,0,0,0
40,meme,2026-W17,full,0.7755,0.4489,1.0,0.7955,0.4489,0,0,0
40,meme,2026-W17,no_b,0.7755,0.4489,1.0,0.7955,0.4489,0,0,0
40,meme,2026-W17,no_d,0.7755,0.4489,1.0,0.7955,1.0,1,0,0
40,meme,2026-W17,no_r,0.7755,0.4489,1.0,0.7955,0.4489,0,0,0
40,meme,2026-W18,full,0.7755,0.4489,1.0,0.7955,0.4489,0,0,0
40,meme,2026-W18,no_b,0.7755,0.4489,1.0,0.7955,0.4489,0,0,0
40,meme,2026-W18,no_d,0.7755,0.4489,1.0,0.7955,1.0,1,0,0
40,meme,2026-W18,no_r,0.7755,0.4489,1.0,0.7955,0.4489,0,0,0
40,meme,2026-W19,full,0.7755,0.628,1.0,0.7955,0.628,0,0,0
40,meme,2026-W19,no_b,0.7755,0.628,1.0,0.7955,0.628,0,0,0
40,meme,2026-W19,no_d,0.7755,0.628,1.0,0.7955,1.0,1,0,0
40,meme,2026-W19,no_r,0.7755,0.628,1.0,0.7955,0.628,0,0,0
40,meme,2026-W20,full,0.7755,0.628,0.9302,0.7955,0.6382955,0,0,0
40,meme,2026-W20,no_b,0.7755,0.628,0.9302,0.7955,0.5841656000000001,0,0,0
40,meme,2026-W20,no_d,0.7755,0.628,0.9302,0.7955,0.9843299,1,0,0
40,meme,2026-W20,no_r,0.7755,0.628,0.9302,0.7955,0.628,0,0,0
40,meme,2026-W21,full,0.7755,1.5998,0.8653,0.7955,1.4887667900000001,1,1,1
40,meme,2026-W21,no_b,0.7755,1.5998,0.8653,0.7955,1.38430694,1,1,1
40,meme,2026-W21,no_d,0.7755,1.5998,0.8653,0.7955,0.96975985,1,1,1
40,meme,2026-W21,no_r,0.7755,1.5998,0.8653,0.7955,1.5998,1,1,1
40,meme,2026-W22,full,0.7755,1.6088,0.6026,0.7955,1.2776465799999999,1,1,1
40,meme,2026-W22,no_b,0.7755,1.6088,0.6026,0.7955,0.96946288,1,1,1
40,meme,2026-W22,no_d,0.7755,1.6088,0.6026,0.7955,0.9107837,1,1,1
40,meme,2026-W22,no_r,0.7755,1.6088,0.6026,0.7955,1.6088,1,1,1
41,mourning,2026-W12,full,0.7678,0.742,1.0,1.0829,0.742,0,0,0
41,mourning,2026-W12,no_b,0.7678,0.742,1.0,1.0829,0.742,0,0,0
41,mourning,2026-W12,no_d,0.7678,0.742,1.0,1.0829,1.0,0,0,0
41,mourning,2026-W12,no_r,0.7678,0.742,1.0,1.0829,0.742,0,0,0
41,mourning,2026-W13,full,0.7678,1.2818,1.0,1.0829,1.2818,1,1,1
41,mourning,2026-W13,no_b,0.7678,1.2818,1.0,1.0829,1.2818,1,1,1
41,mourning,2026-W13,no_d,0.7678,1.2818,1.0,1.0829,1.0,0,1,1
41,mourning,2026-W13,no_r,0.7678,1.2818,1.0,1.0829,1.2818,1,1,1
41,mourning,2026-W14,full,0.7678,1.1417,0.4097,1.0829,0.92098683,0,0,0
41,mourning,2026-W14,no_b,0.7678,1.1417,0.4097,1.0829,0.46775448999999997,0,0,0
41,mourning,2026-W14,no_d,0.7678,1.1417,0.4097,1.0829,0.86293234,0,0,0
41,mourning,2026-W14,no_r,0.7678,1.1417,0.4097,1.0829,1.1417,1,0,0
41,mourning,2026-W15,full,0.7678,1.2818,0.2623,1.0829,0.9026222,0,0,0
41,mourning,2026-W15,no_b,0.7678,1.2818,0.2623,1.0829,0.33621614,0,0,0
41,mourning,2026-W15,no_d,0.7678,1.2818,0.2623,1.0829,0.82870606,0,0,0
41,mourning,2026-W15,no_r,0.7678,1.2818,0.2623,1.0829,1.2818,1,0,0
41,mourning,2026-W16,full,0.7678,1.2399,0.1075,1.0829,0.81855075,0,0,0
41,mourning,2026-W16,no_b,0.7678,1.2399,0.1075,1.0829,0.13328925,0,0,0
41,mourning,2026-W16,no_d,0.7678,1.2399,0.1075,1.0829,0.7927615,0,0,0
41,mourning,2026-W16,no_r,0.7678,1.2399,0.1075,1.0829,1.2399,1,0,0
41,mourning,2026-W17,full,0.7678,0.9614,0.0593,1.0829,0.77928048,0,0,0
41,mourning,2026-W17,no_b,0.7678,0.9614,0.0593,1.0829,0.05701102,0,0,0
41,mourning,2026-W17,no_d,0.7678,0.9614,0.0593,1.0829,0.78156946,0,0,0
41,mourning,2026-W17,no_r,0.7678,0.9614,0.0593,1.0829,0.9614,0,0,0
41,mourning,2026-W18,full,0.7678,0.8079,0.044,1.0829,0.7695644,0,0,0
41,mourning,2026-W18,no_b,0.7678,0.8079,0.044,1.0829,0.0355476,0,0,0
41,mourning,2026-W18,no_d,0.7678,0.8079,0.044,1.0829,0.7780168000000001,0,0,0
41,mourning,2026-W18,no_r,0.7678,0.8079,0.044,1.0829,0.8079,0,0,0
41,mourning,2026-W19,full,0.7678,0.9614,0.0379,1.0829,0.7751374400000001,0,0,0
41,mourning,2026-W19,no_b,0.7678,0.9614,0.0379,1.0829,0.03643706000000001,0,0,0
41,mourning,2026-W19,no_d,0.7678,0.9614,0.0379,1.0829,0.7766003800000001,0,0,0
41,mourning,2026-W19,no_r,0.7678,0.9614,0.0379,1.0829,0.9614,0,0,0
41,mourning,2026-W20,full,0.7678,0.8079,0.0282,1.0829,0.76893082,0,0,0
41,mourning,2026-W20,no_b,0.7678,0.8079,0.0282,1.0829,0.02278278,0,0,0
41,mourning,2026-W20,no_d,0.7678,0.8079,0.0282,1.0829,0.77434804,0,0,0
41,mourning,2026-W20,no_r,0.7678,0.8079,0.0282,1.0829,0.8079,0,0,0
41,mourning,2026-W21,full,0.7678,0.742,0.0243,1.0829,0.7671730600000001,0,0,0
41,mourning,2026-W21,no_b,0.7678,0.742,0.0243,1.0829,0.018030599999999997,0,0,0
41,mourning,2026-W21,no_d,0.7678,0.742,0.0243,1.0829,0.77344246,0,0,0
41,mourning,2026-W21,no_r,0.7678,0.742,0.0243,1.0829,0.742,0,0,0
41,mourning,2026-W22,full,0.7678,0.742,0.0243,1.0829,0.7671730600000001,0,0,0
41,mourning,2026-W22,no_b,0.7678,0.742,0.0243,1.0829,0.018030599999999997,0,0,0
41,mourning,2026-W22,no_d,0.7678,0.742,0.0243,1.0829,0.77344246,0,0,0
41,mourning,2026-W22,no_r,0.7678,0.742,0.0243,1.0829,0.742,0,0,0
42,mourning,2026-W12,full,0.7678,0.6655,1.0,0.8161,0.6655,0,0,0
42,mourning,2026-W12,no_b,0.7678,0.6655,1.0,0.8161,0.6655,0,0,0
42,mourning,2026-W12,no_d,0.7678,0.6655,1.0,0.8161,1.0,1,0,0
42,mourning,2026-W12,no_r,0.7678,0.6655,1.0,0.8161,0.6655,0,0,0
42,mourning,2026-W13,full,0.7678,1.3537,1.0,0.8161,1.3537,1,1,1
42,mourning,2026-W13,no_b,0.7678,1.3537,1.0,0.8161,1.3537,1,1,1
42,mourning,2026-W13,no_d,0.7678,1.3537,1.0,0.8161,1.0,1,1,1
42,mourning,2026-W13,no_r,0.7678,1.3537,1.0,0.8161,1.3537,1,1,1
42,mourning,2026-W14,full,0.7678,0.7509,0.4103,0.8161,0.76086593,0,0,0
42,mourning,2026-W14,no_b,0.7678,0.7509,0.4103,0.8161,0.30809427,0,0,0
42,mourning,2026-W14,no_d,0.7678,0.7509,0.4103,0.8161,0.86307166,1,0,0
42,mourning,2026-W14,no_r,0.7678,0.7509,0.4103,0.8161,0.7509,0,0,0
42,mourning,2026-W15,full,0.7678,1.3537,0.3433,0.8161,0.96893947,1,1,1
42,mourning,2026-W15,no_b,0.7678,1.3537,0.3433,0.8161,0.46472520999999994,0,1,1
42,mourning,2026-W15,no_d,0.7678,1.3537,0.3433,0.8161,0.8475142600000001,1,1,1
42,mourning,2026-W15,no_r,0.7678,1.3537,0.3433,0.8161,1.3537,1,1,1
42,mourning,2026-W16,full,0.7678,1.1837,0.1409,0.8161,0.82640031,1,1,1
42,mourning,2026-W16,no_b,0.7678,1.1837,0.1409,0.8161,0.16678332999999998,0,1,1
42,mourning,2026-W16,no_d,0.7678,1.1837,0.1409,0.8161,0.80051698,0,1,1
42,mourning,2026-W16,no_r,0.7678,1.1837,0.1409,0.8161,1.1837,1,1,1
42,mourning,2026-W17,full,0.7678,0.6655,0.0825,0.8161,0.7593602500000001,0,0,0
42,mourning,2026-W17,no_b,0.7678,0.6655,0.0825,0.8161,0.05490375,0,0,0
42,mourning,2026-W17,no_d,0.7678,0.6655,0.0825,0.8161,0.7869565000000001,0,0,0
42,mourning,2026-W17,no_r,0.7678,0.6655,0.0825,0.8161,0.6655,0,0,0
42,mourning,2026-W18,full,0.7678,0.7509,0.0825,0.8161,0.76640575,0,0,0
42,mourning,2026-W18,no_b,0.7678,0.7509,0.0825,0.8161,0.061949250000000004,0,0,0
42,mourning,2026-W18,no_d,0.7678,0.7509,0.0825,0.8161,0.7869565000000001,0,0,0
42,mourning,2026-W18,no_r,0.7678,0.7509,0.0825,0.8161,0.7509,0,0,0
42,mourning,2026-W19,full,0.7678,0.9499,0.0691,0.8161,0.78038311,0,0,0
42,mourning,2026-W19,no_b,0.7678,0.9499,0.0691,0.8161,0.06563809,0,0,0
42,mourning,2026-W19,no_d,0.7678,0.9499,0.0691,0.8161,0.78384502,0,0,0
42,mourning,2026-W19,no_r,0.7678,0.9499,0.0691,0.8161,0.9499,1,0,0
42,mourning,2026-W20,full,0.7678,0.7509,0.0484,0.8161,0.76698204,0,0,0
42,mourning,2026-W20,no_b,0.7678,0.7509,0.0484,0.8161,0.03634356,0,0,0
42,mourning,2026-W20,no_d,0.7678,0.7509,0.0484,0.8161,0.7790384800000001,0,0,0
42,mourning,2026-W20,no_r,0.7678,0.7509,0.0484,0.8161,0.7509,0,0,0
42,mourning,2026-W21,full,0.7678,0.7509,0.0405,0.8161,0.7671155500000001,0,0,0
42,mourning,2026-W21,no_b,0.7678,0.7509,0.0405,0.8161,0.030411450000000003,0,0,0
42,mourning,2026-W21,no_d,0.7678,0.7509,0.0405,0.8161,0.7772041000000001,0,0,0
42,mourning,2026-W21,no_r,0.7678,0.7509,0.0405,0.8161,0.7509,0,0,0
42,mourning,2026-W22,full,0.7678,0.7509,0.0339,0.8161,0.76722709,0,0,0
42,mourning,2026-W22,no_b,0.7678,0.7509,0.0339,0.8161,0.02545551,0,0,0
42,mourning,2026-W22,no_d,0.7678,0.7509,0.0339,0.8161,0.77567158,0,0,0
42,mourning,2026-W22,no_r,0.7678,0.7509,0.0339,0.8161,0.7509,0,0,0
43,mourning,2026-W12,full,0.7678,0.6817,1.0,0.9365,0.6817,0,0,0
43,mourning,2026-W12,no_b,0.7678,0.6817,1.0,0.9365,0.6817,0,0,0
43,mourning,2026-W12,no_d,0.7678,0.6817,1.0,0.9365,1.0,1,0,0
43,mourning,2026-W12,no_r,0.7678,0.6817,1.0,0.9365,0.6817,0,0,0
43,mourning,2026-W13,full,0.7678,1.3365,1.0,0.9365,1.3365,1,1,1
43,mourning,2026-W13,no_b,0.7678,1.3365,1.0,0.9365,1.3365,1,1,1
43,mourning,2026-W13,no_d,0.7678,1.3365,1.0,0.9365,1.0,1,1,1
43,mourning,2026-W13,no_r,0.7678,1.3365,1.0,0.9365,1.3365,1,1,1
43,mourning,2026-W14,full,0.7678,0.9523,0.4072,0.9365,0.8429284,0,0,0
43,mourning,2026-W14,no_b,0.7678,0.9523,0.4072,0.9365,0.38777656000000005,0,0,0
43,mourning,2026-W14,no_d,0.7678,0.9523,0.4072,0.9365,0.86235184,0,0,0
43,mourning,2026-W14,no_r,0.7678,0.9523,0.4072,0.9365,0.9523,1,0,0
43,mourning,2026-W15,full,0.7678,1.1748,0.2843,0.9365,0.8835101000000001,0,0,0
43,mourning,2026-W15,no_b,0.7678,1.1748,0.2843,0.9365,0.33399564000000004,0,0,0
43,mourning,2026-W15,no_d,0.7678,1.1748,0.2843,0.9365,0.83381446,0,0,0
43,mourning,2026-W15,no_r,0.7678,1.1748,0.2843,0.9365,1.1748,1,0,0
43,mourning,2026-W16,full,0.7678,0.6817,0.1658,0.9365,0.75352462,0,0,0
43,mourning,2026-W16,no_b,0.7678,0.6817,0.1658,0.9365,0.11302585999999999,0,0,0
43,mourning,2026-W16,no_d,0.7678,0.6817,0.1658,0.9365,0.80629876,0,0,0
43,mourning,2026-W16,no_r,0.7678,0.6817,0.1658,0.9365,0.6817,0,0,0
43,mourning,2026-W17,full,0.7678,0.763,0.1658,0.9365,0.76700416,0,0,0
43,mourning,2026-W17,no_b,0.7678,0.763,0.1658,0.9365,0.12650540000000002,0,0,0
43,mourning,2026-W17,no_d,0.7678,0.763,0.1658,0.9365,0.80629876,0,0,0
43,mourning,2026-W17,no_r,0.7678,0.763,0.1658,0.9365,0.763,0,0,0
43,mourning,2026-W18,full,0.7678,0.763,0.1385,0.9365,0.7671352,0,0,0
43,mourning,2026-W18,no_b,0.7678,0.763,0.1385,0.9365,0.1056755,0,0,0
43,mourning,2026-W18,no_d,0.7678,0.763,0.1385,0.9365,0.7999597,0,0,0
43,mourning,2026-W18,no_r,0.7678,0.763,0.1385,0.9365,0.763,0,0,0
43,mourning,2026-W19,full,0.7678,0.9523,0.1157,0.9365,0.7891466500000001,0,0,0
43,mourning,2026-W19,no_b,0.7678,0.9523,0.1157,0.9365,0.11018111,0,0,0
43,mourning,2026-W19,no_d,0.7678,0.9523,0.1157,0.9365,0.79466554,0,0,0
43,mourning,2026-W19,no_r,0.7678,0.9523,0.1157,0.9365,0.9523,1,0,0
43,mourning,2026-W20,full,0.7678,0.6817,0.0808,0.9365,0.76084312,0,0,0
43,mourning,2026-W20,no_b,0.7678,0.6817,0.0808,0.9365,0.055081359999999996,0,0,0
43,mourning,2026-W20,no_d,0.7678,0.6817,0.0808,0.9365,0.78656176,0,0,0
43,mourning,2026-W20,no_r,0.7678,0.6817,0.0808,0.9365,0.6817,0,0,0
43,mourning,2026-W21,full,0.7678,0.9523,0.0808,0.9365,0.7827076000000001,0,0,0
43,mourning,2026-W21,no_b,0.7678,0.9523,0.0808,0.9365,0.07694584,0,0,0
43,mourning,2026-W21,no_d,0.7678,0.9523,0.0808,0.9365,0.78656176,0,0,0
43,mourning,2026-W21,no_r,0.7678,0.9523,0.0808,0.9365,0.9523,1,0,0
43,mourning,2026-W22,full,0.7678,0.6817,0.0564,0.9365,0.7629439600000001,0,0,0
43,mourning,2026-W22,no_b,0.7678,0.6817,0.0564,0.9365,0.03844788,0,0,0
43,mourning,2026-W22,no_d,0.7678,0.6817,0.0564,0.9365,0.78089608,0,0,0
43,mourning,2026-W22,no_r,0.7678,0.6817,0.0564,0.9365,0.6817,0,0,0
44,mourning,2026-W12,full,0.7678,0.6571,1.0,0.8806,0.6571,0,0,0
44,mourning,2026-W12,no_b,0.7678,0.6571,1.0,0.8806,0.6571,0,0,0
44,mourning,2026-W12,no_d,0.7678,0.6571,1.0,0.8806,1.0,1,0,0
44,mourning,2026-W12,no_r,0.7678,0.6571,1.0,0.8806,0.6571,0,0,0
44,mourning,2026-W13,full,0.7678,1.3746,1.0,0.8806,1.3746,1,1,1
44,mourning,2026-W13,no_b,0.7678,1.3746,1.0,0.8806,1.3746,1,1,1
44,mourning,2026-W13,no_d,0.7678,1.3746,1.0,0.8806,1.0,1,1,1
44,mourning,2026-W13,no_r,0.7678,1.3746,1.0,0.8806,1.3746,1,1,1
44,mourning,2026-W14,full,0.7678,1.3189,0.4055,0.8806,0.99127105,1,1,1
44,mourning,2026-W14,no_b,0.7678,1.3189,0.4055,0.8806,0.53481395,0,1,1
44,mourning,2026-W14,no_d,0.7678,1.3189,0.4055,0.8806,0.8619571,0,1,1
44,mourning,2026-W14,no_r,0.7678,1.3189,0.4055,0.8806,1.3189,1,1,1
44,mourning,2026-W15,full,0.7678,1.3626,0.2221,0.8806,0.89990508,1,1,1
44,mourning,2026-W15,no_b,0.7678,1.3626,0.2221,0.8806,0.30263346,0,1,1
44,mourning,2026-W15,no_d,0.7678,1.3626,0.2221,0.8806,0.8193716200000001,0,1,1
44,mourning,2026-W15,no_r,0.7678,1.3626,0.2221,0.8806,1.3626,1,1,1
44,mourning,2026-W16,full,0.7678,1.3189,0.1047,0.8806,0.82550017,0,0,0
44,mourning,2026-W16,no_b,0.7678,1.3189,0.1047,0.8806,0.13808883,0,0,0
44,mourning,2026-W16,no_d,0.7678,1.3189,0.1047,0.8806,0.79211134,0,0,0
44,mourning,2026-W16,no_r,0.7678,1.3189,0.1047,0.8806,1.3189,1,0,0
44,mourning,2026-W17,full,0.7678,0.7446,0.0574,0.8806,0.7664683200000001,0,0,0
44,mourning,2026-W17,no_b,0.7678,0.7446,0.0574,0.8806,0.04274004,0,0,0
44,mourning,2026-W17,no_d,0.7678,0.7446,0.0574,0.8806,0.78112828,0,0,0
44,mourning,2026-W17,no_r,0.7678,0.7446,0.0574,0.8806,0.7446,0,0,0
44,mourning,2026-W18,full,0.7678,0.6571,0.0493,0.8806,0.76234249,0,0,0
44,mourning,2026-W18,no_b,0.7678,0.6571,0.0493,0.8806,0.03239503,0,0,0
44,mourning,2026-W18,no_d,0.7678,0.6571,0.0493,0.8806,0.77924746,0,0,0
44,mourning,2026-W18,no_r,0.7678,0.6571,0.0493,0.8806,0.6571,0,0,0
44,mourning,2026-W19,full,0.7678,0.7446,0.0493,0.8806,0.76665624,0,0,0
44,mourning,2026-W19,no_b,0.7678,0.7446,0.0493,0.8806,0.036708779999999996,0,0,0
44,mourning,2026-W19,no_d,0.7678,0.7446,0.0493,0.8806,0.77924746,0,0,0
44,mourning,2026-W19,no_r,0.7678,0.7446,0.0493,0.8806,0.7446,0,0,0
44,mourning,2026-W20,full,0.7678,0.6571,0.0425,0.8806,0.76309525,0,0,0
44,mourning,2026-W20,no_b,0.7678,0.6571,0.0425,0.8806,0.027926750000000004,0,0,0
44,mourning,2026-W20,no_d,0.7678,0.6571,0.0425,0.8806,0.7776685,0,0,0
44,mourning,2026-W20,no_r,0.7678,0.6571,0.0425,0.8806,0.6571,0,0,0
44,mourning,2026-W21,full,0.7678,0.7446,0.0425,0.8806,0.766814,0,0,0
44,mourning,2026-W21,no_b,0.7678,0.7446,0.0425,0.8806,0.03164550000000001,0,0,0
44,mourning,2026-W21,no_d,0.7678,0.7446,0.0425,0.8806,0.7776685,0,0,0
44,mourning,2026-W21,no_r,0.7678,0.7446,0.0425,0.8806,0.7446,0,0,0
44,mourning,2026-W22,full,0.7678,0.9487,0.0365,0.8806,0.7744028500000001,0,0,0
44,mourning,2026-W22,no_b,0.7678,0.9487,0.0365,0.8806,0.03462755,0,0,0
44,mourning,2026-W22,no_d,0.7678,0.9487,0.0365,0.8806,0.7762753,0,0,0
44,mourning,2026-W22,no_r,0.7678,0.9487,0.0365,0.8806,0.9487,1,0,0
45,meme,2026-W12,full,0.7755,0.4863,1.0,0.931,0.4863,0,0,0
45,meme,2026-W12,no_b,0.7755,0.4863,1.0,0.931,0.4863,0,0,0
45,meme,2026-W12,no_d,0.7755,0.4863,1.0,0.931,1.0,1,0,0
45,meme,2026-W12,no_r,0.7755,0.4863,1.0,0.931,0.4863,0,0,0
45,meme,2026-W13,full,0.7755,0.4863,1.0,0.931,0.4863,0,0,0
45,meme,2026-W13,no_b,0.7755,0.4863,1.0,0.931,0.4863,0,0,0
45,meme,2026-W13,no_d,0.7755,0.4863,1.0,0.931,1.0,1,0,0
45,meme,2026-W13,no_r,0.7755,0.4863,1.0,0.931,0.4863,0,0,0
45,meme,2026-W14,full,0.7755,0.4863,1.0,0.931,0.4863,0,0,0
45,meme,2026-W14,no_b,0.7755,0.4863,1.0,0.931,0.4863,0,0,0
45,meme,2026-W14,no_d,0.7755,0.4863,1.0,0.931,1.0,1,0,0
45,meme,2026-W14,no_r,0.7755,0.4863,1.0,0.931,0.4863,0,0,0
45,meme,2026-W15,full,0.7755,0.4863,1.0,0.931,0.4863,0,0,0
45,meme,2026-W15,no_b,0.7755,0.4863,1.0,0.931,0.4863,0,0,0
45,meme,2026-W15,no_d,0.7755,0.4863,1.0,0.931,1.0,1,0,0
45,meme,2026-W15,no_r,0.7755,0.4863,1.0,0.931,0.4863,0,0,0
45,meme,2026-W16,full,0.7755,0.4863,1.0,0.931,0.4863,0,0,0
45,meme,2026-W16,no_b,0.7755,0.4863,1.0,0.931,0.4863,0,0,0
45,meme,2026-W16,no_d,0.7755,0.4863,1.0,0.931,1.0,1,0,0
45,meme,2026-W16,no_r,0.7755,0.4863,1.0,0.931,0.4863,0,0,0
45,meme,2026-W17,full,0.7755,0.4863,1.0,0.931,0.4863,0,0,0
45,meme,2026-W17,no_b,0.7755,0.4863,1.0,0.931,0.4863,0,0,0
45,meme,2026-W17,no_d,0.7755,0.4863,1.0,0.931,1.0,1,0,0
45,meme,2026-W17,no_r,0.7755,0.4863,1.0,0.931,0.4863,0,0,0
45,meme,2026-W18,full,0.7755,0.6532,1.0,0.931,0.6532,0,0,0
45,meme,2026-W18,no_b,0.7755,0.6532,1.0,0.931,0.6532,0,0,0
45,meme,2026-W18,no_d,0.7755,0.6532,1.0,0.931,1.0,1,0,0
45,meme,2026-W18,no_r,0.7755,0.6532,1.0,0.931,0.6532,0,0,0
45,meme,2026-W19,full,0.7755,0.4863,0.9121,0.931,0.51172068,0,0,0
45,meme,2026-W19,no_b,0.7755,0.4863,0.9121,0.931,0.44355423,0,0,0
45,meme,2026-W19,no_d,0.7755,0.4863,0.9121,0.931,0.98026645,1,0,0
45,meme,2026-W19,no_r,0.7755,0.4863,0.9121,0.931,0.4863,0,0,0
45,meme,2026-W20,full,0.7755,1.5278,0.9121,0.931,1.46167283,1,1,1
45,meme,2026-W20,no_b,0.7755,1.5278,0.9121,0.931,1.39350638,1,1,1
45,meme,2026-W20,no_d,0.7755,1.5278,0.9121,0.931,0.98026645,1,1,1
45,meme,2026-W20,no_r,0.7755,1.5278,0.9121,0.931,1.5278,1,1,1
45,meme,2026-W21,full,0.7755,1.5592,0.6314,0.931,1.27032818,1,1,1
45,meme,2026-W21,no_b,0.7755,1.5592,0.6314,0.931,0.9844788799999998,1,1,1
45,meme,2026-W21,no_d,0.7755,1.5592,0.6314,0.931,0.9172492999999999,0,1,1
45,meme,2026-W21,no_r,0.7755,1.5592,0.6314,0.931,1.5592,1,1,1
45,meme,2026-W22,full,0.7755,1.5672,0.3987,0.931,1.09115079,1,1,1
45,meme,2026-W22,no_b,0.7755,1.5672,0.3987,0.931,0.62484264,0,1,1
45,meme,2026-W22,no_d,0.7755,1.5672,0.3987,0.931,0.86500815,0,1,1
45,meme,2026-W22,no_r,0.7755,1.5672,0.3987,0.931,1.5672,1,1,1
46,education,2026-W12,full,0.7412,0.8262,1.0,1.0311,0.8262,0,0,0
46,education,2026-W12,no_b,0.7412,0.8262,1.0,1.0311,0.8262,0,0,0
46,education,2026-W12,no_d,0.7412,0.8262,1.0,1.0311,1.0,0,0,0
46,education,2026-W12,no_r,0.7412,0.8262,1.0,1.0311,0.8262,0,0,0
46,education,2026-W13,full,0.7412,0.9113,1.0,1.0311,0.9113,0,0,0
46,education,2026-W13,no_b,0.7412,0.9113,1.0,1.0311,0.9113,0,0,0
46,education,2026-W13,no_d,0.7412,0.9113,1.0,1.0311,1.0,0,0,0
46,education,2026-W13,no_r,0.7412,0.9113,1.0,1.0311,0.9113,0,0,0
46,education,2026-W14,full,0.7412,1.1895,0.8599,1.0311,1.12669317,1,1,1
46,education,2026-W14,no_b,0.7412,1.1895,0.8599,1.0311,1.02285105,0,1,1
46,education,2026-W14,no_d,0.7412,1.1895,0.8599,1.0311,0.96374212,0,1,1
46,education,2026-W14,no_r,0.7412,1.1895,0.8599,1.0311,1.1895,1,1,1
46,education,2026-W15,full,0.7412,1.0887,0.4701,1.0311,0.90455975,0,0,0
46,education,2026-W15,no_b,0.7412,1.0887,0.4701,1.0311,0.51179787,0,0,0
46,education,2026-W15,no_d,0.7412,1.0887,0.4701,1.0311,0.86286188,0,0,0
46,education,2026-W15,no_r,0.7412,1.0887,0.4701,1.0311,1.0887,1,0,0
46,education,2026-W16,full,0.7412,0.9113,0.3476,1.0311,0.80032676,0,0,0
46,education,2026-W16,no_b,0.7412,0.9113,0.3476,1.0311,0.31676788,0,0,0
46,education,2026-W16,no_d,0.7412,0.9113,0.3476,1.0311,0.83115888,0,0,0
46,education,2026-W16,no_r,0.7412,0.9113,0.3476,1.0311,0.9113,0,0,0
46,education,2026-W17,full,0.7412,1.1738,0.2989,1.0311,0.87050414,0,0,0
46,education,2026-W17,no_b,0.7412,1.1738,0.2989,1.0311,0.35084882,0,0,0
46,education,2026-W17,no_d,0.7412,1.1738,0.2989,1.0311,0.81855532,0,0,0
46,education,2026-W17,no_r,0.7412,1.1738,0.2989,1.0311,1.1738,1,0,0
46,education,2026-W18,full,0.7412,1.0887,0.19,1.0311,0.807225,0,0,0
46,education,2026-W18,no_b,0.7412,1.0887,0.19,1.0311,0.206853,0,0,0
46,education,2026-W18,no_d,0.7412,1.0887,0.19,1.0311,0.790372,0,0,0
46,education,2026-W18,no_r,0.7412,1.0887,0.19,1.0311,1.0887,1,0,0
46,education,2026-W19,full,0.7412,1.1738,0.1405,1.0311,0.8019803,0,0,0
46,education,2026-W19,no_b,0.7412,1.1738,0.1405,1.0311,0.1649189,0,0,0
46,education,2026-W19,no_d,0.7412,1.1738,0.1405,1.0311,0.7775614,0,0,0
46,education,2026-W19,no_r,0.7412,1.1738,0.1405,1.0311,1.1738,1,0,0
46,education,2026-W20,full,0.7412,1.1895,0.0893,1.0311,0.78123319,0,0,0
46,education,2026-W20,no_b,0.7412,1.1895,0.0893,1.0311,0.10622235000000001,0,0,0
46,education,2026-W20,no_d,0.7412,1.1895,0.0893,1.0311,0.7643108399999999,0,0,0
46,education,2026-W20,no_r,0.7412,1.1895,0.0893,1.0311,1.1895,1,0,0
46,education,2026-W21,full,0.7412,1.0887,0.0488,1.0311,0.758158,0,0,0
46,education,2026-W21,no_b,0.7412,1.0887,0.0488,1.0311,0.053128560000000005,0,0,0
46,education,2026-W21,no_d,0.7412,1.0887,0.0488,1.0311,0.75382944,0,0,0
46,education,2026-W21,no_r,0.7412,1.0887,0.0488,1.0311,1.0887,1,0,0
46,education,2026-W22,full,0.7412,1.0887,0.0361,1.0311,0.75374475,0,0,0
46,education,2026-W22,no_b,0.7412,1.0887,0.0361,1.0311,0.03930207,0,0,0
46,education,2026-W22,no_d,0.7412,1.0887,0.0361,1.0311,0.75054268,0,0,0
46,education,2026-W22,no_r,0.7412,1.0887,0.0361,1.0311,1.0887,1,0,0
47,marketing,2026-W12,full,0.8252,1.0709,1.0,1.0284,1.0709,1,1,1
47,marketing,2026-W12,no_b,0.8252,1.0709,1.0,1.0284,1.0709,1,1,1
47,marketing,2026-W12,no_d,0.8252,1.0709,1.0,1.0284,1.0,0,1,1
47,marketing,2026-W12,no_r,0.8252,1.0709,1.0,1.0284,1.0709,1,1,1
47,marketing,2026-W13,full,0.8252,0.9511,0.5959,1.0284,0.90022381,0,0,0
47,marketing,2026-W13,no_b,0.8252,0.9511,0.5959,1.0284,0.56676049,0,0,0
47,marketing,2026-W13,no_d,0.8252,0.9511,0.5959,1.0284,0.92936332,0,0,0
47,marketing,2026-W13,no_r,0.8252,0.9511,0.5959,1.0284,0.9511,0,0,0
47,marketing,2026-W14,full,0.8252,1.057,0.5586,1.0284,0.9546834799999999,0,0,0
47,marketing,2026-W14,no_b,0.8252,1.057,0.5586,1.0284,0.5904402,0,0,0
47,marketing,2026-W14,no_d,0.8252,1.057,0.5586,1.0284,0.92284328,0,0,0
47,marketing,2026-W14,no_r,0.8252,1.057,0.5586,1.0284,1.057,1,0,0
47,marketing,2026-W15,full,0.8252,1.0303,0.4312,1.0284,0.91363912,0,0,0
47,marketing,2026-W15,no_b,0.8252,1.0303,0.4312,1.0284,0.44426536,0,0,0
47,marketing,2026-W15,no_d,0.8252,1.0303,0.4312,1.0284,0.90057376,0,0,0
47,marketing,2026-W15,no_r,0.8252,1.0303,0.4312,1.0284,1.0303,1,0,0
47,marketing,2026-W16,full,0.8252,1.057,0.3551,1.0284,0.90751218,0,0,0
47,marketing,2026-W16,no_b,0.8252,1.057,0.3551,1.0284,0.3753407,0,0,0
47,marketing,2026-W16,no_d,0.8252,1.057,0.3551,1.0284,0.88727148,0,0,0
47,marketing,2026-W16,no_r,0.8252,1.057,0.3551,1.0284,1.057,1,0,0
47,marketing,2026-W17,full,0.8252,1.0303,0.2741,1.0284,0.88141791,0,0,0
47,marketing,2026-W17,no_b,0.8252,1.0303,0.2741,1.0284,0.28240523,0,0,0
47,marketing,2026-W17,no_d,0.8252,1.0303,0.2741,1.0284,0.8731126800000001,0,0,0
47,marketing,2026-W17,no_r,0.8252,1.0303,0.2741,1.0284,1.0303,1,0,0
47,marketing,2026-W18,full,0.8252,1.057,0.2258,1.0284,0.87754044,0,0,0
47,marketing,2026-W18,no_b,0.8252,1.057,0.2258,1.0284,0.23867059999999998,0,0,0
47,marketing,2026-W18,no_d,0.8252,1.057,0.2258,1.0284,0.86466984,0,0,0
47,marketing,2026-W18,no_r,0.8252,1.057,0.2258,1.0284,1.057,1,0,0
47,marketing,2026-W19,full,0.8252,1.0303,0.1743,1.0284,0.8609489300000001,0,0,0
47,marketing,2026-W19,no_b,0.8252,1.0303,0.1743,1.0284,0.17958129,0,0,0
47,marketing,2026-W19,no_d,0.8252,1.0303,0.1743,1.0284,0.8556676400000001,0,0,0
47,marketing,2026-W19,no_r,0.8252,1.0303,0.1743,1.0284,1.0303,1,0,0
47,marketing,2026-W20,full,0.8252,1.0669,0.1435,1.0284,0.8598839500000001,0,0,0
47,marketing,2026-W20,no_b,0.8252,1.0669,0.1435,1.0284,0.15310015,0,0,0
47,marketing,2026-W20,no_d,0.8252,1.0669,0.1435,1.0284,0.8502838,0,0,0
47,marketing,2026-W20,no_r,0.8252,1.0669,0.1435,1.0284,1.0669,1,0,0
47,marketing,2026-W21,full,0.8252,0.9863,0.1038,1.0284,0.8419221800000001,0,0,0
47,marketing,2026-W21,no_b,0.8252,0.9863,0.1038,1.0284,0.10237794,0,0,0
47,marketing,2026-W21,no_d,0.8252,0.9863,0.1038,1.0284,0.8433442400000001,0,0,0
47,marketing,2026-W21,no_r,0.8252,0.9863,0.1038,1.0284,0.9863,0,0,0
47,marketing,2026-W22,full,0.8252,1.0303,0.0912,1.0284,0.8439051200000001,0,0,0
47,marketing,2026-W22,no_b,0.8252,1.0303,0.0912,1.0284,0.09396336000000001,0,0,0
47,marketing,2026-W22,no_d,0.8252,1.0303,0.0912,1.0284,0.8411417600000001,0,0,0
47,marketing,2026-W22,no_r,0.8252,1.0303,0.0912,1.0284,1.0303,1,0,0
48,marketing,2026-W12,full,0.8252,1.0694,1.0,1.1195,1.0694,0,0,0
48,marketing,2026-W12,no_b,0.8252,1.0694,1.0,1.1195,1.0694,0,0,0
48,marketing,2026-W12,no_d,0.8252,1.0694,1.0,1.1195,1.0,0,0,0
48,marketing,2026-W12,no_r,0.8252,1.0694,1.0,1.1195,1.0694,0,0,0
48,marketing,2026-W13,full,0.8252,1.0297,0.4986,1.1195,0.9271637,0,0,0
48,marketing,2026-W13,no_b,0.8252,1.0297,0.4986,1.1195,0.51340842,0,0,0
48,marketing,2026-W13,no_d,0.8252,1.0297,0.4986,1.1195,0.91235528,0,0,0
48,marketing,2026-W13,no_r,0.8252,1.0297,0.4986,1.1195,1.0297,0,0,0
48,marketing,2026-W14,full,0.8252,1.0683,0.3954,1.1195,0.92132174,0,0,0
48,marketing,2026-W14,no_b,0.8252,1.0683,0.3954,1.1195,0.42240582,0,0,0
48,marketing,2026-W14,no_d,0.8252,1.0683,0.3954,1.1195,0.89431592,0,0,0
48,marketing,2026-W14,no_r,0.8252,1.0683,0.3954,1.1195,1.0683,0,0,0
48,marketing,2026-W15,full,0.8252,0.9521,0.2486,1.1195,0.85674734,0,0,0
48,marketing,2026-W15,no_b,0.8252,0.9521,0.2486,1.1195,0.23669205999999998,0,0,0
48,marketing,2026-W15,no_d,0.8252,0.9521,0.2486,1.1195,0.86865528,0,0,0
48,marketing,2026-W15,no_r,0.8252,0.9521,0.2486,1.1195,0.9521,0,0,0
48,marketing,2026-W16,full,0.8252,1.0558,0.2301,1.1195,0.87826106,0,0,0
48,marketing,2026-W16,no_b,0.8252,1.0558,0.2301,1.1195,0.24293958000000002,0,0,0
48,marketing,2026-W16,no_d,0.8252,1.0558,0.2301,1.1195,0.8654214800000001,0,0,0
48,marketing,2026-W16,no_r,0.8252,1.0558,0.2301,1.1195,1.0558,0,0,0
48,marketing,2026-W17,full,0.8252,1.0558,0.1689,1.1195,0.8641483400000001,0,0,0
48,marketing,2026-W17,no_b,0.8252,1.0558,0.1689,1.1195,0.17832462000000002,0,0,0
48,marketing,2026-W17,no_d,0.8252,1.0558,0.1689,1.1195,0.8547237200000001,0,0,0
48,marketing,2026-W17,no_r,0.8252,1.0558,0.1689,1.1195,1.0558,0,0,0
48,marketing,2026-W18,full,0.8252,0.9521,0.1239,1.1195,0.8409229100000001,0,0,0
48,marketing,2026-W18,no_b,0.8252,0.9521,0.1239,1.1195,0.11796518999999998,0,0,0
48,marketing,2026-W18,no_d,0.8252,0.9521,0.1239,1.1195,0.84685772,0,0,0
48,marketing,2026-W18,no_r,0.8252,0.9521,0.1239,1.1195,0.9521,0,0,0
48,marketing,2026-W19,full,0.8252,1.0655,0.1147,1.1195,0.85276241,0,0,0
48,marketing,2026-W19,no_b,0.8252,1.0655,0.1147,1.1195,0.12221284999999998,0,0,0
48,marketing,2026-W19,no_d,0.8252,1.0655,0.1147,1.1195,0.8452495600000001,0,0,0
48,marketing,2026-W19,no_r,0.8252,1.0655,0.1147,1.1195,1.0655,0,0,0
48,marketing,2026-W20,full,0.8252,1.0655,0.0779,1.1195,0.8439193700000001,0,0,0
48,marketing,2026-W20,no_b,0.8252,1.0655,0.0779,1.1195,0.08300244999999999,0,0,0
48,marketing,2026-W20,no_d,0.8252,1.0655,0.0779,1.1195,0.8388169200000001,0,0,0
48,marketing,2026-W20,no_r,0.8252,1.0655,0.0779,1.1195,1.0655,0,0,0
48,marketing,2026-W21,full,0.8252,1.0558,0.0529,1.1195,0.83739874,0,0,0
48,marketing,2026-W21,no_b,0.8252,1.0558,0.0529,1.1195,0.05585182,0,0,0
48,marketing,2026-W21,no_d,0.8252,1.0558,0.0529,1.1195,0.8344469200000001,0,0,0
48,marketing,2026-W21,no_r,0.8252,1.0558,0.0529,1.1195,1.0558,0,0,0
48,marketing,2026-W22,full,0.8252,1.0558,0.0389,1.1195,0.83417034,0,0,0
48,marketing,2026-W22,no_b,0.8252,1.0558,0.0389,1.1195,0.04107062,0,0,0
48,marketing,2026-W22,no_d,0.8252,1.0558,0.0389,1.1195,0.83199972,0,0,0
48,marketing,2026-W22,no_r,0.8252,1.0558,0.0389,1.1195,1.0558,0,0,0
49,meme,2026-W12,full,0.7755,0.4895,1.0,0.9645,0.4895,0,0,0
49,meme,2026-W12,no_b,0.7755,0.4895,1.0,0.9645,0.4895,0,0,0
49,meme,2026-W12,no_d,0.7755,0.4895,1.0,0.9645,1.0,1,0,0
49,meme,2026-W12,no_r,0.7755,0.4895,1.0,0.9645,0.4895,0,0,0
49,meme,2026-W13,full,0.7755,0.4895,1.0,0.9645,0.4895,0,0,0
49,meme,2026-W13,no_b,0.7755,0.4895,1.0,0.9645,0.4895,0,0,0
49,meme,2026-W13,no_d,0.7755,0.4895,1.0,0.9645,1.0,1,0,0
49,meme,2026-W13,no_r,0.7755,0.4895,1.0,0.9645,0.4895,0,0,0
49,meme,2026-W14,full,0.7755,0.4895,1.0,0.9645,0.4895,0,0,0
49,meme,2026-W14,no_b,0.7755,0.4895,1.0,0.9645,0.4895,0,0,0
49,meme,2026-W14,no_d,0.7755,0.4895,1.0,0.9645,1.0,1,0,0
49,meme,2026-W14,no_r,0.7755,0.4895,1.0,0.9645,0.4895,0,0,0
49,meme,2026-W15,full,0.7755,0.4895,1.0,0.9645,0.4895,0,0,0
49,meme,2026-W15,no_b,0.7755,0.4895,1.0,0.9645,0.4895,0,0,0
49,meme,2026-W15,no_d,0.7755,0.4895,1.0,0.9645,1.0,1,0,0
49,meme,2026-W15,no_r,0.7755,0.4895,1.0,0.9645,0.4895,0,0,0
49,meme,2026-W16,full,0.7755,1.0444,1.0,0.9645,1.0444,1,1,1
49,meme,2026-W16,no_b,0.7755,1.0444,1.0,0.9645,1.0444,1,1,1
49,meme,2026-W16,no_d,0.7755,1.0444,1.0,0.9645,1.0,1,1,1
49,meme,2026-W16,no_r,0.7755,1.0444,1.0,0.9645,1.0444,1,1,1
49,meme,2026-W17,full,0.7755,0.4895,0.8342,0.9645,0.5369188,0,0,0
49,meme,2026-W17,no_b,0.7755,0.4895,0.8342,0.9645,0.4083409,0,0,0
49,meme,2026-W17,no_d,0.7755,0.4895,0.8342,0.9645,0.9627779000000001,0,0,0
49,meme,2026-W17,no_r,0.7755,0.4895,0.8342,0.9645,0.4895,0,0,0
49,meme,2026-W18,full,0.7755,0.4895,0.8342,0.9645,0.5369188,0,0,0
49,meme,2026-W18,no_b,0.7755,0.4895,0.8342,0.9645,0.4083409,0,0,0
49,meme,2026-W18,no_d,0.7755,0.4895,0.8342,0.9645,0.9627779000000001,0,0,0
49,meme,2026-W18,no_r,0.7755,0.4895,0.8342,0.9645,0.4895,0,0,0
49,meme,2026-W19,full,0.7755,0.6554,0.8342,0.9645,0.6753125799999999,0,0,0
49,meme,2026-W19,no_b,0.7755,0.6554,0.8342,0.9645,0.54673468,0,0,0
49,meme,2026-W19,no_d,0.7755,0.6554,0.8342,0.9645,0.9627779000000001,0,0,0
49,meme,2026-W19,no_r,0.7755,0.6554,0.8342,0.9645,0.6554,0,0,0
49,meme,2026-W20,full,0.7755,1.5245,0.7619,0.9645,1.3461631,1,1,1
49,meme,2026-W20,no_b,0.7755,1.5245,0.7619,0.9645,1.16151655,1,1,1
49,meme,2026-W20,no_d,0.7755,1.5245,0.7619,0.9645,0.94654655,0,1,1
49,meme,2026-W20,no_r,0.7755,1.5245,0.7619,0.9645,1.5245,1,1,1
49,meme,2026-W21,full,0.7755,1.5556,0.5301,0.9645,1.18903101,1,1,1
49,meme,2026-W21,no_b,0.7755,1.5556,0.5301,0.9645,0.82462356,0,1,1
49,meme,2026-W21,no_d,0.7755,1.5556,0.5301,0.9645,0.89450745,0,1,1
49,meme,2026-W21,no_r,0.7755,1.5556,0.5301,0.9645,1.5556,1,1,1
49,meme,2026-W22,full,0.7755,1.5637,0.3369,0.9645,1.0410445799999999,1,1,1
49,meme,2026-W22,no_b,0.7755,1.5637,0.3369,0.9645,0.52681053,0,1,1
49,meme,2026-W22,no_d,0.7755,1.5637,0.3369,0.9645,0.85113405,0,1,1
49,meme,2026-W22,no_r,0.7755,1.5637,0.3369,0.9645,1.5637,1,1,1
50,mourning,2026-W12,full,0.7678,0.6666,1.0,0.8877,0.6666,0,0,0
50,mourning,2026-W12,no_b,0.7678,0.6666,1.0,0.8877,0.6666,0,0,0
50,mourning,2026-W12,no_d,0.7678,0.6666,1.0,0.8877,1.0,1,0,0
50,mourning,2026-W12,no_r,0.7678,0.6666,1.0,0.8877,0.6666,0,0,0
50,mourning,2026-W13,full,0.7678,1.3525,1.0,0.8877,1.3525,1,1,1
50,mourning,2026-W13,no_b,0.7678,1.3525,1.0,0.8877,1.3525,1,1,1
50,mourning,2026-W13,no_d,0.7678,1.3525,1.0,0.8877,1.0,1,1,1
50,mourning,2026-W13,no_r,0.7678,1.3525,1.0,0.8877,1.3525,1,1,1
50,mourning,2026-W14,full,0.7678,0.6666,0.4769,0.8877,0.71953772,0,0,0
50,mourning,2026-W14,no_b,0.7678,0.6666,0.4769,0.8877,0.31790154,0,0,0
50,mourning,2026-W14,no_d,0.7678,0.6666,0.4769,0.8877,0.87853618,0,0,0
50,mourning,2026-W14,no_r,0.7678,0.6666,0.4769,0.8877,0.6666,0,0,0
50,mourning,2026-W15,full,0.7678,1.3525,0.4769,0.8877,1.04664343,1,1,1
50,mourning,2026-W15,no_b,0.7678,1.3525,0.4769,0.8877,0.64500725,0,1,1
50,mourning,2026-W15,no_d,0.7678,1.3525,0.4769,0.8877,0.87853618,0,1,1
50,mourning,2026-W15,no_r,0.7678,1.3525,0.4769,0.8877,1.3525,1,1,1
50,mourning,2026-W16,full,0.7678,0.7517,0.2274,0.8877,0.7641388600000001,0,0,0
50,mourning,2026-W16,no_b,0.7678,0.7517,0.2274,0.8877,0.17093658,0,0,0
50,mourning,2026-W16,no_d,0.7678,0.7517,0.2274,0.8877,0.82060228,0,0,0
50,mourning,2026-W16,no_r,0.7678,0.7517,0.2274,0.8877,0.7517,0,0,0
50,mourning,2026-W17,full,0.7678,0.6666,0.1961,0.8877,0.74795468,0,0,0
50,mourning,2026-W17,no_b,0.7678,0.6666,0.1961,0.8877,0.13072026,0,0,0
50,mourning,2026-W17,no_d,0.7678,0.6666,0.1961,0.8877,0.81333442,0,0,0
50,mourning,2026-W17,no_r,0.7678,0.6666,0.1961,0.8877,0.6666,0,0,0
50,mourning,2026-W18,full,0.7678,0.6666,0.1961,0.8877,0.74795468,0,0,0
50,mourning,2026-W18,no_b,0.7678,0.6666,0.1961,0.8877,0.13072026,0,0,0
50,mourning,2026-W18,no_d,0.7678,0.6666,0.1961,0.8877,0.81333442,0,0,0
50,mourning,2026-W18,no_r,0.7678,0.6666,0.1961,0.8877,0.6666,0,0,0
50,mourning,2026-W19,full,0.7678,0.9501,0.1961,0.8877,0.80354903,0,0,0
50,mourning,2026-W19,no_b,0.7678,0.9501,0.1961,0.8877,0.18631461,0,0,0
50,mourning,2026-W19,no_d,0.7678,0.9501,0.1961,0.8877,0.81333442,0,0,0
50,mourning,2026-W19,no_r,0.7678,0.9501,0.1961,0.8877,0.9501,1,0,0
50,mourning,2026-W20,full,0.7678,0.6666,0.1458,0.8877,0.75304504,0,0,0
50,mourning,2026-W20,no_b,0.7678,0.6666,0.1458,0.8877,0.09719028,0,0,0
50,mourning,2026-W20,no_d,0.7678,0.6666,0.1458,0.8877,0.80165476,0,0,0
50,mourning,2026-W20,no_r,0.7678,0.6666,0.1458,0.8877,0.6666,0,0,0
50,mourning,2026-W21,full,0.7678,0.6666,0.1458,0.8877,0.75304504,0,0,0
50,mourning,2026-W21,no_b,0.7678,0.6666,0.1458,0.8877,0.09719028,0,0,0
50,mourning,2026-W21,no_d,0.7678,0.6666,0.1458,0.8877,0.80165476,0,0,0
50,mourning,2026-W21,no_r,0.7678,0.6666,0.1458,0.8877,0.6666,0,0,0
50,mourning,2026-W22,full,0.7678,0.6666,0.1458,0.8877,0.75304504,0,0,0
50,mourning,2026-W22,no_b,0.7678,0.6666,0.1458,0.8877,0.09719028,0,0,0
50,mourning,2026-W22,no_d,0.7678,0.6666,0.1458,0.8877,0.80165476,0,0,0
50,mourning,2026-W22,no_r,0.7678,0.6666,0.1458,0.8877,0.6666,0,0,0
51,other,2026-W12,full,0.7686,0.5269,1.0,0.9745,0.5269,0,0,0
51,other,2026-W12,no_b,0.7686,0.5269,1.0,0.9745,0.5269,0,0,0
51,other,2026-W12,no_d,0.7686,0.5269,1.0,0.9745,1.0,1,0,0
51,other,2026-W12,no_r,0.7686,0.5269,1.0,0.9745,0.5269,0,0,0
51,other,2026-W13,full,0.7686,0.6572,1.0,0.9745,0.6572,0,0,0
51,other,2026-W13,no_b,0.7686,0.6572,1.0,0.9745,0.6572,0,0,0
51,other,2026-W13,no_d,0.7686,0.6572,1.0,0.9745,1.0,1,0,0
51,other,2026-W13,no_r,0.7686,0.6572,1.0,0.9745,0.6572,0,0,0
51,other,2026-W14,full,0.7686,1.2963,0.7265,0.9745,1.15197405,1,1,1
51,other,2026-W14,no_b,0.7686,1.2963,0.7265,0.9745,0.9417619500000001,0,1,1
51,other,2026-W14,no_d,0.7686,1.2963,0.7265,0.9745,0.9367121,0,1,1
51,other,2026-W14,no_r,0.7686,1.2963,0.7265,0.9745,1.2963,1,1,1
51,other,2026-W15,full,0.7686,1.2963,0.2785,0.9745,0.91556445,0,0,0
51,other,2026-W15,no_b,0.7686,1.2963,0.2785,0.9745,0.36101955,0,0,0
51,other,2026-W15,no_d,0.7686,1.2963,0.2785,0.9745,0.8330449,0,0,0
51,other,2026-W15,no_r,0.7686,1.2963,0.2785,0.9745,1.2963,1,0,0
51,other,2026-W16,full,0.7686,0.6572,0.1068,0.9745,0.75670248,0,0,0
51,other,2026-W16,no_b,0.7686,0.6572,0.1068,0.9745,0.07018896000000001,0,0,0
51,other,2026-W16,no_d,0.7686,0.6572,0.1068,0.9745,0.79331352,0,0,0
51,other,2026-W16,no_r,0.7686,0.6572,0.1068,0.9745,0.6572,0,0,0
51,other,2026-W17,full,0.7686,0.9627,0.0776,0.9745,0.78366216,0,0,0
51,other,2026-W17,no_b,0.7686,0.9627,0.0776,0.9745,0.07470552,0,0,0
51,other,2026-W17,no_d,0.7686,0.9627,0.0776,0.9745,0.7865566399999999,0,0,0
51,other,2026-W17,no_r,0.7686,0.9627,0.0776,0.9745,0.9627,0,0,0
51,other,2026-W18,full,0.7686,0.5269,0.0409,0.9745,0.7587144699999999,0,0,0
51,other,2026-W18,no_b,0.7686,0.5269,0.0409,0.9745,0.02155021,0,0,0
51,other,2026-W18,no_d,0.7686,0.5269,0.0409,0.9745,0.77806426,0,0,0
51,other,2026-W18,no_r,0.7686,0.5269,0.0409,0.9745,0.5269,0,0,0
51,other,2026-W19,full,0.7686,1.4577,0.0409,0.9745,0.79678419,0,0,0
51,other,2026-W19,no_b,0.7686,1.4577,0.0409,0.9745,0.05961993,0,0,0
51,other,2026-W19,no_d,0.7686,1.4577,0.0409,0.9745,0.77806426,0,0,0
51,other,2026-W19,no_r,0.7686,1.4577,0.0409,0.9745,1.4577,1,0,0
51,other,2026-W20,full,0.7686,0.9627,0.0114,0.9745,0.77081274,0,0,0
51,other,2026-W20,no_b,0.7686,0.9627,0.0114,0.9745,0.01097478,0,0,0
51,other,2026-W20,no_d,0.7686,0.9627,0.0114,0.9745,0.77123796,0,0,0
51,other,2026-W20,no_r,0.7686,0.9627,0.0114,0.9745,0.9627,0,0,0
51,other,2026-W21,full,0.7686,0.5269,0.006,0.9745,0.7671498,0,0,0
51,other,2026-W21,no_b,0.7686,0.5269,0.006,0.9745,0.0031614000000000004,0,0,0
51,other,2026-W21,no_d,0.7686,0.5269,0.006,0.9745,0.7699883999999999,0,0,0
51,other,2026-W21,no_r,0.7686,0.5269,0.006,0.9745,0.5269,0,0,0
51,other,2026-W22,full,0.7686,0.6572,0.006,0.9745,0.7679315999999999,0,0,0
51,other,2026-W22,no_b,0.7686,0.6572,0.006,0.9745,0.0039432,0,0,0
51,other,2026-W22,no_d,0.7686,0.6572,0.006,0.9745,0.7699883999999999,0,0,0
51,other,2026-W22,no_r,0.7686,0.6572,0.006,0.9745,0.6572,0,0,0
52,marketing,2026-W12,full,0.8252,1.0803,1.0,0.9328,1.0803,1,1,1
52,marketing,2026-W12,no_b,0.8252,1.0803,1.0,0.9328,1.0803,1,1,1
52,marketing,2026-W12,no_d,0.8252,1.0803,1.0,0.9328,1.0,1,1,1
52,marketing,2026-W12,no_r,0.8252,1.0803,1.0,0.9328,1.0803,1,1,1
52,marketing,2026-W13,full,0.8252,1.0343,0.5387,0.9328,0.93784217,1,1,1
52,marketing,2026-W13,no_b,0.8252,1.0343,0.5387,0.9328,0.55717741,0,1,1
52,marketing,2026-W13,no_d,0.8252,1.0343,0.5387,0.9328,0.91936476,0,1,1
52,marketing,2026-W13,no_r,0.8252,1.0343,0.5387,0.9328,1.0343,1,1,1
52,marketing,2026-W14,full,0.8252,1.0343,0.4271,0.9328,0.91450661,0,0,0
52,marketing,2026-W14,no_b,0.8252,1.0343,0.4271,0.9328,0.44174953,0,0,0
52,marketing,2026-W14,no_d,0.8252,1.0343,0.4271,0.9328,0.89985708,0,0,0
52,marketing,2026-W14,no_r,0.8252,1.0343,0.4271,0.9328,1.0343,1,0,0
52,marketing,2026-W15,full,0.8252,0.9446,0.3387,0.9328,0.86564078,0,0,0
52,marketing,2026-W15,no_b,0.8252,0.9446,0.3387,0.9328,0.31993602,0,0,0
52,marketing,2026-W15,no_d,0.8252,0.9446,0.3387,0.9328,0.88440476,0,0,0
52,marketing,2026-W15,no_r,0.8252,0.9446,0.3387,0.9328,0.9446,1,0,0
52,marketing,2026-W16,full,0.8252,1.0646,0.3135,0.9328,0.9002519,0,0,0
52,marketing,2026-W16,no_b,0.8252,1.0646,0.3135,0.9328,0.3337521,0,0,0
52,marketing,2026-W16,no_d,0.8252,1.0646,0.3135,0.9328,0.8799998,0,0,0
52,marketing,2026-W16,no_r,0.8252,1.0646,0.3135,0.9328,1.0646,1,0,0
52,marketing,2026-W17,full,0.8252,1.0646,0.2301,0.9328,0.88028594,0,0,0
52,marketing,2026-W17,no_b,0.8252,1.0646,0.2301,0.9328,0.24496446,0,0,0
52,marketing,2026-W17,no_d,0.8252,1.0646,0.2301,0.9328,0.8654214800000001,0,0,0
52,marketing,2026-W17,no_r,0.8252,1.0646,0.2301,0.9328,1.0646,1,0,0
52,marketing,2026-W18,full,0.8252,1.0757,0.1689,0.9328,0.86750945,0,0,0
52,marketing,2026-W18,no_b,0.8252,1.0757,0.1689,0.9328,0.18168573000000002,0,0,0
52,marketing,2026-W18,no_d,0.8252,1.0757,0.1689,0.9328,0.8547237200000001,0,0,0
52,marketing,2026-W18,no_r,0.8252,1.0757,0.1689,0.9328,1.0757,1,0,0
52,marketing,2026-W19,full,0.8252,1.0343,0.1147,0.9328,0.84918377,0,0,0
52,marketing,2026-W19,no_b,0.8252,1.0343,0.1147,0.9328,0.11863420999999999,0,0,0
52,marketing,2026-W19,no_d,0.8252,1.0343,0.1147,0.9328,0.8452495600000001,0,0,0
52,marketing,2026-W19,no_r,0.8252,1.0343,0.1147,0.9328,1.0343,1,0,0
52,marketing,2026-W20,full,0.8252,1.0646,0.091,0.9328,0.8469854,0,0,0
52,marketing,2026-W20,no_b,0.8252,1.0646,0.091,0.9328,0.0968786,0,0,0
52,marketing,2026-W20,no_d,0.8252,1.0646,0.091,0.9328,0.8411068,0,0,0
52,marketing,2026-W20,no_r,0.8252,1.0646,0.091,0.9328,1.0646,1,0,0
52,marketing,2026-W21,full,0.8252,0.9845,0.0668,0.9328,0.83584124,0,0,0
52,marketing,2026-W21,no_b,0.8252,0.9845,0.0668,0.9328,0.0657646,0,0,0
52,marketing,2026-W21,no_d,0.8252,0.9845,0.0668,0.9328,0.8368766400000001,0,0,0
52,marketing,2026-W21,no_r,0.8252,0.9845,0.0668,0.9328,0.9845,1,0,0
52,marketing,2026-W22,full,0.8252,0.9446,0.0572,0.9328,0.83202968,0,0,0
52,marketing,2026-W22,no_b,0.8252,0.9446,0.0572,0.9328,0.05403112,0,0,0
52,marketing,2026-W22,no_d,0.8252,0.9446,0.0572,0.9328,0.83519856,0,0,0
52,marketing,2026-W22,no_r,0.8252,0.9446,0.0572,0.9328,0.9446,1,0,0
53,meme,2026-W12,full,0.7755,0.6169,1.0,1.0446,0.6169,0,0,0
53,meme,2026-W12,no_b,0.7755,0.6169,1.0,1.0446,0.6169,0,0,0
53,meme,2026-W12,no_d,0.7755,0.6169,1.0,1.0446,1.0,0,0,0
53,meme,2026-W12,no_r,0.7755,0.6169,1.0,1.0446,0.6169,0,0,0
53,meme,2026-W13,full,0.7755,0.6169,1.0,1.0446,0.6169,0,0,0
53,meme,2026-W13,no_b,0.7755,0.6169,1.0,1.0446,0.6169,0,0,0
53,meme,2026-W13,no_d,0.7755,0.6169,1.0,1.0446,1.0,0,0,0
53,meme,2026-W13,no_r,0.7755,0.6169,1.0,1.0446,0.6169,0,0,0
53,meme,2026-W14,full,0.7755,0.6169,1.0,1.0446,0.6169,0,0,0
53,meme,2026-W14,no_b,0.7755,0.6169,1.0,1.0446,0.6169,0,0,0
53,meme,2026-W14,no_d,0.7755,0.6169,1.0,1.0446,1.0,0,0,0
53,meme,2026-W14,no_r,0.7755,0.6169,1.0,1.0446,0.6169,0,0,0
53,meme,2026-W15,full,0.7755,0.6169,1.0,1.0446,0.6169,0,0,0
53,meme,2026-W15,no_b,0.7755,0.6169,1.0,1.0446,0.6169,0,0,0
53,meme,2026-W15,no_d,0.7755,0.6169,1.0,1.0446,1.0,0,0,0
53,meme,2026-W15,no_r,0.7755,0.6169,1.0,1.0446,0.6169,0,0,0
53,meme,2026-W16,full,0.7755,0.6169,1.0,1.0446,0.6169,0,0,0
53,meme,2026-W16,no_b,0.7755,0.6169,1.0,1.0446,0.6169,0,0,0
53,meme,2026-W16,no_d,0.7755,0.6169,1.0,1.0446,1.0,0,0,0
53,meme,2026-W16,no_r,0.7755,0.6169,1.0,1.0446,0.6169,0,0,0
53,meme,2026-W17,full,0.7755,0.6169,1.0,1.0446,0.6169,0,0,0
53,meme,2026-W17,no_b,0.7755,0.6169,1.0,1.0446,0.6169,0,0,0
53,meme,2026-W17,no_d,0.7755,0.6169,1.0,1.0446,1.0,0,0,0
53,meme,2026-W17,no_r,0.7755,0.6169,1.0,1.0446,0.6169,0,0,0
53,meme,2026-W18,full,0.7755,0.6169,1.0,1.0446,0.6169,0,0,0
53,meme,2026-W18,no_b,0.7755,0.6169,1.0,1.0446,0.6169,0,0,0
53,meme,2026-W18,no_d,0.7755,0.6169,1.0,1.0446,1.0,0,0,0
53,meme,2026-W18,no_r,0.7755,0.6169,1.0,1.0446,0.6169,0,0,0
53,meme,2026-W19,full,0.7755,0.7414,1.0,1.0446,0.7414,0,0,0
53,meme,2026-W19,no_b,0.7755,0.7414,1.0,1.0446,0.7414,0,0,0
53,meme,2026-W19,no_d,0.7755,0.7414,1.0,1.0446,1.0,0,0,0
53,meme,2026-W19,no_r,0.7755,0.7414,1.0,1.0446,0.7414,0,0,0
53,meme,2026-W20,full,0.7755,0.6169,0.9088,1.0446,0.63136432,0,0,0
53,meme,2026-W20,no_b,0.7755,0.6169,0.9088,1.0446,0.56063872,0,0,0
53,meme,2026-W20,no_d,0.7755,0.6169,0.9088,1.0446,0.9795256,0,0,0
53,meme,2026-W20,no_r,0.7755,0.6169,0.9088,1.0446,0.6169,0,0,0
53,meme,2026-W21,full,0.7755,1.423,0.9088,1.0446,1.3639480000000002,1,1,1
53,meme,2026-W21,no_b,0.7755,1.423,0.9088,1.0446,1.2932224,1,1,1
53,meme,2026-W21,no_d,0.7755,1.423,0.9088,1.0446,0.9795256,0,1,1
53,meme,2026-W21,no_r,0.7755,1.423,0.9088,1.0446,1.423,1,1,1
53,meme,2026-W22,full,0.7755,1.4219,0.4655,1.0446,1.0763992,1,1,1
53,meme,2026-W22,no_b,0.7755,1.4219,0.4655,1.0446,0.66189445,0,1,1
53,meme,2026-W22,no_d,0.7755,1.4219,0.4655,1.0446,0.88000475,0,1,1
53,meme,2026-W22,no_r,0.7755,1.4219,0.4655,1.0446,1.4219,1,1,1
54,marketing,2026-W12,full,0.8252,1.0769,1.0,0.9961,1.0769,1,1,1
54,marketing,2026-W12,no_b,0.8252,1.0769,1.0,0.9961,1.0769,1,1,1
54,marketing,2026-W12,no_d,0.8252,1.0769,1.0,0.9961,1.0,1,1,1
54,marketing,2026-W12,no_r,0.8252,1.0769,1.0,0.9961,1.0769,1,1,1
54,marketing,2026-W13,full,0.8252,0.9469,0.5876,0.9961,0.89671092,0,0,0
54,marketing,2026-W13,no_b,0.8252,0.9469,0.5876,0.9961,0.5563984399999999,0,0,0
54,marketing,2026-W13,no_d,0.8252,0.9469,0.5876,0.9961,0.92791248,0,0,0
54,marketing,2026-W13,no_r,0.8252,0.9469,0.5876,0.9961,0.9469,0,0,0
54,marketing,2026-W14,full,0.8252,1.0725,0.5499,0.9961,0.96119027,0,0,0
54,marketing,2026-W14,no_b,0.8252,1.0725,0.5499,0.9961,0.58976775,0,0,0
54,marketing,2026-W14,no_d,0.8252,1.0725,0.5499,0.9961,0.92132252,0,0,0
54,marketing,2026-W14,no_r,0.8252,1.0725,0.5499,0.9961,1.0725,1,0,0
54,marketing,2026-W15,full,0.8252,0.9469,0.3944,0.9961,0.87319848,0,0,0
54,marketing,2026-W15,no_b,0.8252,0.9469,0.3944,0.9961,0.37345735999999996,0,0,0
54,marketing,2026-W15,no_d,0.8252,0.9469,0.3944,0.9961,0.89414112,0,0,0
54,marketing,2026-W15,no_r,0.8252,0.9469,0.3944,0.9961,0.9469,0,0,0
54,marketing,2026-W16,full,0.8252,1.0757,0.369,0.9961,0.9176345,0,0,0
54,marketing,2026-W16,no_b,0.8252,1.0757,0.369,0.9961,0.39693330000000004,0,0,0
54,marketing,2026-W16,no_d,0.8252,1.0757,0.369,0.9961,0.8897012,0,0,0
54,marketing,2026-W16,no_r,0.8252,1.0757,0.369,0.9961,1.0757,1,0,0
54,marketing,2026-W17,full,0.8252,1.0725,0.2477,0.9961,0.8864562100000001,0,0,0
54,marketing,2026-W17,no_b,0.8252,1.0725,0.2477,0.9961,0.26565825,0,0,0
54,marketing,2026-W17,no_d,0.8252,1.0725,0.2477,0.9961,0.86849796,0,0,0
54,marketing,2026-W17,no_r,0.8252,1.0725,0.2477,0.9961,1.0725,1,0,0
54,marketing,2026-W18,full,0.8252,1.0618,0.1777,0.9961,0.86724382,0,0,0
54,marketing,2026-W18,no_b,0.8252,1.0618,0.1777,0.9961,0.18868186,0,0,0
54,marketing,2026-W18,no_d,0.8252,1.0618,0.1777,0.9961,0.85626196,0,0,0
54,marketing,2026-W18,no_r,0.8252,1.0618,0.1777,0.9961,1.0618,1,0,0
54,marketing,2026-W19,full,0.8252,1.0757,0.1362,0.9961,0.8593181000000001,0,0,0
54,marketing,2026-W19,no_b,0.8252,1.0757,0.1362,0.9961,0.14651034,0,0,0
54,marketing,2026-W19,no_d,0.8252,1.0757,0.1362,0.9961,0.84900776,0,0,0
54,marketing,2026-W19,no_r,0.8252,1.0757,0.1362,0.9961,1.0757,1,0,0
54,marketing,2026-W20,full,0.8252,1.0618,0.0914,0.9961,0.84682524,0,0,0
54,marketing,2026-W20,no_b,0.8252,1.0618,0.0914,0.9961,0.09704852,0,0,0
54,marketing,2026-W20,no_d,0.8252,1.0618,0.0914,0.9961,0.84117672,0,0,0
54,marketing,2026-W20,no_r,0.8252,1.0618,0.0914,0.9961,1.0618,1,0,0
54,marketing,2026-W21,full,0.8252,1.0329,0.0701,0.9961,0.83975977,0,0,0
54,marketing,2026-W21,no_b,0.8252,1.0329,0.0701,0.9961,0.07240628999999998,0,0,0
54,marketing,2026-W21,no_d,0.8252,1.0329,0.0701,0.9961,0.8374534800000001,0,0,0
54,marketing,2026-W21,no_r,0.8252,1.0329,0.0701,0.9961,1.0329,1,0,0
54,marketing,2026-W22,full,0.8252,0.9851,0.0574,0.9961,0.83437826,0,0,0
54,marketing,2026-W22,no_b,0.8252,0.9851,0.0574,0.9961,0.056544739999999996,0,0,0
54,marketing,2026-W22,no_d,0.8252,0.9851,0.0574,0.9961,0.8352335200000001,0,0,0
54,marketing,2026-W22,no_r,0.8252,0.9851,0.0574,0.9961,0.9851,0,0,0
55,meme,2026-W12,full,0.7755,0.487,1.0,0.9908,0.487,0,0,0
55,meme,2026-W12,no_b,0.7755,0.487,1.0,0.9908,0.487,0,0,0
55,meme,2026-W12,no_d,0.7755,0.487,1.0,0.9908,1.0,1,0,0
55,meme,2026-W12,no_r,0.7755,0.487,1.0,0.9908,0.487,0,0,0
55,meme,2026-W13,full,0.7755,0.487,1.0,0.9908,0.487,0,0,0
55,meme,2026-W13,no_b,0.7755,0.487,1.0,0.9908,0.487,0,0,0
55,meme,2026-W13,no_d,0.7755,0.487,1.0,0.9908,1.0,1,0,0
55,meme,2026-W13,no_r,0.7755,0.487,1.0,0.9908,0.487,0,0,0
55,meme,2026-W14,full,0.7755,0.487,1.0,0.9908,0.487,0,0,0
55,meme,2026-W14,no_b,0.7755,0.487,1.0,0.9908,0.487,0,0,0
55,meme,2026-W14,no_d,0.7755,0.487,1.0,0.9908,1.0,1,0,0
55,meme,2026-W14,no_r,0.7755,0.487,1.0,0.9908,0.487,0,0,0
55,meme,2026-W15,full,0.7755,0.487,1.0,0.9908,0.487,0,0,0
55,meme,2026-W15,no_b,0.7755,0.487,1.0,0.9908,0.487,0,0,0
55,meme,2026-W15,no_d,0.7755,0.487,1.0,0.9908,1.0,1,0,0
55,meme,2026-W15,no_r,0.7755,0.487,1.0,0.9908,0.487,0,0,0
55,meme,2026-W16,full,0.7755,0.487,1.0,0.9908,0.487,0,0,0
55,meme,2026-W16,no_b,0.7755,0.487,1.0,0.9908,0.487,0,0,0
55,meme,2026-W16,no_d,0.7755,0.487,1.0,0.9908,1.0,1,0,0
55,meme,2026-W16,no_r,0.7755,0.487,1.0,0.9908,0.487,0,0,0
55,meme,2026-W17,full,0.7755,0.487,1.0,0.9908,0.487,0,0,0
55,meme,2026-W17,no_b,0.7755,0.487,1.0,0.9908,0.487,0,0,0
55,meme,2026-W17,no_d,0.7755,0.487,1.0,0.9908,1.0,1,0,0
55,meme,2026-W17,no_r,0.7755,0.487,1.0,0.9908,0.487,0,0,0
55,meme,2026-W18,full,0.7755,0.487,1.0,0.9908,0.487,0,0,0
55,meme,2026-W18,no_b,0.7755,0.487,1.0,0.9908,0.487,0,0,0
55,meme,2026-W18,no_d,0.7755,0.487,1.0,0.9908,1.0,1,0,0
55,meme,2026-W18,no_r,0.7755,0.487,1.0,0.9908,0.487,0,0,0
55,meme,2026-W19,full,0.7755,0.6537,1.0,0.9908,0.6537,0,0,0
55,meme,2026-W19,no_b,0.7755,0.6537,1.0,0.9908,0.6537,0,0,0
55,meme,2026-W19,no_d,0.7755,0.6537,1.0,0.9908,1.0,1,0,0
55,meme,2026-W19,no_r,0.7755,0.6537,1.0,0.9908,0.6537,0,0,0
55,meme,2026-W20,full,0.7755,1.5271,0.9338,0.9908,1.47734408,1,1,1
55,meme,2026-W20,no_b,0.7755,1.5271,0.9338,0.9908,1.4260059799999998,1,1,1
55,meme,2026-W20,no_d,0.7755,1.5271,0.9338,0.9908,0.9851381,0,1,1
55,meme,2026-W20,no_r,0.7755,1.5271,0.9338,0.9908,1.5271,1,1,1
55,meme,2026-W21,full,0.7755,1.5664,0.7101,0.9908,1.33711809,1,1,1
55,meme,2026-W21,no_b,0.7755,1.5664,0.7101,0.9908,1.11230064,1,1,1
55,meme,2026-W21,no_d,0.7755,1.5664,0.7101,0.9908,0.9349174499999999,0,1,1
55,meme,2026-W21,no_r,0.7755,1.5664,0.7101,0.9908,1.5664,1,1,1
55,meme,2026-W22,full,0.7755,1.5667,0.4397,0.9908,1.12339064,1,1,1
55,meme,2026-W22,no_b,0.7755,1.5667,0.4397,0.9908,0.6888779899999999,0,1,1
55,meme,2026-W22,no_d,0.7755,1.5667,0.4397,0.9908,0.87421265,0,1,1
55,meme,2026-W22,no_r,0.7755,1.5667,0.4397,0.9908,1.5667,1,1,1
56,mourning,2026-W12,full,0.7678,0.6318,1.0,1.0174,0.6318,0,0,0
56,mourning,2026-W12,no_b,0.7678,0.6318,1.0,1.0174,0.6318,0,0,0
56,mourning,2026-W12,no_d,0.7678,0.6318,1.0,1.0174,1.0,0,0,0
56,mourning,2026-W12,no_r,0.7678,0.6318,1.0,1.0174,0.6318,0,0,0
56,mourning,2026-W13,full,0.7678,1.3893,1.0,1.0174,1.3893,1,1,1
56,mourning,2026-W13,no_b,0.7678,1.3893,1.0,1.0174,1.3893,1,1,1
56,mourning,2026-W13,no_d,0.7678,1.3893,1.0,1.0174,1.0,0,1,1
56,mourning,2026-W13,no_r,0.7678,1.3893,1.0,1.0174,1.3893,1,1,1
56,mourning,2026-W14,full,0.7678,1.3424,0.478,1.0174,1.0424588,1,1,1
56,mourning,2026-W14,no_b,0.7678,1.3424,0.478,1.0174,0.6416672,0,1,1
56,mourning,2026-W14,no_d,0.7678,1.3424,0.478,1.0174,0.8787916,0,1,1
56,mourning,2026-W14,no_r,0.7678,1.3424,0.478,1.0174,1.3424,1,1,1
56,mourning,2026-W15,full,0.7678,1.3424,0.2649,1.0174,0.9200115400000001,0,0,0
56,mourning,2026-W15,no_b,0.7678,1.3424,0.2649,1.0174,0.35560176000000004,0,0,0
56,mourning,2026-W15,no_d,0.7678,1.3424,0.2649,1.0174,0.82930978,0,0,0
56,mourning,2026-W15,no_r,0.7678,1.3424,0.2649,1.0174,1.3424,1,0,0
56,mourning,2026-W16,full,0.7678,1.3424,0.1467,1.0174,0.85209382,0,0,0
56,mourning,2026-W16,no_b,0.7678,1.3424,0.1467,1.0174,0.19693008,0,0,0
56,mourning,2026-W16,no_d,0.7678,1.3424,0.1467,1.0174,0.80186374,0,0,0
56,mourning,2026-W16,no_r,0.7678,1.3424,0.1467,1.0174,1.3424,1,0,0
56,mourning,2026-W17,full,0.7678,0.7258,0.0813,1.0174,0.7643854,0,0,0
56,mourning,2026-W17,no_b,0.7678,0.7258,0.0813,1.0174,0.05900754,0,0,0
56,mourning,2026-W17,no_d,0.7678,0.7258,0.0813,1.0174,0.7866778600000001,0,0,0
56,mourning,2026-W17,no_r,0.7678,0.7258,0.0813,1.0174,0.7258,0,0,0
56,mourning,2026-W18,full,0.7678,0.6318,0.0701,1.0174,0.7582664,0,0,0
56,mourning,2026-W18,no_b,0.7678,0.6318,0.0701,1.0174,0.04428918,0,0,0
56,mourning,2026-W18,no_d,0.7678,0.6318,0.0701,1.0174,0.78407722,0,0,0
56,mourning,2026-W18,no_r,0.7678,0.6318,0.0701,1.0174,0.6318,0,0,0
56,mourning,2026-W19,full,0.7678,0.6318,0.0701,1.0174,0.7582664,0,0,0
56,mourning,2026-W19,no_b,0.7678,0.6318,0.0701,1.0174,0.04428918,0,0,0
56,mourning,2026-W19,no_d,0.7678,0.6318,0.0701,1.0174,0.78407722,0,0,0
56,mourning,2026-W19,no_r,0.7678,0.6318,0.0701,1.0174,0.6318,0,0,0
56,mourning,2026-W20,full,0.7678,0.7258,0.0701,1.0174,0.7648558000000001,0,0,0
56,mourning,2026-W20,no_b,0.7678,0.7258,0.0701,1.0174,0.05087858,0,0,0
56,mourning,2026-W20,no_d,0.7678,0.7258,0.0701,1.0174,0.78407722,0,0,0
56,mourning,2026-W20,no_r,0.7678,0.7258,0.0701,1.0174,0.7258,0,0,0
56,mourning,2026-W21,full,0.7678,0.6318,0.0605,1.0174,0.759572,0,0,0
56,mourning,2026-W21,no_b,0.7678,0.6318,0.0605,1.0174,0.0382239,0,0,0
56,mourning,2026-W21,no_d,0.7678,0.6318,0.0605,1.0174,0.7818481,0,0,0
56,mourning,2026-W21,no_r,0.7678,0.6318,0.0605,1.0174,0.6318,0,0,0
56,mourning,2026-W22,full,0.7678,0.6318,0.0605,1.0174,0.759572,0,0,0
56,mourning,2026-W22,no_b,0.7678,0.6318,0.0605,1.0174,0.0382239,0,0,0
56,mourning,2026-W22,no_d,0.7678,0.6318,0.0605,1.0174,0.7818481,0,0,0
56,mourning,2026-W22,no_r,0.7678,0.6318,0.0605,1.0174,0.6318,0,0,0
57,marketing,2026-W12,full,0.8252,1.0791,1.0,1.0249,1.0791,1,1,1
57,marketing,2026-W12,no_b,0.8252,1.0791,1.0,1.0249,1.0791,1,1,1
57,marketing,2026-W12,no_d,0.8252,1.0791,1.0,1.0249,1.0,0,1,1
57,marketing,2026-W12,no_r,0.8252,1.0791,1.0,1.0249,1.0791,1,1,1
57,marketing,2026-W13,full,0.8252,1.0636,0.5226,1.0249,0.94978784,0,0,0
57,marketing,2026-W13,no_b,0.8252,1.0636,0.5226,1.0249,0.5558373600000001,0,0,0
57,marketing,2026-W13,no_d,0.8252,1.0636,0.5226,1.0249,0.9165504800000001,0,0,0
57,marketing,2026-W13,no_r,0.8252,1.0636,0.5226,1.0249,1.0636,1,0,0
57,marketing,2026-W14,full,0.8252,1.0778,0.3917,1.0249,0.92414342,0,0,0
57,marketing,2026-W14,no_b,0.8252,1.0778,0.3917,1.0249,0.42217426,0,0,0
57,marketing,2026-W14,no_d,0.8252,1.0778,0.3917,1.0249,0.8936691600000001,0,0,0
57,marketing,2026-W14,no_r,0.8252,1.0778,0.3917,1.0249,1.0778,1,0,0
57,marketing,2026-W15,full,0.8252,1.0338,0.2542,1.0249,0.87822612,0,0,0
57,marketing,2026-W15,no_b,0.8252,1.0338,0.2542,1.0249,0.26279196,0,0,0
57,marketing,2026-W15,no_d,0.8252,1.0338,0.2542,1.0249,0.86963416,0,0,0
57,marketing,2026-W15,no_r,0.8252,1.0338,0.2542,1.0249,1.0338,1,0,0
57,marketing,2026-W16,full,0.8252,1.0746,0.2047,1.0249,0.87625218,0,0,0
57,marketing,2026-W16,no_b,0.8252,1.0746,0.2047,1.0249,0.21997062,0,0,0
57,marketing,2026-W16,no_d,0.8252,1.0746,0.2047,1.0249,0.86098156,0,0,0
57,marketing,2026-W16,no_r,0.8252,1.0746,0.2047,1.0249,1.0746,1,0,0
57,marketing,2026-W17,full,0.8252,0.9847,0.1428,1.0249,0.8479766000000001,0,0,0
57,marketing,2026-W17,no_b,0.8252,0.9847,0.1428,1.0249,0.14061516000000002,0,0,0
57,marketing,2026-W17,no_d,0.8252,0.9847,0.1428,1.0249,0.85016144,0,0,0
57,marketing,2026-W17,no_r,0.8252,0.9847,0.1428,1.0249,0.9847,0,0,0
57,marketing,2026-W18,full,0.8252,1.0778,0.1236,1.0249,0.85642136,0,0,0
57,marketing,2026-W18,no_b,0.8252,1.0778,0.1236,1.0249,0.13321608000000001,0,0,0
57,marketing,2026-W18,no_d,0.8252,1.0778,0.1236,1.0249,0.84680528,0,0,0
57,marketing,2026-W18,no_r,0.8252,1.0778,0.1236,1.0249,1.0778,1,0,0
57,marketing,2026-W19,full,0.8252,1.0636,0.0802,1.0249,0.84431968,0,0,0
57,marketing,2026-W19,no_b,0.8252,1.0636,0.0802,1.0249,0.08530072,0,0,0
57,marketing,2026-W19,no_d,0.8252,1.0636,0.0802,1.0249,0.8392189600000001,0,0,0
57,marketing,2026-W19,no_r,0.8252,1.0636,0.0802,1.0249,1.0636,1,0,0
57,marketing,2026-W20,full,0.8252,1.0778,0.0601,1.0249,0.84038126,0,0,0
57,marketing,2026-W20,no_b,0.8252,1.0778,0.0601,1.0249,0.06477578,0,0,0
57,marketing,2026-W20,no_d,0.8252,1.0778,0.0601,1.0249,0.83570548,0,0,0
57,marketing,2026-W20,no_r,0.8252,1.0778,0.0601,1.0249,1.0778,1,0,0
57,marketing,2026-W21,full,0.8252,1.0338,0.039,1.0249,0.8333354000000001,0,0,0
57,marketing,2026-W21,no_b,0.8252,1.0338,0.039,1.0249,0.040318200000000005,0,0,0
57,marketing,2026-W21,no_d,0.8252,1.0338,0.039,1.0249,0.8320172,0,0,0
57,marketing,2026-W21,no_r,0.8252,1.0338,0.039,1.0249,1.0338,1,0,0
57,marketing,2026-W22,full,0.8252,1.0746,0.0314,1.0249,0.83303116,0,0,0
57,marketing,2026-W22,no_b,0.8252,1.0746,0.0314,1.0249,0.03374244,0,0,0
57,marketing,2026-W22,no_d,0.8252,1.0746,0.0314,1.0249,0.83068872,0,0,0
57,marketing,2026-W22,no_r,0.8252,1.0746,0.0314,1.0249,1.0746,1,0,0
58,education,2026-W12,full,0.7412,0.8949,1.0,0.7862,0.8949,1,1,1
58,education,2026-W12,no_b,0.7412,0.8949,1.0,0.7862,0.8949,1,1,1
58,education,2026-W12,no_d,0.7412,0.8949,1.0,0.7862,1.0,1,1,1
58,education,2026-W12,no_r,0.7412,0.8949,1.0,0.7862,0.8949,1,1,1
58,education,2026-W13,full,0.7412,0.7941,0.878,0.7862,0.7876462,1,1,1
58,education,2026-W13,no_b,0.7412,0.7941,0.878,0.7862,0.6972198000000001,0,1,1
58,education,2026-W13,no_d,0.7412,0.7941,0.878,0.7862,0.9684264,1,1,1
58,education,2026-W13,no_r,0.7412,0.7941,0.878,0.7862,0.7941,1,1,1
58,education,2026-W14,full,0.7412,0.8949,0.878,0.7862,0.8761486,1,1,1
58,education,2026-W14,no_b,0.7412,0.8949,0.878,0.7862,0.7857222,0,1,1
58,education,2026-W14,no_d,0.7412,0.8949,0.878,0.7862,0.9684264,1,1,1
58,education,2026-W14,no_r,0.7412,0.8949,0.878,0.7862,0.8949,1,1,1
58,education,2026-W15,full,0.7412,1.1051,0.7709,0.7862,1.02173051,1,1,1
58,education,2026-W15,no_b,0.7412,1.1051,0.7709,0.7862,0.85192159,1,1,1
58,education,2026-W15,no_d,0.7412,1.1051,0.7709,0.7862,0.9407089200000001,1,1,1
58,education,2026-W15,no_r,0.7412,1.1051,0.7709,0.7862,1.1051,1,1,1
58,education,2026-W16,full,0.7412,0.7941,0.5943,0.7862,0.77263847,0,0,0
58,education,2026-W16,no_b,0.7412,0.7941,0.5943,0.7862,0.47193363000000005,0,0,0
58,education,2026-W16,no_d,0.7412,0.7941,0.5943,0.7862,0.89500484,1,0,0
58,education,2026-W16,no_r,0.7412,0.7941,0.5943,0.7862,0.7941,1,0,0
58,education,2026-W17,full,0.7412,1.2059,0.5943,0.7862,1.0173712099999999,1,1,1
58,education,2026-W17,no_b,0.7412,1.2059,0.5943,0.7862,0.71666637,0,1,1
58,education,2026-W17,no_d,0.7412,1.2059,0.5943,0.7862,0.89500484,1,1,1
58,education,2026-W17,no_r,0.7412,1.2059,0.5943,0.7862,1.2059,1,1,1
58,education,2026-W18,full,0.7412,1.2245,0.4023,0.7862,0.93563159,1,1,1
58,education,2026-W18,no_b,0.7412,1.2245,0.4023,0.7862,0.49261635,0,1,1
58,education,2026-W18,no_d,0.7412,1.2245,0.4023,0.7862,0.84531524,1,1,1
58,education,2026-W18,no_r,0.7412,1.2245,0.4023,0.7862,1.2245,1,1,1
58,education,2026-W19,full,0.7412,0.8949,0.2391,0.7862,0.7779496699999999,0,0,0
58,education,2026-W19,no_b,0.7412,0.8949,0.2391,0.7862,0.21397059000000002,0,0,0
58,education,2026-W19,no_d,0.7412,0.8949,0.2391,0.7862,0.80307908,1,0,0
58,education,2026-W19,no_r,0.7412,0.8949,0.2391,0.7862,0.8949,1,0,0
58,education,2026-W20,full,0.7412,0.7941,0.2099,0.7862,0.75230371,0,0,0
58,education,2026-W20,no_b,0.7412,0.7941,0.2099,0.7862,0.16668159000000002,0,0,0
58,education,2026-W20,no_d,0.7412,0.7941,0.2099,0.7862,0.79552212,1,0,0
58,education,2026-W20,no_r,0.7412,0.7941,0.2099,0.7862,0.7941,1,0,0
58,education,2026-W21,full,0.7412,1.2059,0.2099,0.7862,0.8387405299999999,1,1,1
58,education,2026-W21,no_b,0.7412,1.2059,0.2099,0.7862,0.25311841,0,1,1
58,education,2026-W21,no_d,0.7412,1.2059,0.2099,0.7862,0.79552212,1,1,1
58,education,2026-W21,no_r,0.7412,1.2059,0.2099,0.7862,1.2059,1,1,1
58,education,2026-W22,full,0.7412,1.1051,0.1421,0.7862,0.79291019,1,1,1
58,education,2026-W22,no_b,0.7412,1.1051,0.1421,0.7862,0.15703471,0,1,1
58,education,2026-W22,no_d,0.7412,1.1051,0.1421,0.7862,0.7779754799999999,0,1,1
58,education,2026-W22,no_r,0.7412,1.1051,0.1421,0.7862,1.1051,1,1,1
59,mourning,2026-W12,full,0.7678,0.6969,1.0,1.0288,0.6969,0,0,0
59,mourning,2026-W12,no_b,0.7678,0.6969,1.0,1.0288,0.6969,0,0,0
59,mourning,2026-W12,no_d,0.7678,0.6969,1.0,1.0288,1.0,0,0,0
59,mourning,2026-W12,no_r,0.7678,0.6969,1.0,1.0288,0.6969,0,0,0
59,mourning,2026-W13,full,0.7678,1.3312,1.0,1.0288,1.3312,1,1,1
59,mourning,2026-W13,no_b,0.7678,1.3312,1.0,1.0288,1.3312,1,1,1
59,mourning,2026-W13,no_d,0.7678,1.3312,1.0,1.0288,1.0,0,1,1
59,mourning,2026-W13,no_r,0.7678,1.3312,1.0,1.0288,1.3312,1,1,1
59,mourning,2026-W14,full,0.7678,1.3312,0.3641,1.0288,0.97293394,0,0,0
59,mourning,2026-W14,no_b,0.7678,1.3312,0.3641,1.0288,0.48468991999999994,0,0,0
59,mourning,2026-W14,no_d,0.7678,1.3312,0.3641,1.0288,0.85234402,0,0,0
59,mourning,2026-W14,no_r,0.7678,1.3312,0.3641,1.0288,1.3312,1,0,0
59,mourning,2026-W15,full,0.7678,1.3205,0.1326,1.0288,0.84108802,0,0,0
59,mourning,2026-W15,no_b,0.7678,1.3205,0.1326,1.0288,0.17509829999999998,0,0,0
59,mourning,2026-W15,no_d,0.7678,1.3205,0.1326,1.0288,0.7985897200000001,0,0,0
59,mourning,2026-W15,no_r,0.7678,1.3205,0.1326,1.0288,1.3205,1,0,0
59,mourning,2026-W16,full,0.7678,1.1665,0.0571,1.0288,0.7905657700000001,0,0,0
59,mourning,2026-W16,no_b,0.7678,1.1665,0.0571,1.0288,0.06660715,0,0,0
59,mourning,2026-W16,no_d,0.7678,1.1665,0.0571,1.0288,0.78105862,0,0,0
59,mourning,2026-W16,no_r,0.7678,1.1665,0.0571,1.0288,1.1665,1,0,0
59,mourning,2026-W17,full,0.7678,0.7742,0.0345,1.0288,0.7680208000000001,0,0,0
59,mourning,2026-W17,no_b,0.7678,0.7742,0.0345,1.0288,0.0267099,0,0,0
59,mourning,2026-W17,no_d,0.7678,0.7742,0.0345,1.0288,0.7758109000000001,0,0,0
59,mourning,2026-W17,no_r,0.7678,0.7742,0.0345,1.0288,0.7742,0,0,0
59,mourning,2026-W18,full,0.7678,0.7742,0.0291,1.0288,0.76798624,0,0,0
59,mourning,2026-W18,no_b,0.7678,0.7742,0.0291,1.0288,0.02252922,0,0,0
59,mourning,2026-W18,no_d,0.7678,0.7742,0.0291,1.0288,0.77455702,0,0,0
59,mourning,2026-W18,no_r,0.7678,0.7742,0.0291,1.0288,0.7742,0,0,0
59,mourning,2026-W19,full,0.7678,0.6969,0.0246,1.0288,0.76605586,0,0,0
59,mourning,2026-W19,no_b,0.7678,0.6969,0.0246,1.0288,0.01714374,0,0,0
59,mourning,2026-W19,no_d,0.7678,0.6969,0.0246,1.0288,0.77351212,0,0,0
59,mourning,2026-W19,no_r,0.7678,0.6969,0.0246,1.0288,0.6969,0,0,0
59,mourning,2026-W20,full,0.7678,0.7742,0.0246,1.0288,0.76795744,0,0,0
59,mourning,2026-W20,no_b,0.7678,0.7742,0.0246,1.0288,0.01904532,0,0,0
59,mourning,2026-W20,no_d,0.7678,0.7742,0.0246,1.0288,0.77351212,0,0,0
59,mourning,2026-W20,no_r,0.7678,0.7742,0.0246,1.0288,0.7742,0,0,0
59,mourning,2026-W21,full,0.7678,0.6969,0.0208,1.0288,0.76632528,0,0,0
59,mourning,2026-W21,no_b,0.7678,0.6969,0.0208,1.0288,0.014495519999999998,0,0,0
59,mourning,2026-W21,no_d,0.7678,0.6969,0.0208,1.0288,0.77262976,0,0,0
59,mourning,2026-W21,no_r,0.7678,0.6969,0.0208,1.0288,0.6969,0,0,0
59,mourning,2026-W22,full,0.7678,0.9546,0.0208,1.0288,0.7716854400000001,0,0,0
59,mourning,2026-W22,no_b,0.7678,0.9546,0.0208,1.0288,0.01985568,0,0,0
59,mourning,2026-W22,no_d,0.7678,0.9546,0.0208,1.0288,0.77262976,0,0,0
59,mourning,2026-W22,no_r,0.7678,0.9546,0.0208,1.0288,0.9546,0,0,0
60,marketing,2026-W12,full,0.8252,1.0891,1.0,1.0738,1.0891,1,1,1
60,marketing,2026-W12,no_b,0.8252,1.0891,1.0,1.0738,1.0891,1,1,1
60,marketing,2026-W12,no_d,0.8252,1.0891,1.0,1.0738,1.0,0,1,1
60,marketing,2026-W12,no_r,0.8252,1.0891,1.0,1.0738,1.0891,1,1,1
60,marketing,2026-W13,full,0.8252,1.0381,0.5364,1.0738,0.93939956,0,0,0
60,marketing,2026-W13,no_b,0.8252,1.0381,0.5364,1.0738,0.55683684,0,0,0
60,marketing,2026-W13,no_d,0.8252,1.0381,0.5364,1.0738,0.91896272,0,0,0
60,marketing,2026-W13,no_r,0.8252,1.0381,0.5364,1.0738,1.0381,0,0,0
60,marketing,2026-W14,full,0.8252,1.0716,0.4449,1.0738,0.9348233600000001,0,0,0
60,marketing,2026-W14,no_b,0.8252,1.0716,0.4449,1.0738,0.47675484000000007,0,0,0
60,marketing,2026-W14,no_d,0.8252,1.0716,0.4449,1.0738,0.90296852,0,0,0
60,marketing,2026-W14,no_r,0.8252,1.0716,0.4449,1.0738,1.0716,0,0,0
60,marketing,2026-W15,full,0.8252,1.0381,0.3468,1.0738,0.89903372,0,0,0
60,marketing,2026-W15,no_b,0.8252,1.0381,0.3468,1.0738,0.36001308,0,0,0
60,marketing,2026-W15,no_d,0.8252,1.0381,0.3468,1.0738,0.88582064,0,0,0
60,marketing,2026-W15,no_r,0.8252,1.0381,0.3468,1.0738,1.0381,0,0,0
60,marketing,2026-W16,full,0.8252,1.0381,0.2877,1.0738,0.8864513300000001,0,0,0
60,marketing,2026-W16,no_b,0.8252,1.0381,0.2877,1.0738,0.29866137000000004,0,0,0
60,marketing,2026-W16,no_d,0.8252,1.0381,0.2877,1.0738,0.87548996,0,0,0
60,marketing,2026-W16,no_r,0.8252,1.0381,0.2877,1.0738,1.0381,0,0,0
60,marketing,2026-W17,full,0.8252,1.0381,0.2387,1.0738,0.87601923,0,0,0
60,marketing,2026-W17,no_b,0.8252,1.0381,0.2387,1.0738,0.24779447,0,0,0
60,marketing,2026-W17,no_d,0.8252,1.0381,0.2387,1.0738,0.8669247600000001,0,0,0
60,marketing,2026-W17,no_r,0.8252,1.0381,0.2387,1.0738,1.0381,0,0,0
60,marketing,2026-W18,full,0.8252,0.9828,0.198,1.0738,0.8564048000000001,0,0,0
60,marketing,2026-W18,no_b,0.8252,0.9828,0.198,1.0738,0.1945944,0,0,0
60,marketing,2026-W18,no_d,0.8252,0.9828,0.198,1.0738,0.8598104000000001,0,0,0
60,marketing,2026-W18,no_r,0.8252,0.9828,0.198,1.0738,0.9828,0,0,0
60,marketing,2026-W19,full,0.8252,1.084,0.1748,1.0738,0.87043824,0,0,0
60,marketing,2026-W19,no_b,0.8252,1.084,0.1748,1.0738,0.18948320000000002,0,0,0
60,marketing,2026-W19,no_d,0.8252,1.084,0.1748,1.0738,0.85575504,0,0,0
60,marketing,2026-W19,no_r,0.8252,1.084,0.1748,1.0738,1.084,1,0,0
60,marketing,2026-W20,full,0.8252,1.0716,0.128,1.0738,0.8567392,0,0,0
60,marketing,2026-W20,no_b,0.8252,1.0716,0.128,1.0738,0.1371648,0,0,0
60,marketing,2026-W20,no_d,0.8252,1.0716,0.128,1.0738,0.8475744000000001,0,0,0
60,marketing,2026-W20,no_r,0.8252,1.0716,0.128,1.0738,1.0716,0,0,0
60,marketing,2026-W21,full,0.8252,1.0716,0.0998,1.0738,0.84979072,0,0,0
60,marketing,2026-W21,no_b,0.8252,1.0716,0.0998,1.0738,0.10694568000000002,0,0,0
60,marketing,2026-W21,no_d,0.8252,1.0716,0.0998,1.0738,0.8426450400000001,0,0,0
60,marketing,2026-W21,no_r,0.8252,1.0716,0.0998,1.0738,1.0716,0,0,0
60,marketing,2026-W22,full,0.8252,1.0381,0.0778,1.0738,0.84176362,0,0,0
60,marketing,2026-W22,no_b,0.8252,1.0381,0.0778,1.0738,0.08076417999999999,0,0,0
60,marketing,2026-W22,no_d,0.8252,1.0381,0.0778,1.0738,0.8387994400000001,0,0,0
60,marketing,2026-W22,no_r,0.8252,1.0381,0.0778,1.0738,1.0381,0,0,0
61,mourning,2026-W12,full,0.7678,0.7039,1.0,0.9919,0.7039,0,0,0
61,mourning,2026-W12,no_b,0.7678,0.7039,1.0,0.9919,0.7039,0,0,0
61,mourning,2026-W12,no_d,0.7678,0.7039,1.0,0.9919,1.0,1,0,0
61,mourning,2026-W12,no_r,0.7678,0.7039,1.0,0.9919,0.7039,0,0,0
61,mourning,2026-W13,full,0.7678,1.3235,1.0,0.9919,1.3235,1,1,1
61,mourning,2026-W13,no_b,0.7678,1.3235,1.0,0.9919,1.3235,1,1,1
61,mourning,2026-W13,no_d,0.7678,1.3235,1.0,0.9919,1.0,1,1,1
61,mourning,2026-W13,no_r,0.7678,1.3235,1.0,0.9919,1.3235,1,1,1
61,mourning,2026-W14,full,0.7678,1.3262,0.4725,0.9919,1.031644,1,1,1
61,mourning,2026-W14,no_b,0.7678,1.3262,0.4725,0.9919,0.6266295,0,1,1
61,mourning,2026-W14,no_d,0.7678,1.3262,0.4725,0.9919,0.8775145,0,1,1
61,mourning,2026-W14,no_r,0.7678,1.3262,0.4725,0.9919,1.3262,1,1,1
61,mourning,2026-W15,full,0.7678,1.2754,0.197,0.9919,0.8677972,0,0,0
61,mourning,2026-W15,no_b,0.7678,1.2754,0.197,0.9919,0.2512538,0,0,0
61,mourning,2026-W15,no_d,0.7678,1.2754,0.197,0.9919,0.8135434,0,0,0
61,mourning,2026-W15,no_r,0.7678,1.2754,0.197,0.9919,1.2754,1,0,0
61,mourning,2026-W16,full,0.7678,1.1626,0.1195,0.9919,0.8149786,0,0,0
61,mourning,2026-W16,no_b,0.7678,1.1626,0.1195,0.9919,0.1389307,0,0,0
61,mourning,2026-W16,no_d,0.7678,1.1626,0.1195,0.9919,0.7955479000000001,0,0,0
61,mourning,2026-W16,no_r,0.7678,1.1626,0.1195,0.9919,1.1626,1,0,0
61,mourning,2026-W17,full,0.7678,0.7795,0.0822,0.9919,0.7687617400000001,0,0,0
61,mourning,2026-W17,no_b,0.7678,0.7795,0.0822,0.9919,0.06407489999999999,0,0,0
61,mourning,2026-W17,no_d,0.7678,0.7795,0.0822,0.9919,0.7868868400000001,0,0,0
61,mourning,2026-W17,no_r,0.7678,0.7795,0.0822,0.9919,0.7795,0,0,0
61,mourning,2026-W18,full,0.7678,0.7795,0.0725,0.9919,0.76864825,0,0,0
61,mourning,2026-W18,no_b,0.7678,0.7795,0.0725,0.9919,0.056513749999999995,0,0,0
61,mourning,2026-W18,no_d,0.7678,0.7795,0.0725,0.9919,0.7846345,0,0,0
61,mourning,2026-W18,no_r,0.7678,0.7795,0.0725,0.9919,0.7795,0,0,0
61,mourning,2026-W19,full,0.7678,0.9557,0.064,0.9919,0.7798256,0,0,0
61,mourning,2026-W19,no_b,0.7678,0.9557,0.064,0.9919,0.0611648,0,0,0
61,mourning,2026-W19,no_d,0.7678,0.9557,0.064,0.9919,0.7826608,0,0,0
61,mourning,2026-W19,no_r,0.7678,0.9557,0.064,0.9919,0.9557,0,0,0
61,mourning,2026-W20,full,0.7678,0.7795,0.0498,0.9919,0.76838266,0,0,0
61,mourning,2026-W20,no_b,0.7678,0.7795,0.0498,0.9919,0.038819099999999995,0,0,0
61,mourning,2026-W20,no_d,0.7678,0.7795,0.0498,0.9919,0.7793635600000001,0,0,0
61,mourning,2026-W20,no_r,0.7678,0.7795,0.0498,0.9919,0.7795,0,0,0
61,mourning,2026-W21,full,0.7678,0.7039,0.044,0.9919,0.7649884,0,0,0
61,mourning,2026-W21,no_b,0.7678,0.7039,0.044,0.9919,0.0309716,0,0,0
61,mourning,2026-W21,no_d,0.7678,0.7039,0.044,0.9919,0.7780168000000001,0,0,0
61,mourning,2026-W21,no_r,0.7678,0.7039,0.044,0.9919,0.7039,0,0,0
61,mourning,2026-W22,full,0.7678,0.7795,0.044,0.9919,0.7683148000000001,0,0,0
61,mourning,2026-W22,no_b,0.7678,0.7795,0.044,0.9919,0.034297999999999995,0,0,0
61,mourning,2026-W22,no_d,0.7678,0.7795,0.044,0.9919,0.7780168000000001,0,0,0
61,mourning,2026-W22,no_r,0.7678,0.7795,0.044,0.9919,0.7795,0,0,0
62,meme,2026-W12,full,0.7755,0.5153,1.0,0.8663,0.5153,0,0,0
62,meme,2026-W12,no_b,0.7755,0.5153,1.0,0.8663,0.5153,0,0,0
62,meme,2026-W12,no_d,0.7755,0.5153,1.0,0.8663,1.0,1,0,0
62,meme,2026-W12,no_r,0.7755,0.5153,1.0,0.8663,0.5153,0,0,0
62,meme,2026-W13,full,0.7755,0.5153,1.0,0.8663,0.5153,0,0,0
62,meme,2026-W13,no_b,0.7755,0.5153,1.0,0.8663,0.5153,0,0,0
62,meme,2026-W13,no_d,0.7755,0.5153,1.0,0.8663,1.0,1,0,0
62,meme,2026-W13,no_r,0.7755,0.5153,1.0,0.8663,0.5153,0,0,0
62,meme,2026-W14,full,0.7755,0.5153,1.0,0.8663,0.5153,0,0,0
62,meme,2026-W14,no_b,0.7755,0.5153,1.0,0.8663,0.5153,0,0,0
62,meme,2026-W14,no_d,0.7755,0.5153,1.0,0.8663,1.0,1,0,0
62,meme,2026-W14,no_r,0.7755,0.5153,1.0,0.8663,0.5153,0,0,0
62,meme,2026-W15,full,0.7755,0.5153,1.0,0.8663,0.5153,0,0,0
62,meme,2026-W15,no_b,0.7755,0.5153,1.0,0.8663,0.5153,0,0,0
62,meme,2026-W15,no_d,0.7755,0.5153,1.0,0.8663,1.0,1,0,0
62,meme,2026-W15,no_r,0.7755,0.5153,1.0,0.8663,0.5153,0,0,0
62,meme,2026-W16,full,0.7755,0.5153,1.0,0.8663,0.5153,0,0,0
62,meme,2026-W16,no_b,0.7755,0.5153,1.0,0.8663,0.5153,0,0,0
62,meme,2026-W16,no_d,0.7755,0.5153,1.0,0.8663,1.0,1,0,0
62,meme,2026-W16,no_r,0.7755,0.5153,1.0,0.8663,0.5153,0,0,0
62,meme,2026-W17,full,0.7755,0.5153,1.0,0.8663,0.5153,0,0,0
62,meme,2026-W17,no_b,0.7755,0.5153,1.0,0.8663,0.5153,0,0,0
62,meme,2026-W17,no_d,0.7755,0.5153,1.0,0.8663,1.0,1,0,0
62,meme,2026-W17,no_r,0.7755,0.5153,1.0,0.8663,0.5153,0,0,0
62,meme,2026-W18,full,0.7755,0.6728,1.0,0.8663,0.6728,0,0,0
62,meme,2026-W18,no_b,0.7755,0.6728,1.0,0.8663,0.6728,0,0,0
62,meme,2026-W18,no_d,0.7755,0.6728,1.0,0.8663,1.0,1,0,0
62,meme,2026-W18,no_r,0.7755,0.6728,1.0,0.8663,0.6728,0,0,0
62,meme,2026-W19,full,0.7755,0.5153,0.911,0.8663,0.5384578,0,0,0
62,meme,2026-W19,no_b,0.7755,0.5153,0.911,0.8663,0.4694383,0,0,0
62,meme,2026-W19,no_d,0.7755,0.5153,0.911,0.8663,0.9800195,1,0,0
62,meme,2026-W19,no_r,0.7755,0.5153,0.911,0.8663,0.5153,0,0,0
62,meme,2026-W20,full,0.7755,1.0422,0.911,0.8663,1.0184637,1,1,1
62,meme,2026-W20,no_b,0.7755,1.0422,0.911,0.8663,0.9494442000000001,1,1,1
62,meme,2026-W20,no_d,0.7755,1.0422,0.911,0.8663,0.9800195,1,1,1
62,meme,2026-W20,no_r,0.7755,1.0422,0.911,0.8663,1.0422,1,1,1
62,meme,2026-W21,full,0.7755,1.5338,0.756,0.8663,1.3487748000000002,1,1,1
62,meme,2026-W21,no_b,0.7755,1.5338,0.756,0.8663,1.1595528,1,1,1
62,meme,2026-W21,no_d,0.7755,1.5338,0.756,0.8663,0.945222,1,1,1
62,meme,2026-W21,no_r,0.7755,1.5338,0.756,0.8663,1.5338,1,1,1
62,meme,2026-W22,full,0.7755,1.5351,0.432,0.8663,1.1036472,1,1,1
62,meme,2026-W22,no_b,0.7755,1.5351,0.432,0.8663,0.6631632,0,1,1
62,meme,2026-W22,no_d,0.7755,1.5351,0.432,0.8663,0.872484,1,1,1
62,meme,2026-W22,no_r,0.7755,1.5351,0.432,0.8663,1.5351,1,1,1
63,meme,2026-W12,full,0.7755,0.5817,1.0,0.971,0.5817,0,0,0
63,meme,2026-W12,no_b,0.7755,0.5817,1.0,0.971,0.5817,0,0,0
63,meme,2026-W12,no_d,0.7755,0.5817,1.0,0.971,1.0,1,0,0
63,meme,2026-W12,no_r,0.7755,0.5817,1.0,0.971,0.5817,0,0,0
63,meme,2026-W13,full,0.7755,0.5817,1.0,0.971,0.5817,0,0,0
63,meme,2026-W13,no_b,0.7755,0.5817,1.0,0.971,0.5817,0,0,0
63,meme,2026-W13,no_d,0.7755,0.5817,1.0,0.971,1.0,1,0,0
63,meme,2026-W13,no_r,0.7755,0.5817,1.0,0.971,0.5817,0,0,0
63,meme,2026-W14,full,0.7755,0.5817,1.0,0.971,0.5817,0,0,0
63,meme,2026-W14,no_b,0.7755,0.5817,1.0,0.971,0.5817,0,0,0
63,meme,2026-W14,no_d,0.7755,0.5817,1.0,0.971,1.0,1,0,0
63,meme,2026-W14,no_r,0.7755,0.5817,1.0,0.971,0.5817,0,0,0
63,meme,2026-W15,full,0.7755,0.5817,1.0,0.971,0.5817,0,0,0
63,meme,2026-W15,no_b,0.7755,0.5817,1.0,0.971,0.5817,0,0,0
63,meme,2026-W15,no_d,0.7755,0.5817,1.0,0.971,1.0,1,0,0
63,meme,2026-W15,no_r,0.7755,0.5817,1.0,0.971,0.5817,0,0,0
63,meme,2026-W16,full,0.7755,0.5817,1.0,0.971,0.5817,0,0,0
63,meme,2026-W16,no_b,0.7755,0.5817,1.0,0.971,0.5817,0,0,0
63,meme,2026-W16,no_d,0.7755,0.5817,1.0,0.971,1.0,1,0,0
63,meme,2026-W16,no_r,0.7755,0.5817,1.0,0.971,0.5817,0,0,0
63,meme,2026-W17,full,0.7755,0.5817,1.0,0.971,0.5817,0,0,0
63,meme,2026-W17,no_b,0.7755,0.5817,1.0,0.971,0.5817,0,0,0
63,meme,2026-W17,no_d,0.7755,0.5817,1.0,0.971,1.0,1,0,0
63,meme,2026-W17,no_r,0.7755,0.5817,1.0,0.971,0.5817,0,0,0
63,meme,2026-W18,full,0.7755,0.7177,1.0,0.971,0.7177,0,0,0
63,meme,2026-W18,no_b,0.7755,0.7177,1.0,0.971,0.7177,0,0,0
63,meme,2026-W18,no_d,0.7755,0.7177,1.0,0.971,1.0,1,0,0
63,meme,2026-W18,no_r,0.7755,0.7177,1.0,0.971,0.7177,0,0,0
63,meme,2026-W19,full,0.7755,0.5817,0.923,0.971,0.5966226,0,0,0
63,meme,2026-W19,no_b,0.7755,0.5817,0.923,0.971,0.5369091,0,0,0
63,meme,2026-W19,no_d,0.7755,0.5817,0.923,0.971,0.9827135,1,0,0
63,meme,2026-W19,no_r,0.7755,0.5817,0.923,0.971,0.5817,0,0,0
63,meme,2026-W20,full,0.7755,1.0364,0.923,0.971,1.0163107,1,1,1
63,meme,2026-W20,no_b,0.7755,1.0364,0.923,0.971,0.9565972,0,1,1
63,meme,2026-W20,no_d,0.7755,1.0364,0.923,0.971,0.9827135,1,1,1
63,meme,2026-W20,no_r,0.7755,1.0364,0.923,0.971,1.0364,1,1,1
63,meme,2026-W21,full,0.7755,1.4618,0.7862,0.971,1.31506906,1,1,1
63,meme,2026-W21,no_b,0.7755,1.4618,0.7862,0.971,1.14926716,1,1,1
63,meme,2026-W21,no_d,0.7755,1.4618,0.7862,0.971,0.9520019,0,1,1
63,meme,2026-W21,no_r,0.7755,1.4618,0.7862,0.971,1.4618,1,1,1
63,meme,2026-W22,full,0.7755,1.4607,0.4486,0.971,1.08288072,1,1,1
63,meme,2026-W22,no_b,0.7755,1.4607,0.4486,0.971,0.65527002,0,1,1
63,meme,2026-W22,no_d,0.7755,1.4607,0.4486,0.971,0.8762107,0,1,1
63,meme,2026-W22,no_r,0.7755,1.4607,0.4486,0.971,1.4607,1,1,1
64,education,2026-W12,full,0.7412,0.8942,1.0,0.8525,0.8942,1,1,1
64,education,2026-W12,no_b,0.7412,0.8942,1.0,0.8525,0.8942,1,1,1
64,education,2026-W12,no_d,0.7412,0.8942,1.0,0.8525,1.0,1,1,1
64,education,2026-W12,no_r,0.7412,0.8942,1.0,0.8525,0.8942,1,1,1
64,education,2026-W13,full,0.7412,1.1058,0.858,0.8525,1.0540268,1,1,1
64,education,2026-W13,no_b,0.7412,1.1058,0.858,0.8525,0.9487763999999999,1,1,1
64,education,2026-W13,no_d,0.7412,1.1058,0.858,0.8525,0.9632504,1,1,1
64,education,2026-W13,no_r,0.7412,1.1058,0.858,0.8525,1.1058,1,1,1
64,education,2026-W14,full,0.7412,0.8942,0.6317,0.8525,0.8378501,0,0,0
64,education,2026-W14,no_b,0.7412,0.8942,0.6317,0.8525,0.56486614,0,0,0
64,education,2026-W14,no_d,0.7412,0.8942,0.6317,0.8525,0.9046839600000001,1,0,0
64,education,2026-W14,no_r,0.7412,0.8942,0.6317,0.8525,0.8942,1,0,0
64,education,2026-W15,full,0.7412,1.2259,0.542,0.8525,1.0039074000000001,1,1,1
64,education,2026-W15,no_b,0.7412,1.2259,0.542,0.8525,0.6644378000000001,0,1,1
64,education,2026-W15,no_d,0.7412,1.2259,0.542,0.8525,0.8814696,1,1,1
64,education,2026-W15,no_r,0.7412,1.2259,0.542,0.8525,1.2259,1,1,1
64,education,2026-W16,full,0.7412,1.2289,0.2938,0.8525,0.8844862600000001,1,1,1
64,education,2026-W16,no_b,0.7412,1.2289,0.2938,0.8525,0.36105082000000005,0,1,1
64,education,2026-W16,no_d,0.7412,1.2289,0.2938,0.8525,0.8172354399999999,0,1,1
64,education,2026-W16,no_r,0.7412,1.2289,0.2938,0.8525,1.2289,1,1,1
64,education,2026-W17,full,0.7412,1.2072,0.1172,0.8525,0.7958152,0,0,0
64,education,2026-W17,no_b,0.7412,1.2072,0.1172,0.8525,0.14148384,0,0,0
64,education,2026-W17,no_d,0.7412,1.2072,0.1172,0.8525,0.77153136,0,0,0
64,education,2026-W17,no_r,0.7412,1.2072,0.1172,0.8525,1.2072,1,0,0
64,education,2026-W18,full,0.7412,1.1058,0.0741,0.8525,0.76821686,0,0,0
64,education,2026-W18,no_b,0.7412,1.1058,0.0741,0.8525,0.08193977999999999,0,0,0
64,education,2026-W18,no_d,0.7412,1.1058,0.0741,0.8525,0.7603770799999999,0,0,0
64,education,2026-W18,no_r,0.7412,1.1058,0.0741,0.8525,1.1058,1,0,0
64,education,2026-W19,full,0.7412,1.2072,0.0545,0.8525,0.766597,0,0,0
64,education,2026-W19,no_b,0.7412,1.2072,0.0545,0.8525,0.0657924,0,0,0
64,education,2026-W19,no_d,0.7412,1.2072,0.0545,0.8525,0.7553046,0,0,0
64,education,2026-W19,no_r,0.7412,1.2072,0.0545,0.8525,1.2072,1,0,0
64,education,2026-W20,full,0.7412,1.2072,0.0344,0.8525,0.7572304,0,0,0
64,education,2026-W20,no_b,0.7412,1.2072,0.0344,0.8525,0.041527680000000004,0,0,0
64,education,2026-W20,no_d,0.7412,1.2072,0.0344,0.8525,0.75010272,0,0,0
64,education,2026-W20,no_r,0.7412,1.2072,0.0344,0.8525,1.2072,1,0,0
64,education,2026-W21,full,0.7412,1.2072,0.0218,0.8525,0.7513588,0,0,0
64,education,2026-W21,no_b,0.7412,1.2072,0.0218,0.8525,0.02631696,0,0,0
64,education,2026-W21,no_d,0.7412,1.2072,0.0218,0.8525,0.74684184,0,0,0
64,education,2026-W21,no_r,0.7412,1.2072,0.0218,0.8525,1.2072,1,0,0
64,education,2026-W22,full,0.7412,0.8942,0.0137,0.8525,0.7432961,0,0,0
64,education,2026-W22,no_b,0.7412,0.8942,0.0137,0.8525,0.01225054,0,0,0
64,education,2026-W22,no_d,0.7412,0.8942,0.0137,0.8525,0.7447455599999999,0,0,0
64,education,2026-W22,no_r,0.7412,0.8942,0.0137,0.8525,0.8942,1,0,0
65,other,2026-W12,full,0.7686,0.4617,1.0,0.9324,0.4617,0,0,0
65,other,2026-W12,no_b,0.7686,0.4617,1.0,0.9324,0.4617,0,0,0
65,other,2026-W12,no_d,0.7686,0.4617,1.0,0.9324,1.0,1,0,0
65,other,2026-W12,no_r,0.7686,0.4617,1.0,0.9324,0.4617,0,0,0
65,other,2026-W13,full,0.7686,0.6099,1.0,0.9324,0.6099,0,0,0
65,other,2026-W13,no_b,0.7686,0.6099,1.0,0.9324,0.6099,0,0,0
65,other,2026-W13,no_d,0.7686,0.6099,1.0,0.9324,1.0,1,0,0
65,other,2026-W13,no_r,0.7686,0.6099,1.0,0.9324,0.6099,0,0,0
65,other,2026-W14,full,0.7686,0.6099,0.7636,0.9324,0.64741668,0,0,0
65,other,2026-W14,no_b,0.7686,0.6099,0.7636,0.9324,0.46571964,0,0,0
65,other,2026-W14,no_d,0.7686,0.6099,0.7636,0.9324,0.94529704,1,0,0
65,other,2026-W14,no_r,0.7686,0.6099,0.7636,0.9324,0.6099,0,0,0
65,other,2026-W15,full,0.7686,1.3371,0.5831,0.9324,1.10009235,1,1,1
65,other,2026-W15,no_b,0.7686,1.3371,0.5831,0.9324,0.7796630099999999,0,1,1
65,other,2026-W15,no_d,0.7686,1.3371,0.5831,0.9324,0.90352934,0,1,1
65,other,2026-W15,no_r,0.7686,1.3371,0.5831,0.9324,1.3371,1,1,1
65,other,2026-W16,full,0.7686,0.4617,0.2596,0.9324,0.6889287599999999,0,0,0
65,other,2026-W16,no_b,0.7686,0.4617,0.2596,0.9324,0.11985732,0,0,0
65,other,2026-W16,no_d,0.7686,0.4617,0.2596,0.9324,0.8286714399999999,0,0,0
65,other,2026-W16,no_r,0.7686,0.4617,0.2596,0.9324,0.4617,0,0,0
65,other,2026-W17,full,0.7686,1.3371,0.2596,0.9324,0.9161826,0,0,0
65,other,2026-W17,no_b,0.7686,1.3371,0.2596,0.9324,0.34711116,0,0,0
65,other,2026-W17,no_d,0.7686,1.3371,0.2596,0.9324,0.8286714399999999,0,0,0
65,other,2026-W17,no_r,0.7686,1.3371,0.2596,0.9324,1.3371,1,0,0
65,other,2026-W18,full,0.7686,0.9576,0.1156,0.9324,0.7904483999999999,0,0,0
65,other,2026-W18,no_b,0.7686,0.9576,0.1156,0.9324,0.11069856,0,0,0
65,other,2026-W18,no_d,0.7686,0.9576,0.1156,0.9324,0.79534984,0,0,0
65,other,2026-W18,no_r,0.7686,0.9576,0.1156,0.9324,0.9576,1,0,0
65,other,2026-W19,full,0.7686,0.4617,0.0674,0.9324,0.7479149399999999,0,0,0
65,other,2026-W19,no_b,0.7686,0.4617,0.0674,0.9324,0.03111858,0,0,0
65,other,2026-W19,no_d,0.7686,0.4617,0.0674,0.9324,0.7841963599999999,0,0,0
65,other,2026-W19,no_r,0.7686,0.4617,0.0674,0.9324,0.4617,0,0,0
65,other,2026-W20,full,0.7686,1.5208,0.0674,0.9324,0.8192982799999999,0,0,0
65,other,2026-W20,no_b,0.7686,1.5208,0.0674,0.9324,0.10250192,0,0,0
65,other,2026-W20,no_d,0.7686,1.5208,0.0674,0.9324,0.7841963599999999,0,0,0
65,other,2026-W20,no_r,0.7686,1.5208,0.0674,0.9324,1.5208,1,0,0
65,other,2026-W21,full,0.7686,0.4617,0.0229,0.9324,0.76157199,0,0,0
65,other,2026-W21,no_b,0.7686,0.4617,0.0229,0.9324,0.01057293,0,0,0
65,other,2026-W21,no_d,0.7686,0.4617,0.0229,0.9324,0.77389906,0,0,0
65,other,2026-W21,no_r,0.7686,0.4617,0.0229,0.9324,0.4617,0,0,0
65,other,2026-W22,full,0.7686,0.4617,0.0229,0.9324,0.76157199,0,0,0
65,other,2026-W22,no_b,0.7686,0.4617,0.0229,0.9324,0.01057293,0,0,0
65,other,2026-W22,no_d,0.7686,0.4617,0.0229,0.9324,0.77389906,0,0,0
65,other,2026-W22,no_r,0.7686,0.4617,0.0229,0.9324,0.4617,0,0,0
66,mourning,2026-W12,full,0.7678,0.6591,1.0,0.8328,0.6591,0,0,0
66,mourning,2026-W12,no_b,0.7678,0.6591,1.0,0.8328,0.6591,0,0,0
66,mourning,2026-W12,no_d,0.7678,0.6591,1.0,0.8328,1.0,1,0,0
66,mourning,2026-W12,no_r,0.7678,0.6591,1.0,0.8328,0.6591,0,0,0
66,mourning,2026-W13,full,0.7678,1.3604,1.0,0.8328,1.3604,1,1,1
66,mourning,2026-W13,no_b,0.7678,1.3604,1.0,0.8328,1.3604,1,1,1
66,mourning,2026-W13,no_d,0.7678,1.3604,1.0,0.8328,1.0,1,1,1
66,mourning,2026-W13,no_r,0.7678,1.3604,1.0,0.8328,1.3604,1,1,1
66,mourning,2026-W14,full,0.7678,0.949,0.4961,0.8328,0.85769332,1,1,1
66,mourning,2026-W14,no_b,0.7678,0.949,0.4961,0.8328,0.47079889999999996,0,1,1
66,mourning,2026-W14,no_d,0.7678,0.949,0.4961,0.8328,0.8829944200000001,1,1,1
66,mourning,2026-W14,no_r,0.7678,0.949,0.4961,0.8328,0.949,1,1,1
66,mourning,2026-W15,full,0.7678,0.7462,0.3747,0.8328,0.75970648,0,0,0
66,mourning,2026-W15,no_b,0.7678,0.7462,0.3747,0.8328,0.27960113999999997,0,0,0
66,mourning,2026-W15,no_d,0.7678,0.7462,0.3747,0.8328,0.85480534,1,0,0
66,mourning,2026-W15,no_r,0.7678,0.7462,0.3747,0.8328,0.7462,0,0,0
66,mourning,2026-W16,full,0.7678,0.7462,0.3257,0.8328,0.76076488,0,0,0
66,mourning,2026-W16,no_b,0.7678,0.7462,0.3257,0.8328,0.24303734,0,0,0
66,mourning,2026-W16,no_d,0.7678,0.7462,0.3257,0.8328,0.84342754,1,0,0
66,mourning,2026-W16,no_r,0.7678,0.7462,0.3257,0.8328,0.7462,0,0,0
66,mourning,2026-W17,full,0.7678,0.7462,0.2831,0.8328,0.76168504,0,0,0
66,mourning,2026-W17,no_b,0.7678,0.7462,0.2831,0.8328,0.21124922000000002,0,0,0
66,mourning,2026-W17,no_d,0.7678,0.7462,0.2831,0.8328,0.83353582,1,0,0
66,mourning,2026-W17,no_r,0.7678,0.7462,0.2831,0.8328,0.7462,0,0,0
66,mourning,2026-W18,full,0.7678,0.7462,0.2461,0.8328,0.76248424,0,0,0
66,mourning,2026-W18,no_b,0.7678,0.7462,0.2461,0.8328,0.18363982,0,0,0
66,mourning,2026-W18,no_d,0.7678,0.7462,0.2461,0.8328,0.82494442,0,0,0
66,mourning,2026-W18,no_r,0.7678,0.7462,0.2461,0.8328,0.7462,0,0,0
66,mourning,2026-W19,full,0.7678,0.7462,0.2139,0.8328,0.76317976,0,0,0
66,mourning,2026-W19,no_b,0.7678,0.7462,0.2139,0.8328,0.15961218,0,0,0
66,mourning,2026-W19,no_d,0.7678,0.7462,0.2139,0.8328,0.8174675800000001,0,0,0
66,mourning,2026-W19,no_r,0.7678,0.7462,0.2139,0.8328,0.7462,0,0,0
66,mourning,2026-W20,full,0.7678,0.7462,0.1859,0.8328,0.7637845600000001,0,0,0
66,mourning,2026-W20,no_b,0.7678,0.7462,0.1859,0.8328,0.13871858,0,0,0
66,mourning,2026-W20,no_d,0.7678,0.7462,0.1859,0.8328,0.81096598,0,0,0
66,mourning,2026-W20,no_r,0.7678,0.7462,0.1859,0.8328,0.7462,0,0,0
66,mourning,2026-W21,full,0.7678,0.6591,0.1616,0.8328,0.75023408,0,0,0
66,mourning,2026-W21,no_b,0.7678,0.6591,0.1616,0.8328,0.10651056,0,0,0
66,mourning,2026-W21,no_d,0.7678,0.6591,0.1616,0.8328,0.8053235200000001,0,0,0
66,mourning,2026-W21,no_r,0.7678,0.6591,0.1616,0.8328,0.6591,0,0,0
66,mourning,2026-W22,full,0.7678,0.6591,0.1616,0.8328,0.75023408,0,0,0
66,mourning,2026-W22,no_b,0.7678,0.6591,0.1616,0.8328,0.10651056,0,0,0
66,mourning,2026-W22,no_d,0.7678,0.6591,0.1616,0.8328,0.8053235200000001,0,0,0
66,mourning,2026-W22,no_r,0.7678,0.6591,0.1616,0.8328,0.6591,0,0,0
67,other,2026-W12,full,0.7686,0.3681,1.0,0.8749,0.3681,0,0,0
67,other,2026-W12,no_b,0.7686,0.3681,1.0,0.8749,0.3681,0,0,0
67,other,2026-W12,no_d,0.7686,0.3681,1.0,0.8749,1.0,1,0,0
67,other,2026-W12,no_r,0.7686,0.3681,1.0,0.8749,0.3681,0,0,0
67,other,2026-W13,full,0.7686,0.542,1.0,0.8749,0.542,0,0,0
67,other,2026-W13,no_b,0.7686,0.542,1.0,0.8749,0.542,0,0,0
67,other,2026-W13,no_d,0.7686,0.542,1.0,0.8749,1.0,1,0,0
67,other,2026-W13,no_r,0.7686,0.542,1.0,0.8749,0.542,0,0,0
67,other,2026-W14,full,0.7686,0.542,0.7733,0.8749,0.5933702200000001,0,0,0
67,other,2026-W14,no_b,0.7686,0.542,0.7733,0.8749,0.4191286,0,0,0
67,other,2026-W14,no_d,0.7686,0.542,0.7733,0.8749,0.94754162,1,0,0
67,other,2026-W14,no_r,0.7686,0.542,0.7733,0.8749,0.542,0,0,0
67,other,2026-W15,full,0.7686,1.3958,0.5979,0.8749,1.14360288,1,1,1
67,other,2026-W15,no_b,0.7686,1.3958,0.5979,0.8749,0.83454882,0,1,1
67,other,2026-W15,no_d,0.7686,1.3958,0.5979,0.8749,0.90695406,1,1,1
67,other,2026-W15,no_r,0.7686,1.3958,0.5979,0.8749,1.3958,1,1,1
67,other,2026-W16,full,0.7686,1.6114,0.2765,0.8749,1.0016342,1,1,1
67,other,2026-W16,no_b,0.7686,1.6114,0.2765,0.8749,0.4455521,0,1,1
67,other,2026-W16,no_d,0.7686,1.6114,0.2765,0.8749,0.8325821,0,1,1
67,other,2026-W16,no_r,0.7686,1.6114,0.2765,0.8749,1.6114,1,1,1
67,other,2026-W17,full,0.7686,0.9502,0.0989,0.8749,0.7865602399999999,0,0,0
67,other,2026-W17,no_b,0.7686,0.9502,0.0989,0.8749,0.09397478000000001,0,0,0
67,other,2026-W17,no_d,0.7686,0.9502,0.0989,0.8749,0.79148546,0,0,0
67,other,2026-W17,no_r,0.7686,0.9502,0.0989,0.8749,0.9502,1,0,0
67,other,2026-W18,full,0.7686,1.3958,0.0591,0.8749,0.80566752,0,0,0
67,other,2026-W18,no_b,0.7686,1.3958,0.0591,0.8749,0.08249178,0,0,0
67,other,2026-W18,no_d,0.7686,1.3958,0.0591,0.8749,0.78227574,0,0,0
67,other,2026-W18,no_r,0.7686,1.3958,0.0591,0.8749,1.3958,1,0,0
67,other,2026-W19,full,0.7686,1.3958,0.0273,0.8749,0.78572256,0,0,0
67,other,2026-W19,no_b,0.7686,1.3958,0.0273,0.8749,0.03810534,0,0,0
67,other,2026-W19,no_d,0.7686,1.3958,0.0273,0.8749,0.77491722,0,0,0
67,other,2026-W19,no_r,0.7686,1.3958,0.0273,0.8749,1.3958,1,0,0
67,other,2026-W20,full,0.7686,0.542,0.0126,0.8749,0.76574484,0,0,0
67,other,2026-W20,no_b,0.7686,0.542,0.0126,0.8749,0.0068292000000000005,0,0,0
67,other,2026-W20,no_d,0.7686,0.542,0.0126,0.8749,0.77151564,0,0,0
67,other,2026-W20,no_r,0.7686,0.542,0.0126,0.8749,0.542,0,0,0
67,other,2026-W21,full,0.7686,0.3681,0.0098,0.8749,0.7646750999999999,0,0,0
67,other,2026-W21,no_b,0.7686,0.3681,0.0098,0.8749,0.00360738,0,0,0
67,other,2026-W21,no_d,0.7686,0.3681,0.0098,0.8749,0.7708677199999999,0,0,0
67,other,2026-W21,no_r,0.7686,0.3681,0.0098,0.8749,0.3681,0,0,0
67,other,2026-W22,full,0.7686,0.3681,0.0098,0.8749,0.7646750999999999,0,0,0
67,other,2026-W22,no_b,0.7686,0.3681,0.0098,0.8749,0.00360738,0,0,0
67,other,2026-W22,no_d,0.7686,0.3681,0.0098,0.8749,0.7708677199999999,0,0,0
67,other,2026-W22,no_r,0.7686,0.3681,0.0098,0.8749,0.3681,0,0,0
68,marketing,2026-W12,full,0.8252,1.0853,1.0,1.09,1.0853,0,0,0
68,marketing,2026-W12,no_b,0.8252,1.0853,1.0,1.09,1.0853,0,0,0
68,marketing,2026-W12,no_d,0.8252,1.0853,1.0,1.09,1.0,0,0,0
68,marketing,2026-W12,no_r,0.8252,1.0853,1.0,1.09,1.0853,0,0,0
68,marketing,2026-W13,full,0.8252,1.0688,0.5825,1.09,0.967097,0,0,0
68,marketing,2026-W13,no_b,0.8252,1.0688,0.5825,1.09,0.622576,0,0,0
68,marketing,2026-W13,no_d,0.8252,1.0688,0.5825,1.09,0.927021,0,0,0
68,marketing,2026-W13,no_r,0.8252,1.0688,0.5825,1.09,1.0688,0,0,0
68,marketing,2026-W14,full,0.8252,1.0366,0.4278,1.09,0.91563692,0,0,0
68,marketing,2026-W14,no_b,0.8252,1.0366,0.4278,1.09,0.44345748,0,0,0
68,marketing,2026-W14,no_d,0.8252,1.0366,0.4278,1.09,0.8999794400000001,0,0,0
68,marketing,2026-W14,no_r,0.8252,1.0366,0.4278,1.09,1.0366,0,0,0
68,marketing,2026-W15,full,0.8252,1.0807,0.3393,1.09,0.91189115,0,0,0
68,marketing,2026-W15,no_b,0.8252,1.0807,0.3393,1.09,0.36668151,0,0,0
68,marketing,2026-W15,no_d,0.8252,1.0807,0.3393,1.09,0.88450964,0,0,0
68,marketing,2026-W15,no_r,0.8252,1.0807,0.3393,1.09,1.0807,0,0,0
68,marketing,2026-W16,full,0.8252,0.9835,0.2307,1.09,0.8617198100000001,0,0,0
68,marketing,2026-W16,no_b,0.8252,0.9835,0.2307,1.09,0.22689345,0,0,0
68,marketing,2026-W16,no_d,0.8252,0.9835,0.2307,1.09,0.86552636,0,0,0
68,marketing,2026-W16,no_r,0.8252,0.9835,0.2307,1.09,0.9835,0,0,0
68,marketing,2026-W17,full,0.8252,0.9835,0.1977,1.09,0.85649591,0,0,0
68,marketing,2026-W17,no_b,0.8252,0.9835,0.1977,1.09,0.19443795,0,0,0
68,marketing,2026-W17,no_d,0.8252,0.9835,0.1977,1.09,0.85975796,0,0,0
68,marketing,2026-W17,no_r,0.8252,0.9835,0.1977,1.09,0.9835,0,0,0
68,marketing,2026-W18,full,0.8252,1.0807,0.1694,1.09,0.8684817,0,0,0
68,marketing,2026-W18,no_b,0.8252,1.0807,0.1694,1.09,0.18307057999999998,0,0,0
68,marketing,2026-W18,no_d,0.8252,1.0807,0.1694,1.09,0.85481112,0,0,0
68,marketing,2026-W18,no_r,0.8252,1.0807,0.1694,1.09,1.0807,0,0,0
68,marketing,2026-W19,full,0.8252,1.0807,0.1152,1.09,0.8546336,0,0,0
68,marketing,2026-W19,no_b,0.8252,1.0807,0.1152,1.09,0.12449663999999999,0,0,0
68,marketing,2026-W19,no_d,0.8252,1.0807,0.1152,1.09,0.84533696,0,0,0
68,marketing,2026-W19,no_r,0.8252,1.0807,0.1152,1.09,1.0807,0,0,0
68,marketing,2026-W20,full,0.8252,0.9835,0.0783,1.09,0.8375948900000001,0,0,0
68,marketing,2026-W20,no_b,0.8252,0.9835,0.0783,1.09,0.07700805,0,0,0
68,marketing,2026-W20,no_d,0.8252,0.9835,0.0783,1.09,0.83888684,0,0,0
68,marketing,2026-W20,no_r,0.8252,0.9835,0.0783,1.09,0.9835,0,0,0
68,marketing,2026-W21,full,0.8252,1.0688,0.0671,1.09,0.84154556,0,0,0
68,marketing,2026-W21,no_b,0.8252,1.0688,0.0671,1.09,0.07171648,0,0,0
68,marketing,2026-W21,no_d,0.8252,1.0688,0.0671,1.09,0.83692908,0,0,0
68,marketing,2026-W21,no_r,0.8252,1.0688,0.0671,1.09,1.0688,0,0,0
68,marketing,2026-W22,full,0.8252,0.9835,0.0493,1.09,0.83300419,0,0,0
68,marketing,2026-W22,no_b,0.8252,0.9835,0.0493,1.09,0.048486549999999996,0,0,0
68,marketing,2026-W22,no_d,0.8252,0.9835,0.0493,1.09,0.83381764,0,0,0
68,marketing,2026-W22,no_r,0.8252,0.9835,0.0493,1.09,0.9835,0,0,0
69,other,2026-W12,full,0.7686,0.4218,1.0,1.1176,0.4218,0,0,0
69,other,2026-W12,no_b,0.7686,0.4218,1.0,1.1176,0.4218,0,0,0
69,other,2026-W12,no_d,0.7686,0.4218,1.0,1.1176,1.0,0,0,0
69,other,2026-W12,no_r,0.7686,0.4218,1.0,1.1176,0.4218,0,0,0
69,other,2026-W13,full,0.7686,0.9544,1.0,1.1176,0.9544,0,0,0
69,other,2026-W13,no_b,0.7686,0.9544,1.0,1.1176,0.9544,0,0,0
69,other,2026-W13,no_d,0.7686,0.9544,1.0,1.1176,1.0,0,0,0
69,other,2026-W13,no_r,0.7686,0.9544,1.0,1.1176,0.9544,0,0,0
69,other,2026-W14,full,0.7686,0.4218,0.5054,1.1176,0.59332728,0,0,0
69,other,2026-W14,no_b,0.7686,0.4218,0.5054,1.1176,0.21317772,0,0,0
69,other,2026-W14,no_d,0.7686,0.4218,0.5054,1.1176,0.88554956,0,0,0
69,other,2026-W14,no_r,0.7686,0.4218,0.5054,1.1176,0.4218,0,0,0
69,other,2026-W15,full,0.7686,1.3621,0.5054,1.1176,1.0685549,0,0,0
69,other,2026-W15,no_b,0.7686,1.3621,0.5054,1.1176,0.68840534,0,0,0
69,other,2026-W15,no_d,0.7686,1.3621,0.5054,1.1176,0.88554956,0,0,0
69,other,2026-W15,no_r,0.7686,1.3621,0.5054,1.1176,1.3621,1,0,0
69,other,2026-W16,full,0.7686,1.3621,0.1816,1.1176,0.8763795999999999,0,0,0
69,other,2026-W16,no_b,0.7686,1.3621,0.1816,1.1176,0.24735736000000003,0,0,0
69,other,2026-W16,no_d,0.7686,1.3621,0.1816,1.1176,0.8106222399999999,0,0,0
69,other,2026-W16,no_r,0.7686,1.3621,0.1816,1.1176,1.3621,1,0,0
69,other,2026-W17,full,0.7686,1.5594,0.0652,1.1176,0.8201601599999999,0,0,0
69,other,2026-W17,no_b,0.7686,1.5594,0.0652,1.1176,0.10167287999999998,0,0,0
69,other,2026-W17,no_d,0.7686,1.5594,0.0652,1.1176,0.78368728,0,0,0
69,other,2026-W17,no_r,0.7686,1.5594,0.0652,1.1176,1.5594,1,0,0
69,other,2026-W18,full,0.7686,1.3621,0.0167,1.1176,0.77851145,0,0,0
69,other,2026-W18,no_b,0.7686,1.3621,0.0167,1.1176,0.02274707,0,0,0
69,other,2026-W18,no_d,0.7686,1.3621,0.0167,1.1176,0.77246438,0,0,0
69,other,2026-W18,no_r,0.7686,1.3621,0.0167,1.1176,1.3621,1,0,0
69,other,2026-W19,full,0.7686,1.6188,0.006,1.1176,0.7737012,0,0,0
69,other,2026-W19,no_b,0.7686,1.6188,0.006,1.1176,0.0097128,0,0,0
69,other,2026-W19,no_d,0.7686,1.6188,0.006,1.1176,0.7699883999999999,0,0,0
69,other,2026-W19,no_r,0.7686,1.6188,0.006,1.1176,1.6188,1,0,0
69,other,2026-W20,full,0.7686,0.4218,0.0011,1.1176,0.7682185199999999,0,0,0
69,other,2026-W20,no_b,0.7686,0.4218,0.0011,1.1176,0.00046398,0,0,0
69,other,2026-W20,no_d,0.7686,0.4218,0.0011,1.1176,0.76885454,0,0,0
69,other,2026-W20,no_r,0.7686,0.4218,0.0011,1.1176,0.4218,0,0,0
69,other,2026-W21,full,0.7686,0.4218,0.0011,1.1176,0.7682185199999999,0,0,0
69,other,2026-W21,no_b,0.7686,0.4218,0.0011,1.1176,0.00046398,0,0,0
69,other,2026-W21,no_d,0.7686,0.4218,0.0011,1.1176,0.76885454,0,0,0
69,other,2026-W21,no_r,0.7686,0.4218,0.0011,1.1176,0.4218,0,0,0
69,other,2026-W22,full,0.7686,0.581,0.0011,1.1176,0.76839364,0,0,0
69,other,2026-W22,no_b,0.7686,0.581,0.0011,1.1176,0.0006391,0,0,0
69,other,2026-W22,no_d,0.7686,0.581,0.0011,1.1176,0.76885454,0,0,0
69,other,2026-W22,no_r,0.7686,0.581,0.0011,1.1176,0.581,0,0,0
70,mourning,2026-W12,full,0.7678,0.633,1.0,1.0682,0.633,0,0,0
70,mourning,2026-W12,no_b,0.7678,0.633,1.0,1.0682,0.633,0,0,0
70,mourning,2026-W12,no_d,0.7678,0.633,1.0,1.0682,1.0,0,0,0
70,mourning,2026-W12,no_r,0.7678,0.633,1.0,1.0682,0.633,0,0,0
70,mourning,2026-W13,full,0.7678,1.3881,1.0,1.0682,1.3881,1,1,1
70,mourning,2026-W13,no_b,0.7678,1.3881,1.0,1.0682,1.3881,1,1,1
70,mourning,2026-W13,no_d,0.7678,1.3881,1.0,1.0682,1.0,0,1,1
70,mourning,2026-W13,no_r,0.7678,1.3881,1.0,1.0682,1.3881,1,1,1
70,mourning,2026-W14,full,0.7678,1.401,0.5261,1.0682,1.10092652,1,1,1
70,mourning,2026-W14,no_b,0.7678,1.401,0.5261,1.0682,0.7370661000000001,0,1,1
70,mourning,2026-W14,no_d,0.7678,1.401,0.5261,1.0682,0.88996042,0,1,1
70,mourning,2026-W14,no_r,0.7678,1.401,0.5261,1.0682,1.401,1,1,1
70,mourning,2026-W15,full,0.7678,1.3881,0.2435,1.0682,0.91884305,0,0,0
70,mourning,2026-W15,no_b,0.7678,1.3881,0.2435,1.0682,0.33800234999999995,0,0,0
70,mourning,2026-W15,no_d,0.7678,1.3881,0.2435,1.0682,0.8243407,0,0,0
70,mourning,2026-W15,no_r,0.7678,1.3881,0.2435,1.0682,1.3881,1,0,0
70,mourning,2026-W16,full,0.7678,0.7267,0.1281,1.0682,0.7625350900000001,0,0,0
70,mourning,2026-W16,no_b,0.7678,0.7267,0.1281,1.0682,0.09309026999999999,0,0,0
70,mourning,2026-W16,no_d,0.7678,0.7267,0.1281,1.0682,0.79754482,0,0,0
70,mourning,2026-W16,no_r,0.7678,0.7267,0.1281,1.0682,0.7267,0,0,0
70,mourning,2026-W17,full,0.7678,0.7267,0.1127,1.0682,0.76316803,0,0,0
70,mourning,2026-W17,no_b,0.7678,0.7267,0.1127,1.0682,0.08189909,0,0,0
70,mourning,2026-W17,no_d,0.7678,0.7267,0.1127,1.0682,0.7939689400000001,0,0,0
70,mourning,2026-W17,no_r,0.7678,0.7267,0.1127,1.0682,0.7267,0,0,0
70,mourning,2026-W18,full,0.7678,0.945,0.0991,1.0682,0.78536052,0,0,0
70,mourning,2026-W18,no_b,0.7678,0.945,0.0991,1.0682,0.09364949999999998,0,0,0
70,mourning,2026-W18,no_d,0.7678,0.945,0.0991,1.0682,0.79081102,0,0,0
70,mourning,2026-W18,no_r,0.7678,0.945,0.0991,1.0682,0.945,0,0,0
70,mourning,2026-W19,full,0.7678,0.945,0.0766,1.0682,0.78137352,0,0,0
70,mourning,2026-W19,no_b,0.7678,0.945,0.0766,1.0682,0.07238699999999999,0,0,0
70,mourning,2026-W19,no_d,0.7678,0.945,0.0766,1.0682,0.7855865200000001,0,0,0
70,mourning,2026-W19,no_r,0.7678,0.945,0.0766,1.0682,0.945,0,0,0
70,mourning,2026-W20,full,0.7678,0.7267,0.0593,1.0682,0.7653627700000001,0,0,0
70,mourning,2026-W20,no_b,0.7678,0.7267,0.0593,1.0682,0.04309331,0,0,0
70,mourning,2026-W20,no_d,0.7678,0.7267,0.0593,1.0682,0.78156946,0,0,0
70,mourning,2026-W20,no_r,0.7678,0.7267,0.0593,1.0682,0.7267,0,0,0
70,mourning,2026-W21,full,0.7678,0.633,0.0521,1.0682,0.7607769200000001,0,0,0
70,mourning,2026-W21,no_b,0.7678,0.633,0.0521,1.0682,0.0329793,0,0,0
70,mourning,2026-W21,no_d,0.7678,0.633,0.0521,1.0682,0.7798976200000001,0,0,0
70,mourning,2026-W21,no_r,0.7678,0.633,0.0521,1.0682,0.633,0,0,0
70,mourning,2026-W22,full,0.7678,0.945,0.0521,1.0682,0.77703212,0,0,0
70,mourning,2026-W22,no_b,0.7678,0.945,0.0521,1.0682,0.0492345,0,0,0
70,mourning,2026-W22,no_d,0.7678,0.945,0.0521,1.0682,0.7798976200000001,0,0,0
70,mourning,2026-W22,no_r,0.7678,0.945,0.0521,1.0682,0.945,0,0,0
71,meme,2026-W12,full,0.7755,0.5556,1.0,1.0548,0.5556,0,0,0
71,meme,2026-W12,no_b,0.7755,0.5556,1.0,1.0548,0.5556,0,0,0
71,meme,2026-W12,no_d,0.7755,0.5556,1.0,1.0548,1.0,0,0,0
71,meme,2026-W12,no_r,0.7755,0.5556,1.0,1.0548,0.5556,0,0,0
71,meme,2026-W13,full,0.7755,0.5556,1.0,1.0548,0.5556,0,0,0
71,meme,2026-W13,no_b,0.7755,0.5556,1.0,1.0548,0.5556,0,0,0
71,meme,2026-W13,no_d,0.7755,0.5556,1.0,1.0548,1.0,0,0,0
71,meme,2026-W13,no_r,0.7755,0.5556,1.0,1.0548,0.5556,0,0,0
71,meme,2026-W14,full,0.7755,0.7,1.0,1.0548,0.7,0,0,0
71,meme,2026-W14,no_b,0.7755,0.7,1.0,1.0548,0.7,0,0,0
71,meme,2026-W14,no_d,0.7755,0.7,1.0,1.0548,1.0,0,0,0
71,meme,2026-W14,no_r,0.7755,0.7,1.0,1.0548,0.7,0,0,0
71,meme,2026-W15,full,0.7755,0.5556,0.9101,1.0548,0.57536901,0,0,0
71,meme,2026-W15,no_b,0.7755,0.5556,0.9101,1.0548,0.50565156,0,0,0
71,meme,2026-W15,no_d,0.7755,0.5556,0.9101,1.0548,0.97981745,0,0,0
71,meme,2026-W15,no_r,0.7755,0.5556,0.9101,1.0548,0.5556,0,0,0
71,meme,2026-W16,full,0.7755,0.5556,0.9101,1.0548,0.57536901,0,0,0
71,meme,2026-W16,no_b,0.7755,0.5556,0.9101,1.0548,0.50565156,0,0,0
71,meme,2026-W16,no_d,0.7755,0.5556,0.9101,1.0548,0.97981745,0,0,0
71,meme,2026-W16,no_r,0.7755,0.5556,0.9101,1.0548,0.5556,0,0,0
71,meme,2026-W17,full,0.7755,0.5556,0.9101,1.0548,0.57536901,0,0,0
71,meme,2026-W17,no_b,0.7755,0.5556,0.9101,1.0548,0.50565156,0,0,0
71,meme,2026-W17,no_d,0.7755,0.5556,0.9101,1.0548,0.97981745,0,0,0
71,meme,2026-W17,no_r,0.7755,0.5556,0.9101,1.0548,0.5556,0,0,0
71,meme,2026-W18,full,0.7755,0.7,0.9101,1.0548,0.70678745,0,0,0
71,meme,2026-W18,no_b,0.7755,0.7,0.9101,1.0548,0.63707,0,0,0
71,meme,2026-W18,no_d,0.7755,0.7,0.9101,1.0548,0.97981745,0,0,0
71,meme,2026-W18,no_r,0.7755,0.7,0.9101,1.0548,0.7,0,0,0
71,meme,2026-W19,full,0.7755,0.7,0.8283,1.0548,0.71296335,0,0,0
71,meme,2026-W19,no_b,0.7755,0.7,0.8283,1.0548,0.5798099999999999,0,0,0
71,meme,2026-W19,no_d,0.7755,0.7,0.8283,1.0548,0.96145335,0,0,0
71,meme,2026-W19,no_r,0.7755,0.7,0.8283,1.0548,0.7,0,0,0
71,meme,2026-W20,full,0.7755,1.4566,0.7539,1.0548,1.28898129,1,1,1
71,meme,2026-W20,no_b,0.7755,1.4566,0.7539,1.0548,1.09813074,1,1,1
71,meme,2026-W20,no_d,0.7755,1.4566,0.7539,1.0548,0.94475055,0,1,1
71,meme,2026-W20,no_r,0.7755,1.4566,0.7539,1.0548,1.4566,1,1,1
71,meme,2026-W21,full,0.7755,1.4895,0.5173,1.0548,1.1448521999999999,1,1,1
71,meme,2026-W21,no_b,0.7755,1.4895,0.5173,1.0548,0.77051835,0,1,1
71,meme,2026-W21,no_d,0.7755,1.4895,0.5173,1.0548,0.89163385,0,1,1
71,meme,2026-W21,no_r,0.7755,1.4895,0.5173,1.0548,1.4895,1,1,1
71,meme,2026-W22,full,0.7755,1.4909,0.294,1.0548,0.9858275999999999,0,0,0
71,meme,2026-W22,no_b,0.7755,1.4909,0.294,1.0548,0.43832459999999995,0,0,0
71,meme,2026-W22,no_d,0.7755,1.4909,0.294,1.0548,0.841503,0,0,0
71,meme,2026-W22,no_r,0.7755,1.4909,0.294,1.0548,1.4909,1,0,0
72,other,2026-W12,full,0.7686,0.4848,1.0,1.1201,0.4848,0,0,0
72,other,2026-W12,no_b,0.7686,0.4848,1.0,1.1201,0.4848,0,0,0
72,other,2026-W12,no_d,0.7686,0.4848,1.0,1.1201,1.0,0,0,0
72,other,2026-W12,no_r,0.7686,0.4848,1.0,1.1201,0.4848,0,0,0
72,other,2026-W13,full,0.7686,0.6266,1.0,1.1201,0.6266,0,0,0
72,other,2026-W13,no_b,0.7686,0.6266,1.0,1.1201,0.6266,0,0,0
72,other,2026-W13,no_d,0.7686,0.6266,1.0,1.1201,1.0,0,0,0
72,other,2026-W13,no_r,0.7686,0.6266,1.0,1.1201,0.6266,0,0,0
72,other,2026-W14,full,0.7686,0.6266,0.7654,1.1201,0.6599132000000001,0,0,0
72,other,2026-W14,no_b,0.7686,0.6266,0.7654,1.1201,0.47959964,0,0,0
72,other,2026-W14,no_d,0.7686,0.6266,0.7654,1.1201,0.94571356,0,0,0
72,other,2026-W14,no_r,0.7686,0.6266,0.7654,1.1201,0.6266,0,0,0
72,other,2026-W15,full,0.7686,0.9594,0.5859,1.1201,0.8803897199999999,0,0,0
72,other,2026-W15,no_b,0.7686,0.9594,0.5859,1.1201,0.56211246,0,0,0
72,other,2026-W15,no_d,0.7686,0.9594,0.5859,1.1201,0.90417726,0,0,0
72,other,2026-W15,no_r,0.7686,0.9594,0.5859,1.1201,0.9594,0,0,0
72,other,2026-W16,full,0.7686,0.6266,0.3432,1.1201,0.7198656,0,0,0
72,other,2026-W16,no_b,0.7686,0.6266,0.3432,1.1201,0.21504912,0,0,0
72,other,2026-W16,no_d,0.7686,0.6266,0.3432,1.1201,0.84801648,0,0,0
72,other,2026-W16,no_r,0.7686,0.6266,0.3432,1.1201,0.6266,0,0,0
72,other,2026-W17,full,0.7686,0.9594,0.2627,1.1201,0.81872316,0,0,0
72,other,2026-W17,no_b,0.7686,0.9594,0.2627,1.1201,0.25203438,0,0,0
72,other,2026-W17,no_d,0.7686,0.9594,0.2627,1.1201,0.8293887799999999,0,0,0
72,other,2026-W17,no_r,0.7686,0.9594,0.2627,1.1201,0.9594,0,0,0
72,other,2026-W18,full,0.7686,0.6266,0.1539,1.1201,0.7467461999999999,0,0,0
72,other,2026-W18,no_b,0.7686,0.6266,0.1539,1.1201,0.09643374000000002,0,0,0
72,other,2026-W18,no_d,0.7686,0.6266,0.1539,1.1201,0.80421246,0,0,0
72,other,2026-W18,no_r,0.7686,0.6266,0.1539,1.1201,0.6266,0,0,0
72,other,2026-W19,full,0.7686,0.6266,0.1178,1.1201,0.7518724,0,0,0
72,other,2026-W19,no_b,0.7686,0.6266,0.1178,1.1201,0.07381348,0,0,0
72,other,2026-W19,no_d,0.7686,0.6266,0.1178,1.1201,0.7958589199999999,0,0,0
72,other,2026-W19,no_r,0.7686,0.6266,0.1178,1.1201,0.6266,0,0,0
72,other,2026-W20,full,0.7686,0.6266,0.0902,1.1201,0.7557916,0,0,0
72,other,2026-W20,no_b,0.7686,0.6266,0.0902,1.1201,0.056519320000000005,0,0,0
72,other,2026-W20,no_d,0.7686,0.6266,0.0902,1.1201,0.7894722799999999,0,0,0
72,other,2026-W20,no_r,0.7686,0.6266,0.0902,1.1201,0.6266,0,0,0
72,other,2026-W21,full,0.7686,0.6266,0.069,1.1201,0.758802,0,0,0
72,other,2026-W21,no_b,0.7686,0.6266,0.069,1.1201,0.04323540000000001,0,0,0
72,other,2026-W21,no_d,0.7686,0.6266,0.069,1.1201,0.7845666,0,0,0
72,other,2026-W21,no_r,0.7686,0.6266,0.069,1.1201,0.6266,0,0,0
72,other,2026-W22,full,0.7686,0.4848,0.0528,1.1201,0.75361536,0,0,0
72,other,2026-W22,no_b,0.7686,0.4848,0.0528,1.1201,0.02559744,0,0,0
72,other,2026-W22,no_d,0.7686,0.4848,0.0528,1.1201,0.7808179199999999,0,0,0
72,other,2026-W22,no_r,0.7686,0.4848,0.0528,1.1201,0.4848,0,0,0
73,marketing,2026-W12,full,0.8252,1.092,1.0,0.9152,1.092,1,1,1
73,marketing,2026-W12,no_b,0.8252,1.092,1.0,0.9152,1.092,1,1,1
73,marketing,2026-W12,no_d,0.8252,1.092,1.0,0.9152,1.0,1,1,1
73,marketing,2026-W12,no_r,0.8252,1.092,1.0,0.9152,1.092,1,1,1
73,marketing,2026-W13,full,0.8252,0.9821,0.6286,0.9152,0.92382734,1,1,1
73,marketing,2026-W13,no_b,0.8252,0.9821,0.6286,0.9152,0.61734806,0,1,1
73,marketing,2026-W13,no_d,0.8252,0.9821,0.6286,0.9152,0.9350792800000001,1,1,1
73,marketing,2026-W13,no_r,0.8252,0.9821,0.6286,0.9152,0.9821,1,1,1
73,marketing,2026-W14,full,0.8252,1.0743,0.5505,0.9152,0.96232955,1,1,1
73,marketing,2026-W14,no_b,0.8252,1.0743,0.5505,0.9152,0.59140215,0,1,1
73,marketing,2026-W14,no_d,0.8252,1.0743,0.5505,0.9152,0.9214274,1,1,1
73,marketing,2026-W14,no_r,0.8252,1.0743,0.5505,0.9152,1.0743,1,1,1
73,marketing,2026-W15,full,0.8252,0.9821,0.4222,0.9152,0.89144318,0,0,0
73,marketing,2026-W15,no_b,0.8252,0.9821,0.4222,0.9152,0.41464262,0,0,0
73,marketing,2026-W15,no_d,0.8252,0.9821,0.4222,0.9152,0.8990005600000001,0,0,0
73,marketing,2026-W15,no_r,0.8252,0.9821,0.4222,0.9152,0.9821,1,0,0
73,marketing,2026-W16,full,0.8252,1.0743,0.3698,0.9152,0.9173171800000001,1,1,1
73,marketing,2026-W16,no_b,0.8252,1.0743,0.3698,0.9152,0.39727614000000006,0,1,1
73,marketing,2026-W16,no_d,0.8252,1.0743,0.3698,0.9152,0.8898410400000001,0,1,1
73,marketing,2026-W16,no_r,0.8252,1.0743,0.3698,0.9152,1.0743,1,1,1
73,marketing,2026-W17,full,0.8252,1.0395,0.2836,0.9152,0.88597548,0,0,0
73,marketing,2026-W17,no_b,0.8252,1.0395,0.2836,0.9152,0.29480220000000007,0,0,0
73,marketing,2026-W17,no_d,0.8252,1.0395,0.2836,0.9152,0.87477328,0,0,0
73,marketing,2026-W17,no_r,0.8252,1.0395,0.2836,0.9152,1.0395,1,0,0
73,marketing,2026-W18,full,0.8252,1.0743,0.2325,0.9152,0.8831157500000001,0,0,0
73,marketing,2026-W18,no_b,0.8252,1.0743,0.2325,0.9152,0.24977475000000002,0,0,0
73,marketing,2026-W18,no_d,0.8252,1.0743,0.2325,0.9152,0.8658410000000001,0,0,0
73,marketing,2026-W18,no_r,0.8252,1.0743,0.2325,0.9152,1.0743,1,0,0
73,marketing,2026-W19,full,0.8252,1.0871,0.1783,0.9152,0.87189677,0,0,0
73,marketing,2026-W19,no_b,0.8252,1.0871,0.1783,0.9152,0.19382992999999998,0,0,0
73,marketing,2026-W19,no_d,0.8252,1.0871,0.1783,0.9152,0.8563668400000001,0,0,0
73,marketing,2026-W19,no_r,0.8252,1.0871,0.1783,0.9152,1.0871,1,0,0
73,marketing,2026-W20,full,0.8252,1.0743,0.128,0.9152,0.8570848000000001,0,0,0
73,marketing,2026-W20,no_b,0.8252,1.0743,0.128,0.9152,0.1375104,0,0,0
73,marketing,2026-W20,no_d,0.8252,1.0743,0.128,0.9152,0.8475744000000001,0,0,0
73,marketing,2026-W20,no_r,0.8252,1.0743,0.128,0.9152,1.0743,1,0,0
73,marketing,2026-W21,full,0.8252,0.9821,0.0982,0.9152,0.84060758,0,0,0
73,marketing,2026-W21,no_b,0.8252,0.9821,0.0982,0.9152,0.09644222,0,0,0
73,marketing,2026-W21,no_d,0.8252,0.9821,0.0982,0.9152,0.8423653600000001,0,0,0
73,marketing,2026-W21,no_r,0.8252,0.9821,0.0982,0.9152,0.9821,1,0,0
73,marketing,2026-W22,full,0.8252,0.9362,0.086,0.9152,0.834746,0,0,0
73,marketing,2026-W22,no_b,0.8252,0.9362,0.086,0.9152,0.0805132,0,0,0
73,marketing,2026-W22,no_d,0.8252,0.9362,0.086,0.9152,0.8402328,0,0,0
73,marketing,2026-W22,no_r,0.8252,0.9362,0.086,0.9152,0.9362,1,0,0
74,other,2026-W12,full,0.7686,0.4715,1.0,0.8487,0.4715,0,0,0
74,other,2026-W12,no_b,0.7686,0.4715,1.0,0.8487,0.4715,0,0,0
74,other,2026-W12,no_d,0.7686,0.4715,1.0,0.8487,1.0,1,0,0
74,other,2026-W12,no_r,0.7686,0.4715,1.0,0.8487,0.4715,0,0,0
74,other,2026-W13,full,0.7686,0.617,1.0,0.8487,0.617,0,0,0
74,other,2026-W13,no_b,0.7686,0.617,1.0,0.8487,0.617,0,0,0
74,other,2026-W13,no_d,0.7686,0.617,1.0,0.8487,1.0,1,0,0
74,other,2026-W13,no_r,0.7686,0.617,1.0,0.8487,0.617,0,0,0
74,other,2026-W14,full,0.7686,0.617,0.7135,0.8487,0.6604334,0,0,0
74,other,2026-W14,no_b,0.7686,0.617,0.7135,0.8487,0.4402295,0,0,0
74,other,2026-W14,no_d,0.7686,0.617,0.7135,0.8487,0.9337039,1,0,0
74,other,2026-W14,no_r,0.7686,0.617,0.7135,0.8487,0.617,0,0,0
74,other,2026-W15,full,0.7686,0.4715,0.5092,0.8487,0.61731668,0,0,0
74,other,2026-W15,no_b,0.7686,0.4715,0.5092,0.8487,0.2400878,0,0,0
74,other,2026-W15,no_d,0.7686,0.4715,0.5092,0.8487,0.88642888,1,0,0
74,other,2026-W15,no_r,0.7686,0.4715,0.5092,0.8487,0.4715,0,0,0
74,other,2026-W16,full,0.7686,0.617,0.5092,0.8487,0.69140528,0,0,0
74,other,2026-W16,no_b,0.7686,0.617,0.5092,0.8487,0.31417639999999997,0,0,0
74,other,2026-W16,no_d,0.7686,0.617,0.5092,0.8487,0.88642888,1,0,0
74,other,2026-W16,no_r,0.7686,0.617,0.5092,0.8487,0.617,0,0,0
74,other,2026-W17,full,0.7686,0.9584,0.3633,0.8487,0.83755434,0,0,0
74,other,2026-W17,no_b,0.7686,0.9584,0.3633,0.8487,0.34818672,0,0,0
74,other,2026-W17,no_d,0.7686,0.9584,0.3633,0.8487,0.85266762,1,0,0
74,other,2026-W17,no_r,0.7686,0.9584,0.3633,0.8487,0.9584,1,0,0
74,other,2026-W18,full,0.7686,1.3309,0.185,0.8487,0.8726254999999999,1,1,1
74,other,2026-W18,no_b,0.7686,1.3309,0.185,0.8487,0.2462165,0,1,1
74,other,2026-W18,no_d,0.7686,1.3309,0.185,0.8487,0.8114089999999999,0,1,1
74,other,2026-W18,no_r,0.7686,1.3309,0.185,0.8487,1.3309,1,1,1
74,other,2026-W19,full,0.7686,1.3309,0.0672,0.8487,0.80638656,0,0,0
74,other,2026-W19,no_b,0.7686,1.3309,0.0672,0.8487,0.08943648,0,0,0
74,other,2026-W19,no_d,0.7686,1.3309,0.0672,0.8487,0.78415008,0,0,0
74,other,2026-W19,no_r,0.7686,1.3309,0.0672,0.8487,1.3309,1,0,0
74,other,2026-W20,full,0.7686,0.4715,0.0244,0.8487,0.7613507599999999,0,0,0
74,other,2026-W20,no_b,0.7686,0.4715,0.0244,0.8487,0.0115046,0,0,0
74,other,2026-W20,no_d,0.7686,0.4715,0.0244,0.8487,0.7742461599999999,0,0,0
74,other,2026-W20,no_r,0.7686,0.4715,0.0244,0.8487,0.4715,0,0,0
74,other,2026-W21,full,0.7686,0.4715,0.0244,0.8487,0.7613507599999999,0,0,0
74,other,2026-W21,no_b,0.7686,0.4715,0.0244,0.8487,0.0115046,0,0,0
74,other,2026-W21,no_d,0.7686,0.4715,0.0244,0.8487,0.7742461599999999,0,0,0
74,other,2026-W21,no_r,0.7686,0.4715,0.0244,0.8487,0.4715,0,0,0
74,other,2026-W22,full,0.7686,0.4715,0.0244,0.8487,0.7613507599999999,0,0,0
74,other,2026-W22,no_b,0.7686,0.4715,0.0244,0.8487,0.0115046,0,0,0
74,other,2026-W22,no_d,0.7686,0.4715,0.0244,0.8487,0.7742461599999999,0,0,0
74,other,2026-W22,no_r,0.7686,0.4715,0.0244,0.8487,0.4715,0,0,0
75,marketing,2026-W12,full,0.8252,1.0967,1.0,1.1052,1.0967,0,0,0
75,marketing,2026-W12,no_b,0.8252,1.0967,1.0,1.1052,1.0967,0,0,0
75,marketing,2026-W12,no_d,0.8252,1.0967,1.0,1.1052,1.0,0,0,0
75,marketing,2026-W12,no_r,0.8252,1.0967,1.0,1.1052,1.0967,0,0,0
75,marketing,2026-W13,full,0.8252,0.9812,0.6777,1.1052,0.9309212,0,0,0
75,marketing,2026-W13,no_b,0.8252,0.9812,0.6777,1.1052,0.66495924,0,0,0
75,marketing,2026-W13,no_d,0.8252,0.9812,0.6777,1.1052,0.94366196,0,0,0
75,marketing,2026-W13,no_r,0.8252,0.9812,0.6777,1.1052,0.9812,0,0,0
75,marketing,2026-W14,full,0.8252,1.0415,0.6064,1.1052,0.95636432,0,0,0
75,marketing,2026-W14,no_b,0.8252,1.0415,0.6064,1.1052,0.6315656000000001,0,0,0
75,marketing,2026-W14,no_d,0.8252,1.0415,0.6064,1.1052,0.93119872,0,0,0
75,marketing,2026-W14,no_r,0.8252,1.0415,0.6064,1.1052,1.0415,0,0,0
75,marketing,2026-W15,full,0.8252,1.0781,0.5133,1.1052,0.95501357,0,0,0
75,marketing,2026-W15,no_b,0.8252,1.0781,0.5133,1.1052,0.55338873,0,0,0
75,marketing,2026-W15,no_d,0.8252,1.0781,0.5133,1.1052,0.9149248400000001,0,0,0
75,marketing,2026-W15,no_r,0.8252,1.0781,0.5133,1.1052,1.0781,0,0,0
75,marketing,2026-W16,full,0.8252,1.0916,0.4109,1.1052,0.93466376,0,0,0
75,marketing,2026-W16,no_b,0.8252,1.0916,0.4109,1.1052,0.4485384399999999,0,0,0
75,marketing,2026-W16,no_d,0.8252,1.0916,0.4109,1.1052,0.89702532,0,0,0
75,marketing,2026-W16,no_r,0.8252,1.0916,0.4109,1.1052,1.0916,0,0,0
75,marketing,2026-W17,full,0.8252,1.0415,0.3112,1.1052,0.89251256,0,0,0
75,marketing,2026-W17,no_b,0.8252,1.0415,0.3112,1.1052,0.3241148,0,0,0
75,marketing,2026-W17,no_d,0.8252,1.0415,0.3112,1.1052,0.87959776,0,0,0
75,marketing,2026-W17,no_r,0.8252,1.0415,0.3112,1.1052,1.0415,0,0,0
75,marketing,2026-W18,full,0.8252,1.0415,0.2634,1.1052,0.8821734200000001,0,0,0
75,marketing,2026-W18,no_b,0.8252,1.0415,0.2634,1.1052,0.27433110000000005,0,0,0
75,marketing,2026-W18,no_d,0.8252,1.0415,0.2634,1.1052,0.87124232,0,0,0
75,marketing,2026-W18,no_r,0.8252,1.0415,0.2634,1.1052,1.0415,0,0,0
75,marketing,2026-W19,full,0.8252,1.0916,0.223,1.1052,0.8846072,0,0,0
75,marketing,2026-W19,no_b,0.8252,1.0916,0.223,1.1052,0.24342679999999997,0,0,0
75,marketing,2026-W19,no_d,0.8252,1.0916,0.223,1.1052,0.8641804000000001,0,0,0
75,marketing,2026-W19,no_r,0.8252,1.0916,0.223,1.1052,1.0916,0,0,0
75,marketing,2026-W20,full,0.8252,0.933,0.1689,1.1052,0.84340742,0,0,0
75,marketing,2026-W20,no_b,0.8252,0.933,0.1689,1.1052,0.1575837,0,0,0
75,marketing,2026-W20,no_d,0.8252,0.933,0.1689,1.1052,0.8547237200000001,0,0,0
75,marketing,2026-W20,no_r,0.8252,0.933,0.1689,1.1052,0.933,0,0,0
75,marketing,2026-W21,full,0.8252,1.0916,0.1597,1.1052,0.86774408,0,0,0
75,marketing,2026-W21,no_b,0.8252,1.0916,0.1597,1.1052,0.17432852,0,0,0
75,marketing,2026-W21,no_d,0.8252,1.0916,0.1597,1.1052,0.85311556,0,0,0
75,marketing,2026-W21,no_r,0.8252,1.0916,0.1597,1.1052,1.0916,0,0,0
75,marketing,2026-W22,full,0.8252,1.0415,0.121,1.1052,0.8513723000000001,0,0,0
75,marketing,2026-W22,no_b,0.8252,1.0415,0.121,1.1052,0.1260215,0,0,0
75,marketing,2026-W22,no_d,0.8252,1.0415,0.121,1.1052,0.8463508000000001,0,0,0
75,marketing,2026-W22,no_r,0.8252,1.0415,0.121,1.1052,1.0415,0,0,0
76,other,2026-W12,full,0.7686,0.3726,1.0,0.8073,0.3726,0,0,0
76,other,2026-W12,no_b,0.7686,0.3726,1.0,0.8073,0.3726,0,0,0
76,other,2026-W12,no_d,0.7686,0.3726,1.0,0.8073,1.0,1,0,0
76,other,2026-W12,no_r,0.7686,0.3726,1.0,0.8073,0.3726,0,0,0
76,other,2026-W13,full,0.7686,0.5453,1.0,0.8073,0.5453,0,0,0
76,other,2026-W13,no_b,0.7686,0.5453,1.0,0.8073,0.5453,0,0,0
76,other,2026-W13,no_d,0.7686,0.5453,1.0,0.8073,1.0,1,0,0
76,other,2026-W13,no_r,0.7686,0.5453,1.0,0.8073,0.5453,0,0,0
76,other,2026-W14,full,0.7686,1.3929,0.7215,0.8073,1.21903245,1,1,1
76,other,2026-W14,no_b,0.7686,1.3929,0.7215,0.8073,1.00497735,1,1,1
76,other,2026-W14,no_d,0.7686,1.3929,0.7215,0.8073,0.9355551,1,1,1
76,other,2026-W14,no_r,0.7686,1.3929,0.7215,0.8073,1.3929,1,1,1
76,other,2026-W15,full,0.7686,0.5453,0.271,0.8073,0.7080856999999999,0,0,0
76,other,2026-W15,no_b,0.7686,0.5453,0.271,0.8073,0.1477763,0,0,0
76,other,2026-W15,no_d,0.7686,0.5453,0.271,0.8073,0.8313094,1,0,0
76,other,2026-W15,no_r,0.7686,0.5453,0.271,0.8073,0.5453,0,0,0
76,other,2026-W16,full,0.7686,1.3929,0.1955,0.8073,0.89065065,1,1,1
76,other,2026-W16,no_b,0.7686,1.3929,0.1955,0.8073,0.27231195,0,1,1
76,other,2026-W16,no_d,0.7686,1.3929,0.1955,0.8073,0.8138386999999999,1,1,1
76,other,2026-W16,no_r,0.7686,1.3929,0.1955,0.8073,1.3929,1,1,1
76,other,2026-W17,full,0.7686,0.9506,0.0734,0.8073,0.7819588,0,0,0
76,other,2026-W17,no_b,0.7686,0.9506,0.0734,0.8073,0.06977404000000001,0,0,0
76,other,2026-W17,no_d,0.7686,0.9506,0.0734,0.8073,0.78558476,0,0,0
76,other,2026-W17,no_r,0.7686,0.9506,0.0734,0.8073,0.9506,1,0,0
76,other,2026-W18,full,0.7686,1.3929,0.0382,0.8073,0.7924482599999999,0,0,0
76,other,2026-W18,no_b,0.7686,1.3929,0.0382,0.8073,0.05320878,0,0,0
76,other,2026-W18,no_d,0.7686,1.3929,0.0382,0.8073,0.77743948,0,0,0
76,other,2026-W18,no_r,0.7686,1.3929,0.0382,0.8073,1.3929,1,0,0
76,other,2026-W19,full,0.7686,0.5453,0.0144,0.8073,0.7653844799999999,0,0,0
76,other,2026-W19,no_b,0.7686,0.5453,0.0144,0.8073,0.00785232,0,0,0
76,other,2026-W19,no_d,0.7686,0.5453,0.0144,0.8073,0.77193216,0,0,0
76,other,2026-W19,no_r,0.7686,0.5453,0.0144,0.8073,0.5453,0,0,0
76,other,2026-W20,full,0.7686,0.5453,0.0104,0.8073,0.76627768,0,0,0
76,other,2026-W20,no_b,0.7686,0.5453,0.0104,0.8073,0.00567112,0,0,0
76,other,2026-W20,no_d,0.7686,0.5453,0.0104,0.8073,0.7710065599999999,0,0,0
76,other,2026-W20,no_r,0.7686,0.5453,0.0104,0.8073,0.5453,0,0,0
76,other,2026-W21,full,0.7686,0.9506,0.0075,0.8073,0.7699649999999999,0,0,0
76,other,2026-W21,no_b,0.7686,0.9506,0.0075,0.8073,0.0071294999999999996,0,0,0
76,other,2026-W21,no_d,0.7686,0.9506,0.0075,0.8073,0.7703355,0,0,0
76,other,2026-W21,no_r,0.7686,0.9506,0.0075,0.8073,0.9506,1,0,0
76,other,2026-W22,full,0.7686,0.3726,0.0039,0.8073,0.7670556,0,0,0
76,other,2026-W22,no_b,0.7686,0.3726,0.0039,0.8073,0.00145314,0,0,0
76,other,2026-W22,no_d,0.7686,0.3726,0.0039,0.8073,0.76950246,0,0,0
76,other,2026-W22,no_r,0.7686,0.3726,0.0039,0.8073,0.3726,0,0,0
77,mourning,2026-W12,full,0.7678,0.6759,1.0,1.0391,0.6759,0,0,0
77,mourning,2026-W12,no_b,0.7678,0.6759,1.0,1.0391,0.6759,0,0,0
77,mourning,2026-W12,no_d,0.7678,0.6759,1.0,1.0391,1.0,0,0,0
77,mourning,2026-W12,no_r,0.7678,0.6759,1.0,1.0391,0.6759,0,0,0
77,mourning,2026-W13,full,0.7678,1.354,1.0,1.0391,1.354,1,1,1
77,mourning,2026-W13,no_b,0.7678,1.354,1.0,1.0391,1.354,1,1,1
77,mourning,2026-W13,no_d,0.7678,1.354,1.0,1.0391,1.0,0,1,1
77,mourning,2026-W13,no_r,0.7678,1.354,1.0,1.0391,1.354,1,1,1
77,mourning,2026-W14,full,0.7678,1.178,0.473,1.0391,0.9618245999999999,0,0,0
77,mourning,2026-W14,no_b,0.7678,1.178,0.473,1.0391,0.557194,0,0,0
77,mourning,2026-W14,no_d,0.7678,1.178,0.473,1.0391,0.8776306,0,0,0
77,mourning,2026-W14,no_r,0.7678,1.178,0.473,1.0391,1.178,1,0,0
77,mourning,2026-W15,full,0.7678,1.3014,0.3253,1.0391,0.94138008,0,0,0
77,mourning,2026-W15,no_b,0.7678,1.3014,0.3253,1.0391,0.4233454199999999,0,0,0
77,mourning,2026-W15,no_d,0.7678,1.3014,0.3253,1.0391,0.84333466,0,0,0
77,mourning,2026-W15,no_r,0.7678,1.3014,0.3253,1.0391,1.3014,1,0,0
77,mourning,2026-W16,full,0.7678,0.9515,0.1975,1.0391,0.80408075,0,0,0
77,mourning,2026-W16,no_b,0.7678,0.9515,0.1975,1.0391,0.18792125,0,0,0
77,mourning,2026-W16,no_d,0.7678,0.9515,0.1975,1.0391,0.8136595,0,0,0
77,mourning,2026-W16,no_r,0.7678,0.9515,0.1975,1.0391,0.9515,0,0,0
77,mourning,2026-W17,full,0.7678,0.7587,0.1539,1.0391,0.7663995100000001,0,0,0
77,mourning,2026-W17,no_b,0.7678,0.7587,0.1539,1.0391,0.11676393000000002,0,0,0
77,mourning,2026-W17,no_d,0.7678,0.7587,0.1539,1.0391,0.80353558,0,0,0
77,mourning,2026-W17,no_r,0.7678,0.7587,0.1539,1.0391,0.7587,0,0,0
77,mourning,2026-W18,full,0.7678,0.9515,0.1358,1.0391,0.79274646,0,0,0
77,mourning,2026-W18,no_b,0.7678,0.9515,0.1358,1.0391,0.12921370000000001,0,0,0
77,mourning,2026-W18,no_d,0.7678,0.9515,0.1358,1.0391,0.79933276,0,0,0
77,mourning,2026-W18,no_r,0.7678,0.9515,0.1358,1.0391,0.9515,0,0,0
77,mourning,2026-W19,full,0.7678,0.7587,0.1058,1.0391,0.76683722,0,0,0
77,mourning,2026-W19,no_b,0.7678,0.7587,0.1058,1.0391,0.08027046,0,0,0
77,mourning,2026-W19,no_d,0.7678,0.7587,0.1058,1.0391,0.7923667600000001,0,0,0
77,mourning,2026-W19,no_r,0.7678,0.7587,0.1058,1.0391,0.7587,0,0,0
77,mourning,2026-W20,full,0.7678,0.6759,0.0934,1.0391,0.75921654,0,0,0
77,mourning,2026-W20,no_b,0.7678,0.6759,0.0934,1.0391,0.06312905999999999,0,0,0
77,mourning,2026-W20,no_d,0.7678,0.6759,0.0934,1.0391,0.78948748,0,0,0
77,mourning,2026-W20,no_r,0.7678,0.6759,0.0934,1.0391,0.6759,0,0,0
77,mourning,2026-W21,full,0.7678,0.7587,0.0934,1.0391,0.76695006,0,0,0
77,mourning,2026-W21,no_b,0.7678,0.7587,0.0934,1.0391,0.07086258000000001,0,0,0
77,mourning,2026-W21,no_d,0.7678,0.7587,0.0934,1.0391,0.78948748,0,0,0
77,mourning,2026-W21,no_r,0.7678,0.7587,0.0934,1.0391,0.7587,0,0,0
77,mourning,2026-W22,full,0.7678,0.6759,0.0824,1.0391,0.76022744,0,0,0
77,mourning,2026-W22,no_b,0.7678,0.6759,0.0824,1.0391,0.05569416,0,0,0
77,mourning,2026-W22,no_d,0.7678,0.6759,0.0824,1.0391,0.7869332800000001,0,0,0
77,mourning,2026-W22,no_r,0.7678,0.6759,0.0824,1.0391,0.6759,0,0,0
78,education,2026-W12,full,0.7412,0.9136,1.0,1.05,0.9136,0,0,0
78,education,2026-W12,no_b,0.7412,0.9136,1.0,1.05,0.9136,0,0,0
78,education,2026-W12,no_d,0.7412,0.9136,1.0,1.05,1.0,0,0,0
78,education,2026-W12,no_r,0.7412,0.9136,1.0,1.05,0.9136,0,0,0
78,education,2026-W13,full,0.7412,0.9136,0.8498,1.05,0.8877055199999999,0,0,0
78,education,2026-W13,no_b,0.7412,0.9136,0.8498,1.05,0.77637728,0,0,0
78,education,2026-W13,no_d,0.7412,0.9136,0.8498,1.05,0.96112824,0,0,0
78,education,2026-W13,no_r,0.7412,0.9136,0.8498,1.05,0.9136,0,0,0
78,education,2026-W14,full,0.7412,0.9136,0.7221,1.05,0.8656900399999999,0,0,0
78,education,2026-W14,no_b,0.7412,0.9136,0.7221,1.05,0.65971056,0,0,0
78,education,2026-W14,no_d,0.7412,0.9136,0.7221,1.05,0.92807948,0,0,0
78,education,2026-W14,no_r,0.7412,0.9136,0.7221,1.05,0.9136,0,0,0
78,education,2026-W15,full,0.7412,0.8308,0.6136,1.05,0.79617856,0,0,0
78,education,2026-W15,no_b,0.7412,0.8308,0.6136,1.05,0.50977888,0,0,0
78,education,2026-W15,no_d,0.7412,0.8308,0.6136,1.05,0.89999968,0,0,0
78,education,2026-W15,no_r,0.7412,0.8308,0.6136,1.05,0.8308,0,0,0
78,education,2026-W16,full,0.7412,1.0864,0.6136,1.05,0.95301472,0,0,0
78,education,2026-W16,no_b,0.7412,1.0864,0.6136,1.05,0.66661504,0,0,0
78,education,2026-W16,no_d,0.7412,1.0864,0.6136,1.05,0.89999968,0,0,0
78,education,2026-W16,no_r,0.7412,1.0864,0.6136,1.05,1.0864,1,0,0
78,education,2026-W17,full,0.7412,1.0864,0.4431,1.05,0.89415812,0,0,0
78,education,2026-W17,no_b,0.7412,1.0864,0.4431,1.05,0.48138384,0,0,0
78,education,2026-W17,no_d,0.7412,1.0864,0.4431,1.05,0.85587428,0,0,0
78,education,2026-W17,no_r,0.7412,1.0864,0.4431,1.05,1.0864,1,0,0
78,education,2026-W18,full,0.7412,0.9136,0.3199,1.05,0.7963507599999999,0,0,0
78,education,2026-W18,no_b,0.7412,0.9136,0.3199,1.05,0.29226064,0,0,0
78,education,2026-W18,no_d,0.7412,0.9136,0.3199,1.05,0.8239901199999999,0,0,0
78,education,2026-W18,no_r,0.7412,0.9136,0.3199,1.05,0.9136,0,0,0
78,education,2026-W19,full,0.7412,1.0864,0.2719,1.05,0.83505988,0,0,0
78,education,2026-W19,no_b,0.7412,1.0864,0.2719,1.05,0.29539215999999996,0,0,0
78,education,2026-W19,no_d,0.7412,1.0864,0.2719,1.05,0.81156772,0,0,0
78,education,2026-W19,no_r,0.7412,1.0864,0.2719,1.05,1.0864,1,0,0
78,education,2026-W20,full,0.7412,1.1692,0.1963,1.05,0.8252164,0,0,0
78,education,2026-W20,no_b,0.7412,1.1692,0.1963,1.05,0.22951396000000002,0,0,0
78,education,2026-W20,no_d,0.7412,1.1692,0.1963,1.05,0.79200244,0,0,0
78,education,2026-W20,no_r,0.7412,1.1692,0.1963,1.05,1.1692,1,0,0
78,education,2026-W21,full,0.7412,1.0864,0.1205,1.05,0.7827966,0,0,0
78,education,2026-W21,no_b,0.7412,1.0864,0.1205,1.05,0.1309112,0,0,0
78,education,2026-W21,no_d,0.7412,1.0864,0.1205,1.05,0.7723854,0,0,0
78,education,2026-W21,no_r,0.7412,1.0864,0.1205,1.05,1.0864,1,0,0
78,education,2026-W22,full,0.7412,1.0864,0.087,1.05,0.7712323999999999,0,0,0
78,education,2026-W22,no_b,0.7412,1.0864,0.087,1.05,0.0945168,0,0,0
78,education,2026-W22,no_d,0.7412,1.0864,0.087,1.05,0.7637155999999999,0,0,0
78,education,2026-W22,no_r,0.7412,1.0864,0.087,1.05,1.0864,1,0,0
79,other,2026-W12,full,0.7686,0.438,1.0,0.9386,0.438,0,0,0
79,other,2026-W12,no_b,0.7686,0.438,1.0,0.9386,0.438,0,0,0
79,other,2026-W12,no_d,0.7686,0.438,1.0,0.9386,1.0,1,0,0
79,other,2026-W12,no_r,0.7686,0.438,1.0,0.9386,0.438,0,0,0
79,other,2026-W13,full,0.7686,0.5927,1.0,0.9386,0.5927,0,0,0
79,other,2026-W13,no_b,0.7686,0.5927,1.0,0.9386,0.5927,0,0,0
79,other,2026-W13,no_d,0.7686,0.5927,1.0,0.9386,1.0,1,0,0
79,other,2026-W13,no_r,0.7686,0.5927,1.0,0.9386,0.5927,0,0,0
79,other,2026-W14,full,0.7686,0.5927,0.7553,0.9386,0.63574273,0,0,0
79,other,2026-W14,no_b,0.7686,0.5927,0.7553,0.9386,0.44766631,0,0,0
79,other,2026-W14,no_d,0.7686,0.5927,0.7553,0.9386,0.94337642,1,0,0
79,other,2026-W14,no_r,0.7686,0.5927,0.7553,0.9386,0.5927,0,0,0
79,other,2026-W15,full,0.7686,0.9557,0.5705,0.9386,0.87534055,0,0,0
79,other,2026-W15,no_b,0.7686,0.9557,0.5705,0.9386,0.54522685,0,0,0
79,other,2026-W15,no_d,0.7686,0.9557,0.5705,0.9386,0.9006137,0,0,0
79,other,2026-W15,no_r,0.7686,0.9557,0.5705,0.9386,0.9557,1,0,0
79,other,2026-W16,full,0.7686,0.438,0.3254,0.9386,0.6610227599999999,0,0,0
79,other,2026-W16,no_b,0.7686,0.438,0.3254,0.9386,0.14252520000000002,0,0,0
79,other,2026-W16,no_d,0.7686,0.438,0.3254,0.9386,0.8438975599999999,0,0,0
79,other,2026-W16,no_r,0.7686,0.438,0.3254,0.9386,0.438,0,0,0
79,other,2026-W17,full,0.7686,1.5437,0.3254,0.9386,1.02081754,1,1,1
79,other,2026-W17,no_b,0.7686,1.5437,0.3254,0.9386,0.5023199800000001,0,1,1
79,other,2026-W17,no_d,0.7686,1.5437,0.3254,0.9386,0.8438975599999999,0,1,1
79,other,2026-W17,no_r,0.7686,1.5437,0.3254,0.9386,1.5437,1,1,1
79,other,2026-W18,full,0.7686,1.352,0.1059,0.9386,0.8303820599999999,0,0,0
79,other,2026-W18,no_b,0.7686,1.352,0.1059,0.9386,0.1431768,0,0,0
79,other,2026-W18,no_d,0.7686,1.352,0.1059,0.9386,0.7931052599999999,0,0,0
79,other,2026-W18,no_r,0.7686,1.352,0.1059,0.9386,1.352,1,0,0
79,other,2026-W19,full,0.7686,0.5927,0.0456,0.9386,0.7605789599999999,0,0,0
79,other,2026-W19,no_b,0.7686,0.5927,0.0456,0.9386,0.02702712,0,0,0
79,other,2026-W19,no_d,0.7686,0.5927,0.0456,0.9386,0.7791518399999999,0,0,0
79,other,2026-W19,no_r,0.7686,0.5927,0.0456,0.9386,0.5927,0,0,0
79,other,2026-W20,full,0.7686,1.352,0.0345,0.9386,0.7887272999999999,0,0,0
79,other,2026-W20,no_b,0.7686,1.352,0.0345,0.9386,0.046644000000000005,0,0,0
79,other,2026-W20,no_d,0.7686,1.352,0.0345,0.9386,0.7765833,0,0,0
79,other,2026-W20,no_r,0.7686,1.352,0.0345,0.9386,1.352,1,0,0
79,other,2026-W21,full,0.7686,0.9557,0.0149,0.9386,0.7713877899999999,0,0,0
79,other,2026-W21,no_b,0.7686,0.9557,0.0149,0.9386,0.01423993,0,0,0
79,other,2026-W21,no_d,0.7686,0.9557,0.0149,0.9386,0.7720478599999999,0,0,0
79,other,2026-W21,no_r,0.7686,0.9557,0.0149,0.9386,0.9557,1,0,0
79,other,2026-W22,full,0.7686,0.438,0.0085,0.9386,0.7657898999999999,0,0,0
79,other,2026-W22,no_b,0.7686,0.438,0.0085,0.9386,0.003723,0,0,0
79,other,2026-W22,no_d,0.7686,0.438,0.0085,0.9386,0.7705668999999999,0,0,0
79,other,2026-W22,no_r,0.7686,0.438,0.0085,0.9386,0.438,0,0,0
80,education,2026-W12,full,0.7412,0.7811,1.0,1.1192,0.7811,0,0,0
80,education,2026-W12,no_b,0.7412,0.7811,1.0,1.1192,0.7811,0,0,0
80,education,2026-W12,no_d,0.7412,0.7811,1.0,1.1192,1.0,0,0,0
80,education,2026-W12,no_r,0.7412,0.7811,1.0,1.1192,0.7811,0,0,0
80,education,2026-W13,full,0.7412,0.7811,1.0,1.1192,0.7811,0,0,0
80,education,2026-W13,no_b,0.7412,0.7811,1.0,1.1192,0.7811,0,0,0
80,education,2026-W13,no_d,0.7412,0.7811,1.0,1.1192,1.0,0,0,0
80,education,2026-W13,no_r,0.7412,0.7811,1.0,1.1192,0.7811,0,0,0
80,education,2026-W14,full,0.7412,1.1117,1.0,1.1192,1.1117,0,0,0
80,education,2026-W14,no_b,0.7412,1.1117,1.0,1.1192,1.1117,0,0,0
80,education,2026-W14,no_d,0.7412,1.1117,1.0,1.1192,1.0,0,0,0
80,education,2026-W14,no_r,0.7412,1.1117,1.0,1.1192,1.1117,0,0,0
80,education,2026-W15,full,0.7412,1.2386,0.7192,1.1192,1.09893008,0,0,0
80,education,2026-W15,no_b,0.7412,1.2386,0.7192,1.1192,0.8908011199999999,0,0,0
80,education,2026-W15,no_d,0.7412,1.2386,0.7192,1.1192,0.92732896,0,0,0
80,education,2026-W15,no_r,0.7412,1.2386,0.7192,1.1192,1.2386,1,0,0
80,education,2026-W16,full,0.7412,0.8883,0.372,1.1192,0.7959212,0,0,0
80,education,2026-W16,no_b,0.7412,0.8883,0.372,1.1192,0.3304476,0,0,0
80,education,2026-W16,no_d,0.7412,0.8883,0.372,1.1192,0.8374736,0,0,0
80,education,2026-W16,no_r,0.7412,0.8883,0.372,1.1192,0.8883,0,0,0
80,education,2026-W17,full,0.7412,1.2189,0.3155,1.1192,0.89191435,0,0,0
80,education,2026-W17,no_b,0.7412,1.2189,0.3155,1.1192,0.38456295,0,0,0
80,education,2026-W17,no_d,0.7412,1.2189,0.3155,1.1192,0.8228514,0,0,0
80,education,2026-W17,no_r,0.7412,1.2189,0.3155,1.1192,1.2189,1,0,0
80,education,2026-W18,full,0.7412,1.1117,0.1924,1.1192,0.8124842,0,0,0
80,education,2026-W18,no_b,0.7412,1.1117,0.1924,1.1192,0.21389107999999996,0,0,0
80,education,2026-W18,no_d,0.7412,1.1117,0.1924,1.1192,0.79099312,0,0,0
80,education,2026-W18,no_r,0.7412,1.1117,0.1924,1.1192,1.1117,0,0,0
80,education,2026-W19,full,0.7412,1.1117,0.1384,1.1192,0.7924772,0,0,0
80,education,2026-W19,no_b,0.7412,1.1117,0.1384,1.1192,0.15385928,0,0,0
80,education,2026-W19,no_d,0.7412,1.1117,0.1384,1.1192,0.77701792,0,0,0
80,education,2026-W19,no_r,0.7412,1.1117,0.1384,1.1192,1.1117,0,0,0
80,education,2026-W20,full,0.7412,1.2189,0.0995,1.1192,0.7887311499999999,0,0,0
80,education,2026-W20,no_b,0.7412,1.2189,0.0995,1.1192,0.12128055000000001,0,0,0
80,education,2026-W20,no_d,0.7412,1.2189,0.0995,1.1192,0.7669505999999999,0,0,0
80,education,2026-W20,no_r,0.7412,1.2189,0.0995,1.1192,1.2189,1,0,0
80,education,2026-W21,full,0.7412,0.7811,0.0607,1.1192,0.74362193,0,0,0
80,education,2026-W21,no_b,0.7412,0.7811,0.0607,1.1192,0.04741277,0,0,0
80,education,2026-W21,no_d,0.7412,0.7811,0.0607,1.1192,0.75690916,0,0,0
80,education,2026-W21,no_r,0.7412,0.7811,0.0607,1.1192,0.7811,0,0,0
80,education,2026-W22,full,0.7412,0.7811,0.0607,1.1192,0.74362193,0,0,0
80,education,2026-W22,no_b,0.7412,0.7811,0.0607,1.1192,0.04741277,0,0,0
80,education,2026-W22,no_d,0.7412,0.7811,0.0607,1.1192,0.75690916,0,0,0
80,education,2026-W22,no_r,0.7412,0.7811,0.0607,1.1192,0.7811,0,0,0
81,education,2026-W12,full,0.7412,1.0795,1.0,1.0735,1.0795,1,1,1
81,education,2026-W12,no_b,0.7412,1.0795,1.0,1.0735,1.0795,1,1,1
81,education,2026-W12,no_d,0.7412,1.0795,1.0,1.0735,1.0,0,1,1
81,education,2026-W12,no_r,0.7412,1.0795,1.0,1.0735,1.0795,1,1,1
81,education,2026-W13,full,0.7412,0.9205,0.6901,1.0735,0.86493493,0,0,0
81,education,2026-W13,no_b,0.7412,0.9205,0.6901,1.0735,0.6352370500000001,0,0,0
81,education,2026-W13,no_d,0.7412,0.9205,0.6901,1.0735,0.91979788,0,0,0
81,education,2026-W13,no_r,0.7412,0.9205,0.6901,1.0735,0.9205,0,0,0
81,education,2026-W14,full,0.7412,1.1557,0.5733,1.0735,0.97883285,0,0,0
81,education,2026-W14,no_b,0.7412,1.1557,0.5733,1.0735,0.6625628100000001,0,0,0
81,education,2026-W14,no_d,0.7412,1.1557,0.5733,1.0735,0.88957004,0,0,0
81,education,2026-W14,no_r,0.7412,1.1557,0.5733,1.0735,1.1557,1,0,0
81,education,2026-W15,full,0.7412,1.1557,0.3286,1.0735,0.8774046999999999,0,0,0
81,education,2026-W15,no_b,0.7412,1.1557,0.3286,1.0735,0.37976302,0,0,0
81,education,2026-W15,no_d,0.7412,1.1557,0.3286,1.0735,0.82624168,0,0,0
81,education,2026-W15,no_r,0.7412,1.1557,0.3286,1.0735,1.1557,1,0,0
81,education,2026-W16,full,0.7412,1.0795,0.1884,1.0735,0.80493572,0,0,0
81,education,2026-W16,no_b,0.7412,1.0795,0.1884,1.0735,0.2033778,0,0,0
81,education,2026-W16,no_d,0.7412,1.0795,0.1884,1.0735,0.78995792,0,0,0
81,education,2026-W16,no_r,0.7412,1.0795,0.1884,1.0735,1.0795,1,0,0
81,education,2026-W17,full,0.7412,1.0795,0.13,1.0735,0.785179,0,0,0
81,education,2026-W17,no_b,0.7412,1.0795,0.13,1.0735,0.140335,0,0,0
81,education,2026-W17,no_d,0.7412,1.0795,0.13,1.0735,0.774844,0,0,0
81,education,2026-W17,no_r,0.7412,1.0795,0.13,1.0735,1.0795,1,0,0
81,education,2026-W18,full,0.7412,1.1557,0.0897,1.0735,0.77838065,0,0,0
81,education,2026-W18,no_b,0.7412,1.1557,0.0897,1.0735,0.10366629,0,0,0
81,education,2026-W18,no_d,0.7412,1.1557,0.0897,1.0735,0.76441436,0,0,0
81,education,2026-W18,no_r,0.7412,1.1557,0.0897,1.0735,1.1557,1,0,0
81,education,2026-W19,full,0.7412,1.0795,0.0514,1.0735,0.7585886199999999,0,0,0
81,education,2026-W19,no_b,0.7412,1.0795,0.0514,1.0735,0.055486299999999995,0,0,0
81,education,2026-W19,no_d,0.7412,1.0795,0.0514,1.0735,0.75450232,0,0,0
81,education,2026-W19,no_r,0.7412,1.0795,0.0514,1.0735,1.0795,1,0,0
81,education,2026-W20,full,0.7412,1.1557,0.0355,1.0735,0.75591475,0,0,0
81,education,2026-W20,no_b,0.7412,1.1557,0.0355,1.0735,0.04102735,0,0,0
81,education,2026-W20,no_d,0.7412,1.1557,0.0355,1.0735,0.7503873999999999,0,0,0
81,education,2026-W20,no_r,0.7412,1.1557,0.0355,1.0735,1.1557,1,0,0
81,education,2026-W21,full,0.7412,0.9205,0.0203,1.0735,0.74483979,0,0,0
81,education,2026-W21,no_b,0.7412,0.9205,0.0203,1.0735,0.01868615,0,0,0
81,education,2026-W21,no_d,0.7412,0.9205,0.0203,1.0735,0.7464536399999999,0,0,0
81,education,2026-W21,no_r,0.7412,0.9205,0.0203,1.0735,0.9205,0,0,0
81,education,2026-W22,full,0.7412,0.9205,0.0169,1.0735,0.74423017,0,0,0
81,education,2026-W22,no_b,0.7412,0.9205,0.0169,1.0735,0.015556449999999998,0,0,0
81,education,2026-W22,no_d,0.7412,0.9205,0.0169,1.0735,0.74557372,0,0,0
81,education,2026-W22,no_r,0.7412,0.9205,0.0169,1.0735,0.9205,0,0,0
82,mourning,2026-W12,full,0.7678,0.7447,1.0,0.928,0.7447,0,0,0
82,mourning,2026-W12,no_b,0.7678,0.7447,1.0,0.928,0.7447,0,0,0
82,mourning,2026-W12,no_d,0.7678,0.7447,1.0,0.928,1.0,1,0,0
82,mourning,2026-W12,no_r,0.7678,0.7447,1.0,0.928,0.7447,0,0,0
82,mourning,2026-W13,full,0.7678,1.27,1.0,0.928,1.27,1,1,1
82,mourning,2026-W13,no_b,0.7678,1.27,1.0,0.928,1.27,1,1,1
82,mourning,2026-W13,no_d,0.7678,1.27,1.0,0.928,1.0,1,1,1
82,mourning,2026-W13,no_r,0.7678,1.27,1.0,0.928,1.27,1,1,1
82,mourning,2026-W14,full,0.7678,1.1402,0.4975,0.928,0.953069,1,1,1
82,mourning,2026-W14,no_b,0.7678,1.1402,0.4975,0.928,0.5672495000000001,0,1,1
82,mourning,2026-W14,no_d,0.7678,1.1402,0.4975,0.928,0.8833195,0,1,1
82,mourning,2026-W14,no_r,0.7678,1.1402,0.4975,0.928,1.1402,1,1,1
82,mourning,2026-W15,full,0.7678,0.9618,0.3272,0.928,0.8312768,0,0,0
82,mourning,2026-W15,no_b,0.7678,0.9618,0.3272,0.928,0.31470096,0,0,0
82,mourning,2026-W15,no_d,0.7678,0.9618,0.3272,0.928,0.84377584,0,0,0
82,mourning,2026-W15,no_r,0.7678,0.9618,0.3272,0.928,0.9618,1,0,0
82,mourning,2026-W16,full,0.7678,1.1402,0.2475,0.928,0.8599690000000001,0,0,0
82,mourning,2026-W16,no_b,0.7678,1.1402,0.2475,0.928,0.28219950000000005,0,0,0
82,mourning,2026-W16,no_d,0.7678,1.1402,0.2475,0.928,0.8252695,0,0,0
82,mourning,2026-W16,no_r,0.7678,1.1402,0.2475,0.928,1.1402,1,0,0
82,mourning,2026-W17,full,0.7678,0.8098,0.1628,0.928,0.7746376,0,0,0
82,mourning,2026-W17,no_b,0.7678,0.8098,0.1628,0.928,0.13183544,0,0,0
82,mourning,2026-W17,no_d,0.7678,0.8098,0.1628,0.928,0.8056021600000001,0,0,0
82,mourning,2026-W17,no_r,0.7678,0.8098,0.1628,0.928,0.8098,0,0,0
82,mourning,2026-W18,full,0.7678,0.9618,0.1416,0.928,0.7952704,0,0,0
82,mourning,2026-W18,no_b,0.7678,0.9618,0.1416,0.928,0.13619088000000001,0,0,0
82,mourning,2026-W18,no_d,0.7678,0.9618,0.1416,0.928,0.8006795200000001,0,0,0
82,mourning,2026-W18,no_r,0.7678,0.9618,0.1416,0.928,0.9618,1,0,0
82,mourning,2026-W19,full,0.7678,0.7447,0.1071,0.928,0.76532599,0,0,0
82,mourning,2026-W19,no_b,0.7678,0.7447,0.1071,0.928,0.07975737000000001,0,0,0
82,mourning,2026-W19,no_d,0.7678,0.7447,0.1071,0.928,0.79266862,0,0,0
82,mourning,2026-W19,no_r,0.7678,0.7447,0.1071,0.928,0.7447,0,0,0
82,mourning,2026-W20,full,0.7678,0.7447,0.1071,0.928,0.76532599,0,0,0
82,mourning,2026-W20,no_b,0.7678,0.7447,0.1071,0.928,0.07975737000000001,0,0,0
82,mourning,2026-W20,no_d,0.7678,0.7447,0.1071,0.928,0.79266862,0,0,0
82,mourning,2026-W20,no_r,0.7678,0.7447,0.1071,0.928,0.7447,0,0,0
82,mourning,2026-W21,full,0.7678,0.7447,0.1071,0.928,0.76532599,0,0,0
82,mourning,2026-W21,no_b,0.7678,0.7447,0.1071,0.928,0.07975737000000001,0,0,0
82,mourning,2026-W21,no_d,0.7678,0.7447,0.1071,0.928,0.79266862,0,0,0
82,mourning,2026-W21,no_r,0.7678,0.7447,0.1071,0.928,0.7447,0,0,0
82,mourning,2026-W22,full,0.7678,0.7447,0.1071,0.928,0.76532599,0,0,0
82,mourning,2026-W22,no_b,0.7678,0.7447,0.1071,0.928,0.07975737000000001,0,0,0
82,mourning,2026-W22,no_d,0.7678,0.7447,0.1071,0.928,0.79266862,0,0,0
82,mourning,2026-W22,no_r,0.7678,0.7447,0.1071,0.928,0.7447,0,0,0
83,mourning,2026-W12,full,0.7678,0.7213,1.0,0.9914,0.7213,0,0,0
83,mourning,2026-W12,no_b,0.7678,0.7213,1.0,0.9914,0.7213,0,0,0
83,mourning,2026-W12,no_d,0.7678,0.7213,1.0,0.9914,1.0,1,0,0
83,mourning,2026-W12,no_r,0.7678,0.7213,1.0,0.9914,0.7213,0,0,0
83,mourning,2026-W13,full,0.7678,1.3045,1.0,0.9914,1.3045,1,1,1
83,mourning,2026-W13,no_b,0.7678,1.3045,1.0,0.9914,1.3045,1,1,1
83,mourning,2026-W13,no_d,0.7678,1.3045,1.0,0.9914,1.0,1,1,1
83,mourning,2026-W13,no_r,0.7678,1.3045,1.0,0.9914,1.3045,1,1,1
83,mourning,2026-W14,full,0.7678,1.3045,0.4504,0.9914,1.00952968,1,1,1
83,mourning,2026-W14,no_b,0.7678,1.3045,0.4504,0.9914,0.5875468,0,1,1
83,mourning,2026-W14,no_d,0.7678,1.3045,0.4504,0.9914,0.87238288,0,1,1
83,mourning,2026-W14,no_r,0.7678,1.3045,0.4504,0.9914,1.3045,1,1,1
83,mourning,2026-W15,full,0.7678,0.9583,0.2029,0.9914,0.80645245,0,0,0
83,mourning,2026-W15,no_b,0.7678,0.9583,0.2029,0.9914,0.19443907,0,0,0
83,mourning,2026-W15,no_d,0.7678,0.9583,0.2029,0.9914,0.81491338,0,0,0
83,mourning,2026-W15,no_r,0.7678,0.9583,0.2029,0.9914,0.9583,0,0,0
83,mourning,2026-W16,full,0.7678,0.7924,0.1555,0.9914,0.7716253000000001,0,0,0
83,mourning,2026-W16,no_b,0.7678,0.7924,0.1555,0.9914,0.1232182,0,0,0
83,mourning,2026-W16,no_d,0.7678,0.7924,0.1555,0.9914,0.8039071,0,0,0
83,mourning,2026-W16,no_r,0.7678,0.7924,0.1555,0.9914,0.7924,0,0,0
83,mourning,2026-W17,full,0.7678,0.7213,0.1361,0.9914,0.76147135,0,0,0
83,mourning,2026-W17,no_b,0.7678,0.7213,0.1361,0.9914,0.09816893,0,0,0
83,mourning,2026-W17,no_d,0.7678,0.7213,0.1361,0.9914,0.7994024200000001,0,0,0
83,mourning,2026-W17,no_r,0.7678,0.7213,0.1361,0.9914,0.7213,0,0,0
83,mourning,2026-W18,full,0.7678,0.9583,0.1361,0.9914,0.79372705,0,0,0
83,mourning,2026-W18,no_b,0.7678,0.9583,0.1361,0.9914,0.13042463,0,0,0
83,mourning,2026-W18,no_d,0.7678,0.9583,0.1361,0.9914,0.7994024200000001,0,0,0
83,mourning,2026-W18,no_r,0.7678,0.9583,0.1361,0.9914,0.9583,0,0,0
83,mourning,2026-W19,full,0.7678,0.7924,0.1044,0.9914,0.77036824,0,0,0
83,mourning,2026-W19,no_b,0.7678,0.7924,0.1044,0.9914,0.08272656,0,0,0
83,mourning,2026-W19,no_d,0.7678,0.7924,0.1044,0.9914,0.7920416800000001,0,0,0
83,mourning,2026-W19,no_r,0.7678,0.7924,0.1044,0.9914,0.7924,0,0,0
83,mourning,2026-W20,full,0.7678,0.7213,0.0914,0.9914,0.7635499,0,0,0
83,mourning,2026-W20,no_b,0.7678,0.7213,0.0914,0.9914,0.06592682,0,0,0
83,mourning,2026-W20,no_d,0.7678,0.7213,0.0914,0.9914,0.78902308,0,0,0
83,mourning,2026-W20,no_r,0.7678,0.7213,0.0914,0.9914,0.7213,0,0,0
83,mourning,2026-W21,full,0.7678,0.7213,0.0914,0.9914,0.7635499,0,0,0
83,mourning,2026-W21,no_b,0.7678,0.7213,0.0914,0.9914,0.06592682,0,0,0
83,mourning,2026-W21,no_d,0.7678,0.7213,0.0914,0.9914,0.78902308,0,0,0
83,mourning,2026-W21,no_r,0.7678,0.7213,0.0914,0.9914,0.7213,0,0,0
83,mourning,2026-W22,full,0.7678,0.7924,0.0914,0.9914,0.7700484400000001,0,0,0
83,mourning,2026-W22,no_b,0.7678,0.7924,0.0914,0.9914,0.07242536,0,0,0
83,mourning,2026-W22,no_d,0.7678,0.7924,0.0914,0.9914,0.78902308,0,0,0
83,mourning,2026-W22,no_r,0.7678,0.7924,0.0914,0.9914,0.7924,0,0,0
84,other,2026-W12,full,0.7686,0.3821,1.0,1.1199,0.3821,0,0,0
84,other,2026-W12,no_b,0.7686,0.3821,1.0,1.1199,0.3821,0,0,0
84,other,2026-W12,no_d,0.7686,0.3821,1.0,1.1199,1.0,0,0,0
84,other,2026-W12,no_r,0.7686,0.3821,1.0,1.1199,0.3821,0,0,0
84,other,2026-W13,full,0.7686,0.5522,1.0,1.1199,0.5522,0,0,0
84,other,2026-W13,no_b,0.7686,0.5522,1.0,1.1199,0.5522,0,0,0
84,other,2026-W13,no_d,0.7686,0.5522,1.0,1.1199,1.0,0,0,0
84,other,2026-W13,no_r,0.7686,0.5522,1.0,1.1199,0.5522,0,0,0
84,other,2026-W14,full,0.7686,0.3821,0.7707,1.1199,0.47072444999999996,0,0,0
84,other,2026-W14,no_b,0.7686,0.3821,0.7707,1.1199,0.29448447,0,0,0
84,other,2026-W14,no_d,0.7686,0.3821,0.7707,1.1199,0.94693998,0,0,0
84,other,2026-W14,no_r,0.7686,0.3821,0.7707,1.1199,0.3821,0,0,0
84,other,2026-W15,full,0.7686,0.3821,0.7707,1.1199,0.47072444999999996,0,0,0
84,other,2026-W15,no_b,0.7686,0.3821,0.7707,1.1199,0.29448447,0,0,0
84,other,2026-W15,no_d,0.7686,0.3821,0.7707,1.1199,0.94693998,0,0,0
84,other,2026-W15,no_r,0.7686,0.3821,0.7707,1.1199,0.3821,0,0,0
84,other,2026-W16,full,0.7686,0.9513,0.7707,1.1199,0.9094068900000001,0,0,0
84,other,2026-W16,no_b,0.7686,0.9513,0.7707,1.1199,0.7331669100000001,0,0,0
84,other,2026-W16,no_d,0.7686,0.9513,0.7707,1.1199,0.94693998,0,0,0
84,other,2026-W16,no_r,0.7686,0.9513,0.7707,1.1199,0.9513,0,0,0
84,other,2026-W17,full,0.7686,0.9513,0.4578,1.1199,0.85224006,0,0,0
84,other,2026-W17,no_b,0.7686,0.9513,0.4578,1.1199,0.43550514,0,0,0
84,other,2026-W17,no_d,0.7686,0.9513,0.4578,1.1199,0.87453492,0,0,0
84,other,2026-W17,no_r,0.7686,0.9513,0.4578,1.1199,0.9513,0,0,0
84,other,2026-W18,full,0.7686,0.9513,0.2719,1.1199,0.81827613,0,0,0
84,other,2026-W18,no_b,0.7686,0.9513,0.2719,1.1199,0.25865847,0,0,0
84,other,2026-W18,no_d,0.7686,0.9513,0.2719,1.1199,0.8315176599999999,0,0,0
84,other,2026-W18,no_r,0.7686,0.9513,0.2719,1.1199,0.9513,0,0,0
84,other,2026-W19,full,0.7686,0.5522,0.1615,1.1199,0.7336514,0,0,0
84,other,2026-W19,no_b,0.7686,0.5522,0.1615,1.1199,0.0891803,0,0,0
84,other,2026-W19,no_d,0.7686,0.5522,0.1615,1.1199,0.8059710999999999,0,0,0
84,other,2026-W19,no_r,0.7686,0.5522,0.1615,1.1199,0.5522,0,0,0
84,other,2026-W20,full,0.7686,0.5522,0.1245,1.1199,0.7416581999999999,0,0,0
84,other,2026-W20,no_b,0.7686,0.5522,0.1245,1.1199,0.0687489,0,0,0
84,other,2026-W20,no_d,0.7686,0.5522,0.1245,1.1199,0.7974093,0,0,0
84,other,2026-W20,no_r,0.7686,0.5522,0.1245,1.1199,0.5522,0,0,0
84,other,2026-W21,full,0.7686,0.5522,0.0959,1.1199,0.7478472399999999,0,0,0
84,other,2026-W21,no_b,0.7686,0.5522,0.0959,1.1199,0.05295598,0,0,0
84,other,2026-W21,no_d,0.7686,0.5522,0.0959,1.1199,0.79079126,0,0,0
84,other,2026-W21,no_r,0.7686,0.5522,0.0959,1.1199,0.5522,0,0,0
84,other,2026-W22,full,0.7686,0.3821,0.0739,1.1199,0.74003765,0,0,0
84,other,2026-W22,no_b,0.7686,0.3821,0.0739,1.1199,0.02823719,0,0,0
84,other,2026-W22,no_d,0.7686,0.3821,0.0739,1.1199,0.7857004599999999,0,0,0
84,other,2026-W22,no_r,0.7686,0.3821,0.0739,1.1199,0.3821,0,0,0
85,other,2026-W12,full,0.7686,0.4046,1.0,0.8526,0.4046,0,0,0
85,other,2026-W12,no_b,0.7686,0.4046,1.0,0.8526,0.4046,0,0,0
85,other,2026-W12,no_d,0.7686,0.4046,1.0,0.8526,1.0,1,0,0
85,other,2026-W12,no_r,0.7686,0.4046,1.0,0.8526,0.4046,0,0,0
85,other,2026-W13,full,0.7686,0.5685,1.0,0.8526,0.5685,0,0,0
85,other,2026-W13,no_b,0.7686,0.5685,1.0,0.8526,0.5685,0,0,0
85,other,2026-W13,no_d,0.7686,0.5685,1.0,0.8526,1.0,1,0,0
85,other,2026-W13,no_r,0.7686,0.5685,1.0,0.8526,0.5685,0,0,0
85,other,2026-W14,full,0.7686,0.4046,0.7496,0.8526,0.4957456,0,0,0
85,other,2026-W14,no_b,0.7686,0.4046,0.7496,0.8526,0.30328816000000003,0,0,0
85,other,2026-W14,no_d,0.7686,0.4046,0.7496,0.8526,0.94205744,1,0,0
85,other,2026-W14,no_r,0.7686,0.4046,0.7496,0.8526,0.4046,0,0,0
85,other,2026-W15,full,0.7686,0.5685,0.7496,0.8526,0.61860504,0,0,0
85,other,2026-W15,no_b,0.7686,0.5685,0.7496,0.8526,0.4261476,0,0,0
85,other,2026-W15,no_d,0.7686,0.5685,0.7496,0.8526,0.94205744,1,0,0
85,other,2026-W15,no_r,0.7686,0.5685,0.7496,0.8526,0.5685,0,0,0
85,other,2026-W16,full,0.7686,0.9531,0.5619,0.8526,0.87227055,1,1,1
85,other,2026-W16,no_b,0.7686,0.9531,0.5619,0.8526,0.5355468899999999,0,1,1
85,other,2026-W16,no_d,0.7686,0.9531,0.5619,0.8526,0.8986236599999999,1,1,1
85,other,2026-W16,no_r,0.7686,0.9531,0.5619,0.8526,0.9531,1,1,1
85,other,2026-W17,full,0.7686,1.3729,0.3157,0.8526,0.9593775099999999,1,1,1
85,other,2026-W17,no_b,0.7686,1.3729,0.3157,0.8526,0.43342453,0,1,1
85,other,2026-W17,no_d,0.7686,1.3729,0.3157,0.8526,0.84165298,0,1,1
85,other,2026-W17,no_r,0.7686,1.3729,0.3157,0.8526,1.3729,1,1,1
85,other,2026-W18,full,0.7686,0.4046,0.133,0.8526,0.7201879999999999,0,0,0
85,other,2026-W18,no_b,0.7686,0.4046,0.133,0.8526,0.05381180000000001,0,0,0
85,other,2026-W18,no_d,0.7686,0.4046,0.133,0.8526,0.7993762,0,0,0
85,other,2026-W18,no_r,0.7686,0.4046,0.133,0.8526,0.4046,0,0,0
85,other,2026-W19,full,0.7686,0.5685,0.133,0.8526,0.7419867,0,0,0
85,other,2026-W19,no_b,0.7686,0.5685,0.133,0.8526,0.07561050000000001,0,0,0
85,other,2026-W19,no_d,0.7686,0.5685,0.133,0.8526,0.7993762,0,0,0
85,other,2026-W19,no_r,0.7686,0.5685,0.133,0.8526,0.5685,0,0,0
85,other,2026-W20,full,0.7686,0.5685,0.0997,0.8526,0.74865003,0,0,0
85,other,2026-W20,no_b,0.7686,0.5685,0.0997,0.8526,0.05667945,0,0,0
85,other,2026-W20,no_d,0.7686,0.5685,0.0997,0.8526,0.7916705799999999,0,0,0
85,other,2026-W20,no_r,0.7686,0.5685,0.0997,0.8526,0.5685,0,0,0
85,other,2026-W21,full,0.7686,0.5685,0.0747,0.8526,0.75365253,0,0,0
85,other,2026-W21,no_b,0.7686,0.5685,0.0747,0.8526,0.04246695,0,0,0
85,other,2026-W21,no_d,0.7686,0.5685,0.0747,0.8526,0.78588558,0,0,0
85,other,2026-W21,no_r,0.7686,0.5685,0.0747,0.8526,0.5685,0,0,0
85,other,2026-W22,full,0.7686,0.9531,0.056,0.8526,0.778932,0,0,0
85,other,2026-W22,no_b,0.7686,0.9531,0.056,0.8526,0.0533736,0,0,0
85,other,2026-W22,no_d,0.7686,0.9531,0.056,0.8526,0.7815584,0,0,0
85,other,2026-W22,no_r,0.7686,0.9531,0.056,0.8526,0.9531,1,0,0
86,meme,2026-W12,full,0.7755,0.4796,1.0,0.8892,0.4796,0,0,0
86,meme,2026-W12,no_b,0.7755,0.4796,1.0,0.8892,0.4796,0,0,0
86,meme,2026-W12,no_d,0.7755,0.4796,1.0,0.8892,1.0,1,0,0
86,meme,2026-W12,no_r,0.7755,0.4796,1.0,0.8892,0.4796,0,0,0
86,meme,2026-W13,full,0.7755,0.4796,1.0,0.8892,0.4796,0,0,0
86,meme,2026-W13,no_b,0.7755,0.4796,1.0,0.8892,0.4796,0,0,0
86,meme,2026-W13,no_d,0.7755,0.4796,1.0,0.8892,1.0,1,0,0
86,meme,2026-W13,no_r,0.7755,0.4796,1.0,0.8892,0.4796,0,0,0
86,meme,2026-W14,full,0.7755,0.4796,1.0,0.8892,0.4796,0,0,0
86,meme,2026-W14,no_b,0.7755,0.4796,1.0,0.8892,0.4796,0,0,0
86,meme,2026-W14,no_d,0.7755,0.4796,1.0,0.8892,1.0,1,0,0
86,meme,2026-W14,no_r,0.7755,0.4796,1.0,0.8892,0.4796,0,0,0
86,meme,2026-W15,full,0.7755,0.6487,1.0,0.8892,0.6487,0,0,0
86,meme,2026-W15,no_b,0.7755,0.6487,1.0,0.8892,0.6487,0,0,0
86,meme,2026-W15,no_d,0.7755,0.6487,1.0,0.8892,1.0,1,0,0
86,meme,2026-W15,no_r,0.7755,0.6487,1.0,0.8892,0.6487,0,0,0
86,meme,2026-W16,full,0.7755,0.4796,0.9292,0.8892,0.50054972,0,0,0
86,meme,2026-W16,no_b,0.7755,0.4796,0.9292,0.8892,0.44564432000000004,0,0,0
86,meme,2026-W16,no_d,0.7755,0.4796,0.9292,0.8892,0.9841054,1,0,0
86,meme,2026-W16,no_r,0.7755,0.4796,0.9292,0.8892,0.4796,0,0,0
86,meme,2026-W17,full,0.7755,0.6487,0.9292,0.8892,0.6576774400000001,0,0,0
86,meme,2026-W17,no_b,0.7755,0.6487,0.9292,0.8892,0.6027720400000001,0,0,0
86,meme,2026-W17,no_d,0.7755,0.6487,0.9292,0.8892,0.9841054,1,0,0
86,meme,2026-W17,no_r,0.7755,0.6487,0.9292,0.8892,0.6487,0,0,0
86,meme,2026-W18,full,0.7755,0.4796,0.8635,0.8892,0.51999035,0,0,0
86,meme,2026-W18,no_b,0.7755,0.4796,0.8635,0.8892,0.4141346,0,0,0
86,meme,2026-W18,no_d,0.7755,0.4796,0.8635,0.8892,0.9693557500000001,1,0,0
86,meme,2026-W18,no_r,0.7755,0.4796,0.8635,0.8892,0.4796,0,0,0
86,meme,2026-W19,full,0.7755,0.4796,0.8635,0.8892,0.51999035,0,0,0
86,meme,2026-W19,no_b,0.7755,0.4796,0.8635,0.8892,0.4141346,0,0,0
86,meme,2026-W19,no_d,0.7755,0.4796,0.8635,0.8892,0.9693557500000001,1,0,0
86,meme,2026-W19,no_r,0.7755,0.4796,0.8635,0.8892,0.4796,0,0,0
86,meme,2026-W20,full,0.7755,1.0453,0.8635,0.8892,1.0084723,1,1,1
86,meme,2026-W20,no_b,0.7755,1.0453,0.8635,0.8892,0.90261655,1,1,1
86,meme,2026-W20,no_d,0.7755,1.0453,0.8635,0.8892,0.9693557500000001,1,1,1
86,meme,2026-W20,no_r,0.7755,1.0453,0.8635,0.8892,1.0453,1,1,1
86,meme,2026-W21,full,0.7755,1.0453,0.7455,0.8892,0.9766358999999999,1,1,1
86,meme,2026-W21,no_b,0.7755,1.0453,0.7455,0.8892,0.77927115,0,1,1
86,meme,2026-W21,no_d,0.7755,1.0453,0.7455,0.8892,0.94286475,1,1,1
86,meme,2026-W21,no_r,0.7755,1.0453,0.7455,0.8892,1.0453,1,1,1
86,meme,2026-W22,full,0.7755,1.5749,0.6437,0.8892,1.2900737800000002,1,1,1
86,meme,2026-W22,no_b,0.7755,1.5749,0.6437,0.8892,1.01376313,1,1,1
86,meme,2026-W22,no_d,0.7755,1.5749,0.6437,0.8892,0.92001065,1,1,1
86,meme,2026-W22,no_r,0.7755,1.5749,0.6437,0.8892,1.5749,1,1,1
87,marketing,2026-W12,full,0.8252,1.085,1.0,0.9297,1.085,1,1,1
87,marketing,2026-W12,no_b,0.8252,1.085,1.0,0.9297,1.085,1,1,1
87,marketing,2026-W12,no_d,0.8252,1.085,1.0,0.9297,1.0,1,1,1
87,marketing,2026-W12,no_r,0.8252,1.085,1.0,0.9297,1.085,1,1,1
87,marketing,2026-W13,full,0.8252,1.0365,0.6454,0.9297,0.96157302,1,1,1
87,marketing,2026-W13,no_b,0.8252,1.0365,0.6454,0.9297,0.6689571,0,1,1
87,marketing,2026-W13,no_d,0.8252,1.0365,0.6454,0.9297,0.93801592,1,1,1
87,marketing,2026-W13,no_r,0.8252,1.0365,0.6454,0.9297,1.0365,1,1,1
87,marketing,2026-W14,full,0.8252,1.0686,0.5349,0.9297,0.9553946600000001,1,1,1
87,marketing,2026-W14,no_b,0.8252,1.0686,0.5349,0.9297,0.5715941400000001,0,1,1
87,marketing,2026-W14,no_d,0.8252,1.0686,0.5349,0.9297,0.91870052,0,1,1
87,marketing,2026-W14,no_r,0.8252,1.0686,0.5349,0.9297,1.0686,1,1,1
87,marketing,2026-W15,full,0.8252,1.0365,0.4165,0.9297,0.91320645,0,0,0
87,marketing,2026-W15,no_b,0.8252,1.0365,0.4165,0.9297,0.43170224999999995,0,0,0
87,marketing,2026-W15,no_d,0.8252,1.0365,0.4165,0.9297,0.8980042,0,0,0
87,marketing,2026-W15,no_r,0.8252,1.0365,0.4165,0.9297,1.0365,1,0,0
87,marketing,2026-W16,full,0.8252,1.0365,0.3452,0.9297,0.89814076,0,0,0
87,marketing,2026-W16,no_b,0.8252,1.0365,0.3452,0.9297,0.3577998,0,0,0
87,marketing,2026-W16,no_d,0.8252,1.0365,0.3452,0.9297,0.88554096,0,0,0
87,marketing,2026-W16,no_r,0.8252,1.0365,0.3452,0.9297,1.0365,1,0,0
87,marketing,2026-W17,full,0.8252,0.9835,0.2862,0.9297,0.8705054600000001,0,0,0
87,marketing,2026-W17,no_b,0.8252,0.9835,0.2862,0.9297,0.2814777,0,0,0
87,marketing,2026-W17,no_d,0.8252,0.9835,0.2862,0.9297,0.87522776,0,0,0
87,marketing,2026-W17,no_r,0.8252,0.9835,0.2862,0.9297,0.9835,1,0,0
87,marketing,2026-W18,full,0.8252,1.0686,0.2525,0.9297,0.8866585,0,0,0
87,marketing,2026-W18,no_b,0.8252,1.0686,0.2525,0.9297,0.2698215,0,0,0
87,marketing,2026-W18,no_d,0.8252,1.0686,0.2525,0.9297,0.869337,0,0,0
87,marketing,2026-W18,no_r,0.8252,1.0686,0.2525,0.9297,1.0686,1,0,0
87,marketing,2026-W19,full,0.8252,1.084,0.1966,0.9297,0.87608008,0,0,0
87,marketing,2026-W19,no_b,0.8252,1.084,0.1966,0.9297,0.2131144,0,0,0
87,marketing,2026-W19,no_d,0.8252,1.084,0.1966,0.9297,0.85956568,0,0,0
87,marketing,2026-W19,no_r,0.8252,1.084,0.1966,0.9297,1.084,1,0,0
87,marketing,2026-W20,full,0.8252,1.0686,0.1351,0.9297,0.8580833400000001,0,0,0
87,marketing,2026-W20,no_b,0.8252,1.0686,0.1351,0.9297,0.14436786,0,0,0
87,marketing,2026-W20,no_d,0.8252,1.0686,0.1351,0.9297,0.8488154800000001,0,0,0
87,marketing,2026-W20,no_r,0.8252,1.0686,0.1351,0.9297,1.0686,1,0,0
87,marketing,2026-W21,full,0.8252,1.084,0.1052,0.9297,0.85242576,0,0,0
87,marketing,2026-W21,no_b,0.8252,1.084,0.1052,0.9297,0.11403680000000001,0,0,0
87,marketing,2026-W21,no_d,0.8252,1.084,0.1052,0.9297,0.84358896,0,0,0
87,marketing,2026-W21,no_r,0.8252,1.084,0.1052,0.9297,1.084,1,0,0
87,marketing,2026-W22,full,0.8252,1.0365,0.0723,0.9297,0.8404769900000001,0,0,0
87,marketing,2026-W22,no_b,0.8252,1.0365,0.0723,0.9297,0.07493895,0,0,0
87,marketing,2026-W22,no_d,0.8252,1.0365,0.0723,0.9297,0.8378380400000001,0,0,0
87,marketing,2026-W22,no_r,0.8252,1.0365,0.0723,0.9297,1.0365,1,0,0
88,education,2026-W12,full,0.7412,0.8263,1.0,0.9773,0.8263,0,0,0
88,education,2026-W12,no_b,0.7412,0.8263,1.0,0.9773,0.8263,0,0,0
88,education,2026-W12,no_d,0.7412,0.8263,1.0,0.9773,1.0,1,0,0
88,education,2026-W12,no_r,0.7412,0.8263,1.0,0.9773,0.8263,0,0,0
88,education,2026-W13,full,0.7412,1.0887,1.0,0.9773,1.0887,1,1,1
88,education,2026-W13,no_b,0.7412,1.0887,1.0,0.9773,1.0887,1,1,1
88,education,2026-W13,no_d,0.7412,1.0887,1.0,0.9773,1.0,1,1,1
88,education,2026-W13,no_r,0.7412,1.0887,1.0,0.9773,1.0887,1,1,1
88,education,2026-W14,full,0.7412,0.9113,0.6985,0.9773,0.86001485,0,0,0
88,education,2026-W14,no_b,0.7412,0.9113,0.6985,0.9773,0.63654305,0,0,0
88,education,2026-W14,no_d,0.7412,0.9113,0.6985,0.9773,0.9219718,0,0,0
88,education,2026-W14,no_r,0.7412,0.9113,0.6985,0.9773,0.9113,0,0,0
88,education,2026-W15,full,0.7412,1.1737,0.5838,0.9773,0.9936935,1,1,1
88,education,2026-W15,no_b,0.7412,1.1737,0.5838,0.9773,0.68520606,0,1,1
88,education,2026-W15,no_d,0.7412,1.1737,0.5838,0.9773,0.89228744,0,1,1
88,education,2026-W15,no_r,0.7412,1.1737,0.5838,0.9773,1.1737,1,1,1
88,education,2026-W16,full,0.7412,1.0887,0.3408,0.9773,0.859628,0,0,0
88,education,2026-W16,no_b,0.7412,1.0887,0.3408,0.9773,0.37102896,0,0,0
88,education,2026-W16,no_d,0.7412,1.0887,0.3408,0.9773,0.82939904,0,0,0
88,education,2026-W16,no_r,0.7412,1.0887,0.3408,0.9773,1.0887,1,0,0
88,education,2026-W17,full,0.7412,0.8263,0.2381,0.9773,0.76146231,0,0,0
88,education,2026-W17,no_b,0.7412,0.8263,0.2381,0.9773,0.19674203,0,0,0
88,education,2026-W17,no_d,0.7412,0.8263,0.2381,0.9773,0.8028202799999999,0,0,0
88,education,2026-W17,no_r,0.7412,0.8263,0.2381,0.9773,0.8263,0,0,0
88,education,2026-W18,full,0.7412,1.1894,0.2381,0.9773,0.84791642,0,0,0
88,education,2026-W18,no_b,0.7412,1.1894,0.2381,0.9773,0.28319614,0,0,0
88,education,2026-W18,no_d,0.7412,1.1894,0.2381,0.9773,0.8028202799999999,0,0,0
88,education,2026-W18,no_r,0.7412,1.1894,0.2381,0.9773,1.1894,1,0,0
88,education,2026-W19,full,0.7412,1.0887,0.1162,0.9773,0.7815795,0,0,0
88,education,2026-W19,no_b,0.7412,1.0887,0.1162,0.9773,0.12650693999999998,0,0,0
88,education,2026-W19,no_d,0.7412,1.0887,0.1162,0.9773,0.77127256,0,0,0
88,education,2026-W19,no_r,0.7412,1.0887,0.1162,0.9773,1.0887,1,0,0
88,education,2026-W20,full,0.7412,0.8263,0.0811,0.9773,0.74810161,0,0,0
88,education,2026-W20,no_b,0.7412,0.8263,0.0811,0.9773,0.06701293000000001,0,0,0
88,education,2026-W20,no_d,0.7412,0.8263,0.0811,0.9773,0.76218868,0,0,0
88,education,2026-W20,no_r,0.7412,0.8263,0.0811,0.9773,0.8263,0,0,0
88,education,2026-W21,full,0.7412,1.0887,0.0811,0.9773,0.7693822499999999,0,0,0
88,education,2026-W21,no_b,0.7412,1.0887,0.0811,0.9773,0.08829357,0,0,0
88,education,2026-W21,no_d,0.7412,1.0887,0.0811,0.9773,0.76218868,0,0,0
88,education,2026-W21,no_r,0.7412,1.0887,0.0811,0.9773,1.0887,1,0,0
88,education,2026-W22,full,0.7412,0.9113,0.0567,0.9773,0.75084467,0,0,0
88,education,2026-W22,no_b,0.7412,0.9113,0.0567,0.9773,0.05167071,0,0,0
88,education,2026-W22,no_d,0.7412,0.9113,0.0567,0.9773,0.75587396,0,0,0
88,education,2026-W22,no_r,0.7412,0.9113,0.0567,0.9773,0.9113,0,0,0
89,meme,2026-W12,full,0.7755,0.5341,1.0,1.1327,0.5341,0,0,0
89,meme,2026-W12,no_b,0.7755,0.5341,1.0,1.1327,0.5341,0,0,0
89,meme,2026-W12,no_d,0.7755,0.5341,1.0,1.1327,1.0,0,0,0
89,meme,2026-W12,no_r,0.7755,0.5341,1.0,1.1327,0.5341,0,0,0
89,meme,2026-W13,full,0.7755,0.5341,1.0,1.1327,0.5341,0,0,0
89,meme,2026-W13,no_b,0.7755,0.5341,1.0,1.1327,0.5341,0,0,0
89,meme,2026-W13,no_d,0.7755,0.5341,1.0,1.1327,1.0,0,0,0
89,meme,2026-W13,no_r,0.7755,0.5341,1.0,1.1327,0.5341,0,0,0
89,meme,2026-W14,full,0.7755,0.5341,1.0,1.1327,0.5341,0,0,0
89,meme,2026-W14,no_b,0.7755,0.5341,1.0,1.1327,0.5341,0,0,0
89,meme,2026-W14,no_d,0.7755,0.5341,1.0,1.1327,1.0,0,0,0
89,meme,2026-W14,no_r,0.7755,0.5341,1.0,1.1327,0.5341,0,0,0
89,meme,2026-W15,full,0.7755,0.5341,1.0,1.1327,0.5341,0,0,0
89,meme,2026-W15,no_b,0.7755,0.5341,1.0,1.1327,0.5341,0,0,0
89,meme,2026-W15,no_d,0.7755,0.5341,1.0,1.1327,1.0,0,0,0
89,meme,2026-W15,no_r,0.7755,0.5341,1.0,1.1327,0.5341,0,0,0
89,meme,2026-W16,full,0.7755,0.5341,1.0,1.1327,0.5341,0,0,0
89,meme,2026-W16,no_b,0.7755,0.5341,1.0,1.1327,0.5341,0,0,0
89,meme,2026-W16,no_d,0.7755,0.5341,1.0,1.1327,1.0,0,0,0
89,meme,2026-W16,no_r,0.7755,0.5341,1.0,1.1327,0.5341,0,0,0
89,meme,2026-W17,full,0.7755,0.5341,1.0,1.1327,0.5341,0,0,0
89,meme,2026-W17,no_b,0.7755,0.5341,1.0,1.1327,0.5341,0,0,0
89,meme,2026-W17,no_d,0.7755,0.5341,1.0,1.1327,1.0,0,0,0
89,meme,2026-W17,no_r,0.7755,0.5341,1.0,1.1327,0.5341,0,0,0
89,meme,2026-W18,full,0.7755,0.6855,1.0,1.1327,0.6855,0,0,0
89,meme,2026-W18,no_b,0.7755,0.6855,1.0,1.1327,0.6855,0,0,0
89,meme,2026-W18,no_d,0.7755,0.6855,1.0,1.1327,1.0,0,0,0
89,meme,2026-W18,no_r,0.7755,0.6855,1.0,1.1327,0.6855,0,0,0
89,meme,2026-W19,full,0.7755,0.5341,0.9362,1.1327,0.5495013200000001,0,0,0
89,meme,2026-W19,no_b,0.7755,0.5341,0.9362,1.1327,0.50002442,0,0,0
89,meme,2026-W19,no_d,0.7755,0.5341,0.9362,1.1327,0.9856769,0,0,0
89,meme,2026-W19,no_r,0.7755,0.5341,0.9362,1.1327,0.5341,0,0,0
89,meme,2026-W20,full,0.7755,1.4786,0.9362,1.1327,1.43374222,1,1,1
89,meme,2026-W20,no_b,0.7755,1.4786,0.9362,1.1327,1.38426532,1,1,1
89,meme,2026-W20,no_d,0.7755,1.4786,0.9362,1.1327,0.9856769,0,1,1
89,meme,2026-W20,no_r,0.7755,1.4786,0.9362,1.1327,1.4786,1,1,1
89,meme,2026-W21,full,0.7755,1.4786,0.7191,1.1327,1.2810992099999998,1,1,1
89,meme,2026-W21,no_b,0.7755,1.4786,0.7191,1.1327,1.06326126,0,1,1
89,meme,2026-W21,no_d,0.7755,1.4786,0.7191,1.1327,0.93693795,0,1,1
89,meme,2026-W21,no_r,0.7755,1.4786,0.7191,1.1327,1.4786,1,1,1
89,meme,2026-W22,full,0.7755,1.5146,0.5524,1.1327,1.18377884,1,1,1
89,meme,2026-W22,no_b,0.7755,1.5146,0.5524,1.1327,0.83666504,0,1,1
89,meme,2026-W22,no_d,0.7755,1.5146,0.5524,1.1327,0.8995138,0,1,1
89,meme,2026-W22,no_r,0.7755,1.5146,0.5524,1.1327,1.5146,1,1,1
90,education,2026-W12,full,0.7412,1.0976,1.0,0.9599,1.0976,1,1,1
90,education,2026-W12,no_b,0.7412,1.0976,1.0,0.9599,1.0976,1,1,1
90,education,2026-W12,no_d,0.7412,1.0976,1.0,0.9599,1.0,1,1,1
90,education,2026-W12,no_r,0.7412,1.0976,1.0,0.9599,1.0976,1,1,1
90,education,2026-W13,full,0.7412,0.8089,0.7033,0.9599,0.7888134099999999,0,0,0
90,education,2026-W13,no_b,0.7412,0.8089,0.7033,0.9599,0.56889937,0,0,0
90,education,2026-W13,no_d,0.7412,0.8089,0.7033,0.9599,0.92321404,0,0,0
90,education,2026-W13,no_r,0.7412,0.8089,0.7033,0.9599,0.8089,0,0,0
90,education,2026-W14,full,0.7412,1.0976,0.7033,0.9599,0.99185612,1,1,1
90,education,2026-W14,no_b,0.7412,1.0976,0.7033,0.9599,0.77194208,0,1,1
90,education,2026-W14,no_d,0.7412,1.0976,0.7033,0.9599,0.92321404,0,1,1
90,education,2026-W14,no_r,0.7412,1.0976,0.7033,0.9599,1.0976,1,1,1
90,education,2026-W15,full,0.7412,1.1911,0.4947,0.9599,0.96376553,1,1,1
90,education,2026-W15,no_b,0.7412,1.1911,0.4947,0.9599,0.58923717,0,1,1
90,education,2026-W15,no_d,0.7412,1.1911,0.4947,0.9599,0.8692283599999999,0,1,1
90,education,2026-W15,no_r,0.7412,1.1911,0.4947,0.9599,1.1911,1,1,1
90,education,2026-W16,full,0.7412,1.0976,0.2918,0.9599,0.8451975199999999,0,0,0
90,education,2026-W16,no_b,0.7412,1.0976,0.2918,0.9599,0.32027967999999996,0,0,0
90,education,2026-W16,no_d,0.7412,1.0976,0.2918,0.9599,0.81671784,0,0,0
90,education,2026-W16,no_r,0.7412,1.0976,0.2918,0.9599,1.0976,1,0,0
90,education,2026-W17,full,0.7412,1.1911,0.2052,0.9599,0.83351948,0,0,0
90,education,2026-W17,no_b,0.7412,1.1911,0.2052,0.9599,0.24441372,0,0,0
90,education,2026-W17,no_d,0.7412,1.1911,0.2052,0.9599,0.79430576,0,0,0
90,education,2026-W17,no_r,0.7412,1.1911,0.2052,0.9599,1.1911,1,0,0
90,education,2026-W18,full,0.7412,0.8089,0.121,0.9599,0.7493917,0,0,0
90,education,2026-W18,no_b,0.7412,0.8089,0.121,0.9599,0.09787689999999999,0,0,0
90,education,2026-W18,no_d,0.7412,0.8089,0.121,0.9599,0.7725148,0,0,0
90,education,2026-W18,no_r,0.7412,0.8089,0.121,0.9599,0.8089,0,0,0
90,education,2026-W19,full,0.7412,1.0976,0.121,0.9599,0.7843243999999999,0,0,0
90,education,2026-W19,no_b,0.7412,1.0976,0.121,0.9599,0.13280959999999997,0,0,0
90,education,2026-W19,no_d,0.7412,1.0976,0.121,0.9599,0.7725148,0,0,0
90,education,2026-W19,no_r,0.7412,1.0976,0.121,0.9599,1.0976,1,0,0
90,education,2026-W20,full,0.7412,1.0976,0.0851,0.9599,0.77152964,0,0,0
90,education,2026-W20,no_b,0.7412,1.0976,0.0851,0.9599,0.09340575999999999,0,0,0
90,education,2026-W20,no_d,0.7412,1.0976,0.0851,0.9599,0.76322388,0,0,0
90,education,2026-W20,no_r,0.7412,1.0976,0.0851,0.9599,1.0976,1,0,0
90,education,2026-W21,full,0.7412,0.9024,0.0599,0.9599,0.7508558799999999,0,0,0
90,education,2026-W21,no_b,0.7412,0.9024,0.0599,0.9599,0.05405376,0,0,0
90,education,2026-W21,no_d,0.7412,0.9024,0.0599,0.9599,0.7567021199999999,0,0,0
90,education,2026-W21,no_r,0.7412,0.9024,0.0599,0.9599,0.9024,0,0,0
90,education,2026-W22,full,0.7412,0.8089,0.0502,0.9599,0.7445985399999999,0,0,0
90,education,2026-W22,no_b,0.7412,0.8089,0.0502,0.9599,0.04060678,0,0,0
90,education,2026-W22,no_d,0.7412,0.8089,0.0502,0.9599,0.75419176,0,0,0
90,education,2026-W22,no_r,0.7412,0.8089,0.0502,0.9599,0.8089,0,0,0
91,other,2026-W12,full,0.7686,0.4405,1.0,0.9968,0.4405,0,0,0
91,other,2026-W12,no_b,0.7686,0.4405,1.0,0.9968,0.4405,0,0,0
91,other,2026-W12,no_d,0.7686,0.4405,1.0,0.9968,1.0,1,0,0
91,other,2026-W12,no_r,0.7686,0.4405,1.0,0.9968,0.4405,0,0,0
91,other,2026-W13,full,0.7686,0.9559,1.0,0.9968,0.9559,0,0,0
91,other,2026-W13,no_b,0.7686,0.9559,1.0,0.9968,0.9559,0,0,0
91,other,2026-W13,no_d,0.7686,0.9559,1.0,0.9968,1.0,1,0,0
91,other,2026-W13,no_r,0.7686,0.9559,1.0,0.9968,0.9559,0,0,0
91,other,2026-W14,full,0.7686,1.3504,0.6047,0.9968,1.1204144600000001,1,1,1
91,other,2026-W14,no_b,0.7686,1.3504,0.6047,0.9968,0.81658688,0,1,1
91,other,2026-W14,no_d,0.7686,1.3504,0.6047,0.9968,0.90852758,0,1,1
91,other,2026-W14,no_r,0.7686,1.3504,0.6047,0.9968,1.3504,1,1,1
91,other,2026-W15,full,0.7686,0.4405,0.2843,0.9968,0.6753211699999999,0,0,0
91,other,2026-W15,no_b,0.7686,0.4405,0.2843,0.9968,0.12523415,0,0,0
91,other,2026-W15,no_d,0.7686,0.4405,0.2843,0.9968,0.83438702,0,0,0
91,other,2026-W15,no_r,0.7686,0.4405,0.2843,0.9968,0.4405,0,0,0
91,other,2026-W16,full,0.7686,0.9559,0.2843,0.9968,0.8218493899999999,0,0,0
91,other,2026-W16,no_b,0.7686,0.9559,0.2843,0.9968,0.27176237,0,0,0
91,other,2026-W16,no_d,0.7686,0.9559,0.2843,0.9968,0.83438702,0,0,0
91,other,2026-W16,no_r,0.7686,0.9559,0.2843,0.9968,0.9559,0,0,0
91,other,2026-W17,full,0.7686,0.9559,0.1719,0.9968,0.80079687,0,0,0
91,other,2026-W17,no_b,0.7686,0.9559,0.1719,0.9968,0.16431921,0,0,0
91,other,2026-W17,no_d,0.7686,0.9559,0.1719,0.9968,0.80837766,0,0,0
91,other,2026-W17,no_r,0.7686,0.9559,0.1719,0.9968,0.9559,0,0,0
91,other,2026-W18,full,0.7686,0.9559,0.104,0.9968,0.7880792,0,0,0
91,other,2026-W18,no_b,0.7686,0.9559,0.104,0.9968,0.09941359999999999,0,0,0
91,other,2026-W18,no_d,0.7686,0.9559,0.104,0.9968,0.7926656,0,0,0
91,other,2026-W18,no_r,0.7686,0.9559,0.104,0.9968,0.9559,0,0,0
91,other,2026-W19,full,0.7686,1.3504,0.0629,0.9968,0.80519522,0,0,0
91,other,2026-W19,no_b,0.7686,1.3504,0.0629,0.9968,0.08494016,0,0,0
91,other,2026-W19,no_d,0.7686,1.3504,0.0629,0.9968,0.7831550599999999,0,0,0
91,other,2026-W19,no_r,0.7686,1.3504,0.0629,0.9968,1.3504,1,0,0
91,other,2026-W20,full,0.7686,0.5945,0.0296,0.9968,0.76344664,0,0,0
91,other,2026-W20,no_b,0.7686,0.5945,0.0296,0.9968,0.0175972,0,0,0
91,other,2026-W20,no_d,0.7686,0.5945,0.0296,0.9968,0.7754494399999999,0,0,0
91,other,2026-W20,no_r,0.7686,0.5945,0.0296,0.9968,0.5945,0,0,0
91,other,2026-W21,full,0.7686,0.5945,0.023,0.9968,0.7645957,0,0,0
91,other,2026-W21,no_b,0.7686,0.5945,0.023,0.9968,0.0136735,0,0,0
91,other,2026-W21,no_d,0.7686,0.5945,0.023,0.9968,0.7739222,0,0,0
91,other,2026-W21,no_r,0.7686,0.5945,0.023,0.9968,0.5945,0,0,0
91,other,2026-W22,full,0.7686,0.4405,0.0179,0.9968,0.76272701,0,0,0
91,other,2026-W22,no_b,0.7686,0.4405,0.0179,0.9968,0.00788495,0,0,0
91,other,2026-W22,no_d,0.7686,0.4405,0.0179,0.9968,0.7727420599999999,0,0,0
91,other,2026-W22,no_r,0.7686,0.4405,0.0179,0.9968,0.4405,0,0,0
92,meme,2026-W12,full,0.7755,0.6199,1.0,1.0915,0.6199,0,0,0
92,meme,2026-W12,no_b,0.7755,0.6199,1.0,1.0915,0.6199,0,0,0
92,meme,2026-W12,no_d,0.7755,0.6199,1.0,1.0915,1.0,0,0,0
92,meme,2026-W12,no_r,0.7755,0.6199,1.0,1.0915,0.6199,0,0,0
92,meme,2026-W13,full,0.7755,0.6199,1.0,1.0915,0.6199,0,0,0
92,meme,2026-W13,no_b,0.7755,0.6199,1.0,1.0915,0.6199,0,0,0
92,meme,2026-W13,no_d,0.7755,0.6199,1.0,1.0915,1.0,0,0,0
92,meme,2026-W13,no_r,0.7755,0.6199,1.0,1.0915,0.6199,0,0,0
92,meme,2026-W14,full,0.7755,0.6199,1.0,1.0915,0.6199,0,0,0
92,meme,2026-W14,no_b,0.7755,0.6199,1.0,1.0915,0.6199,0,0,0
92,meme,2026-W14,no_d,0.7755,0.6199,1.0,1.0915,1.0,0,0,0
92,meme,2026-W14,no_r,0.7755,0.6199,1.0,1.0915,0.6199,0,0,0
92,meme,2026-W15,full,0.7755,0.6199,1.0,1.0915,0.6199,0,0,0
92,meme,2026-W15,no_b,0.7755,0.6199,1.0,1.0915,0.6199,0,0,0
92,meme,2026-W15,no_d,0.7755,0.6199,1.0,1.0915,1.0,0,0,0
92,meme,2026-W15,no_r,0.7755,0.6199,1.0,1.0915,0.6199,0,0,0
92,meme,2026-W16,full,0.7755,0.6199,1.0,1.0915,0.6199,0,0,0
92,meme,2026-W16,no_b,0.7755,0.6199,1.0,1.0915,0.6199,0,0,0
92,meme,2026-W16,no_d,0.7755,0.6199,1.0,1.0915,1.0,0,0,0
92,meme,2026-W16,no_r,0.7755,0.6199,1.0,1.0915,0.6199,0,0,0
92,meme,2026-W17,full,0.7755,0.6199,1.0,1.0915,0.6199,0,0,0
92,meme,2026-W17,no_b,0.7755,0.6199,1.0,1.0915,0.6199,0,0,0
92,meme,2026-W17,no_d,0.7755,0.6199,1.0,1.0915,1.0,0,0,0
92,meme,2026-W17,no_r,0.7755,0.6199,1.0,1.0915,0.6199,0,0,0
92,meme,2026-W18,full,0.7755,0.6199,1.0,1.0915,0.6199,0,0,0
92,meme,2026-W18,no_b,0.7755,0.6199,1.0,1.0915,0.6199,0,0,0
92,meme,2026-W18,no_d,0.7755,0.6199,1.0,1.0915,1.0,0,0,0
92,meme,2026-W18,no_r,0.7755,0.6199,1.0,1.0915,0.6199,0,0,0
92,meme,2026-W19,full,0.7755,0.6199,1.0,1.0915,0.6199,0,0,0
92,meme,2026-W19,no_b,0.7755,0.6199,1.0,1.0915,0.6199,0,0,0
92,meme,2026-W19,no_d,0.7755,0.6199,1.0,1.0915,1.0,0,0,0
92,meme,2026-W19,no_r,0.7755,0.6199,1.0,1.0915,0.6199,0,0,0
92,meme,2026-W20,full,0.7755,1.0331,1.0,1.0915,1.0331,0,0,0
92,meme,2026-W20,no_b,0.7755,1.0331,1.0,1.0915,1.0331,0,0,0
92,meme,2026-W20,no_d,0.7755,1.0331,1.0,1.0915,1.0,0,0,0
92,meme,2026-W20,no_r,0.7755,1.0331,1.0,1.0915,1.0331,0,0,0
92,meme,2026-W21,full,0.7755,1.3905,0.8746,1.0915,1.313379,1,1,1
92,meme,2026-W21,no_b,0.7755,1.3905,0.8746,1.0915,1.2161313,1,1,1
92,meme,2026-W21,no_d,0.7755,1.3905,0.8746,1.0915,0.9718477,0,1,1
92,meme,2026-W21,no_r,0.7755,1.3905,0.8746,1.0915,1.3905,1,1,1
92,meme,2026-W22,full,0.7755,1.4186,0.6691,1.0915,1.20579821,1,1,1
92,meme,2026-W22,no_b,0.7755,1.4186,0.6691,1.0915,0.9491852600000001,0,1,1
92,meme,2026-W22,no_d,0.7755,1.4186,0.6691,1.0915,0.92571295,0,1,1
92,meme,2026-W22,no_r,0.7755,1.4186,0.6691,1.0915,1.4186,1,1,1
93,meme,2026-W12,full,0.7755,0.6079,1.0,1.0275,0.6079,0,0,0
93,meme,2026-W12,no_b,0.7755,0.6079,1.0,1.0275,0.6079,0,0,0
93,meme,2026-W12,no_d,0.7755,0.6079,1.0,1.0275,1.0,0,0,0
93,meme,2026-W12,no_r,0.7755,0.6079,1.0,1.0275,0.6079,0,0,0
93,meme,2026-W13,full,0.7755,0.6079,1.0,1.0275,0.6079,0,0,0
93,meme,2026-W13,no_b,0.7755,0.6079,1.0,1.0275,0.6079,0,0,0
93,meme,2026-W13,no_d,0.7755,0.6079,1.0,1.0275,1.0,0,0,0
93,meme,2026-W13,no_r,0.7755,0.6079,1.0,1.0275,0.6079,0,0,0
93,meme,2026-W14,full,0.7755,0.6079,1.0,1.0275,0.6079,0,0,0
93,meme,2026-W14,no_b,0.7755,0.6079,1.0,1.0275,0.6079,0,0,0
93,meme,2026-W14,no_d,0.7755,0.6079,1.0,1.0275,1.0,0,0,0
93,meme,2026-W14,no_r,0.7755,0.6079,1.0,1.0275,0.6079,0,0,0
93,meme,2026-W15,full,0.7755,0.6079,1.0,1.0275,0.6079,0,0,0
93,meme,2026-W15,no_b,0.7755,0.6079,1.0,1.0275,0.6079,0,0,0
93,meme,2026-W15,no_d,0.7755,0.6079,1.0,1.0275,1.0,0,0,0
93,meme,2026-W15,no_r,0.7755,0.6079,1.0,1.0275,0.6079,0,0,0
93,meme,2026-W16,full,0.7755,0.6079,1.0,1.0275,0.6079,0,0,0
93,meme,2026-W16,no_b,0.7755,0.6079,1.0,1.0275,0.6079,0,0,0
93,meme,2026-W16,no_d,0.7755,0.6079,1.0,1.0275,1.0,0,0,0
93,meme,2026-W16,no_r,0.7755,0.6079,1.0,1.0275,0.6079,0,0,0
93,meme,2026-W17,full,0.7755,0.7353,1.0,1.0275,0.7353,0,0,0
93,meme,2026-W17,no_b,0.7755,0.7353,1.0,1.0275,0.7353,0,0,0
93,meme,2026-W17,no_d,0.7755,0.7353,1.0,1.0275,1.0,0,0,0
93,meme,2026-W17,no_r,0.7755,0.7353,1.0,1.0275,0.7353,0,0,0
93,meme,2026-W18,full,0.7755,0.6079,0.9323,1.0275,0.61924652,0,0,0
93,meme,2026-W18,no_b,0.7755,0.6079,0.9323,1.0275,0.56674517,0,0,0
93,meme,2026-W18,no_d,0.7755,0.6079,0.9323,1.0275,0.98480135,0,0,0
93,meme,2026-W18,no_r,0.7755,0.6079,0.9323,1.0275,0.6079,0,0,0
93,meme,2026-W19,full,0.7755,0.7353,0.9323,1.0275,0.73802154,0,0,0
93,meme,2026-W19,no_b,0.7755,0.7353,0.9323,1.0275,0.68552019,0,0,0
93,meme,2026-W19,no_d,0.7755,0.7353,0.9323,1.0275,0.98480135,0,0,0
93,meme,2026-W19,no_r,0.7755,0.7353,0.9323,1.0275,0.7353,0,0,0
93,meme,2026-W20,full,0.7755,1.3035,0.8691,1.0275,1.2343848,1,1,1
93,meme,2026-W20,no_b,0.7755,1.3035,0.8691,1.0275,1.1328718500000001,1,1,1
93,meme,2026-W20,no_d,0.7755,1.3035,0.8691,1.0275,0.97061295,0,1,1
93,meme,2026-W20,no_r,0.7755,1.3035,0.8691,1.0275,1.3035,1,1,1
93,meme,2026-W21,full,0.7755,1.4029,0.7042,1.0275,1.21731508,1,1,1
93,meme,2026-W21,no_b,0.7755,1.4029,0.7042,1.0275,0.9879221800000001,0,1,1
93,meme,2026-W21,no_d,0.7755,1.4029,0.7042,1.0275,0.9335929000000001,0,1,1
93,meme,2026-W21,no_r,0.7755,1.4029,0.7042,1.0275,1.4029,1,1,1
93,meme,2026-W22,full,0.7755,1.4332,0.5319,1.0275,1.12533063,1,1,1
93,meme,2026-W22,no_b,0.7755,1.4332,0.5319,1.0275,0.76231908,0,1,1
93,meme,2026-W22,no_d,0.7755,1.4332,0.5319,1.0275,0.89491155,0,1,1
93,meme,2026-W22,no_r,0.7755,1.4332,0.5319,1.0275,1.4332,1,1,1
94,mourning,2026-W12,full,0.7678,0.733,1.0,0.9024,0.733,0,0,0
94,mourning,2026-W12,no_b,0.7678,0.733,1.0,0.9024,0.733,0,0,0
94,mourning,2026-W12,no_d,0.7678,0.733,1.0,0.9024,1.0,1,0,0
94,mourning,2026-W12,no_r,0.7678,0.733,1.0,0.9024,0.733,0,0,0
94,mourning,2026-W13,full,0.7678,1.2823,1.0,0.9024,1.2823,1,1,1
94,mourning,2026-W13,no_b,0.7678,1.2823,1.0,0.9024,1.2823,1,1,1
94,mourning,2026-W13,no_d,0.7678,1.2823,1.0,0.9024,1.0,1,1,1
94,mourning,2026-W13,no_r,0.7678,1.2823,1.0,0.9024,1.2823,1,1,1
94,mourning,2026-W14,full,0.7678,1.2484,0.4586,0.9024,0.98820316,1,1,1
94,mourning,2026-W14,no_b,0.7678,1.2484,0.4586,0.9024,0.57251624,0,1,1
94,mourning,2026-W14,no_d,0.7678,1.2484,0.4586,0.9024,0.8742869200000001,0,1,1
94,mourning,2026-W14,no_r,0.7678,1.2484,0.4586,0.9024,1.2484,1,1,1
94,mourning,2026-W15,full,0.7678,1.2484,0.2458,0.9024,0.88593148,0,0,0
94,mourning,2026-W15,no_b,0.7678,1.2484,0.2458,0.9024,0.30685671999999997,0,0,0
94,mourning,2026-W15,no_d,0.7678,1.2484,0.2458,0.9024,0.82487476,0,0,0
94,mourning,2026-W15,no_r,0.7678,1.2484,0.2458,0.9024,1.2484,1,0,0
94,mourning,2026-W16,full,0.7678,0.8011,0.1318,0.9024,0.77218894,0,0,0
94,mourning,2026-W16,no_b,0.7678,0.8011,0.1318,0.9024,0.10558498000000001,0,0,0
94,mourning,2026-W16,no_d,0.7678,0.8011,0.1318,0.9024,0.79840396,0,0,0
94,mourning,2026-W16,no_r,0.7678,0.8011,0.1318,0.9024,0.8011,0,0,0
94,mourning,2026-W17,full,0.7678,0.96,0.1127,0.9024,0.78946094,0,0,0
94,mourning,2026-W17,no_b,0.7678,0.96,0.1127,0.9024,0.108192,0,0,0
94,mourning,2026-W17,no_d,0.7678,0.96,0.1127,0.9024,0.7939689400000001,0,0,0
94,mourning,2026-W17,no_r,0.7678,0.96,0.1127,0.9024,0.96,1,0,0
94,mourning,2026-W18,full,0.7678,0.733,0.0825,0.9024,0.7649290000000001,0,0,0
94,mourning,2026-W18,no_b,0.7678,0.733,0.0825,0.9024,0.0604725,0,0,0
94,mourning,2026-W18,no_d,0.7678,0.733,0.0825,0.9024,0.7869565000000001,0,0,0
94,mourning,2026-W18,no_r,0.7678,0.733,0.0825,0.9024,0.733,0,0,0
94,mourning,2026-W19,full,0.7678,0.733,0.0825,0.9024,0.7649290000000001,0,0,0
94,mourning,2026-W19,no_b,0.7678,0.733,0.0825,0.9024,0.0604725,0,0,0
94,mourning,2026-W19,no_d,0.7678,0.733,0.0825,0.9024,0.7869565000000001,0,0,0
94,mourning,2026-W19,no_r,0.7678,0.733,0.0825,0.9024,0.733,0,0,0
94,mourning,2026-W20,full,0.7678,0.96,0.0825,0.9024,0.7836565,0,0,0
94,mourning,2026-W20,no_b,0.7678,0.96,0.0825,0.9024,0.0792,0,0,0
94,mourning,2026-W20,no_d,0.7678,0.96,0.0825,0.9024,0.7869565000000001,0,0,0
94,mourning,2026-W20,no_r,0.7678,0.96,0.0825,0.9024,0.96,1,0,0
94,mourning,2026-W21,full,0.7678,0.8011,0.0604,0.9024,0.7698113200000001,0,0,0
94,mourning,2026-W21,no_b,0.7678,0.8011,0.0604,0.9024,0.04838644,0,0,0
94,mourning,2026-W21,no_d,0.7678,0.8011,0.0604,0.9024,0.78182488,0,0,0
94,mourning,2026-W21,no_r,0.7678,0.8011,0.0604,0.9024,0.8011,0,0,0
94,mourning,2026-W22,full,0.7678,0.733,0.0517,0.9024,0.76600084,0,0,0
94,mourning,2026-W22,no_b,0.7678,0.733,0.0517,0.9024,0.0378961,0,0,0
94,mourning,2026-W22,no_d,0.7678,0.733,0.0517,0.9024,0.77980474,0,0,0
94,mourning,2026-W22,no_r,0.7678,0.733,0.0517,0.9024,0.733,0,0,0
95,mourning,2026-W12,full,0.7678,0.6891,1.0,1.0196,0.6891,0,0,0
95,mourning,2026-W12,no_b,0.7678,0.6891,1.0,1.0196,0.6891,0,0,0
95,mourning,2026-W12,no_d,0.7678,0.6891,1.0,1.0196,1.0,0,0,0
95,mourning,2026-W12,no_r,0.7678,0.6891,1.0,1.0196,0.6891,0,0,0
95,mourning,2026-W13,full,0.7678,1.3396,1.0,1.0196,1.3396,1,1,1
95,mourning,2026-W13,no_b,0.7678,1.3396,1.0,1.0196,1.3396,1,1,1
95,mourning,2026-W13,no_d,0.7678,1.3396,1.0,1.0196,1.0,0,1,1
95,mourning,2026-W13,no_r,0.7678,1.3396,1.0,1.0196,1.3396,1,1,1
95,mourning,2026-W14,full,0.7678,0.9535,0.385,1.0196,0.8392945,0,0,0
95,mourning,2026-W14,no_b,0.7678,0.9535,0.385,1.0196,0.3670975,0,0,0
95,mourning,2026-W14,no_d,0.7678,0.9535,0.385,1.0196,0.857197,0,0,0
95,mourning,2026-W14,no_r,0.7678,0.9535,0.385,1.0196,0.9535,0,0,0
95,mourning,2026-W15,full,0.7678,1.1707,0.28,1.0196,0.8806120000000001,0,0,0
95,mourning,2026-W15,no_b,0.7678,1.1707,0.28,1.0196,0.32779600000000003,0,0,0
95,mourning,2026-W15,no_d,0.7678,1.1707,0.28,1.0196,0.832816,0,0,0
95,mourning,2026-W15,no_r,0.7678,1.1707,0.28,1.0196,1.1707,1,0,0
95,mourning,2026-W16,full,0.7678,1.2891,0.1737,1.0196,0.85834981,0,0,0
95,mourning,2026-W16,no_b,0.7678,1.2891,0.1737,1.0196,0.22391666999999998,0,0,0
95,mourning,2026-W16,no_d,0.7678,1.2891,0.1737,1.0196,0.80813314,0,0,0
95,mourning,2026-W16,no_r,0.7678,1.2891,0.1737,1.0196,1.2891,1,0,0
95,mourning,2026-W17,full,0.7678,0.6891,0.0919,1.0196,0.76056747,0,0,0
95,mourning,2026-W17,no_b,0.7678,0.6891,0.0919,1.0196,0.06332829,0,0,0
95,mourning,2026-W17,no_d,0.7678,0.6891,0.0919,1.0196,0.78913918,0,0,0
95,mourning,2026-W17,no_r,0.7678,0.6891,0.0919,1.0196,0.6891,0,0,0
95,mourning,2026-W18,full,0.7678,0.7685,0.0919,1.0196,0.76786433,0,0,0
95,mourning,2026-W18,no_b,0.7678,0.7685,0.0919,1.0196,0.07062515,0,0,0
95,mourning,2026-W18,no_d,0.7678,0.7685,0.0919,1.0196,0.78913918,0,0,0
95,mourning,2026-W18,no_r,0.7678,0.7685,0.0919,1.0196,0.7685,0,0,0
95,mourning,2026-W19,full,0.7678,0.6891,0.0784,1.0196,0.7616299200000001,0,0,0
95,mourning,2026-W19,no_b,0.7678,0.6891,0.0784,1.0196,0.05402544,0,0,0
95,mourning,2026-W19,no_d,0.7678,0.6891,0.0784,1.0196,0.78600448,0,0,0
95,mourning,2026-W19,no_r,0.7678,0.6891,0.0784,1.0196,0.6891,0,0,0
95,mourning,2026-W20,full,0.7678,0.7685,0.0784,1.0196,0.76785488,0,0,0
95,mourning,2026-W20,no_b,0.7678,0.7685,0.0784,1.0196,0.060250399999999996,0,0,0
95,mourning,2026-W20,no_d,0.7678,0.7685,0.0784,1.0196,0.78600448,0,0,0
95,mourning,2026-W20,no_r,0.7678,0.7685,0.0784,1.0196,0.7685,0,0,0
95,mourning,2026-W21,full,0.7678,0.6891,0.0669,1.0196,0.76253497,0,0,0
95,mourning,2026-W21,no_b,0.7678,0.6891,0.0669,1.0196,0.04610079,0,0,0
95,mourning,2026-W21,no_d,0.7678,0.6891,0.0669,1.0196,0.78333418,0,0,0
95,mourning,2026-W21,no_r,0.7678,0.6891,0.0669,1.0196,0.6891,0,0,0
95,mourning,2026-W22,full,0.7678,0.7685,0.0669,1.0196,0.76784683,0,0,0
95,mourning,2026-W22,no_b,0.7678,0.7685,0.0669,1.0196,0.05141265,0,0,0
95,mourning,2026-W22,no_d,0.7678,0.7685,0.0669,1.0196,0.78333418,0,0,0
95,mourning,2026-W22,no_r,0.7678,0.7685,0.0669,1.0196,0.7685,0,0,0
96,mourning,2026-W12,full,0.7678,0.6668,1.0,1.1025,0.6668,0,0,0
96,mourning,2026-W12,no_b,0.7678,0.6668,1.0,1.1025,0.6668,0,0,0
96,mourning,2026-W12,no_d,0.7678,0.6668,1.0,1.1025,1.0,0,0,0
96,mourning,2026-W12,no_r,0.7678,0.6668,1.0,1.1025,0.6668,0,0,0
96,mourning,2026-W13,full,0.7678,1.3523,1.0,1.1025,1.3523,1,1,1
96,mourning,2026-W13,no_b,0.7678,1.3523,1.0,1.1025,1.3523,1,1,1
96,mourning,2026-W13,no_d,0.7678,1.3523,1.0,1.1025,1.0,0,1,1
96,mourning,2026-W13,no_r,0.7678,1.3523,1.0,1.1025,1.3523,1,1,1
96,mourning,2026-W14,full,0.7678,1.3523,0.5145,1.1025,1.06852525,0,0,0
96,mourning,2026-W14,no_b,0.7678,1.3523,0.5145,1.1025,0.69575835,0,0,0
96,mourning,2026-W14,no_d,0.7678,1.3523,0.5145,1.1025,0.8872669,0,0,0
96,mourning,2026-W14,no_r,0.7678,1.3523,0.5145,1.1025,1.3523,1,0,0
96,mourning,2026-W15,full,0.7678,1.3099,0.2647,1.1025,0.9112938700000001,0,0,0
96,mourning,2026-W15,no_b,0.7678,1.3099,0.2647,1.1025,0.34673053,0,0,0
96,mourning,2026-W15,no_d,0.7678,1.3099,0.2647,1.1025,0.82926334,0,0,0
96,mourning,2026-W15,no_r,0.7678,1.3099,0.2647,1.1025,1.3099,1,0,0
96,mourning,2026-W16,full,0.7678,1.3099,0.1555,1.1025,0.8520965500000001,0,0,0
96,mourning,2026-W16,no_b,0.7678,1.3099,0.1555,1.1025,0.20368945000000002,0,0,0
96,mourning,2026-W16,no_d,0.7678,1.3099,0.1555,1.1025,0.8039071,0,0,0
96,mourning,2026-W16,no_r,0.7678,1.3099,0.1555,1.1025,1.3099,1,0,0
96,mourning,2026-W17,full,0.7678,1.3099,0.0914,1.1025,0.81734794,0,0,0
96,mourning,2026-W17,no_b,0.7678,1.3099,0.0914,1.1025,0.11972486,0,0,0
96,mourning,2026-W17,no_d,0.7678,1.3099,0.0914,1.1025,0.78902308,0,0,0
96,mourning,2026-W17,no_r,0.7678,1.3099,0.0914,1.1025,1.3099,1,0,0
96,mourning,2026-W18,full,0.7678,0.9501,0.0537,1.1025,0.77758951,0,0,0
96,mourning,2026-W18,no_b,0.7678,0.9501,0.0537,1.1025,0.051020369999999995,0,0,0
96,mourning,2026-W18,no_d,0.7678,0.9501,0.0537,1.1025,0.78026914,0,0,0
96,mourning,2026-W18,no_r,0.7678,0.9501,0.0537,1.1025,0.9501,0,0,0
96,mourning,2026-W19,full,0.7678,0.7518,0.0412,1.1025,0.7671408000000001,0,0,0
96,mourning,2026-W19,no_b,0.7678,0.7518,0.0412,1.1025,0.03097416,0,0,0
96,mourning,2026-W19,no_d,0.7678,0.7518,0.0412,1.1025,0.77736664,0,0,0
96,mourning,2026-W19,no_r,0.7678,0.7518,0.0412,1.1025,0.7518,0,0,0
96,mourning,2026-W20,full,0.7678,0.6668,0.0361,1.1025,0.7641539,0,0,0
96,mourning,2026-W20,no_b,0.7678,0.6668,0.0361,1.1025,0.02407148,0,0,0
96,mourning,2026-W20,no_d,0.7678,0.6668,0.0361,1.1025,0.77618242,0,0,0
96,mourning,2026-W20,no_r,0.7678,0.6668,0.0361,1.1025,0.6668,0,0,0
96,mourning,2026-W21,full,0.7678,0.6668,0.0361,1.1025,0.7641539,0,0,0
96,mourning,2026-W21,no_b,0.7678,0.6668,0.0361,1.1025,0.02407148,0,0,0
96,mourning,2026-W21,no_d,0.7678,0.6668,0.0361,1.1025,0.77618242,0,0,0
96,mourning,2026-W21,no_r,0.7678,0.6668,0.0361,1.1025,0.6668,0,0,0
96,mourning,2026-W22,full,0.7678,0.6668,0.0361,1.1025,0.7641539,0,0,0
96,mourning,2026-W22,no_b,0.7678,0.6668,0.0361,1.1025,0.02407148,0,0,0
96,mourning,2026-W22,no_d,0.7678,0.6668,0.0361,1.1025,0.77618242,0,0,0
96,mourning,2026-W22,no_r,0.7678,0.6668,0.0361,1.1025,0.6668,0,0,0
97,other,2026-W12,full,0.7686,0.336,1.0,0.855,0.336,0,0,0
97,other,2026-W12,no_b,0.7686,0.336,1.0,0.855,0.336,0,0,0
97,other,2026-W12,no_d,0.7686,0.336,1.0,0.855,1.0,1,0,0
97,other,2026-W12,no_r,0.7686,0.336,1.0,0.855,0.336,0,0,0
97,other,2026-W13,full,0.7686,0.5188,1.0,0.855,0.5188,0,0,0
97,other,2026-W13,no_b,0.7686,0.5188,1.0,0.855,0.5188,0,0,0
97,other,2026-W13,no_d,0.7686,0.5188,1.0,0.855,1.0,1,0,0
97,other,2026-W13,no_r,0.7686,0.5188,1.0,0.855,0.5188,0,0,0
97,other,2026-W14,full,0.7686,0.336,0.7665,0.855,0.4370121,0,0,0
97,other,2026-W14,no_b,0.7686,0.336,0.7665,0.855,0.257544,0,0,0
97,other,2026-W14,no_d,0.7686,0.336,0.7665,0.855,0.9459681,1,0,0
97,other,2026-W14,no_r,0.7686,0.336,0.7665,0.855,0.336,0,0,0
97,other,2026-W15,full,0.7686,0.5188,0.7665,0.855,0.5771283,0,0,0
97,other,2026-W15,no_b,0.7686,0.5188,0.7665,0.855,0.3976602,0,0,0
97,other,2026-W15,no_d,0.7686,0.5188,0.7665,0.855,0.9459681,1,0,0
97,other,2026-W15,no_r,0.7686,0.5188,0.7665,0.855,0.5188,0,0,0
97,other,2026-W16,full,0.7686,1.4158,0.5875,0.855,1.14883,1,1,1
97,other,2026-W16,no_b,0.7686,1.4158,0.5875,0.855,0.8317825,0,1,1
97,other,2026-W16,no_d,0.7686,1.4158,0.5875,0.855,0.9045475,1,1,1
97,other,2026-W16,no_r,0.7686,1.4158,0.5875,0.855,1.4158,1,1,1
97,other,2026-W17,full,0.7686,0.9477,0.2646,0.855,0.81598986,0,0,0
97,other,2026-W17,no_b,0.7686,0.9477,0.2646,0.855,0.25076142,0,0,0
97,other,2026-W17,no_d,0.7686,0.9477,0.2646,0.855,0.82982844,0,0,0
97,other,2026-W17,no_r,0.7686,0.9477,0.2646,0.855,0.9477,1,0,0
97,other,2026-W18,full,0.7686,0.9477,0.1554,0.855,0.79643214,0,0,0
97,other,2026-W18,no_b,0.7686,0.9477,0.1554,0.855,0.14727258000000001,0,0,0
97,other,2026-W18,no_d,0.7686,0.9477,0.1554,0.855,0.80455956,0,0,0
97,other,2026-W18,no_r,0.7686,0.9477,0.1554,0.855,0.9477,1,0,0
97,other,2026-W19,full,0.7686,0.9477,0.0913,0.855,0.7849518299999999,0,0,0
97,other,2026-W19,no_b,0.7686,0.9477,0.0913,0.855,0.08652501,0,0,0
97,other,2026-W19,no_d,0.7686,0.9477,0.0913,0.855,0.7897268199999999,0,0,0
97,other,2026-W19,no_r,0.7686,0.9477,0.0913,0.855,0.9477,1,0,0
97,other,2026-W20,full,0.7686,0.9477,0.0537,0.855,0.77821767,0,0,0
97,other,2026-W20,no_b,0.7686,0.9477,0.0537,0.855,0.05089149,0,0,0
97,other,2026-W20,no_d,0.7686,0.9477,0.0537,0.855,0.7810261799999999,0,0,0
97,other,2026-W20,no_r,0.7686,0.9477,0.0537,0.855,0.9477,1,0,0
97,other,2026-W21,full,0.7686,0.336,0.0315,0.855,0.7549731,0,0,0
97,other,2026-W21,no_b,0.7686,0.336,0.0315,0.855,0.010584000000000001,0,0,0
97,other,2026-W21,no_d,0.7686,0.336,0.0315,0.855,0.7758891,0,0,0
97,other,2026-W21,no_r,0.7686,0.336,0.0315,0.855,0.336,0,0,0
97,other,2026-W22,full,0.7686,0.336,0.0315,0.855,0.7549731,0,0,0
97,other,2026-W22,no_b,0.7686,0.336,0.0315,0.855,0.010584000000000001,0,0,0
97,other,2026-W22,no_d,0.7686,0.336,0.0315,0.855,0.7758891,0,0,0
97,other,2026-W22,no_r,0.7686,0.336,0.0315,0.855,0.336,0,0,0
98,meme,2026-W12,full,0.7755,0.4961,1.0,0.8724,0.4961,0,0,0
98,meme,2026-W12,no_b,0.7755,0.4961,1.0,0.8724,0.4961,0,0,0
98,meme,2026-W12,no_d,0.7755,0.4961,1.0,0.8724,1.0,1,0,0
98,meme,2026-W12,no_r,0.7755,0.4961,1.0,0.8724,0.4961,0,0,0
98,meme,2026-W13,full,0.7755,0.4961,1.0,0.8724,0.4961,0,0,0
98,meme,2026-W13,no_b,0.7755,0.4961,1.0,0.8724,0.4961,0,0,0
98,meme,2026-W13,no_d,0.7755,0.4961,1.0,0.8724,1.0,1,0,0
98,meme,2026-W13,no_r,0.7755,0.4961,1.0,0.8724,0.4961,0,0,0
98,meme,2026-W14,full,0.7755,0.4961,1.0,0.8724,0.4961,0,0,0
98,meme,2026-W14,no_b,0.7755,0.4961,1.0,0.8724,0.4961,0,0,0
98,meme,2026-W14,no_d,0.7755,0.4961,1.0,0.8724,1.0,1,0,0
98,meme,2026-W14,no_r,0.7755,0.4961,1.0,0.8724,0.4961,0,0,0
98,meme,2026-W15,full,0.7755,0.4961,1.0,0.8724,0.4961,0,0,0
98,meme,2026-W15,no_b,0.7755,0.4961,1.0,0.8724,0.4961,0,0,0
98,meme,2026-W15,no_d,0.7755,0.4961,1.0,0.8724,1.0,1,0,0
98,meme,2026-W15,no_r,0.7755,0.4961,1.0,0.8724,0.4961,0,0,0
98,meme,2026-W16,full,0.7755,1.0439,1.0,0.8724,1.0439,1,1,1
98,meme,2026-W16,no_b,0.7755,1.0439,1.0,0.8724,1.0439,1,1,1
98,meme,2026-W16,no_d,0.7755,1.0439,1.0,0.8724,1.0,1,1,1
98,meme,2026-W16,no_r,0.7755,1.0439,1.0,0.8724,1.0439,1,1,1
98,meme,2026-W17,full,0.7755,0.4961,0.8773,0.8724,0.53038238,0,0,0
98,meme,2026-W17,no_b,0.7755,0.4961,0.8773,0.8724,0.43522852999999995,0,0,0
98,meme,2026-W17,no_d,0.7755,0.4961,0.8773,0.8724,0.97245385,1,0,0
98,meme,2026-W17,no_r,0.7755,0.4961,0.8773,0.8724,0.4961,0,0,0
98,meme,2026-W18,full,0.7755,0.4961,0.8773,0.8724,0.53038238,0,0,0
98,meme,2026-W18,no_b,0.7755,0.4961,0.8773,0.8724,0.43522852999999995,0,0,0
98,meme,2026-W18,no_d,0.7755,0.4961,0.8773,0.8724,0.97245385,1,0,0
98,meme,2026-W18,no_r,0.7755,0.4961,0.8773,0.8724,0.4961,0,0,0
98,meme,2026-W19,full,0.7755,0.4961,0.8773,0.8724,0.53038238,0,0,0
98,meme,2026-W19,no_b,0.7755,0.4961,0.8773,0.8724,0.43522852999999995,0,0,0
98,meme,2026-W19,no_d,0.7755,0.4961,0.8773,0.8724,0.97245385,1,0,0
98,meme,2026-W19,no_r,0.7755,0.4961,0.8773,0.8724,0.4961,0,0,0
98,meme,2026-W20,full,0.7755,1.0439,0.8773,0.8724,1.01096732,1,1,1
98,meme,2026-W20,no_b,0.7755,1.0439,0.8773,0.8724,0.91581347,1,1,1
98,meme,2026-W20,no_d,0.7755,1.0439,0.8773,0.8724,0.97245385,1,1,1
98,meme,2026-W20,no_r,0.7755,1.0439,0.8773,0.8724,1.0439,1,1,1
98,meme,2026-W21,full,0.7755,1.5485,0.7696,0.8724,1.3704008,1,1,1
98,meme,2026-W21,no_b,0.7755,1.5485,0.7696,0.8724,1.1917255999999998,1,1,1
98,meme,2026-W21,no_d,0.7755,1.5485,0.7696,0.8724,0.9482752,1,1,1
98,meme,2026-W21,no_r,0.7755,1.5485,0.7696,0.8724,1.5485,1,1,1
98,meme,2026-W22,full,0.7755,1.5564,0.5548,0.8724,1.20874332,1,1,1
98,meme,2026-W22,no_b,0.7755,1.5564,0.5548,0.8724,0.8634907199999999,0,1,1
98,meme,2026-W22,no_d,0.7755,1.5564,0.5548,0.8724,0.9000526,1,1,1
98,meme,2026-W22,no_r,0.7755,1.5564,0.5548,0.8724,1.5564,1,1,1
99,meme,2026-W12,full,0.7755,0.4875,1.0,1.106,0.4875,0,0,0
99,meme,2026-W12,no_b,0.7755,0.4875,1.0,1.106,0.4875,0,0,0
99,meme,2026-W12,no_d,0.7755,0.4875,1.0,1.106,1.0,0,0,0
99,meme,2026-W12,no_r,0.7755,0.4875,1.0,1.106,0.4875,0,0,0
99,meme,2026-W13,full,0.7755,0.4875,1.0,1.106,0.4875,0,0,0
99,meme,2026-W13,no_b,0.7755,0.4875,1.0,1.106,0.4875,0,0,0
99,meme,2026-W13,no_d,0.7755,0.4875,1.0,1.106,1.0,0,0,0
99,meme,2026-W13,no_r,0.7755,0.4875,1.0,1.106,0.4875,0,0,0
99,meme,2026-W14,full,0.7755,0.4875,1.0,1.106,0.4875,0,0,0
99,meme,2026-W14,no_b,0.7755,0.4875,1.0,1.106,0.4875,0,0,0
99,meme,2026-W14,no_d,0.7755,0.4875,1.0,1.106,1.0,0,0,0
99,meme,2026-W14,no_r,0.7755,0.4875,1.0,1.106,0.4875,0,0,0
99,meme,2026-W15,full,0.7755,0.4875,1.0,1.106,0.4875,0,0,0
99,meme,2026-W15,no_b,0.7755,0.4875,1.0,1.106,0.4875,0,0,0
99,meme,2026-W15,no_d,0.7755,0.4875,1.0,1.106,1.0,0,0,0
99,meme,2026-W15,no_r,0.7755,0.4875,1.0,1.106,0.4875,0,0,0
99,meme,2026-W16,full,0.7755,0.654,1.0,1.106,0.654,0,0,0
99,meme,2026-W16,no_b,0.7755,0.654,1.0,1.106,0.654,0,0,0
99,meme,2026-W16,no_d,0.7755,0.654,1.0,1.106,1.0,0,0,0
99,meme,2026-W16,no_r,0.7755,0.654,1.0,1.106,0.654,0,0,0
99,meme,2026-W17,full,0.7755,0.4875,0.9124,1.106,0.5127288,0,0,0
99,meme,2026-W17,no_b,0.7755,0.4875,0.9124,1.106,0.444795,0,0,0
99,meme,2026-W17,no_d,0.7755,0.4875,0.9124,1.106,0.9803338,0,0,0
99,meme,2026-W17,no_r,0.7755,0.4875,0.9124,1.106,0.4875,0,0,0
99,meme,2026-W18,full,0.7755,0.654,0.9124,1.106,0.6646434,0,0,0
99,meme,2026-W18,no_b,0.7755,0.654,0.9124,1.106,0.5967096000000001,0,0,0
99,meme,2026-W18,no_d,0.7755,0.654,0.9124,1.106,0.9803338,0,0,0
99,meme,2026-W18,no_r,0.7755,0.654,0.9124,1.106,0.654,0,0,0
99,meme,2026-W19,full,0.7755,0.654,0.8324,1.106,0.6743634000000001,0,0,0
99,meme,2026-W19,no_b,0.7755,0.654,0.8324,1.106,0.5443896,0,0,0
99,meme,2026-W19,no_d,0.7755,0.654,0.8324,1.106,0.9623738,0,0,0
99,meme,2026-W19,no_r,0.7755,0.654,0.8324,1.106,0.654,0,0,0
99,meme,2026-W20,full,0.7755,1.0446,0.7594,1.106,0.9798545399999999,0,0,0
99,meme,2026-W20,no_b,0.7755,1.0446,0.7594,1.106,0.79326924,0,0,0
99,meme,2026-W20,no_d,0.7755,1.0446,0.7594,1.106,0.9459853,0,0,0
99,meme,2026-W20,no_r,0.7755,1.0446,0.7594,1.106,1.0446,0,0,0
99,meme,2026-W21,full,0.7755,1.5658,0.6322,1.106,1.27512766,1,1,1
99,meme,2026-W21,no_b,0.7755,1.5658,0.6322,1.106,0.98989876,0,1,1
99,meme,2026-W21,no_d,0.7755,1.5658,0.6322,1.106,0.9174289,0,1,1
99,meme,2026-W21,no_r,0.7755,1.5658,0.6322,1.106,1.5658,1,1,1
99,meme,2026-W22,full,0.7755,1.5645,0.3326,1.106,1.0379214,0,0,0
99,meme,2026-W22,no_b,0.7755,1.5645,0.3326,1.106,0.5203527,0,0,0
99,meme,2026-W22,no_d,0.7755,1.5645,0.3326,1.106,0.8501687,0,0,0
99,meme,2026-W22,no_r,0.7755,1.5645,0.3326,1.106,1.5645,1,0,0
100,other,2026-W12,full,0.7686,0.357,1.0,0.8552,0.357,0,0,0
100,other,2026-W12,no_b,0.7686,0.357,1.0,0.8552,0.357,0,0,0
100,other,2026-W12,no_d,0.7686,0.357,1.0,0.8552,1.0,1,0,0
100,other,2026-W12,no_r,0.7686,0.357,1.0,0.8552,0.357,0,0,0
100,other,2026-W13,full,0.7686,0.534,1.0,0.8552,0.534,0,0,0
100,other,2026-W13,no_b,0.7686,0.534,1.0,0.8552,0.534,0,0,0
100,other,2026-W13,no_d,0.7686,0.534,1.0,0.8552,1.0,1,0,0
100,other,2026-W13,no_r,0.7686,0.534,1.0,0.8552,0.534,0,0,0
100,other,2026-W14,full,0.7686,0.534,0.7156,0.8552,0.60072024,0,0,0
100,other,2026-W14,no_b,0.7686,0.534,0.7156,0.8552,0.38213040000000004,0,0,0
100,other,2026-W14,no_d,0.7686,0.534,0.7156,0.8552,0.9341898399999999,1,0,0
100,other,2026-W14,no_r,0.7686,0.534,0.7156,0.8552,0.534,0,0,0
100,other,2026-W15,full,0.7686,0.357,0.5121,0.8552,0.55781964,0,0,0
100,other,2026-W15,no_b,0.7686,0.357,0.5121,0.8552,0.1828197,0,0,0
100,other,2026-W15,no_d,0.7686,0.357,0.5121,0.8552,0.8870999399999999,1,0,0
100,other,2026-W15,no_r,0.7686,0.357,0.5121,0.8552,0.357,0,0,0
100,other,2026-W16,full,0.7686,0.534,0.5121,0.8552,0.64846134,0,0,0
100,other,2026-W16,no_b,0.7686,0.534,0.5121,0.8552,0.2734614,0,0,0
100,other,2026-W16,no_d,0.7686,0.534,0.5121,0.8552,0.8870999399999999,1,0,0
100,other,2026-W16,no_r,0.7686,0.534,0.5121,0.8552,0.534,0,0,0
100,other,2026-W17,full,0.7686,0.534,0.3664,0.8552,0.68264256,0,0,0
100,other,2026-W17,no_b,0.7686,0.534,0.3664,0.8552,0.19565760000000001,0,0,0
100,other,2026-W17,no_d,0.7686,0.534,0.3664,0.8552,0.85338496,0,0,0
100,other,2026-W17,no_r,0.7686,0.534,0.3664,0.8552,0.534,0,0,0
100,other,2026-W18,full,0.7686,1.6882,0.2622,0.8552,1.00971912,1,1,1
100,other,2026-W18,no_b,0.7686,1.6882,0.2622,0.8552,0.44264603999999996,0,1,1
100,other,2026-W18,no_d,0.7686,1.6882,0.2622,0.8552,0.82927308,0,1,1
100,other,2026-W18,no_r,0.7686,1.6882,0.2622,0.8552,1.6882,1,1,1
100,other,2026-W19,full,0.7686,1.6221,0.0492,0.8552,0.8105922,0,0,0
100,other,2026-W19,no_b,0.7686,1.6221,0.0492,0.8552,0.07980732,0,0,0
100,other,2026-W19,no_d,0.7686,1.6221,0.0492,0.8552,0.77998488,0,0,0
100,other,2026-W19,no_r,0.7686,1.6221,0.0492,0.8552,1.6221,1,0,0
100,other,2026-W20,full,0.7686,0.534,0.0129,0.8552,0.7655736599999999,0,0,0
100,other,2026-W20,no_b,0.7686,0.534,0.0129,0.8552,0.006888600000000001,0,0,0
100,other,2026-W20,no_d,0.7686,0.534,0.0129,0.8552,0.7715850599999999,0,0,0
100,other,2026-W20,no_r,0.7686,0.534,0.0129,0.8552,0.534,0,0,0
100,other,2026-W21,full,0.7686,0.357,0.0092,0.8552,0.7648132799999999,0,0,0
100,other,2026-W21,no_b,0.7686,0.357,0.0092,0.8552,0.0032844,0,0,0
100,other,2026-W21,no_d,0.7686,0.357,0.0092,0.8552,0.77072888,0,0,0
100,other,2026-W21,no_r,0.7686,0.357,0.0092,0.8552,0.357,0,0,0
100,other,2026-W22,full,0.7686,0.9493,0.0092,0.8552,0.77026244,0,0,0
100,other,2026-W22,no_b,0.7686,0.9493,0.0092,0.8552,0.00873356,0,0,0
100,other,2026-W22,no_d,0.7686,0.9493,0.0092,0.8552,0.77072888,0,0,0
100,other,2026-W22,no_r,0.7686,0.9493,0.0092,0.8552,0.9493,1,0,0
