seed,condition,week,agent_type,supply,total_supply,representation_share
3000,full,2026-W12,meme,0,27,0.0
3000,full,2026-W12,mourning,0,27,0.0
3000,full,2026-W12,marketing,19,27,0.7037037037037037
3000,full,2026-W12,education,8,27,0.2962962962962963
3000,full,2026-W12,other,0,27,0.0
3000,full,2026-W13,meme,0,46,0.0
3000,full,2026-W13,mourning,22,46,0.4782608695652174
3000,full,2026-W13,marketing,11,46,0.2391304347826087
3000,full,2026-W13,education,7,46,0.15217391304347827
3000,full,2026-W13,other,6,46,0.13043478260869565
3000,full,2026-W14,meme,0,34,0.0
3000,full,2026-W14,mourning,8,34,0.23529411764705882
3000,full,2026-W14,marketing,11,34,0.3235294117647059
3000,full,2026-W14,education,10,34,0.29411764705882354
3000,full,2026-W14,other,5,34,0.14705882352941177
3000,full,2026-W15,meme,0,22,0.0
3000,full,2026-W15,mourning,6,22,0.2727272727272727
3000,full,2026-W15,marketing,6,22,0.2727272727272727
3000,full,2026-W15,education,5,22,0.22727272727272727
3000,full,2026-W15,other,5,22,0.22727272727272727
3000,full,2026-W16,meme,0,16,0.0
3000,full,2026-W16,mourning,2,16,0.125
3000,full,2026-W16,marketing,6,16,0.375
3000,full,2026-W16,education,3,16,0.1875
3000,full,2026-W16,other,5,16,0.3125
3000,full,2026-W17,meme,0,11,0.0
3000,full,2026-W17,mourning,0,11,0.0
3000,full,2026-W17,marketing,4,11,0.36363636363636365
3000,full,2026-W17,education,3,11,0.2727272727272727
3000,full,2026-W17,other,4,11,0.36363636363636365
3000,full,2026-W18,meme,0,10,0.0
3000,full,2026-W18,mourning,0,10,0.0
3000,full,2026-W18,marketing,4,10,0.4
3000,full,2026-W18,education,5,10,0.5
3000,full,2026-W18,other,1,10,0.1
3000,full,2026-W19,meme,0,7,0.0
3000,full,2026-W19,mourning,0,7,0.0
3000,full,2026-W19,marketing,4,7,0.5714285714285714
3000,full,2026-W19,education,2,7,0.2857142857142857
3000,full,2026-W19,other,1,7,0.14285714285714285
3000,full,2026-W20,meme,7,13,0.5384615384615384
3000,full,2026-W20,mourning,0,13,0.0
3000,full,2026-W20,marketing,4,13,0.3076923076923077
3000,full,2026-W20,education,2,13,0.15384615384615385
3000,full,2026-W20,other,0,13,0.0
3000,full,2026-W21,meme,19,24,0.7916666666666666
3000,full,2026-W21,mourning,0,24,0.0
3000,full,2026-W21,marketing,4,24,0.16666666666666666
3000,full,2026-W21,education,1,24,0.041666666666666664
3000,full,2026-W21,other,0,24,0.0
3000,full,2026-W22,meme,19,22,0.8636363636363636
3000,full,2026-W22,mourning,0,22,0.0
3000,full,2026-W22,marketing,3,22,0.13636363636363635
3000,full,2026-W22,education,0,22,0.0
3000,full,2026-W22,other,0,22,0.0
3000,no_B,2026-W12,meme,0,27,0.0
3000,no_B,2026-W12,mourning,0,27,0.0
3000,no_B,2026-W12,marketing,19,27,0.7037037037037037
3000,no_B,2026-W12,education,8,27,0.2962962962962963
3000,no_B,2026-W12,other,0,27,0.0
3000,no_B,2026-W13,meme,0,32,0.0
3000,no_B,2026-W13,mourning,22,32,0.6875
3000,no_B,2026-W13,marketing,0,32,0.0
3000,no_B,2026-W13,education,4,32,0.125
3000,no_B,2026-W13,other,6,32,0.1875
3000,no_B,2026-W14,meme,0,7,0.0
3000,no_B,2026-W14,mourning,0,7,0.0
3000,no_B,2026-W14,marketing,0,7,0.0
3000,no_B,2026-W14,education,1,7,0.14285714285714285
3000,no_B,2026-W14,other,6,7,0.8571428571428571
3000,no_B,2026-W15,meme,0,4,0.0
3000,no_B,2026-W15,mourning,0,4,0.0
3000,no_B,2026-W15,marketing,0,4,0.0
3000,no_B,2026-W15,education,1,4,0.25
3000,no_B,2026-W15,other,3,4,0.75
3000,no_B,2026-W16,meme,0,0,0.0
3000,no_B,2026-W16,mourning,0,0,0.0
3000,no_B,2026-W16,marketing,0,0,0.0
3000,no_B,2026-W16,education,0,0,0.0
3000,no_B,2026-W16,other,0,0,0.0
3000,no_B,2026-W17,meme,0,0,0.0
3000,no_B,2026-W17,mourning,0,0,0.0
3000,no_B,2026-W17,marketing,0,0,0.0
3000,no_B,2026-W17,education,0,0,0.0
3000,no_B,2026-W17,other,0,0,0.0
3000,no_B,2026-W18,meme,0,0,0.0
3000,no_B,2026-W18,mourning,0,0,0.0
3000,no_B,2026-W18,marketing,0,0,0.0
3000,no_B,2026-W18,education,0,0,0.0
3000,no_B,2026-W18,other,0,0,0.0
3000,no_B,2026-W19,meme,0,0,0.0
3000,no_B,2026-W19,mourning,0,0,0.0
3000,no_B,2026-W19,marketing,0,0,0.0
3000,no_B,2026-W19,education,0,0,0.0
3000,no_B,2026-W19,other,0,0,0.0
3000,no_B,2026-W20,meme,11,11,1.0
3000,no_B,2026-W20,mourning,0,11,0.0
3000,no_B,2026-W20,marketing,0,11,0.0
3000,no_B,2026-W20,education,0,11,0.0
3000,no_B,2026-W20,other,0,11,0.0
3000,no_B,2026-W21,meme,17,17,1.0
3000,no_B,2026-W21,mourning,0,17,0.0
3000,no_B,2026-W21,marketing,0,17,0.0
3000,no_B,2026-W21,education,0,17,0.0
3000,no_B,2026-W21,other,0,17,0.0
3000,no_B,2026-W22,meme,1,1,1.0
3000,no_B,2026-W22,mourning,0,1,0.0
3000,no_B,2026-W22,marketing,0,1,0.0
3000,no_B,2026-W22,education,0,1,0.0
3000,no_B,2026-W22,other,0,1,0.0
3000,no_D,2026-W12,meme,12,63,0.19047619047619047
3000,no_D,2026-W12,mourning,12,63,0.19047619047619047
3000,no_D,2026-W12,marketing,15,63,0.23809523809523808
3000,no_D,2026-W12,education,9,63,0.14285714285714285
3000,no_D,2026-W12,other,15,63,0.23809523809523808
3000,no_D,2026-W13,meme,12,54,0.2222222222222222
3000,no_D,2026-W13,mourning,12,54,0.2222222222222222
3000,no_D,2026-W13,marketing,9,54,0.16666666666666666
3000,no_D,2026-W13,education,6,54,0.1111111111111111
3000,no_D,2026-W13,other,15,54,0.2777777777777778
3000,no_D,2026-W14,meme,10,43,0.23255813953488372
3000,no_D,2026-W14,mourning,4,43,0.09302325581395349
3000,no_D,2026-W14,marketing,9,43,0.20930232558139536
3000,no_D,2026-W14,education,6,43,0.13953488372093023
3000,no_D,2026-W14,other,14,43,0.32558139534883723
3000,no_D,2026-W15,meme,8,28,0.2857142857142857
3000,no_D,2026-W15,mourning,2,28,0.07142857142857142
3000,no_D,2026-W15,marketing,7,28,0.25
3000,no_D,2026-W15,education,5,28,0.17857142857142858
3000,no_D,2026-W15,other,6,28,0.21428571428571427
3000,no_D,2026-W16,meme,7,23,0.30434782608695654
3000,no_D,2026-W16,mourning,2,23,0.08695652173913043
3000,no_D,2026-W16,marketing,7,23,0.30434782608695654
3000,no_D,2026-W16,education,5,23,0.21739130434782608
3000,no_D,2026-W16,other,2,23,0.08695652173913043
3000,no_D,2026-W17,meme,6,17,0.35294117647058826
3000,no_D,2026-W17,mourning,1,17,0.058823529411764705
3000,no_D,2026-W17,marketing,4,17,0.23529411764705882
3000,no_D,2026-W17,education,5,17,0.29411764705882354
3000,no_D,2026-W17,other,1,17,0.058823529411764705
3000,no_D,2026-W18,meme,5,14,0.35714285714285715
3000,no_D,2026-W18,mourning,1,14,0.07142857142857142
3000,no_D,2026-W18,marketing,4,14,0.2857142857142857
3000,no_D,2026-W18,education,4,14,0.2857142857142857
3000,no_D,2026-W18,other,0,14,0.0
3000,no_D,2026-W19,meme,4,11,0.36363636363636365
3000,no_D,2026-W19,mourning,1,11,0.09090909090909091
3000,no_D,2026-W19,marketing,4,11,0.36363636363636365
3000,no_D,2026-W19,education,2,11,0.18181818181818182
3000,no_D,2026-W19,other,0,11,0.0
3000,no_D,2026-W20,meme,3,10,0.3
3000,no_D,2026-W20,mourning,1,10,0.1
3000,no_D,2026-W20,marketing,4,10,0.4
3000,no_D,2026-W20,education,2,10,0.2
3000,no_D,2026-W20,other,0,10,0.0
3000,no_D,2026-W21,meme,3,9,0.3333333333333333
3000,no_D,2026-W21,mourning,1,9,0.1111111111111111
3000,no_D,2026-W21,marketing,4,9,0.4444444444444444
3000,no_D,2026-W21,education,1,9,0.1111111111111111
3000,no_D,2026-W21,other,0,9,0.0
3000,no_D,2026-W22,meme,1,5,0.2
3000,no_D,2026-W22,mourning,1,5,0.2
3000,no_D,2026-W22,marketing,3,5,0.6
3000,no_D,2026-W22,education,0,5,0.0
3000,no_D,2026-W22,other,0,5,0.0
3000,no_R,2026-W12,meme,0,27,0.0
3000,no_R,2026-W12,mourning,0,27,0.0
3000,no_R,2026-W12,marketing,19,27,0.7037037037037037
3000,no_R,2026-W12,education,8,27,0.2962962962962963
3000,no_R,2026-W12,other,0,27,0.0
3000,no_R,2026-W13,meme,0,51,0.0
3000,no_R,2026-W13,mourning,22,51,0.43137254901960786
3000,no_R,2026-W13,marketing,16,51,0.3137254901960784
3000,no_R,2026-W13,education,7,51,0.13725490196078433
3000,no_R,2026-W13,other,6,51,0.11764705882352941
3000,no_R,2026-W14,meme,0,51,0.0
3000,no_R,2026-W14,mourning,13,51,0.2549019607843137
3000,no_R,2026-W14,marketing,18,51,0.35294117647058826
3000,no_R,2026-W14,education,12,51,0.23529411764705882
3000,no_R,2026-W14,other,8,51,0.1568627450980392
3000,no_R,2026-W15,meme,0,56,0.0
3000,no_R,2026-W15,mourning,17,56,0.30357142857142855
3000,no_R,2026-W15,marketing,16,56,0.2857142857142857
3000,no_R,2026-W15,education,11,56,0.19642857142857142
3000,no_R,2026-W15,other,12,56,0.21428571428571427
3000,no_R,2026-W16,meme,0,50,0.0
3000,no_R,2026-W16,mourning,13,50,0.26
3000,no_R,2026-W16,marketing,19,50,0.38
3000,no_R,2026-W16,education,10,50,0.2
3000,no_R,2026-W16,other,8,50,0.16
3000,no_R,2026-W17,meme,0,55,0.0
3000,no_R,2026-W17,mourning,16,55,0.2909090909090909
3000,no_R,2026-W17,marketing,19,55,0.34545454545454546
3000,no_R,2026-W17,education,10,55,0.18181818181818182
3000,no_R,2026-W17,other,10,55,0.18181818181818182
3000,no_R,2026-W18,meme,0,53,0.0
3000,no_R,2026-W18,mourning,12,53,0.22641509433962265
3000,no_R,2026-W18,marketing,18,53,0.33962264150943394
3000,no_R,2026-W18,education,12,53,0.22641509433962265
3000,no_R,2026-W18,other,11,53,0.20754716981132076
3000,no_R,2026-W19,meme,0,53,0.0
3000,no_R,2026-W19,mourning,14,53,0.2641509433962264
3000,no_R,2026-W19,marketing,17,53,0.32075471698113206
3000,no_R,2026-W19,education,11,53,0.20754716981132076
3000,no_R,2026-W19,other,11,53,0.20754716981132076
3000,no_R,2026-W20,meme,3,59,0.05084745762711865
3000,no_R,2026-W20,mourning,14,59,0.23728813559322035
3000,no_R,2026-W20,marketing,18,59,0.3050847457627119
3000,no_R,2026-W20,education,14,59,0.23728813559322035
3000,no_R,2026-W20,other,10,59,0.1694915254237288
3000,no_R,2026-W21,meme,12,58,0.20689655172413793
3000,no_R,2026-W21,mourning,13,58,0.22413793103448276
3000,no_R,2026-W21,marketing,18,58,0.3103448275862069
3000,no_R,2026-W21,education,10,58,0.1724137931034483
3000,no_R,2026-W21,other,5,58,0.08620689655172414
3000,no_R,2026-W22,meme,19,60,0.31666666666666665
3000,no_R,2026-W22,mourning,12,60,0.2
3000,no_R,2026-W22,marketing,16,60,0.26666666666666666
3000,no_R,2026-W22,education,11,60,0.18333333333333332
3000,no_R,2026-W22,other,2,60,0.03333333333333333
3001,full,2026-W12,meme,0,26,0.0
3001,full,2026-W12,mourning,0,26,0.0
3001,full,2026-W12,marketing,19,26,0.7307692307692307
3001,full,2026-W12,education,7,26,0.2692307692307692
3001,full,2026-W12,other,0,26,0.0
3001,full,2026-W13,meme,0,42,0.0
3001,full,2026-W13,mourning,22,42,0.5238095238095238
3001,full,2026-W13,marketing,11,42,0.2619047619047619
3001,full,2026-W13,education,5,42,0.11904761904761904
3001,full,2026-W13,other,4,42,0.09523809523809523
3001,full,2026-W14,meme,0,32,0.0
3001,full,2026-W14,mourning,9,32,0.28125
3001,full,2026-W14,marketing,11,32,0.34375
3001,full,2026-W14,education,8,32,0.25
3001,full,2026-W14,other,4,32,0.125
3001,full,2026-W15,meme,0,21,0.0
3001,full,2026-W15,mourning,5,21,0.23809523809523808
3001,full,2026-W15,marketing,8,21,0.38095238095238093
3001,full,2026-W15,education,5,21,0.23809523809523808
3001,full,2026-W15,other,3,21,0.14285714285714285
3001,full,2026-W16,meme,0,20,0.0
3001,full,2026-W16,mourning,4,20,0.2
3001,full,2026-W16,marketing,7,20,0.35
3001,full,2026-W16,education,6,20,0.3
3001,full,2026-W16,other,3,20,0.15
3001,full,2026-W17,meme,0,11,0.0
3001,full,2026-W17,mourning,0,11,0.0
3001,full,2026-W17,marketing,6,11,0.5454545454545454
3001,full,2026-W17,education,4,11,0.36363636363636365
3001,full,2026-W17,other,1,11,0.09090909090909091
3001,full,2026-W18,meme,0,9,0.0
3001,full,2026-W18,mourning,0,9,0.0
3001,full,2026-W18,marketing,4,9,0.4444444444444444
3001,full,2026-W18,education,3,9,0.3333333333333333
3001,full,2026-W18,other,2,9,0.2222222222222222
3001,full,2026-W19,meme,0,5,0.0
3001,full,2026-W19,mourning,0,5,0.0
3001,full,2026-W19,marketing,4,5,0.8
3001,full,2026-W19,education,1,5,0.2
3001,full,2026-W19,other,0,5,0.0
3001,full,2026-W20,meme,7,10,0.7
3001,full,2026-W20,mourning,0,10,0.0
3001,full,2026-W20,marketing,3,10,0.3
3001,full,2026-W20,education,0,10,0.0
3001,full,2026-W20,other,0,10,0.0
3001,full,2026-W21,meme,18,21,0.8571428571428571
3001,full,2026-W21,mourning,0,21,0.0
3001,full,2026-W21,marketing,3,21,0.14285714285714285
3001,full,2026-W21,education,0,21,0.0
3001,full,2026-W21,other,0,21,0.0
3001,full,2026-W22,meme,18,21,0.8571428571428571
3001,full,2026-W22,mourning,0,21,0.0
3001,full,2026-W22,marketing,3,21,0.14285714285714285
3001,full,2026-W22,education,0,21,0.0
3001,full,2026-W22,other,0,21,0.0
3001,no_B,2026-W12,meme,0,26,0.0
3001,no_B,2026-W12,mourning,0,26,0.0
3001,no_B,2026-W12,marketing,19,26,0.7307692307692307
3001,no_B,2026-W12,education,7,26,0.2692307692307692
3001,no_B,2026-W12,other,0,26,0.0
3001,no_B,2026-W13,meme,0,28,0.0
3001,no_B,2026-W13,mourning,22,28,0.7857142857142857
3001,no_B,2026-W13,marketing,0,28,0.0
3001,no_B,2026-W13,education,2,28,0.07142857142857142
3001,no_B,2026-W13,other,4,28,0.14285714285714285
3001,no_B,2026-W14,meme,0,10,0.0
3001,no_B,2026-W14,mourning,0,10,0.0
3001,no_B,2026-W14,marketing,0,10,0.0
3001,no_B,2026-W14,education,5,10,0.5
3001,no_B,2026-W14,other,5,10,0.5
3001,no_B,2026-W15,meme,0,1,0.0
3001,no_B,2026-W15,mourning,0,1,0.0
3001,no_B,2026-W15,marketing,0,1,0.0
3001,no_B,2026-W15,education,0,1,0.0
3001,no_B,2026-W15,other,1,1,1.0
3001,no_B,2026-W16,meme,0,0,0.0
3001,no_B,2026-W16,mourning,0,0,0.0
3001,no_B,2026-W16,marketing,0,0,0.0
3001,no_B,2026-W16,education,0,0,0.0
3001,no_B,2026-W16,other,0,0,0.0
3001,no_B,2026-W17,meme,0,0,0.0
3001,no_B,2026-W17,mourning,0,0,0.0
3001,no_B,2026-W17,marketing,0,0,0.0
3001,no_B,2026-W17,education,0,0,0.0
3001,no_B,2026-W17,other,0,0,0.0
3001,no_B,2026-W18,meme,0,0,0.0
3001,no_B,2026-W18,mourning,0,0,0.0
3001,no_B,2026-W18,marketing,0,0,0.0
3001,no_B,2026-W18,education,0,0,0.0
3001,no_B,2026-W18,other,0,0,0.0
3001,no_B,2026-W19,meme,0,0,0.0
3001,no_B,2026-W19,mourning,0,0,0.0
3001,no_B,2026-W19,marketing,0,0,0.0
3001,no_B,2026-W19,education,0,0,0.0
3001,no_B,2026-W19,other,0,0,0.0
3001,no_B,2026-W20,meme,9,9,1.0
3001,no_B,2026-W20,mourning,0,9,0.0
3001,no_B,2026-W20,marketing,0,9,0.0
3001,no_B,2026-W20,education,0,9,0.0
3001,no_B,2026-W20,other,0,9,0.0
3001,no_B,2026-W21,meme,14,14,1.0
3001,no_B,2026-W21,mourning,0,14,0.0
3001,no_B,2026-W21,marketing,0,14,0.0
3001,no_B,2026-W21,education,0,14,0.0
3001,no_B,2026-W21,other,0,14,0.0
3001,no_B,2026-W22,meme,1,1,1.0
3001,no_B,2026-W22,mourning,0,1,0.0
3001,no_B,2026-W22,marketing,0,1,0.0
3001,no_B,2026-W22,education,0,1,0.0
3001,no_B,2026-W22,other,0,1,0.0
3001,no_D,2026-W12,meme,12,63,0.19047619047619047
3001,no_D,2026-W12,mourning,12,63,0.19047619047619047
3001,no_D,2026-W12,marketing,15,63,0.23809523809523808
3001,no_D,2026-W12,education,9,63,0.14285714285714285
3001,no_D,2026-W12,other,15,63,0.23809523809523808
3001,no_D,2026-W13,meme,12,58,0.20689655172413793
3001,no_D,2026-W13,mourning,12,58,0.20689655172413793
3001,no_D,2026-W13,marketing,12,58,0.20689655172413793
3001,no_D,2026-W13,education,7,58,0.1206896551724138
3001,no_D,2026-W13,other,15,58,0.25862068965517243
3001,no_D,2026-W14,meme,10,41,0.24390243902439024
3001,no_D,2026-W14,mourning,4,41,0.0975609756097561
3001,no_D,2026-W14,marketing,8,41,0.1951219512195122
3001,no_D,2026-W14,education,7,41,0.17073170731707318
3001,no_D,2026-W14,other,12,41,0.2926829268292683
3001,no_D,2026-W15,meme,8,30,0.26666666666666666
3001,no_D,2026-W15,mourning,2,30,0.06666666666666667
3001,no_D,2026-W15,marketing,6,30,0.2
3001,no_D,2026-W15,education,6,30,0.2
3001,no_D,2026-W15,other,8,30,0.26666666666666666
3001,no_D,2026-W16,meme,7,19,0.3684210526315789
3001,no_D,2026-W16,mourning,1,19,0.05263157894736842
3001,no_D,2026-W16,marketing,5,19,0.2631578947368421
3001,no_D,2026-W16,education,4,19,0.21052631578947367
3001,no_D,2026-W16,other,2,19,0.10526315789473684
3001,no_D,2026-W17,meme,5,16,0.3125
3001,no_D,2026-W17,mourning,1,16,0.0625
3001,no_D,2026-W17,marketing,5,16,0.3125
3001,no_D,2026-W17,education,4,16,0.25
3001,no_D,2026-W17,other,1,16,0.0625
3001,no_D,2026-W18,meme,4,13,0.3076923076923077
3001,no_D,2026-W18,mourning,1,13,0.07692307692307693
3001,no_D,2026-W18,marketing,4,13,0.3076923076923077
3001,no_D,2026-W18,education,3,13,0.23076923076923078
3001,no_D,2026-W18,other,1,13,0.07692307692307693
3001,no_D,2026-W19,meme,2,7,0.2857142857142857
3001,no_D,2026-W19,mourning,1,7,0.14285714285714285
3001,no_D,2026-W19,marketing,4,7,0.5714285714285714
3001,no_D,2026-W19,education,0,7,0.0
3001,no_D,2026-W19,other,0,7,0.0
3001,no_D,2026-W20,meme,2,6,0.3333333333333333
3001,no_D,2026-W20,mourning,1,6,0.16666666666666666
3001,no_D,2026-W20,marketing,3,6,0.5
3001,no_D,2026-W20,education,0,6,0.0
3001,no_D,2026-W20,other,0,6,0.0
3001,no_D,2026-W21,meme,2,6,0.3333333333333333
3001,no_D,2026-W21,mourning,1,6,0.16666666666666666
3001,no_D,2026-W21,marketing,3,6,0.5
3001,no_D,2026-W21,education,0,6,0.0
3001,no_D,2026-W21,other,0,6,0.0
3001,no_D,2026-W22,meme,2,6,0.3333333333333333
3001,no_D,2026-W22,mourning,1,6,0.16666666666666666
3001,no_D,2026-W22,marketing,3,6,0.5
3001,no_D,2026-W22,education,0,6,0.0
3001,no_D,2026-W22,other,0,6,0.0
3001,no_R,2026-W12,meme,0,26,0.0
3001,no_R,2026-W12,mourning,0,26,0.0
3001,no_R,2026-W12,marketing,19,26,0.7307692307692307
3001,no_R,2026-W12,education,7,26,0.2692307692307692
3001,no_R,2026-W12,other,0,26,0.0
3001,no_R,2026-W13,meme,0,49,0.0
3001,no_R,2026-W13,mourning,22,49,0.4489795918367347
3001,no_R,2026-W13,marketing,16,49,0.32653061224489793
3001,no_R,2026-W13,education,7,49,0.14285714285714285
3001,no_R,2026-W13,other,4,49,0.08163265306122448
3001,no_R,2026-W14,meme,0,48,0.0
3001,no_R,2026-W14,mourning,14,48,0.2916666666666667
3001,no_R,2026-W14,marketing,19,48,0.3958333333333333
3001,no_R,2026-W14,education,11,48,0.22916666666666666
3001,no_R,2026-W14,other,4,48,0.08333333333333333
3001,no_R,2026-W15,meme,0,55,0.0
3001,no_R,2026-W15,mourning,19,55,0.34545454545454546
3001,no_R,2026-W15,marketing,19,55,0.34545454545454546
3001,no_R,2026-W15,education,10,55,0.18181818181818182
3001,no_R,2026-W15,other,7,55,0.12727272727272726
3001,no_R,2026-W16,meme,0,51,0.0
3001,no_R,2026-W16,mourning,17,51,0.3333333333333333
3001,no_R,2026-W16,marketing,18,51,0.35294117647058826
3001,no_R,2026-W16,education,10,51,0.19607843137254902
3001,no_R,2026-W16,other,6,51,0.11764705882352941
3001,no_R,2026-W17,meme,0,50,0.0
3001,no_R,2026-W17,mourning,17,50,0.34
3001,no_R,2026-W17,marketing,18,50,0.36
3001,no_R,2026-W17,education,12,50,0.24
3001,no_R,2026-W17,other,3,50,0.06
3001,no_R,2026-W18,meme,0,54,0.0
3001,no_R,2026-W18,mourning,19,54,0.35185185185185186
3001,no_R,2026-W18,marketing,18,54,0.3333333333333333
3001,no_R,2026-W18,education,11,54,0.2037037037037037
3001,no_R,2026-W18,other,6,54,0.1111111111111111
3001,no_R,2026-W19,meme,0,54,0.0
3001,no_R,2026-W19,mourning,17,54,0.3148148148148148
3001,no_R,2026-W19,marketing,17,54,0.3148148148148148
3001,no_R,2026-W19,education,13,54,0.24074074074074073
3001,no_R,2026-W19,other,7,54,0.12962962962962962
3001,no_R,2026-W20,meme,6,58,0.10344827586206896
3001,no_R,2026-W20,mourning,16,58,0.27586206896551724
3001,no_R,2026-W20,marketing,18,58,0.3103448275862069
3001,no_R,2026-W20,education,13,58,0.22413793103448276
3001,no_R,2026-W20,other,5,58,0.08620689655172414
3001,no_R,2026-W21,meme,12,57,0.21052631578947367
3001,no_R,2026-W21,mourning,10,57,0.17543859649122806
3001,no_R,2026-W21,marketing,17,57,0.2982456140350877
3001,no_R,2026-W21,education,12,57,0.21052631578947367
3001,no_R,2026-W21,other,6,57,0.10526315789473684
3001,no_R,2026-W22,meme,19,57,0.3333333333333333
3001,no_R,2026-W22,mourning,12,57,0.21052631578947367
3001,no_R,2026-W22,marketing,16,57,0.2807017543859649
3001,no_R,2026-W22,education,9,57,0.15789473684210525
3001,no_R,2026-W22,other,1,57,0.017543859649122806
3002,full,2026-W12,meme,0,27,0.0
3002,full,2026-W12,mourning,0,27,0.0
3002,full,2026-W12,marketing,19,27,0.7037037037037037
3002,full,2026-W12,education,8,27,0.2962962962962963
3002,full,2026-W12,other,0,27,0.0
3002,full,2026-W13,meme,0,43,0.0
3002,full,2026-W13,mourning,22,43,0.5116279069767442
3002,full,2026-W13,marketing,10,43,0.23255813953488372
3002,full,2026-W13,education,5,43,0.11627906976744186
3002,full,2026-W13,other,6,43,0.13953488372093023
3002,full,2026-W14,meme,0,33,0.0
3002,full,2026-W14,mourning,9,33,0.2727272727272727
3002,full,2026-W14,marketing,10,33,0.30303030303030304
3002,full,2026-W14,education,9,33,0.2727272727272727
3002,full,2026-W14,other,5,33,0.15151515151515152
3002,full,2026-W15,meme,0,25,0.0
3002,full,2026-W15,mourning,3,25,0.12
3002,full,2026-W15,marketing,9,25,0.36
3002,full,2026-W15,education,6,25,0.24
3002,full,2026-W15,other,7,25,0.28
3002,full,2026-W16,meme,0,23,0.0
3002,full,2026-W16,mourning,3,23,0.13043478260869565
3002,full,2026-W16,marketing,8,23,0.34782608695652173
3002,full,2026-W16,education,6,23,0.2608695652173913
3002,full,2026-W16,other,6,23,0.2608695652173913
3002,full,2026-W17,meme,0,11,0.0
3002,full,2026-W17,mourning,1,11,0.09090909090909091
3002,full,2026-W17,marketing,5,11,0.45454545454545453
3002,full,2026-W17,education,4,11,0.36363636363636365
3002,full,2026-W17,other,1,11,0.09090909090909091
3002,full,2026-W18,meme,0,9,0.0
3002,full,2026-W18,mourning,0,9,0.0
3002,full,2026-W18,marketing,4,9,0.4444444444444444
3002,full,2026-W18,education,3,9,0.3333333333333333
3002,full,2026-W18,other,2,9,0.2222222222222222
3002,full,2026-W19,meme,0,5,0.0
3002,full,2026-W19,mourning,0,5,0.0
3002,full,2026-W19,marketing,3,5,0.6
3002,full,2026-W19,education,2,5,0.4
3002,full,2026-W19,other,0,5,0.0
3002,full,2026-W20,meme,14,18,0.7777777777777778
3002,full,2026-W20,mourning,0,18,0.0
3002,full,2026-W20,marketing,3,18,0.16666666666666666
3002,full,2026-W20,education,1,18,0.05555555555555555
3002,full,2026-W20,other,0,18,0.0
3002,full,2026-W21,meme,19,22,0.8636363636363636
3002,full,2026-W21,mourning,0,22,0.0
3002,full,2026-W21,marketing,3,22,0.13636363636363635
3002,full,2026-W21,education,0,22,0.0
3002,full,2026-W21,other,0,22,0.0
3002,full,2026-W22,meme,18,21,0.8571428571428571
3002,full,2026-W22,mourning,0,21,0.0
3002,full,2026-W22,marketing,3,21,0.14285714285714285
3002,full,2026-W22,education,0,21,0.0
3002,full,2026-W22,other,0,21,0.0
3002,no_B,2026-W12,meme,0,27,0.0
3002,no_B,2026-W12,mourning,0,27,0.0
3002,no_B,2026-W12,marketing,19,27,0.7037037037037037
3002,no_B,2026-W12,education,8,27,0.2962962962962963
3002,no_B,2026-W12,other,0,27,0.0
3002,no_B,2026-W13,meme,0,31,0.0
3002,no_B,2026-W13,mourning,22,31,0.7096774193548387
3002,no_B,2026-W13,marketing,0,31,0.0
3002,no_B,2026-W13,education,3,31,0.0967741935483871
3002,no_B,2026-W13,other,6,31,0.1935483870967742
3002,no_B,2026-W14,meme,0,6,0.0
3002,no_B,2026-W14,mourning,0,6,0.0
3002,no_B,2026-W14,marketing,0,6,0.0
3002,no_B,2026-W14,education,2,6,0.3333333333333333
3002,no_B,2026-W14,other,4,6,0.6666666666666666
3002,no_B,2026-W15,meme,0,2,0.0
3002,no_B,2026-W15,mourning,0,2,0.0
3002,no_B,2026-W15,marketing,0,2,0.0
3002,no_B,2026-W15,education,2,2,1.0
3002,no_B,2026-W15,other,0,2,0.0
3002,no_B,2026-W16,meme,1,2,0.5
3002,no_B,2026-W16,mourning,0,2,0.0
3002,no_B,2026-W16,marketing,0,2,0.0
3002,no_B,2026-W16,education,1,2,0.5
3002,no_B,2026-W16,other,0,2,0.0
3002,no_B,2026-W17,meme,1,1,1.0
3002,no_B,2026-W17,mourning,0,1,0.0
3002,no_B,2026-W17,marketing,0,1,0.0
3002,no_B,2026-W17,education,0,1,0.0
3002,no_B,2026-W17,other,0,1,0.0
3002,no_B,2026-W18,meme,1,1,1.0
3002,no_B,2026-W18,mourning,0,1,0.0
3002,no_B,2026-W18,marketing,0,1,0.0
3002,no_B,2026-W18,education,0,1,0.0
3002,no_B,2026-W18,other,0,1,0.0
3002,no_B,2026-W19,meme,2,2,1.0
3002,no_B,2026-W19,mourning,0,2,0.0
3002,no_B,2026-W19,marketing,0,2,0.0
3002,no_B,2026-W19,education,0,2,0.0
3002,no_B,2026-W19,other,0,2,0.0
3002,no_B,2026-W20,meme,14,14,1.0
3002,no_B,2026-W20,mourning,0,14,0.0
3002,no_B,2026-W20,marketing,0,14,0.0
3002,no_B,2026-W20,education,0,14,0.0
3002,no_B,2026-W20,other,0,14,0.0
3002,no_B,2026-W21,meme,5,5,1.0
3002,no_B,2026-W21,mourning,0,5,0.0
3002,no_B,2026-W21,marketing,0,5,0.0
3002,no_B,2026-W21,education,0,5,0.0
3002,no_B,2026-W21,other,0,5,0.0
3002,no_B,2026-W22,meme,0,0,0.0
3002,no_B,2026-W22,mourning,0,0,0.0
3002,no_B,2026-W22,marketing,0,0,0.0
3002,no_B,2026-W22,education,0,0,0.0
3002,no_B,2026-W22,other,0,0,0.0
3002,no_D,2026-W12,meme,12,63,0.19047619047619047
3002,no_D,2026-W12,mourning,12,63,0.19047619047619047
3002,no_D,2026-W12,marketing,15,63,0.23809523809523808
3002,no_D,2026-W12,education,9,63,0.14285714285714285
3002,no_D,2026-W12,other,15,63,0.23809523809523808
3002,no_D,2026-W13,meme,12,57,0.21052631578947367
3002,no_D,2026-W13,mourning,12,57,0.21052631578947367
3002,no_D,2026-W13,marketing,11,57,0.19298245614035087
3002,no_D,2026-W13,education,7,57,0.12280701754385964
3002,no_D,2026-W13,other,15,57,0.2631578947368421
3002,no_D,2026-W14,meme,11,44,0.25
3002,no_D,2026-W14,mourning,4,44,0.09090909090909091
3002,no_D,2026-W14,marketing,10,44,0.22727272727272727
3002,no_D,2026-W14,education,6,44,0.13636363636363635
3002,no_D,2026-W14,other,13,44,0.29545454545454547
3002,no_D,2026-W15,meme,7,29,0.2413793103448276
3002,no_D,2026-W15,mourning,4,29,0.13793103448275862
3002,no_D,2026-W15,marketing,8,29,0.27586206896551724
3002,no_D,2026-W15,education,5,29,0.1724137931034483
3002,no_D,2026-W15,other,5,29,0.1724137931034483
3002,no_D,2026-W16,meme,6,20,0.3
3002,no_D,2026-W16,mourning,1,20,0.05
3002,no_D,2026-W16,marketing,5,20,0.25
3002,no_D,2026-W16,education,5,20,0.25
3002,no_D,2026-W16,other,3,20,0.15
3002,no_D,2026-W17,meme,6,16,0.375
3002,no_D,2026-W17,mourning,1,16,0.0625
3002,no_D,2026-W17,marketing,5,16,0.3125
3002,no_D,2026-W17,education,4,16,0.25
3002,no_D,2026-W17,other,0,16,0.0
3002,no_D,2026-W18,meme,5,13,0.38461538461538464
3002,no_D,2026-W18,mourning,1,13,0.07692307692307693
3002,no_D,2026-W18,marketing,5,13,0.38461538461538464
3002,no_D,2026-W18,education,2,13,0.15384615384615385
3002,no_D,2026-W18,other,0,13,0.0
3002,no_D,2026-W19,meme,3,9,0.3333333333333333
3002,no_D,2026-W19,mourning,1,9,0.1111111111111111
3002,no_D,2026-W19,marketing,4,9,0.4444444444444444
3002,no_D,2026-W19,education,1,9,0.1111111111111111
3002,no_D,2026-W19,other,0,9,0.0
3002,no_D,2026-W20,meme,2,6,0.3333333333333333
3002,no_D,2026-W20,mourning,0,6,0.0
3002,no_D,2026-W20,marketing,3,6,0.5
3002,no_D,2026-W20,education,1,6,0.16666666666666666
3002,no_D,2026-W20,other,0,6,0.0
3002,no_D,2026-W21,meme,2,5,0.4
3002,no_D,2026-W21,mourning,0,5,0.0
3002,no_D,2026-W21,marketing,3,5,0.6
3002,no_D,2026-W21,education,0,5,0.0
3002,no_D,2026-W21,other,0,5,0.0
3002,no_D,2026-W22,meme,1,4,0.25
3002,no_D,2026-W22,mourning,0,4,0.0
3002,no_D,2026-W22,marketing,3,4,0.75
3002,no_D,2026-W22,education,0,4,0.0
3002,no_D,2026-W22,other,0,4,0.0
3002,no_R,2026-W12,meme,0,27,0.0
3002,no_R,2026-W12,mourning,0,27,0.0
3002,no_R,2026-W12,marketing,19,27,0.7037037037037037
3002,no_R,2026-W12,education,8,27,0.2962962962962963
3002,no_R,2026-W12,other,0,27,0.0
3002,no_R,2026-W13,meme,0,48,0.0
3002,no_R,2026-W13,mourning,22,48,0.4583333333333333
3002,no_R,2026-W13,marketing,14,48,0.2916666666666667
3002,no_R,2026-W13,education,6,48,0.125
3002,no_R,2026-W13,other,6,48,0.125
3002,no_R,2026-W14,meme,0,50,0.0
3002,no_R,2026-W14,mourning,16,50,0.32
3002,no_R,2026-W14,marketing,17,50,0.34
3002,no_R,2026-W14,education,9,50,0.18
3002,no_R,2026-W14,other,8,50,0.16
3002,no_R,2026-W15,meme,0,58,0.0
3002,no_R,2026-W15,mourning,21,58,0.3620689655172414
3002,no_R,2026-W15,marketing,16,58,0.27586206896551724
3002,no_R,2026-W15,education,11,58,0.1896551724137931
3002,no_R,2026-W15,other,10,58,0.1724137931034483
3002,no_R,2026-W16,meme,0,59,0.0
3002,no_R,2026-W16,mourning,16,59,0.2711864406779661
3002,no_R,2026-W16,marketing,18,59,0.3050847457627119
3002,no_R,2026-W16,education,13,59,0.22033898305084745
3002,no_R,2026-W16,other,12,59,0.2033898305084746
3002,no_R,2026-W17,meme,0,53,0.0
3002,no_R,2026-W17,mourning,16,53,0.3018867924528302
3002,no_R,2026-W17,marketing,16,53,0.3018867924528302
3002,no_R,2026-W17,education,11,53,0.20754716981132076
3002,no_R,2026-W17,other,10,53,0.18867924528301888
3002,no_R,2026-W18,meme,0,59,0.0
3002,no_R,2026-W18,mourning,18,59,0.3050847457627119
3002,no_R,2026-W18,marketing,19,59,0.3220338983050847
3002,no_R,2026-W18,education,11,59,0.1864406779661017
3002,no_R,2026-W18,other,11,59,0.1864406779661017
3002,no_R,2026-W19,meme,0,53,0.0
3002,no_R,2026-W19,mourning,15,53,0.2830188679245283
3002,no_R,2026-W19,marketing,17,53,0.32075471698113206
3002,no_R,2026-W19,education,12,53,0.22641509433962265
3002,no_R,2026-W19,other,9,53,0.16981132075471697
3002,no_R,2026-W20,meme,7,55,0.12727272727272726
3002,no_R,2026-W20,mourning,13,55,0.23636363636363636
3002,no_R,2026-W20,marketing,17,55,0.3090909090909091
3002,no_R,2026-W20,education,10,55,0.18181818181818182
3002,no_R,2026-W20,other,8,55,0.14545454545454545
3002,no_R,2026-W21,meme,13,65,0.2
3002,no_R,2026-W21,mourning,14,65,0.2153846153846154
3002,no_R,2026-W21,marketing,16,65,0.24615384615384617
3002,no_R,2026-W21,education,12,65,0.18461538461538463
3002,no_R,2026-W21,other,10,65,0.15384615384615385
3002,no_R,2026-W22,meme,18,61,0.29508196721311475
3002,no_R,2026-W22,mourning,11,61,0.18032786885245902
3002,no_R,2026-W22,marketing,16,61,0.26229508196721313
3002,no_R,2026-W22,education,11,61,0.18032786885245902
3002,no_R,2026-W22,other,5,61,0.08196721311475409
3003,full,2026-W12,meme,0,27,0.0
3003,full,2026-W12,mourning,0,27,0.0
3003,full,2026-W12,marketing,19,27,0.7037037037037037
3003,full,2026-W12,education,8,27,0.2962962962962963
3003,full,2026-W12,other,0,27,0.0
3003,full,2026-W13,meme,0,43,0.0
3003,full,2026-W13,mourning,22,43,0.5116279069767442
3003,full,2026-W13,marketing,10,43,0.23255813953488372
3003,full,2026-W13,education,5,43,0.11627906976744186
3003,full,2026-W13,other,6,43,0.13953488372093023
3003,full,2026-W14,meme,0,28,0.0
3003,full,2026-W14,mourning,7,28,0.25
3003,full,2026-W14,marketing,10,28,0.35714285714285715
3003,full,2026-W14,education,7,28,0.25
3003,full,2026-W14,other,4,28,0.14285714285714285
3003,full,2026-W15,meme,0,23,0.0
3003,full,2026-W15,mourning,6,23,0.2608695652173913
3003,full,2026-W15,marketing,9,23,0.391304347826087
3003,full,2026-W15,education,5,23,0.21739130434782608
3003,full,2026-W15,other,3,23,0.13043478260869565
3003,full,2026-W16,meme,0,18,0.0
3003,full,2026-W16,mourning,1,18,0.05555555555555555
3003,full,2026-W16,marketing,8,18,0.4444444444444444
3003,full,2026-W16,education,6,18,0.3333333333333333
3003,full,2026-W16,other,3,18,0.16666666666666666
3003,full,2026-W17,meme,0,11,0.0
3003,full,2026-W17,mourning,1,11,0.09090909090909091
3003,full,2026-W17,marketing,5,11,0.45454545454545453
3003,full,2026-W17,education,4,11,0.36363636363636365
3003,full,2026-W17,other,1,11,0.09090909090909091
3003,full,2026-W18,meme,0,9,0.0
3003,full,2026-W18,mourning,0,9,0.0
3003,full,2026-W18,marketing,4,9,0.4444444444444444
3003,full,2026-W18,education,3,9,0.3333333333333333
3003,full,2026-W18,other,2,9,0.2222222222222222
3003,full,2026-W19,meme,0,6,0.0
3003,full,2026-W19,mourning,0,6,0.0
3003,full,2026-W19,marketing,3,6,0.5
3003,full,2026-W19,education,2,6,0.3333333333333333
3003,full,2026-W19,other,1,6,0.16666666666666666
3003,full,2026-W20,meme,14,19,0.7368421052631579
3003,full,2026-W20,mourning,0,19,0.0
3003,full,2026-W20,marketing,3,19,0.15789473684210525
3003,full,2026-W20,education,1,19,0.05263157894736842
3003,full,2026-W20,other,1,19,0.05263157894736842
3003,full,2026-W21,meme,19,22,0.8636363636363636
3003,full,2026-W21,mourning,0,22,0.0
3003,full,2026-W21,marketing,3,22,0.13636363636363635
3003,full,2026-W21,education,0,22,0.0
3003,full,2026-W21,other,0,22,0.0
3003,full,2026-W22,meme,18,22,0.8181818181818182
3003,full,2026-W22,mourning,0,22,0.0
3003,full,2026-W22,marketing,3,22,0.13636363636363635
3003,full,2026-W22,education,1,22,0.045454545454545456
3003,full,2026-W22,other,0,22,0.0
3003,no_B,2026-W12,meme,0,27,0.0
3003,no_B,2026-W12,mourning,0,27,0.0
3003,no_B,2026-W12,marketing,19,27,0.7037037037037037
3003,no_B,2026-W12,education,8,27,0.2962962962962963
3003,no_B,2026-W12,other,0,27,0.0
3003,no_B,2026-W13,meme,0,31,0.0
3003,no_B,2026-W13,mourning,22,31,0.7096774193548387
3003,no_B,2026-W13,marketing,0,31,0.0
3003,no_B,2026-W13,education,3,31,0.0967741935483871
3003,no_B,2026-W13,other,6,31,0.1935483870967742
3003,no_B,2026-W14,meme,0,5,0.0
3003,no_B,2026-W14,mourning,0,5,0.0
3003,no_B,2026-W14,marketing,0,5,0.0
3003,no_B,2026-W14,education,3,5,0.6
3003,no_B,2026-W14,other,2,5,0.4
3003,no_B,2026-W15,meme,0,1,0.0
3003,no_B,2026-W15,mourning,0,1,0.0
3003,no_B,2026-W15,marketing,0,1,0.0
3003,no_B,2026-W15,education,1,1,1.0
3003,no_B,2026-W15,other,0,1,0.0
3003,no_B,2026-W16,meme,0,0,0.0
3003,no_B,2026-W16,mourning,0,0,0.0
3003,no_B,2026-W16,marketing,0,0,0.0
3003,no_B,2026-W16,education,0,0,0.0
3003,no_B,2026-W16,other,0,0,0.0
3003,no_B,2026-W17,meme,0,0,0.0
3003,no_B,2026-W17,mourning,0,0,0.0
3003,no_B,2026-W17,marketing,0,0,0.0
3003,no_B,2026-W17,education,0,0,0.0
3003,no_B,2026-W17,other,0,0,0.0
3003,no_B,2026-W18,meme,0,0,0.0
3003,no_B,2026-W18,mourning,0,0,0.0
3003,no_B,2026-W18,marketing,0,0,0.0
3003,no_B,2026-W18,education,0,0,0.0
3003,no_B,2026-W18,other,0,0,0.0
3003,no_B,2026-W19,meme,0,0,0.0
3003,no_B,2026-W19,mourning,0,0,0.0
3003,no_B,2026-W19,marketing,0,0,0.0
3003,no_B,2026-W19,education,0,0,0.0
3003,no_B,2026-W19,other,0,0,0.0
3003,no_B,2026-W20,meme,13,13,1.0
3003,no_B,2026-W20,mourning,0,13,0.0
3003,no_B,2026-W20,marketing,0,13,0.0
3003,no_B,2026-W20,education,0,13,0.0
3003,no_B,2026-W20,other,0,13,0.0
3003,no_B,2026-W21,meme,12,12,1.0
3003,no_B,2026-W21,mourning,0,12,0.0
3003,no_B,2026-W21,marketing,0,12,0.0
3003,no_B,2026-W21,education,0,12,0.0
3003,no_B,2026-W21,other,0,12,0.0
3003,no_B,2026-W22,meme,1,1,1.0
3003,no_B,2026-W22,mourning,0,1,0.0
3003,no_B,2026-W22,marketing,0,1,0.0
3003,no_B,2026-W22,education,0,1,0.0
3003,no_B,2026-W22,other,0,1,0.0
3003,no_D,2026-W12,meme,12,63,0.19047619047619047
3003,no_D,2026-W12,mourning,12,63,0.19047619047619047
3003,no_D,2026-W12,marketing,15,63,0.23809523809523808
3003,no_D,2026-W12,education,9,63,0.14285714285714285
3003,no_D,2026-W12,other,15,63,0.23809523809523808
3003,no_D,2026-W13,meme,12,57,0.21052631578947367
3003,no_D,2026-W13,mourning,12,57,0.21052631578947367
3003,no_D,2026-W13,marketing,11,57,0.19298245614035087
3003,no_D,2026-W13,education,7,57,0.12280701754385964
3003,no_D,2026-W13,other,15,57,0.2631578947368421
3003,no_D,2026-W14,meme,11,44,0.25
3003,no_D,2026-W14,mourning,4,44,0.09090909090909091
3003,no_D,2026-W14,marketing,9,44,0.20454545454545456
3003,no_D,2026-W14,education,7,44,0.1590909090909091
3003,no_D,2026-W14,other,13,44,0.29545454545454547
3003,no_D,2026-W15,meme,9,29,0.3103448275862069
3003,no_D,2026-W15,mourning,2,29,0.06896551724137931
3003,no_D,2026-W15,marketing,7,29,0.2413793103448276
3003,no_D,2026-W15,education,6,29,0.20689655172413793
3003,no_D,2026-W15,other,5,29,0.1724137931034483
3003,no_D,2026-W16,meme,5,19,0.2631578947368421
3003,no_D,2026-W16,mourning,1,19,0.05263157894736842
3003,no_D,2026-W16,marketing,6,19,0.3157894736842105
3003,no_D,2026-W16,education,4,19,0.21052631578947367
3003,no_D,2026-W16,other,3,19,0.15789473684210525
3003,no_D,2026-W17,meme,5,14,0.35714285714285715
3003,no_D,2026-W17,mourning,1,14,0.07142857142857142
3003,no_D,2026-W17,marketing,5,14,0.35714285714285715
3003,no_D,2026-W17,education,3,14,0.21428571428571427
3003,no_D,2026-W17,other,0,14,0.0
3003,no_D,2026-W18,meme,5,12,0.4166666666666667
3003,no_D,2026-W18,mourning,1,12,0.08333333333333333
3003,no_D,2026-W18,marketing,3,12,0.25
3003,no_D,2026-W18,education,3,12,0.25
3003,no_D,2026-W18,other,0,12,0.0
3003,no_D,2026-W19,meme,4,10,0.4
3003,no_D,2026-W19,mourning,1,10,0.1
3003,no_D,2026-W19,marketing,3,10,0.3
3003,no_D,2026-W19,education,2,10,0.2
3003,no_D,2026-W19,other,0,10,0.0
3003,no_D,2026-W20,meme,2,7,0.2857142857142857
3003,no_D,2026-W20,mourning,1,7,0.14285714285714285
3003,no_D,2026-W20,marketing,3,7,0.42857142857142855
3003,no_D,2026-W20,education,1,7,0.14285714285714285
3003,no_D,2026-W20,other,0,7,0.0
3003,no_D,2026-W21,meme,2,7,0.2857142857142857
3003,no_D,2026-W21,mourning,1,7,0.14285714285714285
3003,no_D,2026-W21,marketing,3,7,0.42857142857142855
3003,no_D,2026-W21,education,1,7,0.14285714285714285
3003,no_D,2026-W21,other,0,7,0.0
3003,no_D,2026-W22,meme,1,6,0.16666666666666666
3003,no_D,2026-W22,mourning,1,6,0.16666666666666666
3003,no_D,2026-W22,marketing,3,6,0.5
3003,no_D,2026-W22,education,1,6,0.16666666666666666
3003,no_D,2026-W22,other,0,6,0.0
3003,no_R,2026-W12,meme,0,27,0.0
3003,no_R,2026-W12,mourning,0,27,0.0
3003,no_R,2026-W12,marketing,19,27,0.7037037037037037
3003,no_R,2026-W12,education,8,27,0.2962962962962963
3003,no_R,2026-W12,other,0,27,0.0
3003,no_R,2026-W13,meme,0,48,0.0
3003,no_R,2026-W13,mourning,22,48,0.4583333333333333
3003,no_R,2026-W13,marketing,14,48,0.2916666666666667
3003,no_R,2026-W13,education,6,48,0.125
3003,no_R,2026-W13,other,6,48,0.125
3003,no_R,2026-W14,meme,0,51,0.0
3003,no_R,2026-W14,mourning,17,51,0.3333333333333333
3003,no_R,2026-W14,marketing,18,51,0.35294117647058826
3003,no_R,2026-W14,education,10,51,0.19607843137254902
3003,no_R,2026-W14,other,6,51,0.11764705882352941
3003,no_R,2026-W15,meme,0,47,0.0
3003,no_R,2026-W15,mourning,17,47,0.3617021276595745
3003,no_R,2026-W15,marketing,15,47,0.3191489361702128
3003,no_R,2026-W15,education,10,47,0.2127659574468085
3003,no_R,2026-W15,other,5,47,0.10638297872340426
3003,no_R,2026-W16,meme,0,58,0.0
3003,no_R,2026-W16,mourning,19,58,0.3275862068965517
3003,no_R,2026-W16,marketing,18,58,0.3103448275862069
3003,no_R,2026-W16,education,12,58,0.20689655172413793
3003,no_R,2026-W16,other,9,58,0.15517241379310345
3003,no_R,2026-W17,meme,0,57,0.0
3003,no_R,2026-W17,mourning,19,57,0.3333333333333333
3003,no_R,2026-W17,marketing,17,57,0.2982456140350877
3003,no_R,2026-W17,education,12,57,0.21052631578947367
3003,no_R,2026-W17,other,9,57,0.15789473684210525
3003,no_R,2026-W18,meme,0,54,0.0
3003,no_R,2026-W18,mourning,16,54,0.2962962962962963
3003,no_R,2026-W18,marketing,17,54,0.3148148148148148
3003,no_R,2026-W18,education,11,54,0.2037037037037037
3003,no_R,2026-W18,other,10,54,0.18518518518518517
3003,no_R,2026-W19,meme,0,51,0.0
3003,no_R,2026-W19,mourning,15,51,0.29411764705882354
3003,no_R,2026-W19,marketing,19,51,0.37254901960784315
3003,no_R,2026-W19,education,11,51,0.21568627450980393
3003,no_R,2026-W19,other,6,51,0.11764705882352941
3003,no_R,2026-W20,meme,7,60,0.11666666666666667
3003,no_R,2026-W20,mourning,13,60,0.21666666666666667
3003,no_R,2026-W20,marketing,19,60,0.31666666666666665
3003,no_R,2026-W20,education,12,60,0.2
3003,no_R,2026-W20,other,9,60,0.15
3003,no_R,2026-W21,meme,15,62,0.24193548387096775
3003,no_R,2026-W21,mourning,13,62,0.20967741935483872
3003,no_R,2026-W21,marketing,18,62,0.2903225806451613
3003,no_R,2026-W21,education,12,62,0.1935483870967742
3003,no_R,2026-W21,other,4,62,0.06451612903225806
3003,no_R,2026-W22,meme,19,57,0.3333333333333333
3003,no_R,2026-W22,mourning,10,57,0.17543859649122806
3003,no_R,2026-W22,marketing,16,57,0.2807017543859649
3003,no_R,2026-W22,education,11,57,0.19298245614035087
3003,no_R,2026-W22,other,1,57,0.017543859649122806
3004,full,2026-W12,meme,0,29,0.0
3004,full,2026-W12,mourning,0,29,0.0
3004,full,2026-W12,marketing,19,29,0.6551724137931034
3004,full,2026-W12,education,10,29,0.3448275862068966
3004,full,2026-W12,other,0,29,0.0
3004,full,2026-W13,meme,0,44,0.0
3004,full,2026-W13,mourning,22,44,0.5
3004,full,2026-W13,marketing,11,44,0.25
3004,full,2026-W13,education,7,44,0.1590909090909091
3004,full,2026-W13,other,4,44,0.09090909090909091
3004,full,2026-W14,meme,0,33,0.0
3004,full,2026-W14,mourning,9,33,0.2727272727272727
3004,full,2026-W14,marketing,12,33,0.36363636363636365
3004,full,2026-W14,education,7,33,0.21212121212121213
3004,full,2026-W14,other,5,33,0.15151515151515152
3004,full,2026-W15,meme,0,23,0.0
3004,full,2026-W15,mourning,5,23,0.21739130434782608
3004,full,2026-W15,marketing,8,23,0.34782608695652173
3004,full,2026-W15,education,3,23,0.13043478260869565
3004,full,2026-W15,other,7,23,0.30434782608695654
3004,full,2026-W16,meme,0,19,0.0
3004,full,2026-W16,mourning,3,19,0.15789473684210525
3004,full,2026-W16,marketing,7,19,0.3684210526315789
3004,full,2026-W16,education,5,19,0.2631578947368421
3004,full,2026-W16,other,4,19,0.21052631578947367
3004,full,2026-W17,meme,0,12,0.0
3004,full,2026-W17,mourning,0,12,0.0
3004,full,2026-W17,marketing,5,12,0.4166666666666667
3004,full,2026-W17,education,4,12,0.3333333333333333
3004,full,2026-W17,other,3,12,0.25
3004,full,2026-W18,meme,0,13,0.0
3004,full,2026-W18,mourning,1,13,0.07692307692307693
3004,full,2026-W18,marketing,5,13,0.38461538461538464
3004,full,2026-W18,education,4,13,0.3076923076923077
3004,full,2026-W18,other,3,13,0.23076923076923078
3004,full,2026-W19,meme,0,7,0.0
3004,full,2026-W19,mourning,0,7,0.0
3004,full,2026-W19,marketing,4,7,0.5714285714285714
3004,full,2026-W19,education,2,7,0.2857142857142857
3004,full,2026-W19,other,1,7,0.14285714285714285
3004,full,2026-W20,meme,5,9,0.5555555555555556
3004,full,2026-W20,mourning,0,9,0.0
3004,full,2026-W20,marketing,3,9,0.3333333333333333
3004,full,2026-W20,education,1,9,0.1111111111111111
3004,full,2026-W20,other,0,9,0.0
3004,full,2026-W21,meme,19,22,0.8636363636363636
3004,full,2026-W21,mourning,0,22,0.0
3004,full,2026-W21,marketing,3,22,0.13636363636363635
3004,full,2026-W21,education,0,22,0.0
3004,full,2026-W21,other,0,22,0.0
3004,full,2026-W22,meme,19,22,0.8636363636363636
3004,full,2026-W22,mourning,0,22,0.0
3004,full,2026-W22,marketing,3,22,0.13636363636363635
3004,full,2026-W22,education,0,22,0.0
3004,full,2026-W22,other,0,22,0.0
3004,no_B,2026-W12,meme,0,29,0.0
3004,no_B,2026-W12,mourning,0,29,0.0
3004,no_B,2026-W12,marketing,19,29,0.6551724137931034
3004,no_B,2026-W12,education,10,29,0.3448275862068966
3004,no_B,2026-W12,other,0,29,0.0
3004,no_B,2026-W13,meme,0,29,0.0
3004,no_B,2026-W13,mourning,22,29,0.7586206896551724
3004,no_B,2026-W13,marketing,0,29,0.0
3004,no_B,2026-W13,education,3,29,0.10344827586206896
3004,no_B,2026-W13,other,4,29,0.13793103448275862
3004,no_B,2026-W14,meme,0,6,0.0
3004,no_B,2026-W14,mourning,0,6,0.0
3004,no_B,2026-W14,marketing,0,6,0.0
3004,no_B,2026-W14,education,3,6,0.5
3004,no_B,2026-W14,other,3,6,0.5
3004,no_B,2026-W15,meme,0,0,0.0
3004,no_B,2026-W15,mourning,0,0,0.0
3004,no_B,2026-W15,marketing,0,0,0.0
3004,no_B,2026-W15,education,0,0,0.0
3004,no_B,2026-W15,other,0,0,0.0
3004,no_B,2026-W16,meme,0,0,0.0
3004,no_B,2026-W16,mourning,0,0,0.0
3004,no_B,2026-W16,marketing,0,0,0.0
3004,no_B,2026-W16,education,0,0,0.0
3004,no_B,2026-W16,other,0,0,0.0
3004,no_B,2026-W17,meme,0,0,0.0
3004,no_B,2026-W17,mourning,0,0,0.0
3004,no_B,2026-W17,marketing,0,0,0.0
3004,no_B,2026-W17,education,0,0,0.0
3004,no_B,2026-W17,other,0,0,0.0
3004,no_B,2026-W18,meme,0,0,0.0
3004,no_B,2026-W18,mourning,0,0,0.0
3004,no_B,2026-W18,marketing,0,0,0.0
3004,no_B,2026-W18,education,0,0,0.0
3004,no_B,2026-W18,other,0,0,0.0
3004,no_B,2026-W19,meme,0,0,0.0
3004,no_B,2026-W19,mourning,0,0,0.0
3004,no_B,2026-W19,marketing,0,0,0.0
3004,no_B,2026-W19,education,0,0,0.0
3004,no_B,2026-W19,other,0,0,0.0
3004,no_B,2026-W20,meme,5,5,1.0
3004,no_B,2026-W20,mourning,0,5,0.0
3004,no_B,2026-W20,marketing,0,5,0.0
3004,no_B,2026-W20,education,0,5,0.0
3004,no_B,2026-W20,other,0,5,0.0
3004,no_B,2026-W21,meme,17,17,1.0
3004,no_B,2026-W21,mourning,0,17,0.0
3004,no_B,2026-W21,marketing,0,17,0.0
3004,no_B,2026-W21,education,0,17,0.0
3004,no_B,2026-W21,other,0,17,0.0
3004,no_B,2026-W22,meme,2,2,1.0
3004,no_B,2026-W22,mourning,0,2,0.0
3004,no_B,2026-W22,marketing,0,2,0.0
3004,no_B,2026-W22,education,0,2,0.0
3004,no_B,2026-W22,other,0,2,0.0
3004,no_D,2026-W12,meme,12,63,0.19047619047619047
3004,no_D,2026-W12,mourning,12,63,0.19047619047619047
3004,no_D,2026-W12,marketing,15,63,0.23809523809523808
3004,no_D,2026-W12,education,9,63,0.14285714285714285
3004,no_D,2026-W12,other,15,63,0.23809523809523808
3004,no_D,2026-W13,meme,12,56,0.21428571428571427
3004,no_D,2026-W13,mourning,12,56,0.21428571428571427
3004,no_D,2026-W13,marketing,11,56,0.19642857142857142
3004,no_D,2026-W13,education,6,56,0.10714285714285714
3004,no_D,2026-W13,other,15,56,0.26785714285714285
3004,no_D,2026-W14,meme,11,42,0.2619047619047619
3004,no_D,2026-W14,mourning,4,42,0.09523809523809523
3004,no_D,2026-W14,marketing,9,42,0.21428571428571427
3004,no_D,2026-W14,education,6,42,0.14285714285714285
3004,no_D,2026-W14,other,12,42,0.2857142857142857
3004,no_D,2026-W15,meme,7,28,0.25
3004,no_D,2026-W15,mourning,2,28,0.07142857142857142
3004,no_D,2026-W15,marketing,7,28,0.25
3004,no_D,2026-W15,education,5,28,0.17857142857142858
3004,no_D,2026-W15,other,7,28,0.25
3004,no_D,2026-W16,meme,5,17,0.29411764705882354
3004,no_D,2026-W16,mourning,1,17,0.058823529411764705
3004,no_D,2026-W16,marketing,6,17,0.35294117647058826
3004,no_D,2026-W16,education,4,17,0.23529411764705882
3004,no_D,2026-W16,other,1,17,0.058823529411764705
3004,no_D,2026-W17,meme,5,16,0.3125
3004,no_D,2026-W17,mourning,1,16,0.0625
3004,no_D,2026-W17,marketing,5,16,0.3125
3004,no_D,2026-W17,education,4,16,0.25
3004,no_D,2026-W17,other,1,16,0.0625
3004,no_D,2026-W18,meme,5,14,0.35714285714285715
3004,no_D,2026-W18,mourning,1,14,0.07142857142857142
3004,no_D,2026-W18,marketing,5,14,0.35714285714285715
3004,no_D,2026-W18,education,2,14,0.14285714285714285
3004,no_D,2026-W18,other,1,14,0.07142857142857142
3004,no_D,2026-W19,meme,4,11,0.36363636363636365
3004,no_D,2026-W19,mourning,1,11,0.09090909090909091
3004,no_D,2026-W19,marketing,4,11,0.36363636363636365
3004,no_D,2026-W19,education,2,11,0.18181818181818182
3004,no_D,2026-W19,other,0,11,0.0
3004,no_D,2026-W20,meme,2,7,0.2857142857142857
3004,no_D,2026-W20,mourning,1,7,0.14285714285714285
3004,no_D,2026-W20,marketing,3,7,0.42857142857142855
3004,no_D,2026-W20,education,1,7,0.14285714285714285
3004,no_D,2026-W20,other,0,7,0.0
3004,no_D,2026-W21,meme,2,6,0.3333333333333333
3004,no_D,2026-W21,mourning,1,6,0.16666666666666666
3004,no_D,2026-W21,marketing,3,6,0.5
3004,no_D,2026-W21,education,0,6,0.0
3004,no_D,2026-W21,other,0,6,0.0
3004,no_D,2026-W22,meme,1,5,0.2
3004,no_D,2026-W22,mourning,1,5,0.2
3004,no_D,2026-W22,marketing,3,5,0.6
3004,no_D,2026-W22,education,0,5,0.0
3004,no_D,2026-W22,other,0,5,0.0
3004,no_R,2026-W12,meme,0,29,0.0
3004,no_R,2026-W12,mourning,0,29,0.0
3004,no_R,2026-W12,marketing,19,29,0.6551724137931034
3004,no_R,2026-W12,education,10,29,0.3448275862068966
3004,no_R,2026-W12,other,0,29,0.0
3004,no_R,2026-W13,meme,0,48,0.0
3004,no_R,2026-W13,mourning,22,48,0.4583333333333333
3004,no_R,2026-W13,marketing,14,48,0.2916666666666667
3004,no_R,2026-W13,education,8,48,0.16666666666666666
3004,no_R,2026-W13,other,4,48,0.08333333333333333
3004,no_R,2026-W14,meme,0,47,0.0
3004,no_R,2026-W14,mourning,15,47,0.3191489361702128
3004,no_R,2026-W14,marketing,17,47,0.3617021276595745
3004,no_R,2026-W14,education,10,47,0.2127659574468085
3004,no_R,2026-W14,other,5,47,0.10638297872340426
3004,no_R,2026-W15,meme,0,57,0.0
3004,no_R,2026-W15,mourning,21,57,0.3684210526315789
3004,no_R,2026-W15,marketing,17,57,0.2982456140350877
3004,no_R,2026-W15,education,12,57,0.21052631578947367
3004,no_R,2026-W15,other,7,57,0.12280701754385964
3004,no_R,2026-W16,meme,0,52,0.0
3004,no_R,2026-W16,mourning,16,52,0.3076923076923077
3004,no_R,2026-W16,marketing,16,52,0.3076923076923077
3004,no_R,2026-W16,education,12,52,0.23076923076923078
3004,no_R,2026-W16,other,8,52,0.15384615384615385
3004,no_R,2026-W17,meme,0,53,0.0
3004,no_R,2026-W17,mourning,15,53,0.2830188679245283
3004,no_R,2026-W17,marketing,16,53,0.3018867924528302
3004,no_R,2026-W17,education,15,53,0.2830188679245283
3004,no_R,2026-W17,other,7,53,0.1320754716981132
3004,no_R,2026-W18,meme,0,54,0.0
3004,no_R,2026-W18,mourning,14,54,0.25925925925925924
3004,no_R,2026-W18,marketing,16,54,0.2962962962962963
3004,no_R,2026-W18,education,14,54,0.25925925925925924
3004,no_R,2026-W18,other,10,54,0.18518518518518517
3004,no_R,2026-W19,meme,0,47,0.0
3004,no_R,2026-W19,mourning,10,47,0.2127659574468085
3004,no_R,2026-W19,marketing,17,47,0.3617021276595745
3004,no_R,2026-W19,education,11,47,0.23404255319148937
3004,no_R,2026-W19,other,9,47,0.19148936170212766
3004,no_R,2026-W20,meme,1,51,0.0196078431372549
3004,no_R,2026-W20,mourning,12,51,0.23529411764705882
3004,no_R,2026-W20,marketing,18,51,0.35294117647058826
3004,no_R,2026-W20,education,14,51,0.27450980392156865
3004,no_R,2026-W20,other,6,51,0.11764705882352941
3004,no_R,2026-W21,meme,14,63,0.2222222222222222
3004,no_R,2026-W21,mourning,9,63,0.14285714285714285
3004,no_R,2026-W21,marketing,19,63,0.30158730158730157
3004,no_R,2026-W21,education,14,63,0.2222222222222222
3004,no_R,2026-W21,other,7,63,0.1111111111111111
3004,no_R,2026-W22,meme,18,57,0.3157894736842105
3004,no_R,2026-W22,mourning,9,57,0.15789473684210525
3004,no_R,2026-W22,marketing,17,57,0.2982456140350877
3004,no_R,2026-W22,education,10,57,0.17543859649122806
3004,no_R,2026-W22,other,3,57,0.05263157894736842
3005,full,2026-W12,meme,0,29,0.0
3005,full,2026-W12,mourning,0,29,0.0
3005,full,2026-W12,marketing,19,29,0.6551724137931034
3005,full,2026-W12,education,10,29,0.3448275862068966
3005,full,2026-W12,other,0,29,0.0
3005,full,2026-W13,meme,0,44,0.0
3005,full,2026-W13,mourning,22,44,0.5
3005,full,2026-W13,marketing,10,44,0.22727272727272727
3005,full,2026-W13,education,8,44,0.18181818181818182
3005,full,2026-W13,other,4,44,0.09090909090909091
3005,full,2026-W14,meme,0,28,0.0
3005,full,2026-W14,mourning,7,28,0.25
3005,full,2026-W14,marketing,12,28,0.42857142857142855
3005,full,2026-W14,education,7,28,0.25
3005,full,2026-W14,other,2,28,0.07142857142857142
3005,full,2026-W15,meme,0,22,0.0
3005,full,2026-W15,mourning,5,22,0.22727272727272727
3005,full,2026-W15,marketing,8,22,0.36363636363636365
3005,full,2026-W15,education,5,22,0.22727272727272727
3005,full,2026-W15,other,4,22,0.18181818181818182
3005,full,2026-W16,meme,1,18,0.05555555555555555
3005,full,2026-W16,mourning,1,18,0.05555555555555555
3005,full,2026-W16,marketing,8,18,0.4444444444444444
3005,full,2026-W16,education,4,18,0.2222222222222222
3005,full,2026-W16,other,4,18,0.2222222222222222
3005,full,2026-W17,meme,1,12,0.08333333333333333
3005,full,2026-W17,mourning,0,12,0.0
3005,full,2026-W17,marketing,4,12,0.3333333333333333
3005,full,2026-W17,education,3,12,0.25
3005,full,2026-W17,other,4,12,0.3333333333333333
3005,full,2026-W18,meme,1,9,0.1111111111111111
3005,full,2026-W18,mourning,0,9,0.0
3005,full,2026-W18,marketing,4,9,0.4444444444444444
3005,full,2026-W18,education,3,9,0.3333333333333333
3005,full,2026-W18,other,1,9,0.1111111111111111
3005,full,2026-W19,meme,1,6,0.16666666666666666
3005,full,2026-W19,mourning,0,6,0.0
3005,full,2026-W19,marketing,4,6,0.6666666666666666
3005,full,2026-W19,education,1,6,0.16666666666666666
3005,full,2026-W19,other,0,6,0.0
3005,full,2026-W20,meme,9,14,0.6428571428571429
3005,full,2026-W20,mourning,0,14,0.0
3005,full,2026-W20,marketing,4,14,0.2857142857142857
3005,full,2026-W20,education,1,14,0.07142857142857142
3005,full,2026-W20,other,0,14,0.0
3005,full,2026-W21,meme,19,24,0.7916666666666666
3005,full,2026-W21,mourning,0,24,0.0
3005,full,2026-W21,marketing,3,24,0.125
3005,full,2026-W21,education,2,24,0.08333333333333333
3005,full,2026-W21,other,0,24,0.0
3005,full,2026-W22,meme,18,21,0.8571428571428571
3005,full,2026-W22,mourning,0,21,0.0
3005,full,2026-W22,marketing,3,21,0.14285714285714285
3005,full,2026-W22,education,0,21,0.0
3005,full,2026-W22,other,0,21,0.0
3005,no_B,2026-W12,meme,0,29,0.0
3005,no_B,2026-W12,mourning,0,29,0.0
3005,no_B,2026-W12,marketing,19,29,0.6551724137931034
3005,no_B,2026-W12,education,10,29,0.3448275862068966
3005,no_B,2026-W12,other,0,29,0.0
3005,no_B,2026-W13,meme,0,32,0.0
3005,no_B,2026-W13,mourning,22,32,0.6875
3005,no_B,2026-W13,marketing,0,32,0.0
3005,no_B,2026-W13,education,6,32,0.1875
3005,no_B,2026-W13,other,4,32,0.125
3005,no_B,2026-W14,meme,0,3,0.0
3005,no_B,2026-W14,mourning,0,3,0.0
3005,no_B,2026-W14,marketing,0,3,0.0
3005,no_B,2026-W14,education,2,3,0.6666666666666666
3005,no_B,2026-W14,other,1,3,0.3333333333333333
3005,no_B,2026-W15,meme,0,1,0.0
3005,no_B,2026-W15,mourning,0,1,0.0
3005,no_B,2026-W15,marketing,0,1,0.0
3005,no_B,2026-W15,education,0,1,0.0
3005,no_B,2026-W15,other,1,1,1.0
3005,no_B,2026-W16,meme,1,1,1.0
3005,no_B,2026-W16,mourning,0,1,0.0
3005,no_B,2026-W16,marketing,0,1,0.0
3005,no_B,2026-W16,education,0,1,0.0
3005,no_B,2026-W16,other,0,1,0.0
3005,no_B,2026-W17,meme,0,0,0.0
3005,no_B,2026-W17,mourning,0,0,0.0
3005,no_B,2026-W17,marketing,0,0,0.0
3005,no_B,2026-W17,education,0,0,0.0
3005,no_B,2026-W17,other,0,0,0.0
3005,no_B,2026-W18,meme,0,0,0.0
3005,no_B,2026-W18,mourning,0,0,0.0
3005,no_B,2026-W18,marketing,0,0,0.0
3005,no_B,2026-W18,education,0,0,0.0
3005,no_B,2026-W18,other,0,0,0.0
3005,no_B,2026-W19,meme,0,0,0.0
3005,no_B,2026-W19,mourning,0,0,0.0
3005,no_B,2026-W19,marketing,0,0,0.0
3005,no_B,2026-W19,education,0,0,0.0
3005,no_B,2026-W19,other,0,0,0.0
3005,no_B,2026-W20,meme,6,6,1.0
3005,no_B,2026-W20,mourning,0,6,0.0
3005,no_B,2026-W20,marketing,0,6,0.0
3005,no_B,2026-W20,education,0,6,0.0
3005,no_B,2026-W20,other,0,6,0.0
3005,no_B,2026-W21,meme,13,13,1.0
3005,no_B,2026-W21,mourning,0,13,0.0
3005,no_B,2026-W21,marketing,0,13,0.0
3005,no_B,2026-W21,education,0,13,0.0
3005,no_B,2026-W21,other,0,13,0.0
3005,no_B,2026-W22,meme,2,2,1.0
3005,no_B,2026-W22,mourning,0,2,0.0
3005,no_B,2026-W22,marketing,0,2,0.0
3005,no_B,2026-W22,education,0,2,0.0
3005,no_B,2026-W22,other,0,2,0.0
3005,no_D,2026-W12,meme,12,63,0.19047619047619047
3005,no_D,2026-W12,mourning,12,63,0.19047619047619047
3005,no_D,2026-W12,marketing,15,63,0.23809523809523808
3005,no_D,2026-W12,education,9,63,0.14285714285714285
3005,no_D,2026-W12,other,15,63,0.23809523809523808
3005,no_D,2026-W13,meme,12,57,0.21052631578947367
3005,no_D,2026-W13,mourning,12,57,0.21052631578947367
3005,no_D,2026-W13,marketing,11,57,0.19298245614035087
3005,no_D,2026-W13,education,7,57,0.12280701754385964
3005,no_D,2026-W13,other,15,57,0.2631578947368421
3005,no_D,2026-W14,meme,11,43,0.2558139534883721
3005,no_D,2026-W14,mourning,4,43,0.09302325581395349
3005,no_D,2026-W14,marketing,9,43,0.20930232558139536
3005,no_D,2026-W14,education,7,43,0.16279069767441862
3005,no_D,2026-W14,other,12,43,0.27906976744186046
3005,no_D,2026-W15,meme,8,31,0.25806451612903225
3005,no_D,2026-W15,mourning,4,31,0.12903225806451613
3005,no_D,2026-W15,marketing,7,31,0.22580645161290322
3005,no_D,2026-W15,education,5,31,0.16129032258064516
3005,no_D,2026-W15,other,7,31,0.22580645161290322
3005,no_D,2026-W16,meme,6,18,0.3333333333333333
3005,no_D,2026-W16,mourning,1,18,0.05555555555555555
3005,no_D,2026-W16,marketing,5,18,0.2777777777777778
3005,no_D,2026-W16,education,4,18,0.2222222222222222
3005,no_D,2026-W16,other,2,18,0.1111111111111111
3005,no_D,2026-W17,meme,5,15,0.3333333333333333
3005,no_D,2026-W17,mourning,1,15,0.06666666666666667
3005,no_D,2026-W17,marketing,5,15,0.3333333333333333
3005,no_D,2026-W17,education,2,15,0.13333333333333333
3005,no_D,2026-W17,other,2,15,0.13333333333333333
3005,no_D,2026-W18,meme,3,10,0.3
3005,no_D,2026-W18,mourning,1,10,0.1
3005,no_D,2026-W18,marketing,4,10,0.4
3005,no_D,2026-W18,education,2,10,0.2
3005,no_D,2026-W18,other,0,10,0.0
3005,no_D,2026-W19,meme,3,10,0.3
3005,no_D,2026-W19,mourning,1,10,0.1
3005,no_D,2026-W19,marketing,4,10,0.4
3005,no_D,2026-W19,education,2,10,0.2
3005,no_D,2026-W19,other,0,10,0.0
3005,no_D,2026-W20,meme,3,9,0.3333333333333333
3005,no_D,2026-W20,mourning,1,9,0.1111111111111111
3005,no_D,2026-W20,marketing,3,9,0.3333333333333333
3005,no_D,2026-W20,education,2,9,0.2222222222222222
3005,no_D,2026-W20,other,0,9,0.0
3005,no_D,2026-W21,meme,2,7,0.2857142857142857
3005,no_D,2026-W21,mourning,1,7,0.14285714285714285
3005,no_D,2026-W21,marketing,3,7,0.42857142857142855
3005,no_D,2026-W21,education,1,7,0.14285714285714285
3005,no_D,2026-W21,other,0,7,0.0
3005,no_D,2026-W22,meme,1,6,0.16666666666666666
3005,no_D,2026-W22,mourning,1,6,0.16666666666666666
3005,no_D,2026-W22,marketing,3,6,0.5
3005,no_D,2026-W22,education,1,6,0.16666666666666666
3005,no_D,2026-W22,other,0,6,0.0
3005,no_R,2026-W12,meme,0,29,0.0
3005,no_R,2026-W12,mourning,0,29,0.0
3005,no_R,2026-W12,marketing,19,29,0.6551724137931034
3005,no_R,2026-W12,education,10,29,0.3448275862068966
3005,no_R,2026-W12,other,0,29,0.0
3005,no_R,2026-W13,meme,0,50,0.0
3005,no_R,2026-W13,mourning,22,50,0.44
3005,no_R,2026-W13,marketing,15,50,0.3
3005,no_R,2026-W13,education,9,50,0.18
3005,no_R,2026-W13,other,4,50,0.08
3005,no_R,2026-W14,meme,0,51,0.0
3005,no_R,2026-W14,mourning,17,51,0.3333333333333333
3005,no_R,2026-W14,marketing,16,51,0.3137254901960784
3005,no_R,2026-W14,education,12,51,0.23529411764705882
3005,no_R,2026-W14,other,6,51,0.11764705882352941
3005,no_R,2026-W15,meme,0,50,0.0
3005,no_R,2026-W15,mourning,16,50,0.32
3005,no_R,2026-W15,marketing,16,50,0.32
3005,no_R,2026-W15,education,12,50,0.24
3005,no_R,2026-W15,other,6,50,0.12
3005,no_R,2026-W16,meme,0,58,0.0
3005,no_R,2026-W16,mourning,21,58,0.3620689655172414
3005,no_R,2026-W16,marketing,16,58,0.27586206896551724
3005,no_R,2026-W16,education,10,58,0.1724137931034483
3005,no_R,2026-W16,other,11,58,0.1896551724137931
3005,no_R,2026-W17,meme,0,53,0.0
3005,no_R,2026-W17,mourning,15,53,0.2830188679245283
3005,no_R,2026-W17,marketing,17,53,0.32075471698113206
3005,no_R,2026-W17,education,12,53,0.22641509433962265
3005,no_R,2026-W17,other,9,53,0.16981132075471697
3005,no_R,2026-W18,meme,0,49,0.0
3005,no_R,2026-W18,mourning,16,49,0.32653061224489793
3005,no_R,2026-W18,marketing,15,49,0.30612244897959184
3005,no_R,2026-W18,education,11,49,0.22448979591836735
3005,no_R,2026-W18,other,7,49,0.14285714285714285
3005,no_R,2026-W19,meme,0,48,0.0
3005,no_R,2026-W19,mourning,15,48,0.3125
3005,no_R,2026-W19,marketing,18,48,0.375
3005,no_R,2026-W19,education,12,48,0.25
3005,no_R,2026-W19,other,3,48,0.0625
3005,no_R,2026-W20,meme,4,59,0.06779661016949153
3005,no_R,2026-W20,mourning,17,59,0.288135593220339
3005,no_R,2026-W20,marketing,18,59,0.3050847457627119
3005,no_R,2026-W20,education,14,59,0.23728813559322035
3005,no_R,2026-W20,other,6,59,0.1016949152542373
3005,no_R,2026-W21,meme,16,61,0.26229508196721313
3005,no_R,2026-W21,mourning,11,61,0.18032786885245902
3005,no_R,2026-W21,marketing,18,61,0.29508196721311475
3005,no_R,2026-W21,education,14,61,0.22950819672131148
3005,no_R,2026-W21,other,2,61,0.03278688524590164
3005,no_R,2026-W22,meme,18,62,0.2903225806451613
3005,no_R,2026-W22,mourning,14,62,0.22580645161290322
3005,no_R,2026-W22,marketing,16,62,0.25806451612903225
3005,no_R,2026-W22,education,14,62,0.22580645161290322
3005,no_R,2026-W22,other,0,62,0.0
3006,full,2026-W12,meme,0,26,0.0
3006,full,2026-W12,mourning,0,26,0.0
3006,full,2026-W12,marketing,19,26,0.7307692307692307
3006,full,2026-W12,education,7,26,0.2692307692307692
3006,full,2026-W12,other,0,26,0.0
3006,full,2026-W13,meme,0,42,0.0
3006,full,2026-W13,mourning,22,42,0.5238095238095238
3006,full,2026-W13,marketing,11,42,0.2619047619047619
3006,full,2026-W13,education,5,42,0.11904761904761904
3006,full,2026-W13,other,4,42,0.09523809523809523
3006,full,2026-W14,meme,0,36,0.0
3006,full,2026-W14,mourning,9,36,0.25
3006,full,2026-W14,marketing,11,36,0.3055555555555556
3006,full,2026-W14,education,10,36,0.2777777777777778
3006,full,2026-W14,other,6,36,0.16666666666666666
3006,full,2026-W15,meme,0,30,0.0
3006,full,2026-W15,mourning,5,30,0.16666666666666666
3006,full,2026-W15,marketing,8,30,0.26666666666666666
3006,full,2026-W15,education,6,30,0.2
3006,full,2026-W15,other,11,30,0.36666666666666664
3006,full,2026-W16,meme,0,20,0.0
3006,full,2026-W16,mourning,2,20,0.1
3006,full,2026-W16,marketing,7,20,0.35
3006,full,2026-W16,education,5,20,0.25
3006,full,2026-W16,other,6,20,0.3
3006,full,2026-W17,meme,0,12,0.0
3006,full,2026-W17,mourning,1,12,0.08333333333333333
3006,full,2026-W17,marketing,4,12,0.3333333333333333
3006,full,2026-W17,education,4,12,0.3333333333333333
3006,full,2026-W17,other,3,12,0.25
3006,full,2026-W18,meme,0,7,0.0
3006,full,2026-W18,mourning,0,7,0.0
3006,full,2026-W18,marketing,4,7,0.5714285714285714
3006,full,2026-W18,education,3,7,0.42857142857142855
3006,full,2026-W18,other,0,7,0.0
3006,full,2026-W19,meme,0,6,0.0
3006,full,2026-W19,mourning,1,6,0.16666666666666666
3006,full,2026-W19,marketing,4,6,0.6666666666666666
3006,full,2026-W19,education,1,6,0.16666666666666666
3006,full,2026-W19,other,0,6,0.0
3006,full,2026-W20,meme,11,14,0.7857142857142857
3006,full,2026-W20,mourning,0,14,0.0
3006,full,2026-W20,marketing,3,14,0.21428571428571427
3006,full,2026-W20,education,0,14,0.0
3006,full,2026-W20,other,0,14,0.0
3006,full,2026-W21,meme,18,21,0.8571428571428571
3006,full,2026-W21,mourning,0,21,0.0
3006,full,2026-W21,marketing,3,21,0.14285714285714285
3006,full,2026-W21,education,0,21,0.0
3006,full,2026-W21,other,0,21,0.0
3006,full,2026-W22,meme,17,20,0.85
3006,full,2026-W22,mourning,0,20,0.0
3006,full,2026-W22,marketing,3,20,0.15
3006,full,2026-W22,education,0,20,0.0
3006,full,2026-W22,other,0,20,0.0
3006,no_B,2026-W12,meme,0,26,0.0
3006,no_B,2026-W12,mourning,0,26,0.0
3006,no_B,2026-W12,marketing,19,26,0.7307692307692307
3006,no_B,2026-W12,education,7,26,0.2692307692307692
3006,no_B,2026-W12,other,0,26,0.0
3006,no_B,2026-W13,meme,0,28,0.0
3006,no_B,2026-W13,mourning,22,28,0.7857142857142857
3006,no_B,2026-W13,marketing,0,28,0.0
3006,no_B,2026-W13,education,2,28,0.07142857142857142
3006,no_B,2026-W13,other,4,28,0.14285714285714285
3006,no_B,2026-W14,meme,0,4,0.0
3006,no_B,2026-W14,mourning,0,4,0.0
3006,no_B,2026-W14,marketing,0,4,0.0
3006,no_B,2026-W14,education,3,4,0.75
3006,no_B,2026-W14,other,1,4,0.25
3006,no_B,2026-W15,meme,0,0,0.0
3006,no_B,2026-W15,mourning,0,0,0.0
3006,no_B,2026-W15,marketing,0,0,0.0
3006,no_B,2026-W15,education,0,0,0.0
3006,no_B,2026-W15,other,0,0,0.0
3006,no_B,2026-W16,meme,0,0,0.0
3006,no_B,2026-W16,mourning,0,0,0.0
3006,no_B,2026-W16,marketing,0,0,0.0
3006,no_B,2026-W16,education,0,0,0.0
3006,no_B,2026-W16,other,0,0,0.0
3006,no_B,2026-W17,meme,1,1,1.0
3006,no_B,2026-W17,mourning,0,1,0.0
3006,no_B,2026-W17,marketing,0,1,0.0
3006,no_B,2026-W17,education,0,1,0.0
3006,no_B,2026-W17,other,0,1,0.0
3006,no_B,2026-W18,meme,0,0,0.0
3006,no_B,2026-W18,mourning,0,0,0.0
3006,no_B,2026-W18,marketing,0,0,0.0
3006,no_B,2026-W18,education,0,0,0.0
3006,no_B,2026-W18,other,0,0,0.0
3006,no_B,2026-W19,meme,3,3,1.0
3006,no_B,2026-W19,mourning,0,3,0.0
3006,no_B,2026-W19,marketing,0,3,0.0
3006,no_B,2026-W19,education,0,3,0.0
3006,no_B,2026-W19,other,0,3,0.0
3006,no_B,2026-W20,meme,11,11,1.0
3006,no_B,2026-W20,mourning,0,11,0.0
3006,no_B,2026-W20,marketing,0,11,0.0
3006,no_B,2026-W20,education,0,11,0.0
3006,no_B,2026-W20,other,0,11,0.0
3006,no_B,2026-W21,meme,11,11,1.0
3006,no_B,2026-W21,mourning,0,11,0.0
3006,no_B,2026-W21,marketing,0,11,0.0
3006,no_B,2026-W21,education,0,11,0.0
3006,no_B,2026-W21,other,0,11,0.0
3006,no_B,2026-W22,meme,1,1,1.0
3006,no_B,2026-W22,mourning,0,1,0.0
3006,no_B,2026-W22,marketing,0,1,0.0
3006,no_B,2026-W22,education,0,1,0.0
3006,no_B,2026-W22,other,0,1,0.0
3006,no_D,2026-W12,meme,12,63,0.19047619047619047
3006,no_D,2026-W12,mourning,12,63,0.19047619047619047
3006,no_D,2026-W12,marketing,15,63,0.23809523809523808
3006,no_D,2026-W12,education,9,63,0.14285714285714285
3006,no_D,2026-W12,other,15,63,0.23809523809523808
3006,no_D,2026-W13,meme,12,56,0.21428571428571427
3006,no_D,2026-W13,mourning,12,56,0.21428571428571427
3006,no_D,2026-W13,marketing,10,56,0.17857142857142858
3006,no_D,2026-W13,education,7,56,0.125
3006,no_D,2026-W13,other,15,56,0.26785714285714285
3006,no_D,2026-W14,meme,10,41,0.24390243902439024
3006,no_D,2026-W14,mourning,4,41,0.0975609756097561
3006,no_D,2026-W14,marketing,9,41,0.21951219512195122
3006,no_D,2026-W14,education,7,41,0.17073170731707318
3006,no_D,2026-W14,other,11,41,0.2682926829268293
3006,no_D,2026-W15,meme,8,29,0.27586206896551724
3006,no_D,2026-W15,mourning,3,29,0.10344827586206896
3006,no_D,2026-W15,marketing,7,29,0.2413793103448276
3006,no_D,2026-W15,education,5,29,0.1724137931034483
3006,no_D,2026-W15,other,6,29,0.20689655172413793
3006,no_D,2026-W16,meme,6,23,0.2608695652173913
3006,no_D,2026-W16,mourning,2,23,0.08695652173913043
3006,no_D,2026-W16,marketing,6,23,0.2608695652173913
3006,no_D,2026-W16,education,5,23,0.21739130434782608
3006,no_D,2026-W16,other,4,23,0.17391304347826086
3006,no_D,2026-W17,meme,4,16,0.25
3006,no_D,2026-W17,mourning,2,16,0.125
3006,no_D,2026-W17,marketing,4,16,0.25
3006,no_D,2026-W17,education,4,16,0.25
3006,no_D,2026-W17,other,2,16,0.125
3006,no_D,2026-W18,meme,3,11,0.2727272727272727
3006,no_D,2026-W18,mourning,1,11,0.09090909090909091
3006,no_D,2026-W18,marketing,4,11,0.36363636363636365
3006,no_D,2026-W18,education,3,11,0.2727272727272727
3006,no_D,2026-W18,other,0,11,0.0
3006,no_D,2026-W19,meme,2,8,0.25
3006,no_D,2026-W19,mourning,1,8,0.125
3006,no_D,2026-W19,marketing,4,8,0.5
3006,no_D,2026-W19,education,1,8,0.125
3006,no_D,2026-W19,other,0,8,0.0
3006,no_D,2026-W20,meme,2,5,0.4
3006,no_D,2026-W20,mourning,0,5,0.0
3006,no_D,2026-W20,marketing,3,5,0.6
3006,no_D,2026-W20,education,0,5,0.0
3006,no_D,2026-W20,other,0,5,0.0
3006,no_D,2026-W21,meme,2,5,0.4
3006,no_D,2026-W21,mourning,0,5,0.0
3006,no_D,2026-W21,marketing,3,5,0.6
3006,no_D,2026-W21,education,0,5,0.0
3006,no_D,2026-W21,other,0,5,0.0
3006,no_D,2026-W22,meme,1,4,0.25
3006,no_D,2026-W22,mourning,0,4,0.0
3006,no_D,2026-W22,marketing,3,4,0.75
3006,no_D,2026-W22,education,0,4,0.0
3006,no_D,2026-W22,other,0,4,0.0
3006,no_R,2026-W12,meme,0,26,0.0
3006,no_R,2026-W12,mourning,0,26,0.0
3006,no_R,2026-W12,marketing,19,26,0.7307692307692307
3006,no_R,2026-W12,education,7,26,0.2692307692307692
3006,no_R,2026-W12,other,0,26,0.0
3006,no_R,2026-W13,meme,0,46,0.0
3006,no_R,2026-W13,mourning,22,46,0.4782608695652174
3006,no_R,2026-W13,marketing,15,46,0.32608695652173914
3006,no_R,2026-W13,education,5,46,0.10869565217391304
3006,no_R,2026-W13,other,4,46,0.08695652173913043
3006,no_R,2026-W14,meme,0,57,0.0
3006,no_R,2026-W14,mourning,20,57,0.3508771929824561
3006,no_R,2026-W14,marketing,18,57,0.3157894736842105
3006,no_R,2026-W14,education,10,57,0.17543859649122806
3006,no_R,2026-W14,other,9,57,0.15789473684210525
3006,no_R,2026-W15,meme,0,54,0.0
3006,no_R,2026-W15,mourning,18,54,0.3333333333333333
3006,no_R,2026-W15,marketing,15,54,0.2777777777777778
3006,no_R,2026-W15,education,12,54,0.2222222222222222
3006,no_R,2026-W15,other,9,54,0.16666666666666666
3006,no_R,2026-W16,meme,0,54,0.0
3006,no_R,2026-W16,mourning,17,54,0.3148148148148148
3006,no_R,2026-W16,marketing,16,54,0.2962962962962963
3006,no_R,2026-W16,education,12,54,0.2222222222222222
3006,no_R,2026-W16,other,9,54,0.16666666666666666
3006,no_R,2026-W17,meme,0,55,0.0
3006,no_R,2026-W17,mourning,15,55,0.2727272727272727
3006,no_R,2026-W17,marketing,18,55,0.32727272727272727
3006,no_R,2026-W17,education,14,55,0.2545454545454545
3006,no_R,2026-W17,other,8,55,0.14545454545454545
3006,no_R,2026-W18,meme,0,56,0.0
3006,no_R,2026-W18,mourning,18,56,0.32142857142857145
3006,no_R,2026-W18,marketing,16,56,0.2857142857142857
3006,no_R,2026-W18,education,13,56,0.23214285714285715
3006,no_R,2026-W18,other,9,56,0.16071428571428573
3006,no_R,2026-W19,meme,0,50,0.0
3006,no_R,2026-W19,mourning,14,50,0.28
3006,no_R,2026-W19,marketing,16,50,0.32
3006,no_R,2026-W19,education,12,50,0.24
3006,no_R,2026-W19,other,8,50,0.16
3006,no_R,2026-W20,meme,6,56,0.10714285714285714
3006,no_R,2026-W20,mourning,16,56,0.2857142857142857
3006,no_R,2026-W20,marketing,18,56,0.32142857142857145
3006,no_R,2026-W20,education,12,56,0.21428571428571427
3006,no_R,2026-W20,other,4,56,0.07142857142857142
3006,no_R,2026-W21,meme,13,65,0.2
3006,no_R,2026-W21,mourning,17,65,0.26153846153846155
3006,no_R,2026-W21,marketing,17,65,0.26153846153846155
3006,no_R,2026-W21,education,14,65,0.2153846153846154
3006,no_R,2026-W21,other,4,65,0.06153846153846154
3006,no_R,2026-W22,meme,18,63,0.2857142857142857
3006,no_R,2026-W22,mourning,14,63,0.2222222222222222
3006,no_R,2026-W22,marketing,17,63,0.2698412698412698
3006,no_R,2026-W22,education,12,63,0.19047619047619047
3006,no_R,2026-W22,other,2,63,0.031746031746031744
3007,full,2026-W12,meme,0,28,0.0
3007,full,2026-W12,mourning,0,28,0.0
3007,full,2026-W12,marketing,19,28,0.6785714285714286
3007,full,2026-W12,education,9,28,0.32142857142857145
3007,full,2026-W12,other,0,28,0.0
3007,full,2026-W13,meme,0,43,0.0
3007,full,2026-W13,mourning,22,43,0.5116279069767442
3007,full,2026-W13,marketing,11,43,0.2558139534883721
3007,full,2026-W13,education,4,43,0.09302325581395349
3007,full,2026-W13,other,6,43,0.13953488372093023
3007,full,2026-W14,meme,0,31,0.0
3007,full,2026-W14,mourning,10,31,0.3225806451612903
3007,full,2026-W14,marketing,11,31,0.3548387096774194
3007,full,2026-W14,education,7,31,0.22580645161290322
3007,full,2026-W14,other,3,31,0.0967741935483871
3007,full,2026-W15,meme,0,27,0.0
3007,full,2026-W15,mourning,7,27,0.25925925925925924
3007,full,2026-W15,marketing,9,27,0.3333333333333333
3007,full,2026-W15,education,5,27,0.18518518518518517
3007,full,2026-W15,other,6,27,0.2222222222222222
3007,full,2026-W16,meme,0,15,0.0
3007,full,2026-W16,mourning,2,15,0.13333333333333333
3007,full,2026-W16,marketing,5,15,0.3333333333333333
3007,full,2026-W16,education,4,15,0.26666666666666666
3007,full,2026-W16,other,4,15,0.26666666666666666
3007,full,2026-W17,meme,0,12,0.0
3007,full,2026-W17,mourning,1,12,0.08333333333333333
3007,full,2026-W17,marketing,4,12,0.3333333333333333
3007,full,2026-W17,education,3,12,0.25
3007,full,2026-W17,other,4,12,0.3333333333333333
3007,full,2026-W18,meme,0,8,0.0
3007,full,2026-W18,mourning,0,8,0.0
3007,full,2026-W18,marketing,4,8,0.5
3007,full,2026-W18,education,3,8,0.375
3007,full,2026-W18,other,1,8,0.125
3007,full,2026-W19,meme,0,6,0.0
3007,full,2026-W19,mourning,0,6,0.0
3007,full,2026-W19,marketing,4,6,0.6666666666666666
3007,full,2026-W19,education,2,6,0.3333333333333333
3007,full,2026-W19,other,0,6,0.0
3007,full,2026-W20,meme,11,16,0.6875
3007,full,2026-W20,mourning,0,16,0.0
3007,full,2026-W20,marketing,4,16,0.25
3007,full,2026-W20,education,1,16,0.0625
3007,full,2026-W20,other,0,16,0.0
3007,full,2026-W21,meme,17,21,0.8095238095238095
3007,full,2026-W21,mourning,0,21,0.0
3007,full,2026-W21,marketing,3,21,0.14285714285714285
3007,full,2026-W21,education,1,21,0.047619047619047616
3007,full,2026-W21,other,0,21,0.0
3007,full,2026-W22,meme,18,21,0.8571428571428571
3007,full,2026-W22,mourning,0,21,0.0
3007,full,2026-W22,marketing,3,21,0.14285714285714285
3007,full,2026-W22,education,0,21,0.0
3007,full,2026-W22,other,0,21,0.0
3007,no_B,2026-W12,meme,0,28,0.0
3007,no_B,2026-W12,mourning,0,28,0.0
3007,no_B,2026-W12,marketing,19,28,0.6785714285714286
3007,no_B,2026-W12,education,9,28,0.32142857142857145
3007,no_B,2026-W12,other,0,28,0.0
3007,no_B,2026-W13,meme,0,31,0.0
3007,no_B,2026-W13,mourning,22,31,0.7096774193548387
3007,no_B,2026-W13,marketing,0,31,0.0
3007,no_B,2026-W13,education,3,31,0.0967741935483871
3007,no_B,2026-W13,other,6,31,0.1935483870967742
3007,no_B,2026-W14,meme,0,4,0.0
3007,no_B,2026-W14,mourning,0,4,0.0
3007,no_B,2026-W14,marketing,0,4,0.0
3007,no_B,2026-W14,education,4,4,1.0
3007,no_B,2026-W14,other,0,4,0.0
3007,no_B,2026-W15,meme,1,4,0.25
3007,no_B,2026-W15,mourning,0,4,0.0
3007,no_B,2026-W15,marketing,0,4,0.0
3007,no_B,2026-W15,education,0,4,0.0
3007,no_B,2026-W15,other,3,4,0.75
3007,no_B,2026-W16,meme,2,2,1.0
3007,no_B,2026-W16,mourning,0,2,0.0
3007,no_B,2026-W16,marketing,0,2,0.0
3007,no_B,2026-W16,education,0,2,0.0
3007,no_B,2026-W16,other,0,2,0.0
3007,no_B,2026-W17,meme,2,2,1.0
3007,no_B,2026-W17,mourning,0,2,0.0
3007,no_B,2026-W17,marketing,0,2,0.0
3007,no_B,2026-W17,education,0,2,0.0
3007,no_B,2026-W17,other,0,2,0.0
3007,no_B,2026-W18,meme,3,3,1.0
3007,no_B,2026-W18,mourning,0,3,0.0
3007,no_B,2026-W18,marketing,0,3,0.0
3007,no_B,2026-W18,education,0,3,0.0
3007,no_B,2026-W18,other,0,3,0.0
3007,no_B,2026-W19,meme,5,5,1.0
3007,no_B,2026-W19,mourning,0,5,0.0
3007,no_B,2026-W19,marketing,0,5,0.0
3007,no_B,2026-W19,education,0,5,0.0
3007,no_B,2026-W19,other,0,5,0.0
3007,no_B,2026-W20,meme,7,7,1.0
3007,no_B,2026-W20,mourning,0,7,0.0
3007,no_B,2026-W20,marketing,0,7,0.0
3007,no_B,2026-W20,education,0,7,0.0
3007,no_B,2026-W20,other,0,7,0.0
3007,no_B,2026-W21,meme,0,0,0.0
3007,no_B,2026-W21,mourning,0,0,0.0
3007,no_B,2026-W21,marketing,0,0,0.0
3007,no_B,2026-W21,education,0,0,0.0
3007,no_B,2026-W21,other,0,0,0.0
3007,no_B,2026-W22,meme,0,0,0.0
3007,no_B,2026-W22,mourning,0,0,0.0
3007,no_B,2026-W22,marketing,0,0,0.0
3007,no_B,2026-W22,education,0,0,0.0
3007,no_B,2026-W22,other,0,0,0.0
3007,no_D,2026-W12,meme,12,63,0.19047619047619047
3007,no_D,2026-W12,mourning,12,63,0.19047619047619047
3007,no_D,2026-W12,marketing,15,63,0.23809523809523808
3007,no_D,2026-W12,education,9,63,0.14285714285714285
3007,no_D,2026-W12,other,15,63,0.23809523809523808
3007,no_D,2026-W13,meme,12,57,0.21052631578947367
3007,no_D,2026-W13,mourning,12,57,0.21052631578947367
3007,no_D,2026-W13,marketing,11,57,0.19298245614035087
3007,no_D,2026-W13,education,7,57,0.12280701754385964
3007,no_D,2026-W13,other,15,57,0.2631578947368421
3007,no_D,2026-W14,meme,12,45,0.26666666666666666
3007,no_D,2026-W14,mourning,4,45,0.08888888888888889
3007,no_D,2026-W14,marketing,10,45,0.2222222222222222
3007,no_D,2026-W14,education,7,45,0.15555555555555556
3007,no_D,2026-W14,other,12,45,0.26666666666666666
3007,no_D,2026-W15,meme,9,32,0.28125
3007,no_D,2026-W15,mourning,2,32,0.0625
3007,no_D,2026-W15,marketing,7,32,0.21875
3007,no_D,2026-W15,education,6,32,0.1875
3007,no_D,2026-W15,other,8,32,0.25
3007,no_D,2026-W16,meme,6,21,0.2857142857142857
3007,no_D,2026-W16,mourning,2,21,0.09523809523809523
3007,no_D,2026-W16,marketing,5,21,0.23809523809523808
3007,no_D,2026-W16,education,6,21,0.2857142857142857
3007,no_D,2026-W16,other,2,21,0.09523809523809523
3007,no_D,2026-W17,meme,5,15,0.3333333333333333
3007,no_D,2026-W17,mourning,1,15,0.06666666666666667
3007,no_D,2026-W17,marketing,5,15,0.3333333333333333
3007,no_D,2026-W17,education,3,15,0.2
3007,no_D,2026-W17,other,1,15,0.06666666666666667
3007,no_D,2026-W18,meme,5,12,0.4166666666666667
3007,no_D,2026-W18,mourning,1,12,0.08333333333333333
3007,no_D,2026-W18,marketing,4,12,0.3333333333333333
3007,no_D,2026-W18,education,2,12,0.16666666666666666
3007,no_D,2026-W18,other,0,12,0.0
3007,no_D,2026-W19,meme,3,10,0.3
3007,no_D,2026-W19,mourning,1,10,0.1
3007,no_D,2026-W19,marketing,4,10,0.4
3007,no_D,2026-W19,education,2,10,0.2
3007,no_D,2026-W19,other,0,10,0.0
3007,no_D,2026-W20,meme,3,7,0.42857142857142855
3007,no_D,2026-W20,mourning,1,7,0.14285714285714285
3007,no_D,2026-W20,marketing,3,7,0.42857142857142855
3007,no_D,2026-W20,education,0,7,0.0
3007,no_D,2026-W20,other,0,7,0.0
3007,no_D,2026-W21,meme,3,7,0.42857142857142855
3007,no_D,2026-W21,mourning,1,7,0.14285714285714285
3007,no_D,2026-W21,marketing,3,7,0.42857142857142855
3007,no_D,2026-W21,education,0,7,0.0
3007,no_D,2026-W21,other,0,7,0.0
3007,no_D,2026-W22,meme,1,5,0.2
3007,no_D,2026-W22,mourning,1,5,0.2
3007,no_D,2026-W22,marketing,3,5,0.6
3007,no_D,2026-W22,education,0,5,0.0
3007,no_D,2026-W22,other,0,5,0.0
3007,no_R,2026-W12,meme,0,28,0.0
3007,no_R,2026-W12,mourning,0,28,0.0
3007,no_R,2026-W12,marketing,19,28,0.6785714285714286
3007,no_R,2026-W12,education,9,28,0.32142857142857145
3007,no_R,2026-W12,other,0,28,0.0
3007,no_R,2026-W13,meme,0,49,0.0
3007,no_R,2026-W13,mourning,22,49,0.4489795918367347
3007,no_R,2026-W13,marketing,15,49,0.30612244897959184
3007,no_R,2026-W13,education,6,49,0.12244897959183673
3007,no_R,2026-W13,other,6,49,0.12244897959183673
3007,no_R,2026-W14,meme,0,48,0.0
3007,no_R,2026-W14,mourning,17,48,0.3541666666666667
3007,no_R,2026-W14,marketing,17,48,0.3541666666666667
3007,no_R,2026-W14,education,10,48,0.20833333333333334
3007,no_R,2026-W14,other,4,48,0.08333333333333333
3007,no_R,2026-W15,meme,0,54,0.0
3007,no_R,2026-W15,mourning,18,54,0.3333333333333333
3007,no_R,2026-W15,marketing,18,54,0.3333333333333333
3007,no_R,2026-W15,education,9,54,0.16666666666666666
3007,no_R,2026-W15,other,9,54,0.16666666666666666
3007,no_R,2026-W16,meme,0,57,0.0
3007,no_R,2026-W16,mourning,17,57,0.2982456140350877
3007,no_R,2026-W16,marketing,17,57,0.2982456140350877
3007,no_R,2026-W16,education,12,57,0.21052631578947367
3007,no_R,2026-W16,other,11,57,0.19298245614035087
3007,no_R,2026-W17,meme,0,57,0.0
3007,no_R,2026-W17,mourning,18,57,0.3157894736842105
3007,no_R,2026-W17,marketing,17,57,0.2982456140350877
3007,no_R,2026-W17,education,11,57,0.19298245614035087
3007,no_R,2026-W17,other,11,57,0.19298245614035087
3007,no_R,2026-W18,meme,0,53,0.0
3007,no_R,2026-W18,mourning,17,53,0.32075471698113206
3007,no_R,2026-W18,marketing,16,53,0.3018867924528302
3007,no_R,2026-W18,education,12,53,0.22641509433962265
3007,no_R,2026-W18,other,8,53,0.1509433962264151
3007,no_R,2026-W19,meme,0,54,0.0
3007,no_R,2026-W19,mourning,16,54,0.2962962962962963
3007,no_R,2026-W19,marketing,18,54,0.3333333333333333
3007,no_R,2026-W19,education,10,54,0.18518518518518517
3007,no_R,2026-W19,other,10,54,0.18518518518518517
3007,no_R,2026-W20,meme,5,51,0.09803921568627451
3007,no_R,2026-W20,mourning,14,51,0.27450980392156865
3007,no_R,2026-W20,marketing,16,51,0.3137254901960784
3007,no_R,2026-W20,education,11,51,0.21568627450980393
3007,no_R,2026-W20,other,5,51,0.09803921568627451
3007,no_R,2026-W21,meme,14,61,0.22950819672131148
3007,no_R,2026-W21,mourning,14,61,0.22950819672131148
3007,no_R,2026-W21,marketing,16,61,0.26229508196721313
3007,no_R,2026-W21,education,13,61,0.21311475409836064
3007,no_R,2026-W21,other,4,61,0.06557377049180328
3007,no_R,2026-W22,meme,18,58,0.3103448275862069
3007,no_R,2026-W22,mourning,10,58,0.1724137931034483
3007,no_R,2026-W22,marketing,17,58,0.29310344827586204
3007,no_R,2026-W22,education,10,58,0.1724137931034483
3007,no_R,2026-W22,other,3,58,0.05172413793103448
3008,full,2026-W12,meme,0,29,0.0
3008,full,2026-W12,mourning,0,29,0.0
3008,full,2026-W12,marketing,19,29,0.6551724137931034
3008,full,2026-W12,education,10,29,0.3448275862068966
3008,full,2026-W12,other,0,29,0.0
3008,full,2026-W13,meme,0,42,0.0
3008,full,2026-W13,mourning,22,42,0.5238095238095238
3008,full,2026-W13,marketing,10,42,0.23809523809523808
3008,full,2026-W13,education,7,42,0.16666666666666666
3008,full,2026-W13,other,3,42,0.07142857142857142
3008,full,2026-W14,meme,0,34,0.0
3008,full,2026-W14,mourning,10,34,0.29411764705882354
3008,full,2026-W14,marketing,12,34,0.35294117647058826
3008,full,2026-W14,education,8,34,0.23529411764705882
3008,full,2026-W14,other,4,34,0.11764705882352941
3008,full,2026-W15,meme,0,23,0.0
3008,full,2026-W15,mourning,4,23,0.17391304347826086
3008,full,2026-W15,marketing,8,23,0.34782608695652173
3008,full,2026-W15,education,5,23,0.21739130434782608
3008,full,2026-W15,other,6,23,0.2608695652173913
3008,full,2026-W16,meme,1,16,0.0625
3008,full,2026-W16,mourning,1,16,0.0625
3008,full,2026-W16,marketing,7,16,0.4375
3008,full,2026-W16,education,3,16,0.1875
3008,full,2026-W16,other,4,16,0.25
3008,full,2026-W17,meme,1,11,0.09090909090909091
3008,full,2026-W17,mourning,1,11,0.09090909090909091
3008,full,2026-W17,marketing,5,11,0.45454545454545453
3008,full,2026-W17,education,3,11,0.2727272727272727
3008,full,2026-W17,other,1,11,0.09090909090909091
3008,full,2026-W18,meme,0,8,0.0
3008,full,2026-W18,mourning,0,8,0.0
3008,full,2026-W18,marketing,4,8,0.5
3008,full,2026-W18,education,3,8,0.375
3008,full,2026-W18,other,1,8,0.125
3008,full,2026-W19,meme,2,6,0.3333333333333333
3008,full,2026-W19,mourning,0,6,0.0
3008,full,2026-W19,marketing,4,6,0.6666666666666666
3008,full,2026-W19,education,0,6,0.0
3008,full,2026-W19,other,0,6,0.0
3008,full,2026-W20,meme,11,15,0.7333333333333333
3008,full,2026-W20,mourning,0,15,0.0
3008,full,2026-W20,marketing,4,15,0.26666666666666666
3008,full,2026-W20,education,0,15,0.0
3008,full,2026-W20,other,0,15,0.0
3008,full,2026-W21,meme,18,21,0.8571428571428571
3008,full,2026-W21,mourning,0,21,0.0
3008,full,2026-W21,marketing,3,21,0.14285714285714285
3008,full,2026-W21,education,0,21,0.0
3008,full,2026-W21,other,0,21,0.0
3008,full,2026-W22,meme,17,20,0.85
3008,full,2026-W22,mourning,0,20,0.0
3008,full,2026-W22,marketing,3,20,0.15
3008,full,2026-W22,education,0,20,0.0
3008,full,2026-W22,other,0,20,0.0
3008,no_B,2026-W12,meme,0,29,0.0
3008,no_B,2026-W12,mourning,0,29,0.0
3008,no_B,2026-W12,marketing,19,29,0.6551724137931034
3008,no_B,2026-W12,education,10,29,0.3448275862068966
3008,no_B,2026-W12,other,0,29,0.0
3008,no_B,2026-W13,meme,0,26,0.0
3008,no_B,2026-W13,mourning,22,26,0.8461538461538461
3008,no_B,2026-W13,marketing,0,26,0.0
3008,no_B,2026-W13,education,1,26,0.038461538461538464
3008,no_B,2026-W13,other,3,26,0.11538461538461539
3008,no_B,2026-W14,meme,0,1,0.0
3008,no_B,2026-W14,mourning,0,1,0.0
3008,no_B,2026-W14,marketing,0,1,0.0
3008,no_B,2026-W14,education,1,1,1.0
3008,no_B,2026-W14,other,0,1,0.0
3008,no_B,2026-W15,meme,0,2,0.0
3008,no_B,2026-W15,mourning,0,2,0.0
3008,no_B,2026-W15,marketing,0,2,0.0
3008,no_B,2026-W15,education,0,2,0.0
3008,no_B,2026-W15,other,2,2,1.0
3008,no_B,2026-W16,meme,0,0,0.0
3008,no_B,2026-W16,mourning,0,0,0.0
3008,no_B,2026-W16,marketing,0,0,0.0
3008,no_B,2026-W16,education,0,0,0.0
3008,no_B,2026-W16,other,0,0,0.0
3008,no_B,2026-W17,meme,1,1,1.0
3008,no_B,2026-W17,mourning,0,1,0.0
3008,no_B,2026-W17,marketing,0,1,0.0
3008,no_B,2026-W17,education,0,1,0.0
3008,no_B,2026-W17,other,0,1,0.0
3008,no_B,2026-W18,meme,1,1,1.0
3008,no_B,2026-W18,mourning,0,1,0.0
3008,no_B,2026-W18,marketing,0,1,0.0
3008,no_B,2026-W18,education,0,1,0.0
3008,no_B,2026-W18,other,0,1,0.0
3008,no_B,2026-W19,meme,2,2,1.0
3008,no_B,2026-W19,mourning,0,2,0.0
3008,no_B,2026-W19,marketing,0,2,0.0
3008,no_B,2026-W19,education,0,2,0.0
3008,no_B,2026-W19,other,0,2,0.0
3008,no_B,2026-W20,meme,10,10,1.0
3008,no_B,2026-W20,mourning,0,10,0.0
3008,no_B,2026-W20,marketing,0,10,0.0
3008,no_B,2026-W20,education,0,10,0.0
3008,no_B,2026-W20,other,0,10,0.0
3008,no_B,2026-W21,meme,9,9,1.0
3008,no_B,2026-W21,mourning,0,9,0.0
3008,no_B,2026-W21,marketing,0,9,0.0
3008,no_B,2026-W21,education,0,9,0.0
3008,no_B,2026-W21,other,0,9,0.0
3008,no_B,2026-W22,meme,1,1,1.0
3008,no_B,2026-W22,mourning,0,1,0.0
3008,no_B,2026-W22,marketing,0,1,0.0
3008,no_B,2026-W22,education,0,1,0.0
3008,no_B,2026-W22,other,0,1,0.0
3008,no_D,2026-W12,meme,12,63,0.19047619047619047
3008,no_D,2026-W12,mourning,12,63,0.19047619047619047
3008,no_D,2026-W12,marketing,15,63,0.23809523809523808
3008,no_D,2026-W12,education,9,63,0.14285714285714285
3008,no_D,2026-W12,other,15,63,0.23809523809523808
3008,no_D,2026-W13,meme,12,54,0.2222222222222222
3008,no_D,2026-W13,mourning,12,54,0.2222222222222222
3008,no_D,2026-W13,marketing,9,54,0.16666666666666666
3008,no_D,2026-W13,education,6,54,0.1111111111111111
3008,no_D,2026-W13,other,15,54,0.2777777777777778
3008,no_D,2026-W14,meme,12,41,0.2926829268292683
3008,no_D,2026-W14,mourning,4,41,0.0975609756097561
3008,no_D,2026-W14,marketing,8,41,0.1951219512195122
3008,no_D,2026-W14,education,6,41,0.14634146341463414
3008,no_D,2026-W14,other,11,41,0.2682926829268293
3008,no_D,2026-W15,meme,6,27,0.2222222222222222
3008,no_D,2026-W15,mourning,3,27,0.1111111111111111
3008,no_D,2026-W15,marketing,7,27,0.25925925925925924
3008,no_D,2026-W15,education,5,27,0.18518518518518517
3008,no_D,2026-W15,other,6,27,0.2222222222222222
3008,no_D,2026-W16,meme,6,17,0.35294117647058826
3008,no_D,2026-W16,mourning,1,17,0.058823529411764705
3008,no_D,2026-W16,marketing,6,17,0.35294117647058826
3008,no_D,2026-W16,education,3,17,0.17647058823529413
3008,no_D,2026-W16,other,1,17,0.058823529411764705
3008,no_D,2026-W17,meme,6,16,0.375
3008,no_D,2026-W17,mourning,1,16,0.0625
3008,no_D,2026-W17,marketing,6,16,0.375
3008,no_D,2026-W17,education,3,16,0.1875
3008,no_D,2026-W17,other,0,16,0.0
3008,no_D,2026-W18,meme,6,14,0.42857142857142855
3008,no_D,2026-W18,mourning,0,14,0.0
3008,no_D,2026-W18,marketing,6,14,0.42857142857142855
3008,no_D,2026-W18,education,2,14,0.14285714285714285
3008,no_D,2026-W18,other,0,14,0.0
3008,no_D,2026-W19,meme,4,11,0.36363636363636365
3008,no_D,2026-W19,mourning,0,11,0.0
3008,no_D,2026-W19,marketing,5,11,0.45454545454545453
3008,no_D,2026-W19,education,2,11,0.18181818181818182
3008,no_D,2026-W19,other,0,11,0.0
3008,no_D,2026-W20,meme,4,9,0.4444444444444444
3008,no_D,2026-W20,mourning,0,9,0.0
3008,no_D,2026-W20,marketing,3,9,0.3333333333333333
3008,no_D,2026-W20,education,2,9,0.2222222222222222
3008,no_D,2026-W20,other,0,9,0.0
3008,no_D,2026-W21,meme,2,6,0.3333333333333333
3008,no_D,2026-W21,mourning,0,6,0.0
3008,no_D,2026-W21,marketing,3,6,0.5
3008,no_D,2026-W21,education,1,6,0.16666666666666666
3008,no_D,2026-W21,other,0,6,0.0
3008,no_D,2026-W22,meme,2,6,0.3333333333333333
3008,no_D,2026-W22,mourning,0,6,0.0
3008,no_D,2026-W22,marketing,3,6,0.5
3008,no_D,2026-W22,education,1,6,0.16666666666666666
3008,no_D,2026-W22,other,0,6,0.0
3008,no_R,2026-W12,meme,0,29,0.0
3008,no_R,2026-W12,mourning,0,29,0.0
3008,no_R,2026-W12,marketing,19,29,0.6551724137931034
3008,no_R,2026-W12,education,10,29,0.3448275862068966
3008,no_R,2026-W12,other,0,29,0.0
3008,no_R,2026-W13,meme,0,47,0.0
3008,no_R,2026-W13,mourning,22,47,0.46808510638297873
3008,no_R,2026-W13,marketing,15,47,0.3191489361702128
3008,no_R,2026-W13,education,7,47,0.14893617021276595
3008,no_R,2026-W13,other,3,47,0.06382978723404255
3008,no_R,2026-W14,meme,0,47,0.0
3008,no_R,2026-W14,mourning,17,47,0.3617021276595745
3008,no_R,2026-W14,marketing,16,47,0.3404255319148936
3008,no_R,2026-W14,education,11,47,0.23404255319148937
3008,no_R,2026-W14,other,3,47,0.06382978723404255
3008,no_R,2026-W15,meme,0,52,0.0
3008,no_R,2026-W15,mourning,19,52,0.36538461538461536
3008,no_R,2026-W15,marketing,17,52,0.3269230769230769
3008,no_R,2026-W15,education,10,52,0.19230769230769232
3008,no_R,2026-W15,other,6,52,0.11538461538461539
3008,no_R,2026-W16,meme,0,53,0.0
3008,no_R,2026-W16,mourning,19,53,0.3584905660377358
3008,no_R,2026-W16,marketing,18,53,0.33962264150943394
3008,no_R,2026-W16,education,8,53,0.1509433962264151
3008,no_R,2026-W16,other,8,53,0.1509433962264151
3008,no_R,2026-W17,meme,0,51,0.0
3008,no_R,2026-W17,mourning,17,51,0.3333333333333333
3008,no_R,2026-W17,marketing,16,51,0.3137254901960784
3008,no_R,2026-W17,education,12,51,0.23529411764705882
3008,no_R,2026-W17,other,6,51,0.11764705882352941
3008,no_R,2026-W18,meme,0,61,0.0
3008,no_R,2026-W18,mourning,20,61,0.32786885245901637
3008,no_R,2026-W18,marketing,18,61,0.29508196721311475
3008,no_R,2026-W18,education,13,61,0.21311475409836064
3008,no_R,2026-W18,other,10,61,0.16393442622950818
3008,no_R,2026-W19,meme,0,54,0.0
3008,no_R,2026-W19,mourning,17,54,0.3148148148148148
3008,no_R,2026-W19,marketing,18,54,0.3333333333333333
3008,no_R,2026-W19,education,12,54,0.2222222222222222
3008,no_R,2026-W19,other,7,54,0.12962962962962962
3008,no_R,2026-W20,meme,4,60,0.06666666666666667
3008,no_R,2026-W20,mourning,18,60,0.3
3008,no_R,2026-W20,marketing,17,60,0.2833333333333333
3008,no_R,2026-W20,education,13,60,0.21666666666666667
3008,no_R,2026-W20,other,8,60,0.13333333333333333
3008,no_R,2026-W21,meme,10,60,0.16666666666666666
3008,no_R,2026-W21,mourning,16,60,0.26666666666666666
3008,no_R,2026-W21,marketing,18,60,0.3
3008,no_R,2026-W21,education,12,60,0.2
3008,no_R,2026-W21,other,4,60,0.06666666666666667
3008,no_R,2026-W22,meme,18,64,0.28125
3008,no_R,2026-W22,mourning,16,64,0.25
3008,no_R,2026-W22,marketing,17,64,0.265625
3008,no_R,2026-W22,education,9,64,0.140625
3008,no_R,2026-W22,other,4,64,0.0625
3009,full,2026-W12,meme,0,27,0.0
3009,full,2026-W12,mourning,0,27,0.0
3009,full,2026-W12,marketing,19,27,0.7037037037037037
3009,full,2026-W12,education,8,27,0.2962962962962963
3009,full,2026-W12,other,0,27,0.0
3009,full,2026-W13,meme,0,42,0.0
3009,full,2026-W13,mourning,22,42,0.5238095238095238
3009,full,2026-W13,marketing,9,42,0.21428571428571427
3009,full,2026-W13,education,5,42,0.11904761904761904
3009,full,2026-W13,other,6,42,0.14285714285714285
3009,full,2026-W14,meme,0,35,0.0
3009,full,2026-W14,mourning,9,35,0.2571428571428571
3009,full,2026-W14,marketing,11,35,0.3142857142857143
3009,full,2026-W14,education,10,35,0.2857142857142857
3009,full,2026-W14,other,5,35,0.14285714285714285
3009,full,2026-W15,meme,0,22,0.0
3009,full,2026-W15,mourning,5,22,0.22727272727272727
3009,full,2026-W15,marketing,7,22,0.3181818181818182
3009,full,2026-W15,education,5,22,0.22727272727272727
3009,full,2026-W15,other,5,22,0.22727272727272727
3009,full,2026-W16,meme,0,16,0.0
3009,full,2026-W16,mourning,1,16,0.0625
3009,full,2026-W16,marketing,6,16,0.375
3009,full,2026-W16,education,4,16,0.25
3009,full,2026-W16,other,5,16,0.3125
3009,full,2026-W17,meme,0,11,0.0
3009,full,2026-W17,mourning,1,11,0.09090909090909091
3009,full,2026-W17,marketing,5,11,0.45454545454545453
3009,full,2026-W17,education,4,11,0.36363636363636365
3009,full,2026-W17,other,1,11,0.09090909090909091
3009,full,2026-W18,meme,0,10,0.0
3009,full,2026-W18,mourning,0,10,0.0
3009,full,2026-W18,marketing,5,10,0.5
3009,full,2026-W18,education,5,10,0.5
3009,full,2026-W18,other,0,10,0.0
3009,full,2026-W19,meme,0,6,0.0
3009,full,2026-W19,mourning,0,6,0.0
3009,full,2026-W19,marketing,3,6,0.5
3009,full,2026-W19,education,3,6,0.5
3009,full,2026-W19,other,0,6,0.0
3009,full,2026-W20,meme,10,14,0.7142857142857143
3009,full,2026-W20,mourning,0,14,0.0
3009,full,2026-W20,marketing,3,14,0.21428571428571427
3009,full,2026-W20,education,1,14,0.07142857142857142
3009,full,2026-W20,other,0,14,0.0
3009,full,2026-W21,meme,19,22,0.8636363636363636
3009,full,2026-W21,mourning,0,22,0.0
3009,full,2026-W21,marketing,3,22,0.13636363636363635
3009,full,2026-W21,education,0,22,0.0
3009,full,2026-W21,other,0,22,0.0
3009,full,2026-W22,meme,18,21,0.8571428571428571
3009,full,2026-W22,mourning,0,21,0.0
3009,full,2026-W22,marketing,3,21,0.14285714285714285
3009,full,2026-W22,education,0,21,0.0
3009,full,2026-W22,other,0,21,0.0
3009,no_B,2026-W12,meme,0,27,0.0
3009,no_B,2026-W12,mourning,0,27,0.0
3009,no_B,2026-W12,marketing,19,27,0.7037037037037037
3009,no_B,2026-W12,education,8,27,0.2962962962962963
3009,no_B,2026-W12,other,0,27,0.0
3009,no_B,2026-W13,meme,0,28,0.0
3009,no_B,2026-W13,mourning,22,28,0.7857142857142857
3009,no_B,2026-W13,marketing,0,28,0.0
3009,no_B,2026-W13,education,0,28,0.0
3009,no_B,2026-W13,other,6,28,0.21428571428571427
3009,no_B,2026-W14,meme,0,5,0.0
3009,no_B,2026-W14,mourning,0,5,0.0
3009,no_B,2026-W14,marketing,0,5,0.0
3009,no_B,2026-W14,education,1,5,0.2
3009,no_B,2026-W14,other,4,5,0.8
3009,no_B,2026-W15,meme,0,1,0.0
3009,no_B,2026-W15,mourning,0,1,0.0
3009,no_B,2026-W15,marketing,0,1,0.0
3009,no_B,2026-W15,education,1,1,1.0
3009,no_B,2026-W15,other,0,1,0.0
3009,no_B,2026-W16,meme,0,2,0.0
3009,no_B,2026-W16,mourning,0,2,0.0
3009,no_B,2026-W16,marketing,0,2,0.0
3009,no_B,2026-W16,education,2,2,1.0
3009,no_B,2026-W16,other,0,2,0.0
3009,no_B,2026-W17,meme,0,0,0.0
3009,no_B,2026-W17,mourning,0,0,0.0
3009,no_B,2026-W17,marketing,0,0,0.0
3009,no_B,2026-W17,education,0,0,0.0
3009,no_B,2026-W17,other,0,0,0.0
3009,no_B,2026-W18,meme,0,0,0.0
3009,no_B,2026-W18,mourning,0,0,0.0
3009,no_B,2026-W18,marketing,0,0,0.0
3009,no_B,2026-W18,education,0,0,0.0
3009,no_B,2026-W18,other,0,0,0.0
3009,no_B,2026-W19,meme,0,0,0.0
3009,no_B,2026-W19,mourning,0,0,0.0
3009,no_B,2026-W19,marketing,0,0,0.0
3009,no_B,2026-W19,education,0,0,0.0
3009,no_B,2026-W19,other,0,0,0.0
3009,no_B,2026-W20,meme,11,11,1.0
3009,no_B,2026-W20,mourning,0,11,0.0
3009,no_B,2026-W20,marketing,0,11,0.0
3009,no_B,2026-W20,education,0,11,0.0
3009,no_B,2026-W20,other,0,11,0.0
3009,no_B,2026-W21,meme,17,17,1.0
3009,no_B,2026-W21,mourning,0,17,0.0
3009,no_B,2026-W21,marketing,0,17,0.0
3009,no_B,2026-W21,education,0,17,0.0
3009,no_B,2026-W21,other,0,17,0.0
3009,no_B,2026-W22,meme,0,0,0.0
3009,no_B,2026-W22,mourning,0,0,0.0
3009,no_B,2026-W22,marketing,0,0,0.0
3009,no_B,2026-W22,education,0,0,0.0
3009,no_B,2026-W22,other,0,0,0.0
3009,no_D,2026-W12,meme,12,63,0.19047619047619047
3009,no_D,2026-W12,mourning,12,63,0.19047619047619047
3009,no_D,2026-W12,marketing,15,63,0.23809523809523808
3009,no_D,2026-W12,education,9,63,0.14285714285714285
3009,no_D,2026-W12,other,15,63,0.23809523809523808
3009,no_D,2026-W13,meme,12,55,0.21818181818181817
3009,no_D,2026-W13,mourning,12,55,0.21818181818181817
3009,no_D,2026-W13,marketing,10,55,0.18181818181818182
3009,no_D,2026-W13,education,6,55,0.10909090909090909
3009,no_D,2026-W13,other,15,55,0.2727272727272727
3009,no_D,2026-W14,meme,12,45,0.26666666666666666
3009,no_D,2026-W14,mourning,4,45,0.08888888888888889
3009,no_D,2026-W14,marketing,10,45,0.2222222222222222
3009,no_D,2026-W14,education,6,45,0.13333333333333333
3009,no_D,2026-W14,other,13,45,0.28888888888888886
3009,no_D,2026-W15,meme,6,27,0.2222222222222222
3009,no_D,2026-W15,mourning,2,27,0.07407407407407407
3009,no_D,2026-W15,marketing,7,27,0.25925925925925924
3009,no_D,2026-W15,education,5,27,0.18518518518518517
3009,no_D,2026-W15,other,7,27,0.25925925925925924
3009,no_D,2026-W16,meme,6,18,0.3333333333333333
3009,no_D,2026-W16,mourning,1,18,0.05555555555555555
3009,no_D,2026-W16,marketing,5,18,0.2777777777777778
3009,no_D,2026-W16,education,4,18,0.2222222222222222
3009,no_D,2026-W16,other,2,18,0.1111111111111111
3009,no_D,2026-W17,meme,6,15,0.4
3009,no_D,2026-W17,mourning,1,15,0.06666666666666667
3009,no_D,2026-W17,marketing,5,15,0.3333333333333333
3009,no_D,2026-W17,education,3,15,0.2
3009,no_D,2026-W17,other,0,15,0.0
3009,no_D,2026-W18,meme,4,12,0.3333333333333333
3009,no_D,2026-W18,mourning,1,12,0.08333333333333333
3009,no_D,2026-W18,marketing,4,12,0.3333333333333333
3009,no_D,2026-W18,education,3,12,0.25
3009,no_D,2026-W18,other,0,12,0.0
3009,no_D,2026-W19,meme,3,8,0.375
3009,no_D,2026-W19,mourning,1,8,0.125
3009,no_D,2026-W19,marketing,3,8,0.375
3009,no_D,2026-W19,education,1,8,0.125
3009,no_D,2026-W19,other,0,8,0.0
3009,no_D,2026-W20,meme,3,7,0.42857142857142855
3009,no_D,2026-W20,mourning,1,7,0.14285714285714285
3009,no_D,2026-W20,marketing,3,7,0.42857142857142855
3009,no_D,2026-W20,education,0,7,0.0
3009,no_D,2026-W20,other,0,7,0.0
3009,no_D,2026-W21,meme,2,6,0.3333333333333333
3009,no_D,2026-W21,mourning,1,6,0.16666666666666666
3009,no_D,2026-W21,marketing,3,6,0.5
3009,no_D,2026-W21,education,0,6,0.0
3009,no_D,2026-W21,other,0,6,0.0
3009,no_D,2026-W22,meme,1,5,0.2
3009,no_D,2026-W22,mourning,1,5,0.2
3009,no_D,2026-W22,marketing,3,5,0.6
3009,no_D,2026-W22,education,0,5,0.0
3009,no_D,2026-W22,other,0,5,0.0
3009,no_R,2026-W12,meme,0,27,0.0
3009,no_R,2026-W12,mourning,0,27,0.0
3009,no_R,2026-W12,marketing,19,27,0.7037037037037037
3009,no_R,2026-W12,education,8,27,0.2962962962962963
3009,no_R,2026-W12,other,0,27,0.0
3009,no_R,2026-W13,meme,0,47,0.0
3009,no_R,2026-W13,mourning,22,47,0.46808510638297873
3009,no_R,2026-W13,marketing,14,47,0.2978723404255319
3009,no_R,2026-W13,education,5,47,0.10638297872340426
3009,no_R,2026-W13,other,6,47,0.1276595744680851
3009,no_R,2026-W14,meme,0,57,0.0
3009,no_R,2026-W14,mourning,20,57,0.3508771929824561
3009,no_R,2026-W14,marketing,18,57,0.3157894736842105
3009,no_R,2026-W14,education,11,57,0.19298245614035087
3009,no_R,2026-W14,other,8,57,0.14035087719298245
3009,no_R,2026-W15,meme,0,54,0.0
3009,no_R,2026-W15,mourning,20,54,0.37037037037037035
3009,no_R,2026-W15,marketing,16,54,0.2962962962962963
3009,no_R,2026-W15,education,11,54,0.2037037037037037
3009,no_R,2026-W15,other,7,54,0.12962962962962962
3009,no_R,2026-W16,meme,0,59,0.0
3009,no_R,2026-W16,mourning,17,59,0.288135593220339
3009,no_R,2026-W16,marketing,19,59,0.3220338983050847
3009,no_R,2026-W16,education,12,59,0.2033898305084746
3009,no_R,2026-W16,other,11,59,0.1864406779661017
3009,no_R,2026-W17,meme,0,54,0.0
3009,no_R,2026-W17,mourning,17,54,0.3148148148148148
3009,no_R,2026-W17,marketing,17,54,0.3148148148148148
3009,no_R,2026-W17,education,11,54,0.2037037037037037
3009,no_R,2026-W17,other,9,54,0.16666666666666666
3009,no_R,2026-W18,meme,0,51,0.0
3009,no_R,2026-W18,mourning,13,51,0.2549019607843137
3009,no_R,2026-W18,marketing,18,51,0.35294117647058826
3009,no_R,2026-W18,education,12,51,0.23529411764705882
3009,no_R,2026-W18,other,8,51,0.1568627450980392
3009,no_R,2026-W19,meme,0,58,0.0
3009,no_R,2026-W19,mourning,20,58,0.3448275862068966
3009,no_R,2026-W19,marketing,17,58,0.29310344827586204
3009,no_R,2026-W19,education,12,58,0.20689655172413793
3009,no_R,2026-W19,other,9,58,0.15517241379310345
3009,no_R,2026-W20,meme,3,56,0.05357142857142857
3009,no_R,2026-W20,mourning,18,56,0.32142857142857145
3009,no_R,2026-W20,marketing,17,56,0.30357142857142855
3009,no_R,2026-W20,education,13,56,0.23214285714285715
3009,no_R,2026-W20,other,5,56,0.08928571428571429
3009,no_R,2026-W21,meme,14,58,0.2413793103448276
3009,no_R,2026-W21,mourning,14,58,0.2413793103448276
3009,no_R,2026-W21,marketing,14,58,0.2413793103448276
3009,no_R,2026-W21,education,11,58,0.1896551724137931
3009,no_R,2026-W21,other,5,58,0.08620689655172414
3009,no_R,2026-W22,meme,17,59,0.288135593220339
3009,no_R,2026-W22,mourning,13,59,0.22033898305084745
3009,no_R,2026-W22,marketing,18,59,0.3050847457627119
3009,no_R,2026-W22,education,10,59,0.1694915254237288
3009,no_R,2026-W22,other,1,59,0.01694915254237288
3010,full,2026-W12,meme,0,28,0.0
3010,full,2026-W12,mourning,0,28,0.0
3010,full,2026-W12,marketing,19,28,0.6785714285714286
3010,full,2026-W12,education,9,28,0.32142857142857145
3010,full,2026-W12,other,0,28,0.0
3010,full,2026-W13,meme,0,40,0.0
3010,full,2026-W13,mourning,22,40,0.55
3010,full,2026-W13,marketing,11,40,0.275
3010,full,2026-W13,education,5,40,0.125
3010,full,2026-W13,other,2,40,0.05
3010,full,2026-W14,meme,0,35,0.0
3010,full,2026-W14,mourning,10,35,0.2857142857142857
3010,full,2026-W14,marketing,13,35,0.37142857142857144
3010,full,2026-W14,education,9,35,0.2571428571428571
3010,full,2026-W14,other,3,35,0.08571428571428572
3010,full,2026-W15,meme,0,24,0.0
3010,full,2026-W15,mourning,5,24,0.20833333333333334
3010,full,2026-W15,marketing,9,24,0.375
3010,full,2026-W15,education,5,24,0.20833333333333334
3010,full,2026-W15,other,5,24,0.20833333333333334
3010,full,2026-W16,meme,1,17,0.058823529411764705
3010,full,2026-W16,mourning,2,17,0.11764705882352941
3010,full,2026-W16,marketing,6,17,0.35294117647058826
3010,full,2026-W16,education,4,17,0.23529411764705882
3010,full,2026-W16,other,4,17,0.23529411764705882
3010,full,2026-W17,meme,0,11,0.0
3010,full,2026-W17,mourning,0,11,0.0
3010,full,2026-W17,marketing,4,11,0.36363636363636365
3010,full,2026-W17,education,4,11,0.36363636363636365
3010,full,2026-W17,other,3,11,0.2727272727272727
3010,full,2026-W18,meme,0,9,0.0
3010,full,2026-W18,mourning,0,9,0.0
3010,full,2026-W18,marketing,3,9,0.3333333333333333
3010,full,2026-W18,education,2,9,0.2222222222222222
3010,full,2026-W18,other,4,9,0.4444444444444444
3010,full,2026-W19,meme,0,6,0.0
3010,full,2026-W19,mourning,0,6,0.0
3010,full,2026-W19,marketing,4,6,0.6666666666666666
3010,full,2026-W19,education,2,6,0.3333333333333333
3010,full,2026-W19,other,0,6,0.0
3010,full,2026-W20,meme,10,15,0.6666666666666666
3010,full,2026-W20,mourning,0,15,0.0
3010,full,2026-W20,marketing,4,15,0.26666666666666666
3010,full,2026-W20,education,1,15,0.06666666666666667
3010,full,2026-W20,other,0,15,0.0
3010,full,2026-W21,meme,19,22,0.8636363636363636
3010,full,2026-W21,mourning,0,22,0.0
3010,full,2026-W21,marketing,3,22,0.13636363636363635
3010,full,2026-W21,education,0,22,0.0
3010,full,2026-W21,other,0,22,0.0
3010,full,2026-W22,meme,18,22,0.8181818181818182
3010,full,2026-W22,mourning,0,22,0.0
3010,full,2026-W22,marketing,3,22,0.13636363636363635
3010,full,2026-W22,education,1,22,0.045454545454545456
3010,full,2026-W22,other,0,22,0.0
3010,no_B,2026-W12,meme,0,28,0.0
3010,no_B,2026-W12,mourning,0,28,0.0
3010,no_B,2026-W12,marketing,19,28,0.6785714285714286
3010,no_B,2026-W12,education,9,28,0.32142857142857145
3010,no_B,2026-W12,other,0,28,0.0
3010,no_B,2026-W13,meme,0,26,0.0
3010,no_B,2026-W13,mourning,22,26,0.8461538461538461
3010,no_B,2026-W13,marketing,0,26,0.0
3010,no_B,2026-W13,education,2,26,0.07692307692307693
3010,no_B,2026-W13,other,2,26,0.07692307692307693
3010,no_B,2026-W14,meme,0,6,0.0
3010,no_B,2026-W14,mourning,0,6,0.0
3010,no_B,2026-W14,marketing,0,6,0.0
3010,no_B,2026-W14,education,4,6,0.6666666666666666
3010,no_B,2026-W14,other,2,6,0.3333333333333333
3010,no_B,2026-W15,meme,0,0,0.0
3010,no_B,2026-W15,mourning,0,0,0.0
3010,no_B,2026-W15,marketing,0,0,0.0
3010,no_B,2026-W15,education,0,0,0.0
3010,no_B,2026-W15,other,0,0,0.0
3010,no_B,2026-W16,meme,0,0,0.0
3010,no_B,2026-W16,mourning,0,0,0.0
3010,no_B,2026-W16,marketing,0,0,0.0
3010,no_B,2026-W16,education,0,0,0.0
3010,no_B,2026-W16,other,0,0,0.0
3010,no_B,2026-W17,meme,0,0,0.0
3010,no_B,2026-W17,mourning,0,0,0.0
3010,no_B,2026-W17,marketing,0,0,0.0
3010,no_B,2026-W17,education,0,0,0.0
3010,no_B,2026-W17,other,0,0,0.0
3010,no_B,2026-W18,meme,0,0,0.0
3010,no_B,2026-W18,mourning,0,0,0.0
3010,no_B,2026-W18,marketing,0,0,0.0
3010,no_B,2026-W18,education,0,0,0.0
3010,no_B,2026-W18,other,0,0,0.0
3010,no_B,2026-W19,meme,0,0,0.0
3010,no_B,2026-W19,mourning,0,0,0.0
3010,no_B,2026-W19,marketing,0,0,0.0
3010,no_B,2026-W19,education,0,0,0.0
3010,no_B,2026-W19,other,0,0,0.0
3010,no_B,2026-W20,meme,9,9,1.0
3010,no_B,2026-W20,mourning,0,9,0.0
3010,no_B,2026-W20,marketing,0,9,0.0
3010,no_B,2026-W20,education,0,9,0.0
3010,no_B,2026-W20,other,0,9,0.0
3010,no_B,2026-W21,meme,15,15,1.0
3010,no_B,2026-W21,mourning,0,15,0.0
3010,no_B,2026-W21,marketing,0,15,0.0
3010,no_B,2026-W21,education,0,15,0.0
3010,no_B,2026-W21,other,0,15,0.0
3010,no_B,2026-W22,meme,3,3,1.0
3010,no_B,2026-W22,mourning,0,3,0.0
3010,no_B,2026-W22,marketing,0,3,0.0
3010,no_B,2026-W22,education,0,3,0.0
3010,no_B,2026-W22,other,0,3,0.0
3010,no_D,2026-W12,meme,12,63,0.19047619047619047
3010,no_D,2026-W12,mourning,12,63,0.19047619047619047
3010,no_D,2026-W12,marketing,15,63,0.23809523809523808
3010,no_D,2026-W12,education,9,63,0.14285714285714285
3010,no_D,2026-W12,other,15,63,0.23809523809523808
3010,no_D,2026-W13,meme,12,58,0.20689655172413793
3010,no_D,2026-W13,mourning,12,58,0.20689655172413793
3010,no_D,2026-W13,marketing,11,58,0.1896551724137931
3010,no_D,2026-W13,education,8,58,0.13793103448275862
3010,no_D,2026-W13,other,15,58,0.25862068965517243
3010,no_D,2026-W14,meme,11,45,0.24444444444444444
3010,no_D,2026-W14,mourning,4,45,0.08888888888888889
3010,no_D,2026-W14,marketing,9,45,0.2
3010,no_D,2026-W14,education,8,45,0.17777777777777778
3010,no_D,2026-W14,other,13,45,0.28888888888888886
3010,no_D,2026-W15,meme,8,30,0.26666666666666666
3010,no_D,2026-W15,mourning,3,30,0.1
3010,no_D,2026-W15,marketing,7,30,0.23333333333333334
3010,no_D,2026-W15,education,6,30,0.2
3010,no_D,2026-W15,other,6,30,0.2
3010,no_D,2026-W16,meme,6,20,0.3
3010,no_D,2026-W16,mourning,2,20,0.1
3010,no_D,2026-W16,marketing,6,20,0.3
3010,no_D,2026-W16,education,4,20,0.2
3010,no_D,2026-W16,other,2,20,0.1
3010,no_D,2026-W17,meme,5,16,0.3125
3010,no_D,2026-W17,mourning,1,16,0.0625
3010,no_D,2026-W17,marketing,5,16,0.3125
3010,no_D,2026-W17,education,3,16,0.1875
3010,no_D,2026-W17,other,2,16,0.125
3010,no_D,2026-W18,meme,3,9,0.3333333333333333
3010,no_D,2026-W18,mourning,1,9,0.1111111111111111
3010,no_D,2026-W18,marketing,4,9,0.4444444444444444
3010,no_D,2026-W18,education,1,9,0.1111111111111111
3010,no_D,2026-W18,other,0,9,0.0
3010,no_D,2026-W19,meme,3,8,0.375
3010,no_D,2026-W19,mourning,1,8,0.125
3010,no_D,2026-W19,marketing,4,8,0.5
3010,no_D,2026-W19,education,0,8,0.0
3010,no_D,2026-W19,other,0,8,0.0
3010,no_D,2026-W20,meme,3,8,0.375
3010,no_D,2026-W20,mourning,1,8,0.125
3010,no_D,2026-W20,marketing,4,8,0.5
3010,no_D,2026-W20,education,0,8,0.0
3010,no_D,2026-W20,other,0,8,0.0
3010,no_D,2026-W21,meme,2,6,0.3333333333333333
3010,no_D,2026-W21,mourning,1,6,0.16666666666666666
3010,no_D,2026-W21,marketing,3,6,0.5
3010,no_D,2026-W21,education,0,6,0.0
3010,no_D,2026-W21,other,0,6,0.0
3010,no_D,2026-W22,meme,1,5,0.2
3010,no_D,2026-W22,mourning,1,5,0.2
3010,no_D,2026-W22,marketing,3,5,0.6
3010,no_D,2026-W22,education,0,5,0.0
3010,no_D,2026-W22,other,0,5,0.0
3010,no_R,2026-W12,meme,0,28,0.0
3010,no_R,2026-W12,mourning,0,28,0.0
3010,no_R,2026-W12,marketing,19,28,0.6785714285714286
3010,no_R,2026-W12,education,9,28,0.32142857142857145
3010,no_R,2026-W12,other,0,28,0.0
3010,no_R,2026-W13,meme,0,43,0.0
3010,no_R,2026-W13,mourning,22,43,0.5116279069767442
3010,no_R,2026-W13,marketing,14,43,0.32558139534883723
3010,no_R,2026-W13,education,5,43,0.11627906976744186
3010,no_R,2026-W13,other,2,43,0.046511627906976744
3010,no_R,2026-W14,meme,0,55,0.0
3010,no_R,2026-W14,mourning,19,55,0.34545454545454546
3010,no_R,2026-W14,marketing,19,55,0.34545454545454546
3010,no_R,2026-W14,education,11,55,0.2
3010,no_R,2026-W14,other,6,55,0.10909090909090909
3010,no_R,2026-W15,meme,0,56,0.0
3010,no_R,2026-W15,mourning,20,56,0.35714285714285715
3010,no_R,2026-W15,marketing,16,56,0.2857142857142857
3010,no_R,2026-W15,education,8,56,0.14285714285714285
3010,no_R,2026-W15,other,12,56,0.21428571428571427
3010,no_R,2026-W16,meme,0,58,0.0
3010,no_R,2026-W16,mourning,19,58,0.3275862068965517
3010,no_R,2026-W16,marketing,18,58,0.3103448275862069
3010,no_R,2026-W16,education,13,58,0.22413793103448276
3010,no_R,2026-W16,other,8,58,0.13793103448275862
3010,no_R,2026-W17,meme,0,52,0.0
3010,no_R,2026-W17,mourning,17,52,0.3269230769230769
3010,no_R,2026-W17,marketing,16,52,0.3076923076923077
3010,no_R,2026-W17,education,13,52,0.25
3010,no_R,2026-W17,other,6,52,0.11538461538461539
3010,no_R,2026-W18,meme,0,52,0.0
3010,no_R,2026-W18,mourning,17,52,0.3269230769230769
3010,no_R,2026-W18,marketing,17,52,0.3269230769230769
3010,no_R,2026-W18,education,12,52,0.23076923076923078
3010,no_R,2026-W18,other,6,52,0.11538461538461539
3010,no_R,2026-W19,meme,0,53,0.0
3010,no_R,2026-W19,mourning,18,53,0.33962264150943394
3010,no_R,2026-W19,marketing,16,53,0.3018867924528302
3010,no_R,2026-W19,education,12,53,0.22641509433962265
3010,no_R,2026-W19,other,7,53,0.1320754716981132
3010,no_R,2026-W20,meme,5,51,0.09803921568627451
3010,no_R,2026-W20,mourning,13,51,0.2549019607843137
3010,no_R,2026-W20,marketing,16,51,0.3137254901960784
3010,no_R,2026-W20,education,9,51,0.17647058823529413
3010,no_R,2026-W20,other,8,51,0.1568627450980392
3010,no_R,2026-W21,meme,13,58,0.22413793103448276
3010,no_R,2026-W21,mourning,13,58,0.22413793103448276
3010,no_R,2026-W21,marketing,16,58,0.27586206896551724
3010,no_R,2026-W21,education,12,58,0.20689655172413793
3010,no_R,2026-W21,other,4,58,0.06896551724137931
3010,no_R,2026-W22,meme,18,56,0.32142857142857145
3010,no_R,2026-W22,mourning,10,56,0.17857142857142858
3010,no_R,2026-W22,marketing,16,56,0.2857142857142857
3010,no_R,2026-W22,education,10,56,0.17857142857142858
3010,no_R,2026-W22,other,2,56,0.03571428571428571
3011,full,2026-W12,meme,0,27,0.0
3011,full,2026-W12,mourning,0,27,0.0
3011,full,2026-W12,marketing,19,27,0.7037037037037037
3011,full,2026-W12,education,8,27,0.2962962962962963
3011,full,2026-W12,other,0,27,0.0
3011,full,2026-W13,meme,0,42,0.0
3011,full,2026-W13,mourning,22,42,0.5238095238095238
3011,full,2026-W13,marketing,10,42,0.23809523809523808
3011,full,2026-W13,education,6,42,0.14285714285714285
3011,full,2026-W13,other,4,42,0.09523809523809523
3011,full,2026-W14,meme,0,31,0.0
3011,full,2026-W14,mourning,8,31,0.25806451612903225
3011,full,2026-W14,marketing,12,31,0.3870967741935484
3011,full,2026-W14,education,8,31,0.25806451612903225
3011,full,2026-W14,other,3,31,0.0967741935483871
3011,full,2026-W15,meme,0,27,0.0
3011,full,2026-W15,mourning,7,27,0.25925925925925924
3011,full,2026-W15,marketing,7,27,0.25925925925925924
3011,full,2026-W15,education,8,27,0.2962962962962963
3011,full,2026-W15,other,5,27,0.18518518518518517
3011,full,2026-W16,meme,1,18,0.05555555555555555
3011,full,2026-W16,mourning,2,18,0.1111111111111111
3011,full,2026-W16,marketing,5,18,0.2777777777777778
3011,full,2026-W16,education,5,18,0.2777777777777778
3011,full,2026-W16,other,5,18,0.2777777777777778
3011,full,2026-W17,meme,0,12,0.0
3011,full,2026-W17,mourning,0,12,0.0
3011,full,2026-W17,marketing,4,12,0.3333333333333333
3011,full,2026-W17,education,4,12,0.3333333333333333
3011,full,2026-W17,other,4,12,0.3333333333333333
3011,full,2026-W18,meme,0,9,0.0
3011,full,2026-W18,mourning,0,9,0.0
3011,full,2026-W18,marketing,4,9,0.4444444444444444
3011,full,2026-W18,education,2,9,0.2222222222222222
3011,full,2026-W18,other,3,9,0.3333333333333333
3011,full,2026-W19,meme,0,5,0.0
3011,full,2026-W19,mourning,0,5,0.0
3011,full,2026-W19,marketing,3,5,0.6
3011,full,2026-W19,education,2,5,0.4
3011,full,2026-W19,other,0,5,0.0
3011,full,2026-W20,meme,8,12,0.6666666666666666
3011,full,2026-W20,mourning,0,12,0.0
3011,full,2026-W20,marketing,3,12,0.25
3011,full,2026-W20,education,1,12,0.08333333333333333
3011,full,2026-W20,other,0,12,0.0
3011,full,2026-W21,meme,19,23,0.8260869565217391
3011,full,2026-W21,mourning,0,23,0.0
3011,full,2026-W21,marketing,3,23,0.13043478260869565
3011,full,2026-W21,education,1,23,0.043478260869565216
3011,full,2026-W21,other,0,23,0.0
3011,full,2026-W22,meme,18,21,0.8571428571428571
3011,full,2026-W22,mourning,0,21,0.0
3011,full,2026-W22,marketing,3,21,0.14285714285714285
3011,full,2026-W22,education,0,21,0.0
3011,full,2026-W22,other,0,21,0.0
3011,no_B,2026-W12,meme,0,27,0.0
3011,no_B,2026-W12,mourning,0,27,0.0
3011,no_B,2026-W12,marketing,19,27,0.7037037037037037
3011,no_B,2026-W12,education,8,27,0.2962962962962963
3011,no_B,2026-W12,other,0,27,0.0
3011,no_B,2026-W13,meme,0,29,0.0
3011,no_B,2026-W13,mourning,22,29,0.7586206896551724
3011,no_B,2026-W13,marketing,0,29,0.0
3011,no_B,2026-W13,education,3,29,0.10344827586206896
3011,no_B,2026-W13,other,4,29,0.13793103448275862
3011,no_B,2026-W14,meme,0,7,0.0
3011,no_B,2026-W14,mourning,0,7,0.0
3011,no_B,2026-W14,marketing,0,7,0.0
3011,no_B,2026-W14,education,4,7,0.5714285714285714
3011,no_B,2026-W14,other,3,7,0.42857142857142855
3011,no_B,2026-W15,meme,0,1,0.0
3011,no_B,2026-W15,mourning,0,1,0.0
3011,no_B,2026-W15,marketing,0,1,0.0
3011,no_B,2026-W15,education,0,1,0.0
3011,no_B,2026-W15,other,1,1,1.0
3011,no_B,2026-W16,meme,0,0,0.0
3011,no_B,2026-W16,mourning,0,0,0.0
3011,no_B,2026-W16,marketing,0,0,0.0
3011,no_B,2026-W16,education,0,0,0.0
3011,no_B,2026-W16,other,0,0,0.0
3011,no_B,2026-W17,meme,1,1,1.0
3011,no_B,2026-W17,mourning,0,1,0.0
3011,no_B,2026-W17,marketing,0,1,0.0
3011,no_B,2026-W17,education,0,1,0.0
3011,no_B,2026-W17,other,0,1,0.0
3011,no_B,2026-W18,meme,1,1,1.0
3011,no_B,2026-W18,mourning,0,1,0.0
3011,no_B,2026-W18,marketing,0,1,0.0
3011,no_B,2026-W18,education,0,1,0.0
3011,no_B,2026-W18,other,0,1,0.0
3011,no_B,2026-W19,meme,1,1,1.0
3011,no_B,2026-W19,mourning,0,1,0.0
3011,no_B,2026-W19,marketing,0,1,0.0
3011,no_B,2026-W19,education,0,1,0.0
3011,no_B,2026-W19,other,0,1,0.0
3011,no_B,2026-W20,meme,8,8,1.0
3011,no_B,2026-W20,mourning,0,8,0.0
3011,no_B,2026-W20,marketing,0,8,0.0
3011,no_B,2026-W20,education,0,8,0.0
3011,no_B,2026-W20,other,0,8,0.0
3011,no_B,2026-W21,meme,9,9,1.0
3011,no_B,2026-W21,mourning,0,9,0.0
3011,no_B,2026-W21,marketing,0,9,0.0
3011,no_B,2026-W21,education,0,9,0.0
3011,no_B,2026-W21,other,0,9,0.0
3011,no_B,2026-W22,meme,1,1,1.0
3011,no_B,2026-W22,mourning,0,1,0.0
3011,no_B,2026-W22,marketing,0,1,0.0
3011,no_B,2026-W22,education,0,1,0.0
3011,no_B,2026-W22,other,0,1,0.0
3011,no_D,2026-W12,meme,12,63,0.19047619047619047
3011,no_D,2026-W12,mourning,12,63,0.19047619047619047
3011,no_D,2026-W12,marketing,15,63,0.23809523809523808
3011,no_D,2026-W12,education,9,63,0.14285714285714285
3011,no_D,2026-W12,other,15,63,0.23809523809523808
3011,no_D,2026-W13,meme,12,57,0.21052631578947367
3011,no_D,2026-W13,mourning,12,57,0.21052631578947367
3011,no_D,2026-W13,marketing,11,57,0.19298245614035087
3011,no_D,2026-W13,education,7,57,0.12280701754385964
3011,no_D,2026-W13,other,15,57,0.2631578947368421
3011,no_D,2026-W14,meme,12,42,0.2857142857142857
3011,no_D,2026-W14,mourning,4,42,0.09523809523809523
3011,no_D,2026-W14,marketing,9,42,0.21428571428571427
3011,no_D,2026-W14,education,6,42,0.14285714285714285
3011,no_D,2026-W14,other,11,42,0.2619047619047619
3011,no_D,2026-W15,meme,7,22,0.3181818181818182
3011,no_D,2026-W15,mourning,2,22,0.09090909090909091
3011,no_D,2026-W15,marketing,6,22,0.2727272727272727
3011,no_D,2026-W15,education,4,22,0.18181818181818182
3011,no_D,2026-W15,other,3,22,0.13636363636363635
3011,no_D,2026-W16,meme,6,18,0.3333333333333333
3011,no_D,2026-W16,mourning,2,18,0.1111111111111111
3011,no_D,2026-W16,marketing,6,18,0.3333333333333333
3011,no_D,2026-W16,education,3,18,0.16666666666666666
3011,no_D,2026-W16,other,1,18,0.05555555555555555
3011,no_D,2026-W17,meme,5,14,0.35714285714285715
3011,no_D,2026-W17,mourning,2,14,0.14285714285714285
3011,no_D,2026-W17,marketing,4,14,0.2857142857142857
3011,no_D,2026-W17,education,3,14,0.21428571428571427
3011,no_D,2026-W17,other,0,14,0.0
3011,no_D,2026-W18,meme,5,13,0.38461538461538464
3011,no_D,2026-W18,mourning,1,13,0.07692307692307693
3011,no_D,2026-W18,marketing,4,13,0.3076923076923077
3011,no_D,2026-W18,education,3,13,0.23076923076923078
3011,no_D,2026-W18,other,0,13,0.0
3011,no_D,2026-W19,meme,4,10,0.4
3011,no_D,2026-W19,mourning,1,10,0.1
3011,no_D,2026-W19,marketing,3,10,0.3
3011,no_D,2026-W19,education,2,10,0.2
3011,no_D,2026-W19,other,0,10,0.0
3011,no_D,2026-W20,meme,2,7,0.2857142857142857
3011,no_D,2026-W20,mourning,0,7,0.0
3011,no_D,2026-W20,marketing,3,7,0.42857142857142855
3011,no_D,2026-W20,education,2,7,0.2857142857142857
3011,no_D,2026-W20,other,0,7,0.0
3011,no_D,2026-W21,meme,1,4,0.25
3011,no_D,2026-W21,mourning,0,4,0.0
3011,no_D,2026-W21,marketing,3,4,0.75
3011,no_D,2026-W21,education,0,4,0.0
3011,no_D,2026-W21,other,0,4,0.0
3011,no_D,2026-W22,meme,1,4,0.25
3011,no_D,2026-W22,mourning,0,4,0.0
3011,no_D,2026-W22,marketing,3,4,0.75
3011,no_D,2026-W22,education,0,4,0.0
3011,no_D,2026-W22,other,0,4,0.0
3011,no_R,2026-W12,meme,0,27,0.0
3011,no_R,2026-W12,mourning,0,27,0.0
3011,no_R,2026-W12,marketing,19,27,0.7037037037037037
3011,no_R,2026-W12,education,8,27,0.2962962962962963
3011,no_R,2026-W12,other,0,27,0.0
3011,no_R,2026-W13,meme,0,47,0.0
3011,no_R,2026-W13,mourning,22,47,0.46808510638297873
3011,no_R,2026-W13,marketing,14,47,0.2978723404255319
3011,no_R,2026-W13,education,7,47,0.14893617021276595
3011,no_R,2026-W13,other,4,47,0.0851063829787234
3011,no_R,2026-W14,meme,0,50,0.0
3011,no_R,2026-W14,mourning,19,50,0.38
3011,no_R,2026-W14,marketing,17,50,0.34
3011,no_R,2026-W14,education,10,50,0.2
3011,no_R,2026-W14,other,4,50,0.08
3011,no_R,2026-W15,meme,0,55,0.0
3011,no_R,2026-W15,mourning,21,55,0.38181818181818183
3011,no_R,2026-W15,marketing,17,55,0.3090909090909091
3011,no_R,2026-W15,education,9,55,0.16363636363636364
3011,no_R,2026-W15,other,8,55,0.14545454545454545
3011,no_R,2026-W16,meme,0,57,0.0
3011,no_R,2026-W16,mourning,19,57,0.3333333333333333
3011,no_R,2026-W16,marketing,17,57,0.2982456140350877
3011,no_R,2026-W16,education,11,57,0.19298245614035087
3011,no_R,2026-W16,other,10,57,0.17543859649122806
3011,no_R,2026-W17,meme,0,56,0.0
3011,no_R,2026-W17,mourning,18,56,0.32142857142857145
3011,no_R,2026-W17,marketing,17,56,0.30357142857142855
3011,no_R,2026-W17,education,13,56,0.23214285714285715
3011,no_R,2026-W17,other,8,56,0.14285714285714285
3011,no_R,2026-W18,meme,0,58,0.0
3011,no_R,2026-W18,mourning,17,58,0.29310344827586204
3011,no_R,2026-W18,marketing,17,58,0.29310344827586204
3011,no_R,2026-W18,education,14,58,0.2413793103448276
3011,no_R,2026-W18,other,10,58,0.1724137931034483
3011,no_R,2026-W19,meme,0,52,0.0
3011,no_R,2026-W19,mourning,14,52,0.2692307692307692
3011,no_R,2026-W19,marketing,17,52,0.3269230769230769
3011,no_R,2026-W19,education,15,52,0.28846153846153844
3011,no_R,2026-W19,other,6,52,0.11538461538461539
3011,no_R,2026-W20,meme,6,51,0.11764705882352941
3011,no_R,2026-W20,mourning,9,51,0.17647058823529413
3011,no_R,2026-W20,marketing,17,51,0.3333333333333333
3011,no_R,2026-W20,education,14,51,0.27450980392156865
3011,no_R,2026-W20,other,5,51,0.09803921568627451
3011,no_R,2026-W21,meme,16,61,0.26229508196721313
3011,no_R,2026-W21,mourning,12,61,0.19672131147540983
3011,no_R,2026-W21,marketing,17,61,0.2786885245901639
3011,no_R,2026-W21,education,14,61,0.22950819672131148
3011,no_R,2026-W21,other,2,61,0.03278688524590164
3011,no_R,2026-W22,meme,18,57,0.3157894736842105
3011,no_R,2026-W22,mourning,9,57,0.15789473684210525
3011,no_R,2026-W22,marketing,16,57,0.2807017543859649
3011,no_R,2026-W22,education,13,57,0.22807017543859648
3011,no_R,2026-W22,other,1,57,0.017543859649122806
3012,full,2026-W12,meme,0,27,0.0
3012,full,2026-W12,mourning,0,27,0.0
3012,full,2026-W12,marketing,19,27,0.7037037037037037
3012,full,2026-W12,education,8,27,0.2962962962962963
3012,full,2026-W12,other,0,27,0.0
3012,full,2026-W13,meme,0,42,0.0
3012,full,2026-W13,mourning,22,42,0.5238095238095238
3012,full,2026-W13,marketing,10,42,0.23809523809523808
3012,full,2026-W13,education,6,42,0.14285714285714285
3012,full,2026-W13,other,4,42,0.09523809523809523
3012,full,2026-W14,meme,0,32,0.0
3012,full,2026-W14,mourning,8,32,0.25
3012,full,2026-W14,marketing,12,32,0.375
3012,full,2026-W14,education,7,32,0.21875
3012,full,2026-W14,other,5,32,0.15625
3012,full,2026-W15,meme,0,27,0.0
3012,full,2026-W15,mourning,6,27,0.2222222222222222
3012,full,2026-W15,marketing,9,27,0.3333333333333333
3012,full,2026-W15,education,8,27,0.2962962962962963
3012,full,2026-W15,other,4,27,0.14814814814814814
3012,full,2026-W16,meme,0,16,0.0
3012,full,2026-W16,mourning,1,16,0.0625
3012,full,2026-W16,marketing,5,16,0.3125
3012,full,2026-W16,education,4,16,0.25
3012,full,2026-W16,other,6,16,0.375
3012,full,2026-W17,meme,0,8,0.0
3012,full,2026-W17,mourning,0,8,0.0
3012,full,2026-W17,marketing,4,8,0.5
3012,full,2026-W17,education,2,8,0.25
3012,full,2026-W17,other,2,8,0.25
3012,full,2026-W18,meme,0,6,0.0
3012,full,2026-W18,mourning,1,6,0.16666666666666666
3012,full,2026-W18,marketing,3,6,0.5
3012,full,2026-W18,education,0,6,0.0
3012,full,2026-W18,other,2,6,0.3333333333333333
3012,full,2026-W19,meme,0,4,0.0
3012,full,2026-W19,mourning,0,4,0.0
3012,full,2026-W19,marketing,4,4,1.0
3012,full,2026-W19,education,0,4,0.0
3012,full,2026-W19,other,0,4,0.0
3012,full,2026-W20,meme,7,11,0.6363636363636364
3012,full,2026-W20,mourning,0,11,0.0
3012,full,2026-W20,marketing,3,11,0.2727272727272727
3012,full,2026-W20,education,1,11,0.09090909090909091
3012,full,2026-W20,other,0,11,0.0
3012,full,2026-W21,meme,18,21,0.8571428571428571
3012,full,2026-W21,mourning,0,21,0.0
3012,full,2026-W21,marketing,3,21,0.14285714285714285
3012,full,2026-W21,education,0,21,0.0
3012,full,2026-W21,other,0,21,0.0
3012,full,2026-W22,meme,19,22,0.8636363636363636
3012,full,2026-W22,mourning,0,22,0.0
3012,full,2026-W22,marketing,3,22,0.13636363636363635
3012,full,2026-W22,education,0,22,0.0
3012,full,2026-W22,other,0,22,0.0
3012,no_B,2026-W12,meme,0,27,0.0
3012,no_B,2026-W12,mourning,0,27,0.0
3012,no_B,2026-W12,marketing,19,27,0.7037037037037037
3012,no_B,2026-W12,education,8,27,0.2962962962962963
3012,no_B,2026-W12,other,0,27,0.0
3012,no_B,2026-W13,meme,0,29,0.0
3012,no_B,2026-W13,mourning,22,29,0.7586206896551724
3012,no_B,2026-W13,marketing,0,29,0.0
3012,no_B,2026-W13,education,3,29,0.10344827586206896
3012,no_B,2026-W13,other,4,29,0.13793103448275862
3012,no_B,2026-W14,meme,0,5,0.0
3012,no_B,2026-W14,mourning,0,5,0.0
3012,no_B,2026-W14,marketing,0,5,0.0
3012,no_B,2026-W14,education,2,5,0.4
3012,no_B,2026-W14,other,3,5,0.6
3012,no_B,2026-W15,meme,0,1,0.0
3012,no_B,2026-W15,mourning,0,1,0.0
3012,no_B,2026-W15,marketing,0,1,0.0
3012,no_B,2026-W15,education,0,1,0.0
3012,no_B,2026-W15,other,1,1,1.0
3012,no_B,2026-W16,meme,0,0,0.0
3012,no_B,2026-W16,mourning,0,0,0.0
3012,no_B,2026-W16,marketing,0,0,0.0
3012,no_B,2026-W16,education,0,0,0.0
3012,no_B,2026-W16,other,0,0,0.0
3012,no_B,2026-W17,meme,0,0,0.0
3012,no_B,2026-W17,mourning,0,0,0.0
3012,no_B,2026-W17,marketing,0,0,0.0
3012,no_B,2026-W17,education,0,0,0.0
3012,no_B,2026-W17,other,0,0,0.0
3012,no_B,2026-W18,meme,0,0,0.0
3012,no_B,2026-W18,mourning,0,0,0.0
3012,no_B,2026-W18,marketing,0,0,0.0
3012,no_B,2026-W18,education,0,0,0.0
3012,no_B,2026-W18,other,0,0,0.0
3012,no_B,2026-W19,meme,0,0,0.0
3012,no_B,2026-W19,mourning,0,0,0.0
3012,no_B,2026-W19,marketing,0,0,0.0
3012,no_B,2026-W19,education,0,0,0.0
3012,no_B,2026-W19,other,0,0,0.0
3012,no_B,2026-W20,meme,8,8,1.0
3012,no_B,2026-W20,mourning,0,8,0.0
3012,no_B,2026-W20,marketing,0,8,0.0
3012,no_B,2026-W20,education,0,8,0.0
3012,no_B,2026-W20,other,0,8,0.0
3012,no_B,2026-W21,meme,16,16,1.0
3012,no_B,2026-W21,mourning,0,16,0.0
3012,no_B,2026-W21,marketing,0,16,0.0
3012,no_B,2026-W21,education,0,16,0.0
3012,no_B,2026-W21,other,0,16,0.0
3012,no_B,2026-W22,meme,2,2,1.0
3012,no_B,2026-W22,mourning,0,2,0.0
3012,no_B,2026-W22,marketing,0,2,0.0
3012,no_B,2026-W22,education,0,2,0.0
3012,no_B,2026-W22,other,0,2,0.0
3012,no_D,2026-W12,meme,12,63,0.19047619047619047
3012,no_D,2026-W12,mourning,12,63,0.19047619047619047
3012,no_D,2026-W12,marketing,15,63,0.23809523809523808
3012,no_D,2026-W12,education,9,63,0.14285714285714285
3012,no_D,2026-W12,other,15,63,0.23809523809523808
3012,no_D,2026-W13,meme,12,57,0.21052631578947367
3012,no_D,2026-W13,mourning,12,57,0.21052631578947367
3012,no_D,2026-W13,marketing,11,57,0.19298245614035087
3012,no_D,2026-W13,education,7,57,0.12280701754385964
3012,no_D,2026-W13,other,15,57,0.2631578947368421
3012,no_D,2026-W14,meme,10,42,0.23809523809523808
3012,no_D,2026-W14,mourning,4,42,0.09523809523809523
3012,no_D,2026-W14,marketing,9,42,0.21428571428571427
3012,no_D,2026-W14,education,7,42,0.16666666666666666
3012,no_D,2026-W14,other,12,42,0.2857142857142857
3012,no_D,2026-W15,meme,9,30,0.3
3012,no_D,2026-W15,mourning,2,30,0.06666666666666667
3012,no_D,2026-W15,marketing,7,30,0.23333333333333334
3012,no_D,2026-W15,education,6,30,0.2
3012,no_D,2026-W15,other,6,30,0.2
3012,no_D,2026-W16,meme,6,20,0.3
3012,no_D,2026-W16,mourning,2,20,0.1
3012,no_D,2026-W16,marketing,5,20,0.25
3012,no_D,2026-W16,education,3,20,0.15
3012,no_D,2026-W16,other,4,20,0.2
3012,no_D,2026-W17,meme,6,16,0.375
3012,no_D,2026-W17,mourning,2,16,0.125
3012,no_D,2026-W17,marketing,5,16,0.3125
3012,no_D,2026-W17,education,2,16,0.125
3012,no_D,2026-W17,other,1,16,0.0625
3012,no_D,2026-W18,meme,5,14,0.35714285714285715
3012,no_D,2026-W18,mourning,2,14,0.14285714285714285
3012,no_D,2026-W18,marketing,4,14,0.2857142857142857
3012,no_D,2026-W18,education,2,14,0.14285714285714285
3012,no_D,2026-W18,other,1,14,0.07142857142857142
3012,no_D,2026-W19,meme,4,10,0.4
3012,no_D,2026-W19,mourning,1,10,0.1
3012,no_D,2026-W19,marketing,4,10,0.4
3012,no_D,2026-W19,education,1,10,0.1
3012,no_D,2026-W19,other,0,10,0.0
3012,no_D,2026-W20,meme,3,8,0.375
3012,no_D,2026-W20,mourning,1,8,0.125
3012,no_D,2026-W20,marketing,4,8,0.5
3012,no_D,2026-W20,education,0,8,0.0
3012,no_D,2026-W20,other,0,8,0.0
3012,no_D,2026-W21,meme,2,6,0.3333333333333333
3012,no_D,2026-W21,mourning,1,6,0.16666666666666666
3012,no_D,2026-W21,marketing,3,6,0.5
3012,no_D,2026-W21,education,0,6,0.0
3012,no_D,2026-W21,other,0,6,0.0
3012,no_D,2026-W22,meme,1,5,0.2
3012,no_D,2026-W22,mourning,1,5,0.2
3012,no_D,2026-W22,marketing,3,5,0.6
3012,no_D,2026-W22,education,0,5,0.0
3012,no_D,2026-W22,other,0,5,0.0
3012,no_R,2026-W12,meme,0,27,0.0
3012,no_R,2026-W12,mourning,0,27,0.0
3012,no_R,2026-W12,marketing,19,27,0.7037037037037037
3012,no_R,2026-W12,education,8,27,0.2962962962962963
3012,no_R,2026-W12,other,0,27,0.0
3012,no_R,2026-W13,meme,0,50,0.0
3012,no_R,2026-W13,mourning,22,50,0.44
3012,no_R,2026-W13,marketing,17,50,0.34
3012,no_R,2026-W13,education,7,50,0.14
3012,no_R,2026-W13,other,4,50,0.08
3012,no_R,2026-W14,meme,0,51,0.0
3012,no_R,2026-W14,mourning,17,51,0.3333333333333333
3012,no_R,2026-W14,marketing,18,51,0.35294117647058826
3012,no_R,2026-W14,education,11,51,0.21568627450980393
3012,no_R,2026-W14,other,5,51,0.09803921568627451
3012,no_R,2026-W15,meme,0,51,0.0
3012,no_R,2026-W15,mourning,19,51,0.37254901960784315
3012,no_R,2026-W15,marketing,16,51,0.3137254901960784
3012,no_R,2026-W15,education,12,51,0.23529411764705882
3012,no_R,2026-W15,other,4,51,0.0784313725490196
3012,no_R,2026-W16,meme,0,57,0.0
3012,no_R,2026-W16,mourning,16,57,0.2807017543859649
3012,no_R,2026-W16,marketing,18,57,0.3157894736842105
3012,no_R,2026-W16,education,15,57,0.2631578947368421
3012,no_R,2026-W16,other,8,57,0.14035087719298245
3012,no_R,2026-W17,meme,0,53,0.0
3012,no_R,2026-W17,mourning,20,53,0.37735849056603776
3012,no_R,2026-W17,marketing,18,53,0.33962264150943394
3012,no_R,2026-W17,education,12,53,0.22641509433962265
3012,no_R,2026-W17,other,3,53,0.05660377358490566
3012,no_R,2026-W18,meme,0,51,0.0
3012,no_R,2026-W18,mourning,15,51,0.29411764705882354
3012,no_R,2026-W18,marketing,17,51,0.3333333333333333
3012,no_R,2026-W18,education,13,51,0.2549019607843137
3012,no_R,2026-W18,other,6,51,0.11764705882352941
3012,no_R,2026-W19,meme,0,56,0.0
3012,no_R,2026-W19,mourning,21,56,0.375
3012,no_R,2026-W19,marketing,16,56,0.2857142857142857
3012,no_R,2026-W19,education,12,56,0.21428571428571427
3012,no_R,2026-W19,other,7,56,0.125
3012,no_R,2026-W20,meme,3,49,0.061224489795918366
3012,no_R,2026-W20,mourning,16,49,0.32653061224489793
3012,no_R,2026-W20,marketing,17,49,0.3469387755102041
3012,no_R,2026-W20,education,11,49,0.22448979591836735
3012,no_R,2026-W20,other,2,49,0.04081632653061224
3012,no_R,2026-W21,meme,12,54,0.2222222222222222
3012,no_R,2026-W21,mourning,13,54,0.24074074074074073
3012,no_R,2026-W21,marketing,17,54,0.3148148148148148
3012,no_R,2026-W21,education,11,54,0.2037037037037037
3012,no_R,2026-W21,other,1,54,0.018518518518518517
3012,no_R,2026-W22,meme,19,63,0.30158730158730157
3012,no_R,2026-W22,mourning,15,63,0.23809523809523808
3012,no_R,2026-W22,marketing,16,63,0.25396825396825395
3012,no_R,2026-W22,education,11,63,0.1746031746031746
3012,no_R,2026-W22,other,2,63,0.031746031746031744
3013,full,2026-W12,meme,0,27,0.0
3013,full,2026-W12,mourning,0,27,0.0
3013,full,2026-W12,marketing,19,27,0.7037037037037037
3013,full,2026-W12,education,8,27,0.2962962962962963
3013,full,2026-W12,other,0,27,0.0
3013,full,2026-W13,meme,0,41,0.0
3013,full,2026-W13,mourning,22,41,0.5365853658536586
3013,full,2026-W13,marketing,9,41,0.21951219512195122
3013,full,2026-W13,education,6,41,0.14634146341463414
3013,full,2026-W13,other,4,41,0.0975609756097561
3013,full,2026-W14,meme,0,33,0.0
3013,full,2026-W14,mourning,10,33,0.30303030303030304
3013,full,2026-W14,marketing,11,33,0.3333333333333333
3013,full,2026-W14,education,8,33,0.24242424242424243
3013,full,2026-W14,other,4,33,0.12121212121212122
3013,full,2026-W15,meme,0,24,0.0
3013,full,2026-W15,mourning,4,24,0.16666666666666666
3013,full,2026-W15,marketing,8,24,0.3333333333333333
3013,full,2026-W15,education,5,24,0.20833333333333334
3013,full,2026-W15,other,7,24,0.2916666666666667
3013,full,2026-W16,meme,1,23,0.043478260869565216
3013,full,2026-W16,mourning,1,23,0.043478260869565216
3013,full,2026-W16,marketing,8,23,0.34782608695652173
3013,full,2026-W16,education,6,23,0.2608695652173913
3013,full,2026-W16,other,7,23,0.30434782608695654
3013,full,2026-W17,meme,0,10,0.0
3013,full,2026-W17,mourning,1,10,0.1
3013,full,2026-W17,marketing,4,10,0.4
3013,full,2026-W17,education,3,10,0.3
3013,full,2026-W17,other,2,10,0.2
3013,full,2026-W18,meme,0,8,0.0
3013,full,2026-W18,mourning,0,8,0.0
3013,full,2026-W18,marketing,5,8,0.625
3013,full,2026-W18,education,3,8,0.375
3013,full,2026-W18,other,0,8,0.0
3013,full,2026-W19,meme,0,5,0.0
3013,full,2026-W19,mourning,0,5,0.0
3013,full,2026-W19,marketing,4,5,0.8
3013,full,2026-W19,education,1,5,0.2
3013,full,2026-W19,other,0,5,0.0
3013,full,2026-W20,meme,11,14,0.7857142857142857
3013,full,2026-W20,mourning,0,14,0.0
3013,full,2026-W20,marketing,3,14,0.21428571428571427
3013,full,2026-W20,education,0,14,0.0
3013,full,2026-W20,other,0,14,0.0
3013,full,2026-W21,meme,19,22,0.8636363636363636
3013,full,2026-W21,mourning,0,22,0.0
3013,full,2026-W21,marketing,3,22,0.13636363636363635
3013,full,2026-W21,education,0,22,0.0
3013,full,2026-W21,other,0,22,0.0
3013,full,2026-W22,meme,17,20,0.85
3013,full,2026-W22,mourning,0,20,0.0
3013,full,2026-W22,marketing,3,20,0.15
3013,full,2026-W22,education,0,20,0.0
3013,full,2026-W22,other,0,20,0.0
3013,no_B,2026-W12,meme,0,27,0.0
3013,no_B,2026-W12,mourning,0,27,0.0
3013,no_B,2026-W12,marketing,19,27,0.7037037037037037
3013,no_B,2026-W12,education,8,27,0.2962962962962963
3013,no_B,2026-W12,other,0,27,0.0
3013,no_B,2026-W13,meme,0,26,0.0
3013,no_B,2026-W13,mourning,22,26,0.8461538461538461
3013,no_B,2026-W13,marketing,0,26,0.0
3013,no_B,2026-W13,education,0,26,0.0
3013,no_B,2026-W13,other,4,26,0.15384615384615385
3013,no_B,2026-W14,meme,0,3,0.0
3013,no_B,2026-W14,mourning,0,3,0.0
3013,no_B,2026-W14,marketing,0,3,0.0
3013,no_B,2026-W14,education,1,3,0.3333333333333333
3013,no_B,2026-W14,other,2,3,0.6666666666666666
3013,no_B,2026-W15,meme,0,0,0.0
3013,no_B,2026-W15,mourning,0,0,0.0
3013,no_B,2026-W15,marketing,0,0,0.0
3013,no_B,2026-W15,education,0,0,0.0
3013,no_B,2026-W15,other,0,0,0.0
3013,no_B,2026-W16,meme,0,0,0.0
3013,no_B,2026-W16,mourning,0,0,0.0
3013,no_B,2026-W16,marketing,0,0,0.0
3013,no_B,2026-W16,education,0,0,0.0
3013,no_B,2026-W16,other,0,0,0.0
3013,no_B,2026-W17,meme,0,0,0.0
3013,no_B,2026-W17,mourning,0,0,0.0
3013,no_B,2026-W17,marketing,0,0,0.0
3013,no_B,2026-W17,education,0,0,0.0
3013,no_B,2026-W17,other,0,0,0.0
3013,no_B,2026-W18,meme,0,0,0.0
3013,no_B,2026-W18,mourning,0,0,0.0
3013,no_B,2026-W18,marketing,0,0,0.0
3013,no_B,2026-W18,education,0,0,0.0
3013,no_B,2026-W18,other,0,0,0.0
3013,no_B,2026-W19,meme,0,0,0.0
3013,no_B,2026-W19,mourning,0,0,0.0
3013,no_B,2026-W19,marketing,0,0,0.0
3013,no_B,2026-W19,education,0,0,0.0
3013,no_B,2026-W19,other,0,0,0.0
3013,no_B,2026-W20,meme,9,9,1.0
3013,no_B,2026-W20,mourning,0,9,0.0
3013,no_B,2026-W20,marketing,0,9,0.0
3013,no_B,2026-W20,education,0,9,0.0
3013,no_B,2026-W20,other,0,9,0.0
3013,no_B,2026-W21,meme,14,14,1.0
3013,no_B,2026-W21,mourning,0,14,0.0
3013,no_B,2026-W21,marketing,0,14,0.0
3013,no_B,2026-W21,education,0,14,0.0
3013,no_B,2026-W21,other,0,14,0.0
3013,no_B,2026-W22,meme,3,3,1.0
3013,no_B,2026-W22,mourning,0,3,0.0
3013,no_B,2026-W22,marketing,0,3,0.0
3013,no_B,2026-W22,education,0,3,0.0
3013,no_B,2026-W22,other,0,3,0.0
3013,no_D,2026-W12,meme,12,63,0.19047619047619047
3013,no_D,2026-W12,mourning,12,63,0.19047619047619047
3013,no_D,2026-W12,marketing,15,63,0.23809523809523808
3013,no_D,2026-W12,education,9,63,0.14285714285714285
3013,no_D,2026-W12,other,15,63,0.23809523809523808
3013,no_D,2026-W13,meme,12,58,0.20689655172413793
3013,no_D,2026-W13,mourning,12,58,0.20689655172413793
3013,no_D,2026-W13,marketing,12,58,0.20689655172413793
3013,no_D,2026-W13,education,7,58,0.1206896551724138
3013,no_D,2026-W13,other,15,58,0.25862068965517243
3013,no_D,2026-W14,meme,12,44,0.2727272727272727
3013,no_D,2026-W14,mourning,4,44,0.09090909090909091
3013,no_D,2026-W14,marketing,10,44,0.22727272727272727
3013,no_D,2026-W14,education,7,44,0.1590909090909091
3013,no_D,2026-W14,other,11,44,0.25
3013,no_D,2026-W15,meme,9,31,0.2903225806451613
3013,no_D,2026-W15,mourning,3,31,0.0967741935483871
3013,no_D,2026-W15,marketing,8,31,0.25806451612903225
3013,no_D,2026-W15,education,5,31,0.16129032258064516
3013,no_D,2026-W15,other,6,31,0.1935483870967742
3013,no_D,2026-W16,meme,6,22,0.2727272727272727
3013,no_D,2026-W16,mourning,2,22,0.09090909090909091
3013,no_D,2026-W16,marketing,6,22,0.2727272727272727
3013,no_D,2026-W16,education,4,22,0.18181818181818182
3013,no_D,2026-W16,other,4,22,0.18181818181818182
3013,no_D,2026-W17,meme,4,16,0.25
3013,no_D,2026-W17,mourning,2,16,0.125
3013,no_D,2026-W17,marketing,4,16,0.25
3013,no_D,2026-W17,education,3,16,0.1875
3013,no_D,2026-W17,other,3,16,0.1875
3013,no_D,2026-W18,meme,4,13,0.3076923076923077
3013,no_D,2026-W18,mourning,2,13,0.15384615384615385
3013,no_D,2026-W18,marketing,4,13,0.3076923076923077
3013,no_D,2026-W18,education,2,13,0.15384615384615385
3013,no_D,2026-W18,other,1,13,0.07692307692307693
3013,no_D,2026-W19,meme,4,10,0.4
3013,no_D,2026-W19,mourning,1,10,0.1
3013,no_D,2026-W19,marketing,4,10,0.4
3013,no_D,2026-W19,education,1,10,0.1
3013,no_D,2026-W19,other,0,10,0.0
3013,no_D,2026-W20,meme,4,10,0.4
3013,no_D,2026-W20,mourning,1,10,0.1
3013,no_D,2026-W20,marketing,4,10,0.4
3013,no_D,2026-W20,education,1,10,0.1
3013,no_D,2026-W20,other,0,10,0.0
3013,no_D,2026-W21,meme,3,8,0.375
3013,no_D,2026-W21,mourning,1,8,0.125
3013,no_D,2026-W21,marketing,3,8,0.375
3013,no_D,2026-W21,education,1,8,0.125
3013,no_D,2026-W21,other,0,8,0.0
3013,no_D,2026-W22,meme,2,7,0.2857142857142857
3013,no_D,2026-W22,mourning,1,7,0.14285714285714285
3013,no_D,2026-W22,marketing,3,7,0.42857142857142855
3013,no_D,2026-W22,education,1,7,0.14285714285714285
3013,no_D,2026-W22,other,0,7,0.0
3013,no_R,2026-W12,meme,0,27,0.0
3013,no_R,2026-W12,mourning,0,27,0.0
3013,no_R,2026-W12,marketing,19,27,0.7037037037037037
3013,no_R,2026-W12,education,8,27,0.2962962962962963
3013,no_R,2026-W12,other,0,27,0.0
3013,no_R,2026-W13,meme,0,48,0.0
3013,no_R,2026-W13,mourning,22,48,0.4583333333333333
3013,no_R,2026-W13,marketing,15,48,0.3125
3013,no_R,2026-W13,education,7,48,0.14583333333333334
3013,no_R,2026-W13,other,4,48,0.08333333333333333
3013,no_R,2026-W14,meme,0,60,0.0
3013,no_R,2026-W14,mourning,20,60,0.3333333333333333
3013,no_R,2026-W14,marketing,19,60,0.31666666666666665
3013,no_R,2026-W14,education,12,60,0.2
3013,no_R,2026-W14,other,9,60,0.15
3013,no_R,2026-W15,meme,0,51,0.0
3013,no_R,2026-W15,mourning,16,51,0.3137254901960784
3013,no_R,2026-W15,marketing,15,51,0.29411764705882354
3013,no_R,2026-W15,education,11,51,0.21568627450980393
3013,no_R,2026-W15,other,9,51,0.17647058823529413
3013,no_R,2026-W16,meme,0,51,0.0
3013,no_R,2026-W16,mourning,15,51,0.29411764705882354
3013,no_R,2026-W16,marketing,16,51,0.3137254901960784
3013,no_R,2026-W16,education,11,51,0.21568627450980393
3013,no_R,2026-W16,other,9,51,0.17647058823529413
3013,no_R,2026-W17,meme,0,55,0.0
3013,no_R,2026-W17,mourning,14,55,0.2545454545454545
3013,no_R,2026-W17,marketing,17,55,0.3090909090909091
3013,no_R,2026-W17,education,12,55,0.21818181818181817
3013,no_R,2026-W17,other,12,55,0.21818181818181817
3013,no_R,2026-W18,meme,0,57,0.0
3013,no_R,2026-W18,mourning,17,57,0.2982456140350877
3013,no_R,2026-W18,marketing,15,57,0.2631578947368421
3013,no_R,2026-W18,education,12,57,0.21052631578947367
3013,no_R,2026-W18,other,13,57,0.22807017543859648
3013,no_R,2026-W19,meme,0,49,0.0
3013,no_R,2026-W19,mourning,10,49,0.20408163265306123
3013,no_R,2026-W19,marketing,16,49,0.32653061224489793
3013,no_R,2026-W19,education,11,49,0.22448979591836735
3013,no_R,2026-W19,other,12,49,0.24489795918367346
3013,no_R,2026-W20,meme,3,57,0.05263157894736842
3013,no_R,2026-W20,mourning,15,57,0.2631578947368421
3013,no_R,2026-W20,marketing,18,57,0.3157894736842105
3013,no_R,2026-W20,education,12,57,0.21052631578947367
3013,no_R,2026-W20,other,9,57,0.15789473684210525
3013,no_R,2026-W21,meme,12,65,0.18461538461538463
3013,no_R,2026-W21,mourning,15,65,0.23076923076923078
3013,no_R,2026-W21,marketing,18,65,0.27692307692307694
3013,no_R,2026-W21,education,14,65,0.2153846153846154
3013,no_R,2026-W21,other,6,65,0.09230769230769231
3013,no_R,2026-W22,meme,17,55,0.3090909090909091
3013,no_R,2026-W22,mourning,11,55,0.2
3013,no_R,2026-W22,marketing,15,55,0.2727272727272727
3013,no_R,2026-W22,education,10,55,0.18181818181818182
3013,no_R,2026-W22,other,2,55,0.03636363636363636
3014,full,2026-W12,meme,0,26,0.0
3014,full,2026-W12,mourning,0,26,0.0
3014,full,2026-W12,marketing,19,26,0.7307692307692307
3014,full,2026-W12,education,7,26,0.2692307692307692
3014,full,2026-W12,other,0,26,0.0
3014,full,2026-W13,meme,0,50,0.0
3014,full,2026-W13,mourning,22,50,0.44
3014,full,2026-W13,marketing,11,50,0.22
3014,full,2026-W13,education,9,50,0.18
3014,full,2026-W13,other,8,50,0.16
3014,full,2026-W14,meme,0,35,0.0
3014,full,2026-W14,mourning,6,35,0.17142857142857143
3014,full,2026-W14,marketing,12,35,0.34285714285714286
3014,full,2026-W14,education,9,35,0.2571428571428571
3014,full,2026-W14,other,8,35,0.22857142857142856
3014,full,2026-W15,meme,0,25,0.0
3014,full,2026-W15,mourning,5,25,0.2
3014,full,2026-W15,marketing,8,25,0.32
3014,full,2026-W15,education,7,25,0.28
3014,full,2026-W15,other,5,25,0.2
3014,full,2026-W16,meme,0,18,0.0
3014,full,2026-W16,mourning,3,18,0.16666666666666666
3014,full,2026-W16,marketing,6,18,0.3333333333333333
3014,full,2026-W16,education,4,18,0.2222222222222222
3014,full,2026-W16,other,5,18,0.2777777777777778
3014,full,2026-W17,meme,0,14,0.0
3014,full,2026-W17,mourning,1,14,0.07142857142857142
3014,full,2026-W17,marketing,5,14,0.35714285714285715
3014,full,2026-W17,education,4,14,0.2857142857142857
3014,full,2026-W17,other,4,14,0.2857142857142857
3014,full,2026-W18,meme,0,10,0.0
3014,full,2026-W18,mourning,2,10,0.2
3014,full,2026-W18,marketing,5,10,0.5
3014,full,2026-W18,education,2,10,0.2
3014,full,2026-W18,other,1,10,0.1
3014,full,2026-W19,meme,0,6,0.0
3014,full,2026-W19,mourning,0,6,0.0
3014,full,2026-W19,marketing,4,6,0.6666666666666666
3014,full,2026-W19,education,2,6,0.3333333333333333
3014,full,2026-W19,other,0,6,0.0
3014,full,2026-W20,meme,10,14,0.7142857142857143
3014,full,2026-W20,mourning,0,14,0.0
3014,full,2026-W20,marketing,3,14,0.21428571428571427
3014,full,2026-W20,education,1,14,0.07142857142857142
3014,full,2026-W20,other,0,14,0.0
3014,full,2026-W21,meme,19,23,0.8260869565217391
3014,full,2026-W21,mourning,0,23,0.0
3014,full,2026-W21,marketing,3,23,0.13043478260869565
3014,full,2026-W21,education,1,23,0.043478260869565216
3014,full,2026-W21,other,0,23,0.0
3014,full,2026-W22,meme,18,21,0.8571428571428571
3014,full,2026-W22,mourning,0,21,0.0
3014,full,2026-W22,marketing,3,21,0.14285714285714285
3014,full,2026-W22,education,0,21,0.0
3014,full,2026-W22,other,0,21,0.0
3014,no_B,2026-W12,meme,0,26,0.0
3014,no_B,2026-W12,mourning,0,26,0.0
3014,no_B,2026-W12,marketing,19,26,0.7307692307692307
3014,no_B,2026-W12,education,7,26,0.2692307692307692
3014,no_B,2026-W12,other,0,26,0.0
3014,no_B,2026-W13,meme,0,34,0.0
3014,no_B,2026-W13,mourning,22,34,0.6470588235294118
3014,no_B,2026-W13,marketing,0,34,0.0
3014,no_B,2026-W13,education,4,34,0.11764705882352941
3014,no_B,2026-W13,other,8,34,0.23529411764705882
3014,no_B,2026-W14,meme,0,4,0.0
3014,no_B,2026-W14,mourning,0,4,0.0
3014,no_B,2026-W14,marketing,0,4,0.0
3014,no_B,2026-W14,education,3,4,0.75
3014,no_B,2026-W14,other,1,4,0.25
3014,no_B,2026-W15,meme,0,1,0.0
3014,no_B,2026-W15,mourning,0,1,0.0
3014,no_B,2026-W15,marketing,0,1,0.0
3014,no_B,2026-W15,education,0,1,0.0
3014,no_B,2026-W15,other,1,1,1.0
3014,no_B,2026-W16,meme,0,1,0.0
3014,no_B,2026-W16,mourning,0,1,0.0
3014,no_B,2026-W16,marketing,0,1,0.0
3014,no_B,2026-W16,education,1,1,1.0
3014,no_B,2026-W16,other,0,1,0.0
3014,no_B,2026-W17,meme,1,1,1.0
3014,no_B,2026-W17,mourning,0,1,0.0
3014,no_B,2026-W17,marketing,0,1,0.0
3014,no_B,2026-W17,education,0,1,0.0
3014,no_B,2026-W17,other,0,1,0.0
3014,no_B,2026-W18,meme,1,1,1.0
3014,no_B,2026-W18,mourning,0,1,0.0
3014,no_B,2026-W18,marketing,0,1,0.0
3014,no_B,2026-W18,education,0,1,0.0
3014,no_B,2026-W18,other,0,1,0.0
3014,no_B,2026-W19,meme,2,2,1.0
3014,no_B,2026-W19,mourning,0,2,0.0
3014,no_B,2026-W19,marketing,0,2,0.0
3014,no_B,2026-W19,education,0,2,0.0
3014,no_B,2026-W19,other,0,2,0.0
3014,no_B,2026-W20,meme,14,14,1.0
3014,no_B,2026-W20,mourning,0,14,0.0
3014,no_B,2026-W20,marketing,0,14,0.0
3014,no_B,2026-W20,education,0,14,0.0
3014,no_B,2026-W20,other,0,14,0.0
3014,no_B,2026-W21,meme,11,11,1.0
3014,no_B,2026-W21,mourning,0,11,0.0
3014,no_B,2026-W21,marketing,0,11,0.0
3014,no_B,2026-W21,education,0,11,0.0
3014,no_B,2026-W21,other,0,11,0.0
3014,no_B,2026-W22,meme,1,1,1.0
3014,no_B,2026-W22,mourning,0,1,0.0
3014,no_B,2026-W22,marketing,0,1,0.0
3014,no_B,2026-W22,education,0,1,0.0
3014,no_B,2026-W22,other,0,1,0.0
3014,no_D,2026-W12,meme,12,63,0.19047619047619047
3014,no_D,2026-W12,mourning,12,63,0.19047619047619047
3014,no_D,2026-W12,marketing,15,63,0.23809523809523808
3014,no_D,2026-W12,education,9,63,0.14285714285714285
3014,no_D,2026-W12,other,15,63,0.23809523809523808
3014,no_D,2026-W13,meme,12,58,0.20689655172413793
3014,no_D,2026-W13,mourning,12,58,0.20689655172413793
3014,no_D,2026-W13,marketing,11,58,0.1896551724137931
3014,no_D,2026-W13,education,8,58,0.13793103448275862
3014,no_D,2026-W13,other,15,58,0.25862068965517243
3014,no_D,2026-W14,meme,9,41,0.21951219512195122
3014,no_D,2026-W14,mourning,4,41,0.0975609756097561
3014,no_D,2026-W14,marketing,9,41,0.21951219512195122
3014,no_D,2026-W14,education,7,41,0.17073170731707318
3014,no_D,2026-W14,other,12,41,0.2926829268292683
3014,no_D,2026-W15,meme,9,30,0.3
3014,no_D,2026-W15,mourning,2,30,0.06666666666666667
3014,no_D,2026-W15,marketing,6,30,0.2
3014,no_D,2026-W15,education,6,30,0.2
3014,no_D,2026-W15,other,7,30,0.23333333333333334
3014,no_D,2026-W16,meme,6,21,0.2857142857142857
3014,no_D,2026-W16,mourning,2,21,0.09523809523809523
3014,no_D,2026-W16,marketing,6,21,0.2857142857142857
3014,no_D,2026-W16,education,3,21,0.14285714285714285
3014,no_D,2026-W16,other,4,21,0.19047619047619047
3014,no_D,2026-W17,meme,4,15,0.26666666666666666
3014,no_D,2026-W17,mourning,2,15,0.13333333333333333
3014,no_D,2026-W17,marketing,5,15,0.3333333333333333
3014,no_D,2026-W17,education,3,15,0.2
3014,no_D,2026-W17,other,1,15,0.06666666666666667
3014,no_D,2026-W18,meme,4,13,0.3076923076923077
3014,no_D,2026-W18,mourning,2,13,0.15384615384615385
3014,no_D,2026-W18,marketing,4,13,0.3076923076923077
3014,no_D,2026-W18,education,2,13,0.15384615384615385
3014,no_D,2026-W18,other,1,13,0.07692307692307693
3014,no_D,2026-W19,meme,4,11,0.36363636363636365
3014,no_D,2026-W19,mourning,1,11,0.09090909090909091
3014,no_D,2026-W19,marketing,4,11,0.36363636363636365
3014,no_D,2026-W19,education,1,11,0.09090909090909091
3014,no_D,2026-W19,other,1,11,0.09090909090909091
3014,no_D,2026-W20,meme,4,11,0.36363636363636365
3014,no_D,2026-W20,mourning,1,11,0.09090909090909091
3014,no_D,2026-W20,marketing,4,11,0.36363636363636365
3014,no_D,2026-W20,education,1,11,0.09090909090909091
3014,no_D,2026-W20,other,1,11,0.09090909090909091
3014,no_D,2026-W21,meme,2,8,0.25
3014,no_D,2026-W21,mourning,0,8,0.0
3014,no_D,2026-W21,marketing,4,8,0.5
3014,no_D,2026-W21,education,1,8,0.125
3014,no_D,2026-W21,other,1,8,0.125
3014,no_D,2026-W22,meme,1,5,0.2
3014,no_D,2026-W22,mourning,0,5,0.0
3014,no_D,2026-W22,marketing,3,5,0.6
3014,no_D,2026-W22,education,0,5,0.0
3014,no_D,2026-W22,other,1,5,0.2
3014,no_R,2026-W12,meme,0,26,0.0
3014,no_R,2026-W12,mourning,0,26,0.0
3014,no_R,2026-W12,marketing,19,26,0.7307692307692307
3014,no_R,2026-W12,education,7,26,0.2692307692307692
3014,no_R,2026-W12,other,0,26,0.0
3014,no_R,2026-W13,meme,0,53,0.0
3014,no_R,2026-W13,mourning,22,53,0.41509433962264153
3014,no_R,2026-W13,marketing,14,53,0.2641509433962264
3014,no_R,2026-W13,education,9,53,0.16981132075471697
3014,no_R,2026-W13,other,8,53,0.1509433962264151
3014,no_R,2026-W14,meme,0,56,0.0
3014,no_R,2026-W14,mourning,17,56,0.30357142857142855
3014,no_R,2026-W14,marketing,16,56,0.2857142857142857
3014,no_R,2026-W14,education,13,56,0.23214285714285715
3014,no_R,2026-W14,other,10,56,0.17857142857142858
3014,no_R,2026-W15,meme,0,54,0.0
3014,no_R,2026-W15,mourning,19,54,0.35185185185185186
3014,no_R,2026-W15,marketing,17,54,0.3148148148148148
3014,no_R,2026-W15,education,11,54,0.2037037037037037
3014,no_R,2026-W15,other,7,54,0.12962962962962962
3014,no_R,2026-W16,meme,0,54,0.0
3014,no_R,2026-W16,mourning,15,54,0.2777777777777778
3014,no_R,2026-W16,marketing,18,54,0.3333333333333333
3014,no_R,2026-W16,education,12,54,0.2222222222222222
3014,no_R,2026-W16,other,9,54,0.16666666666666666
3014,no_R,2026-W17,meme,0,53,0.0
3014,no_R,2026-W17,mourning,16,53,0.3018867924528302
3014,no_R,2026-W17,marketing,19,53,0.3584905660377358
3014,no_R,2026-W17,education,11,53,0.20754716981132076
3014,no_R,2026-W17,other,7,53,0.1320754716981132
3014,no_R,2026-W18,meme,0,50,0.0
3014,no_R,2026-W18,mourning,13,50,0.26
3014,no_R,2026-W18,marketing,19,50,0.38
3014,no_R,2026-W18,education,13,50,0.26
3014,no_R,2026-W18,other,5,50,0.1
3014,no_R,2026-W19,meme,0,57,0.0
3014,no_R,2026-W19,mourning,16,57,0.2807017543859649
3014,no_R,2026-W19,marketing,16,57,0.2807017543859649
3014,no_R,2026-W19,education,15,57,0.2631578947368421
3014,no_R,2026-W19,other,10,57,0.17543859649122806
3014,no_R,2026-W20,meme,5,55,0.09090909090909091
3014,no_R,2026-W20,mourning,15,55,0.2727272727272727
3014,no_R,2026-W20,marketing,18,55,0.32727272727272727
3014,no_R,2026-W20,education,11,55,0.2
3014,no_R,2026-W20,other,6,55,0.10909090909090909
3014,no_R,2026-W21,meme,14,59,0.23728813559322035
3014,no_R,2026-W21,mourning,12,59,0.2033898305084746
3014,no_R,2026-W21,marketing,17,59,0.288135593220339
3014,no_R,2026-W21,education,12,59,0.2033898305084746
3014,no_R,2026-W21,other,4,59,0.06779661016949153
3014,no_R,2026-W22,meme,19,65,0.2923076923076923
3014,no_R,2026-W22,mourning,13,65,0.2
3014,no_R,2026-W22,marketing,18,65,0.27692307692307694
3014,no_R,2026-W22,education,14,65,0.2153846153846154
3014,no_R,2026-W22,other,1,65,0.015384615384615385
3015,full,2026-W12,meme,0,28,0.0
3015,full,2026-W12,mourning,0,28,0.0
3015,full,2026-W12,marketing,19,28,0.6785714285714286
3015,full,2026-W12,education,9,28,0.32142857142857145
3015,full,2026-W12,other,0,28,0.0
3015,full,2026-W13,meme,0,41,0.0
3015,full,2026-W13,mourning,22,41,0.5365853658536586
3015,full,2026-W13,marketing,9,41,0.21951219512195122
3015,full,2026-W13,education,7,41,0.17073170731707318
3015,full,2026-W13,other,3,41,0.07317073170731707
3015,full,2026-W14,meme,0,36,0.0
3015,full,2026-W14,mourning,9,36,0.25
3015,full,2026-W14,marketing,12,36,0.3333333333333333
3015,full,2026-W14,education,9,36,0.25
3015,full,2026-W14,other,6,36,0.16666666666666666
3015,full,2026-W15,meme,0,22,0.0
3015,full,2026-W15,mourning,5,22,0.22727272727272727
3015,full,2026-W15,marketing,9,22,0.4090909090909091
3015,full,2026-W15,education,4,22,0.18181818181818182
3015,full,2026-W15,other,4,22,0.18181818181818182
3015,full,2026-W16,meme,1,15,0.06666666666666667
3015,full,2026-W16,mourning,0,15,0.0
3015,full,2026-W16,marketing,5,15,0.3333333333333333
3015,full,2026-W16,education,3,15,0.2
3015,full,2026-W16,other,6,15,0.4
3015,full,2026-W17,meme,0,15,0.0
3015,full,2026-W17,mourning,2,15,0.13333333333333333
3015,full,2026-W17,marketing,5,15,0.3333333333333333
3015,full,2026-W17,education,3,15,0.2
3015,full,2026-W17,other,5,15,0.3333333333333333
3015,full,2026-W18,meme,0,10,0.0
3015,full,2026-W18,mourning,1,10,0.1
3015,full,2026-W18,marketing,4,10,0.4
3015,full,2026-W18,education,4,10,0.4
3015,full,2026-W18,other,1,10,0.1
3015,full,2026-W19,meme,0,6,0.0
3015,full,2026-W19,mourning,0,6,0.0
3015,full,2026-W19,marketing,4,6,0.6666666666666666
3015,full,2026-W19,education,2,6,0.3333333333333333
3015,full,2026-W19,other,0,6,0.0
3015,full,2026-W20,meme,10,14,0.7142857142857143
3015,full,2026-W20,mourning,0,14,0.0
3015,full,2026-W20,marketing,4,14,0.2857142857142857
3015,full,2026-W20,education,0,14,0.0
3015,full,2026-W20,other,0,14,0.0
3015,full,2026-W21,meme,18,21,0.8571428571428571
3015,full,2026-W21,mourning,0,21,0.0
3015,full,2026-W21,marketing,3,21,0.14285714285714285
3015,full,2026-W21,education,0,21,0.0
3015,full,2026-W21,other,0,21,0.0
3015,full,2026-W22,meme,17,21,0.8095238095238095
3015,full,2026-W22,mourning,1,21,0.047619047619047616
3015,full,2026-W22,marketing,3,21,0.14285714285714285
3015,full,2026-W22,education,0,21,0.0
3015,full,2026-W22,other,0,21,0.0
3015,no_B,2026-W12,meme,0,28,0.0
3015,no_B,2026-W12,mourning,0,28,0.0
3015,no_B,2026-W12,marketing,19,28,0.6785714285714286
3015,no_B,2026-W12,education,9,28,0.32142857142857145
3015,no_B,2026-W12,other,0,28,0.0
3015,no_B,2026-W13,meme,0,27,0.0
3015,no_B,2026-W13,mourning,22,27,0.8148148148148148
3015,no_B,2026-W13,marketing,0,27,0.0
3015,no_B,2026-W13,education,2,27,0.07407407407407407
3015,no_B,2026-W13,other,3,27,0.1111111111111111
3015,no_B,2026-W14,meme,0,6,0.0
3015,no_B,2026-W14,mourning,0,6,0.0
3015,no_B,2026-W14,marketing,0,6,0.0
3015,no_B,2026-W14,education,3,6,0.5
3015,no_B,2026-W14,other,3,6,0.5
3015,no_B,2026-W15,meme,0,2,0.0
3015,no_B,2026-W15,mourning,0,2,0.0
3015,no_B,2026-W15,marketing,0,2,0.0
3015,no_B,2026-W15,education,1,2,0.5
3015,no_B,2026-W15,other,1,2,0.5
3015,no_B,2026-W16,meme,0,0,0.0
3015,no_B,2026-W16,mourning,0,0,0.0
3015,no_B,2026-W16,marketing,0,0,0.0
3015,no_B,2026-W16,education,0,0,0.0
3015,no_B,2026-W16,other,0,0,0.0
3015,no_B,2026-W17,meme,0,0,0.0
3015,no_B,2026-W17,mourning,0,0,0.0
3015,no_B,2026-W17,marketing,0,0,0.0
3015,no_B,2026-W17,education,0,0,0.0
3015,no_B,2026-W17,other,0,0,0.0
3015,no_B,2026-W18,meme,0,0,0.0
3015,no_B,2026-W18,mourning,0,0,0.0
3015,no_B,2026-W18,marketing,0,0,0.0
3015,no_B,2026-W18,education,0,0,0.0
3015,no_B,2026-W18,other,0,0,0.0
3015,no_B,2026-W19,meme,0,0,0.0
3015,no_B,2026-W19,mourning,0,0,0.0
3015,no_B,2026-W19,marketing,0,0,0.0
3015,no_B,2026-W19,education,0,0,0.0
3015,no_B,2026-W19,other,0,0,0.0
3015,no_B,2026-W20,meme,10,10,1.0
3015,no_B,2026-W20,mourning,0,10,0.0
3015,no_B,2026-W20,marketing,0,10,0.0
3015,no_B,2026-W20,education,0,10,0.0
3015,no_B,2026-W20,other,0,10,0.0
3015,no_B,2026-W21,meme,14,14,1.0
3015,no_B,2026-W21,mourning,0,14,0.0
3015,no_B,2026-W21,marketing,0,14,0.0
3015,no_B,2026-W21,education,0,14,0.0
3015,no_B,2026-W21,other,0,14,0.0
3015,no_B,2026-W22,meme,3,3,1.0
3015,no_B,2026-W22,mourning,0,3,0.0
3015,no_B,2026-W22,marketing,0,3,0.0
3015,no_B,2026-W22,education,0,3,0.0
3015,no_B,2026-W22,other,0,3,0.0
3015,no_D,2026-W12,meme,12,63,0.19047619047619047
3015,no_D,2026-W12,mourning,12,63,0.19047619047619047
3015,no_D,2026-W12,marketing,15,63,0.23809523809523808
3015,no_D,2026-W12,education,9,63,0.14285714285714285
3015,no_D,2026-W12,other,15,63,0.23809523809523808
3015,no_D,2026-W13,meme,12,54,0.2222222222222222
3015,no_D,2026-W13,mourning,12,54,0.2222222222222222
3015,no_D,2026-W13,marketing,9,54,0.16666666666666666
3015,no_D,2026-W13,education,6,54,0.1111111111111111
3015,no_D,2026-W13,other,15,54,0.2777777777777778
3015,no_D,2026-W14,meme,11,41,0.2682926829268293
3015,no_D,2026-W14,mourning,3,41,0.07317073170731707
3015,no_D,2026-W14,marketing,9,41,0.21951219512195122
3015,no_D,2026-W14,education,6,41,0.14634146341463414
3015,no_D,2026-W14,other,12,41,0.2926829268292683
3015,no_D,2026-W15,meme,7,28,0.25
3015,no_D,2026-W15,mourning,3,28,0.10714285714285714
3015,no_D,2026-W15,marketing,7,28,0.25
3015,no_D,2026-W15,education,5,28,0.17857142857142858
3015,no_D,2026-W15,other,6,28,0.21428571428571427
3015,no_D,2026-W16,meme,6,18,0.3333333333333333
3015,no_D,2026-W16,mourning,1,18,0.05555555555555555
3015,no_D,2026-W16,marketing,6,18,0.3333333333333333
3015,no_D,2026-W16,education,3,18,0.16666666666666666
3015,no_D,2026-W16,other,2,18,0.1111111111111111
3015,no_D,2026-W17,meme,6,16,0.375
3015,no_D,2026-W17,mourning,1,16,0.0625
3015,no_D,2026-W17,marketing,6,16,0.375
3015,no_D,2026-W17,education,3,16,0.1875
3015,no_D,2026-W17,other,0,16,0.0
3015,no_D,2026-W18,meme,6,15,0.4
3015,no_D,2026-W18,mourning,1,15,0.06666666666666667
3015,no_D,2026-W18,marketing,5,15,0.3333333333333333
3015,no_D,2026-W18,education,3,15,0.2
3015,no_D,2026-W18,other,0,15,0.0
3015,no_D,2026-W19,meme,3,10,0.3
3015,no_D,2026-W19,mourning,1,10,0.1
3015,no_D,2026-W19,marketing,4,10,0.4
3015,no_D,2026-W19,education,2,10,0.2
3015,no_D,2026-W19,other,0,10,0.0
3015,no_D,2026-W20,meme,2,8,0.25
3015,no_D,2026-W20,mourning,1,8,0.125
3015,no_D,2026-W20,marketing,4,8,0.5
3015,no_D,2026-W20,education,1,8,0.125
3015,no_D,2026-W20,other,0,8,0.0
3015,no_D,2026-W21,meme,2,6,0.3333333333333333
3015,no_D,2026-W21,mourning,1,6,0.16666666666666666
3015,no_D,2026-W21,marketing,3,6,0.5
3015,no_D,2026-W21,education,0,6,0.0
3015,no_D,2026-W21,other,0,6,0.0
3015,no_D,2026-W22,meme,2,6,0.3333333333333333
3015,no_D,2026-W22,mourning,1,6,0.16666666666666666
3015,no_D,2026-W22,marketing,3,6,0.5
3015,no_D,2026-W22,education,0,6,0.0
3015,no_D,2026-W22,other,0,6,0.0
3015,no_R,2026-W12,meme,0,28,0.0
3015,no_R,2026-W12,mourning,0,28,0.0
3015,no_R,2026-W12,marketing,19,28,0.6785714285714286
3015,no_R,2026-W12,education,9,28,0.32142857142857145
3015,no_R,2026-W12,other,0,28,0.0
3015,no_R,2026-W13,meme,0,48,0.0
3015,no_R,2026-W13,mourning,22,48,0.4583333333333333
3015,no_R,2026-W13,marketing,15,48,0.3125
3015,no_R,2026-W13,education,8,48,0.16666666666666666
3015,no_R,2026-W13,other,3,48,0.0625
3015,no_R,2026-W14,meme,0,51,0.0
3015,no_R,2026-W14,mourning,18,51,0.35294117647058826
3015,no_R,2026-W14,marketing,16,51,0.3137254901960784
3015,no_R,2026-W14,education,13,51,0.2549019607843137
3015,no_R,2026-W14,other,4,51,0.0784313725490196
3015,no_R,2026-W15,meme,0,55,0.0
3015,no_R,2026-W15,mourning,20,55,0.36363636363636365
3015,no_R,2026-W15,marketing,16,55,0.2909090909090909
3015,no_R,2026-W15,education,11,55,0.2
3015,no_R,2026-W15,other,8,55,0.14545454545454545
3015,no_R,2026-W16,meme,0,53,0.0
3015,no_R,2026-W16,mourning,16,53,0.3018867924528302
3015,no_R,2026-W16,marketing,16,53,0.3018867924528302
3015,no_R,2026-W16,education,13,53,0.24528301886792453
3015,no_R,2026-W16,other,8,53,0.1509433962264151
3015,no_R,2026-W17,meme,0,56,0.0
3015,no_R,2026-W17,mourning,16,56,0.2857142857142857
3015,no_R,2026-W17,marketing,18,56,0.32142857142857145
3015,no_R,2026-W17,education,13,56,0.23214285714285715
3015,no_R,2026-W17,other,9,56,0.16071428571428573
3015,no_R,2026-W18,meme,0,56,0.0
3015,no_R,2026-W18,mourning,16,56,0.2857142857142857
3015,no_R,2026-W18,marketing,19,56,0.3392857142857143
3015,no_R,2026-W18,education,11,56,0.19642857142857142
3015,no_R,2026-W18,other,10,56,0.17857142857142858
3015,no_R,2026-W19,meme,0,50,0.0
3015,no_R,2026-W19,mourning,14,50,0.28
3015,no_R,2026-W19,marketing,17,50,0.34
3015,no_R,2026-W19,education,10,50,0.2
3015,no_R,2026-W19,other,9,50,0.18
3015,no_R,2026-W20,meme,5,56,0.08928571428571429
3015,no_R,2026-W20,mourning,16,56,0.2857142857142857
3015,no_R,2026-W20,marketing,18,56,0.32142857142857145
3015,no_R,2026-W20,education,10,56,0.17857142857142858
3015,no_R,2026-W20,other,7,56,0.125
3015,no_R,2026-W21,meme,13,57,0.22807017543859648
3015,no_R,2026-W21,mourning,11,57,0.19298245614035087
3015,no_R,2026-W21,marketing,16,57,0.2807017543859649
3015,no_R,2026-W21,education,12,57,0.21052631578947367
3015,no_R,2026-W21,other,5,57,0.08771929824561403
3015,no_R,2026-W22,meme,17,56,0.30357142857142855
3015,no_R,2026-W22,mourning,10,56,0.17857142857142858
3015,no_R,2026-W22,marketing,15,56,0.26785714285714285
3015,no_R,2026-W22,education,13,56,0.23214285714285715
3015,no_R,2026-W22,other,1,56,0.017857142857142856
3016,full,2026-W12,meme,0,25,0.0
3016,full,2026-W12,mourning,0,25,0.0
3016,full,2026-W12,marketing,19,25,0.76
3016,full,2026-W12,education,6,25,0.24
3016,full,2026-W12,other,0,25,0.0
3016,full,2026-W13,meme,0,46,0.0
3016,full,2026-W13,mourning,22,46,0.4782608695652174
3016,full,2026-W13,marketing,9,46,0.1956521739130435
3016,full,2026-W13,education,5,46,0.10869565217391304
3016,full,2026-W13,other,10,46,0.21739130434782608
3016,full,2026-W14,meme,0,32,0.0
3016,full,2026-W14,mourning,9,32,0.28125
3016,full,2026-W14,marketing,11,32,0.34375
3016,full,2026-W14,education,8,32,0.25
3016,full,2026-W14,other,4,32,0.125
3016,full,2026-W15,meme,0,25,0.0
3016,full,2026-W15,mourning,5,25,0.2
3016,full,2026-W15,marketing,7,25,0.28
3016,full,2026-W15,education,7,25,0.28
3016,full,2026-W15,other,6,25,0.24
3016,full,2026-W16,meme,0,18,0.0
3016,full,2026-W16,mourning,3,18,0.16666666666666666
3016,full,2026-W16,marketing,5,18,0.2777777777777778
3016,full,2026-W16,education,6,18,0.3333333333333333
3016,full,2026-W16,other,4,18,0.2222222222222222
3016,full,2026-W17,meme,0,10,0.0
3016,full,2026-W17,mourning,0,10,0.0
3016,full,2026-W17,marketing,5,10,0.5
3016,full,2026-W17,education,4,10,0.4
3016,full,2026-W17,other,1,10,0.1
3016,full,2026-W18,meme,0,9,0.0
3016,full,2026-W18,mourning,0,9,0.0
3016,full,2026-W18,marketing,4,9,0.4444444444444444
3016,full,2026-W18,education,4,9,0.4444444444444444
3016,full,2026-W18,other,1,9,0.1111111111111111
3016,full,2026-W19,meme,0,5,0.0
3016,full,2026-W19,mourning,0,5,0.0
3016,full,2026-W19,marketing,4,5,0.8
3016,full,2026-W19,education,1,5,0.2
3016,full,2026-W19,other,0,5,0.0
3016,full,2026-W20,meme,7,11,0.6363636363636364
3016,full,2026-W20,mourning,0,11,0.0
3016,full,2026-W20,marketing,3,11,0.2727272727272727
3016,full,2026-W20,education,1,11,0.09090909090909091
3016,full,2026-W20,other,0,11,0.0
3016,full,2026-W21,meme,19,22,0.8636363636363636
3016,full,2026-W21,mourning,0,22,0.0
3016,full,2026-W21,marketing,3,22,0.13636363636363635
3016,full,2026-W21,education,0,22,0.0
3016,full,2026-W21,other,0,22,0.0
3016,full,2026-W22,meme,18,21,0.8571428571428571
3016,full,2026-W22,mourning,0,21,0.0
3016,full,2026-W22,marketing,3,21,0.14285714285714285
3016,full,2026-W22,education,0,21,0.0
3016,full,2026-W22,other,0,21,0.0
3016,no_B,2026-W12,meme,0,25,0.0
3016,no_B,2026-W12,mourning,0,25,0.0
3016,no_B,2026-W12,marketing,19,25,0.76
3016,no_B,2026-W12,education,6,25,0.24
3016,no_B,2026-W12,other,0,25,0.0
3016,no_B,2026-W13,meme,0,34,0.0
3016,no_B,2026-W13,mourning,22,34,0.6470588235294118
3016,no_B,2026-W13,marketing,0,34,0.0
3016,no_B,2026-W13,education,2,34,0.058823529411764705
3016,no_B,2026-W13,other,10,34,0.29411764705882354
3016,no_B,2026-W14,meme,0,4,0.0
3016,no_B,2026-W14,mourning,0,4,0.0
3016,no_B,2026-W14,marketing,0,4,0.0
3016,no_B,2026-W14,education,1,4,0.25
3016,no_B,2026-W14,other,3,4,0.75
3016,no_B,2026-W15,meme,1,3,0.3333333333333333
3016,no_B,2026-W15,mourning,0,3,0.0
3016,no_B,2026-W15,marketing,0,3,0.0
3016,no_B,2026-W15,education,0,3,0.0
3016,no_B,2026-W15,other,2,3,0.6666666666666666
3016,no_B,2026-W16,meme,0,1,0.0
3016,no_B,2026-W16,mourning,0,1,0.0
3016,no_B,2026-W16,marketing,0,1,0.0
3016,no_B,2026-W16,education,1,1,1.0
3016,no_B,2026-W16,other,0,1,0.0
3016,no_B,2026-W17,meme,0,0,0.0
3016,no_B,2026-W17,mourning,0,0,0.0
3016,no_B,2026-W17,marketing,0,0,0.0
3016,no_B,2026-W17,education,0,0,0.0
3016,no_B,2026-W17,other,0,0,0.0
3016,no_B,2026-W18,meme,0,0,0.0
3016,no_B,2026-W18,mourning,0,0,0.0
3016,no_B,2026-W18,marketing,0,0,0.0
3016,no_B,2026-W18,education,0,0,0.0
3016,no_B,2026-W18,other,0,0,0.0
3016,no_B,2026-W19,meme,0,0,0.0
3016,no_B,2026-W19,mourning,0,0,0.0
3016,no_B,2026-W19,marketing,0,0,0.0
3016,no_B,2026-W19,education,0,0,0.0
3016,no_B,2026-W19,other,0,0,0.0
3016,no_B,2026-W20,meme,6,6,1.0
3016,no_B,2026-W20,mourning,0,6,0.0
3016,no_B,2026-W20,marketing,0,6,0.0
3016,no_B,2026-W20,education,0,6,0.0
3016,no_B,2026-W20,other,0,6,0.0
3016,no_B,2026-W21,meme,16,16,1.0
3016,no_B,2026-W21,mourning,0,16,0.0
3016,no_B,2026-W21,marketing,0,16,0.0
3016,no_B,2026-W21,education,0,16,0.0
3016,no_B,2026-W21,other,0,16,0.0
3016,no_B,2026-W22,meme,3,3,1.0
3016,no_B,2026-W22,mourning,0,3,0.0
3016,no_B,2026-W22,marketing,0,3,0.0
3016,no_B,2026-W22,education,0,3,0.0
3016,no_B,2026-W22,other,0,3,0.0
3016,no_D,2026-W12,meme,12,63,0.19047619047619047
3016,no_D,2026-W12,mourning,12,63,0.19047619047619047
3016,no_D,2026-W12,marketing,15,63,0.23809523809523808
3016,no_D,2026-W12,education,9,63,0.14285714285714285
3016,no_D,2026-W12,other,15,63,0.23809523809523808
3016,no_D,2026-W13,meme,12,57,0.21052631578947367
3016,no_D,2026-W13,mourning,12,57,0.21052631578947367
3016,no_D,2026-W13,marketing,11,57,0.19298245614035087
3016,no_D,2026-W13,education,7,57,0.12280701754385964
3016,no_D,2026-W13,other,15,57,0.2631578947368421
3016,no_D,2026-W14,meme,11,42,0.2619047619047619
3016,no_D,2026-W14,mourning,4,42,0.09523809523809523
3016,no_D,2026-W14,marketing,9,42,0.21428571428571427
3016,no_D,2026-W14,education,6,42,0.14285714285714285
3016,no_D,2026-W14,other,12,42,0.2857142857142857
3016,no_D,2026-W15,meme,8,28,0.2857142857142857
3016,no_D,2026-W15,mourning,2,28,0.07142857142857142
3016,no_D,2026-W15,marketing,6,28,0.21428571428571427
3016,no_D,2026-W15,education,6,28,0.21428571428571427
3016,no_D,2026-W15,other,6,28,0.21428571428571427
3016,no_D,2026-W16,meme,6,18,0.3333333333333333
3016,no_D,2026-W16,mourning,1,18,0.05555555555555555
3016,no_D,2026-W16,marketing,6,18,0.3333333333333333
3016,no_D,2026-W16,education,4,18,0.2222222222222222
3016,no_D,2026-W16,other,1,18,0.05555555555555555
3016,no_D,2026-W17,meme,4,14,0.2857142857142857
3016,no_D,2026-W17,mourning,1,14,0.07142857142857142
3016,no_D,2026-W17,marketing,5,14,0.35714285714285715
3016,no_D,2026-W17,education,4,14,0.2857142857142857
3016,no_D,2026-W17,other,0,14,0.0
3016,no_D,2026-W18,meme,3,9,0.3333333333333333
3016,no_D,2026-W18,mourning,1,9,0.1111111111111111
3016,no_D,2026-W18,marketing,4,9,0.4444444444444444
3016,no_D,2026-W18,education,1,9,0.1111111111111111
3016,no_D,2026-W18,other,0,9,0.0
3016,no_D,2026-W19,meme,3,9,0.3333333333333333
3016,no_D,2026-W19,mourning,1,9,0.1111111111111111
3016,no_D,2026-W19,marketing,4,9,0.4444444444444444
3016,no_D,2026-W19,education,1,9,0.1111111111111111
3016,no_D,2026-W19,other,0,9,0.0
3016,no_D,2026-W20,meme,3,8,0.375
3016,no_D,2026-W20,mourning,1,8,0.125
3016,no_D,2026-W20,marketing,3,8,0.375
3016,no_D,2026-W20,education,1,8,0.125
3016,no_D,2026-W20,other,0,8,0.0
3016,no_D,2026-W21,meme,2,5,0.4
3016,no_D,2026-W21,mourning,0,5,0.0
3016,no_D,2026-W21,marketing,3,5,0.6
3016,no_D,2026-W21,education,0,5,0.0
3016,no_D,2026-W21,other,0,5,0.0
3016,no_D,2026-W22,meme,2,5,0.4
3016,no_D,2026-W22,mourning,0,5,0.0
3016,no_D,2026-W22,marketing,3,5,0.6
3016,no_D,2026-W22,education,0,5,0.0
3016,no_D,2026-W22,other,0,5,0.0
3016,no_R,2026-W12,meme,0,25,0.0
3016,no_R,2026-W12,mourning,0,25,0.0
3016,no_R,2026-W12,marketing,19,25,0.76
3016,no_R,2026-W12,education,6,25,0.24
3016,no_R,2026-W12,other,0,25,0.0
3016,no_R,2026-W13,meme,0,52,0.0
3016,no_R,2026-W13,mourning,22,52,0.4230769230769231
3016,no_R,2026-W13,marketing,15,52,0.28846153846153844
3016,no_R,2026-W13,education,5,52,0.09615384615384616
3016,no_R,2026-W13,other,10,52,0.19230769230769232
3016,no_R,2026-W14,meme,0,57,0.0
3016,no_R,2026-W14,mourning,20,57,0.3508771929824561
3016,no_R,2026-W14,marketing,16,57,0.2807017543859649
3016,no_R,2026-W14,education,9,57,0.15789473684210525
3016,no_R,2026-W14,other,12,57,0.21052631578947367
3016,no_R,2026-W15,meme,0,54,0.0
3016,no_R,2026-W15,mourning,18,54,0.3333333333333333
3016,no_R,2026-W15,marketing,16,54,0.2962962962962963
3016,no_R,2026-W15,education,10,54,0.18518518518518517
3016,no_R,2026-W15,other,10,54,0.18518518518518517
3016,no_R,2026-W16,meme,0,55,0.0
3016,no_R,2026-W16,mourning,15,55,0.2727272727272727
3016,no_R,2026-W16,marketing,17,55,0.3090909090909091
3016,no_R,2026-W16,education,13,55,0.23636363636363636
3016,no_R,2026-W16,other,10,55,0.18181818181818182
3016,no_R,2026-W17,meme,1,57,0.017543859649122806
3016,no_R,2026-W17,mourning,15,57,0.2631578947368421
3016,no_R,2026-W17,marketing,18,57,0.3157894736842105
3016,no_R,2026-W17,education,14,57,0.24561403508771928
3016,no_R,2026-W17,other,9,57,0.15789473684210525
3016,no_R,2026-W18,meme,0,59,0.0
3016,no_R,2026-W18,mourning,15,59,0.2542372881355932
3016,no_R,2026-W18,marketing,17,59,0.288135593220339
3016,no_R,2026-W18,education,13,59,0.22033898305084745
3016,no_R,2026-W18,other,14,59,0.23728813559322035
3016,no_R,2026-W19,meme,0,54,0.0
3016,no_R,2026-W19,mourning,15,54,0.2777777777777778
3016,no_R,2026-W19,marketing,19,54,0.35185185185185186
3016,no_R,2026-W19,education,9,54,0.16666666666666666
3016,no_R,2026-W19,other,11,54,0.2037037037037037
3016,no_R,2026-W20,meme,4,51,0.0784313725490196
3016,no_R,2026-W20,mourning,11,51,0.21568627450980393
3016,no_R,2026-W20,marketing,18,51,0.35294117647058826
3016,no_R,2026-W20,education,11,51,0.21568627450980393
3016,no_R,2026-W20,other,7,51,0.13725490196078433
3016,no_R,2026-W21,meme,14,60,0.23333333333333334
3016,no_R,2026-W21,mourning,11,60,0.18333333333333332
3016,no_R,2026-W21,marketing,17,60,0.2833333333333333
3016,no_R,2026-W21,education,10,60,0.16666666666666666
3016,no_R,2026-W21,other,8,60,0.13333333333333333
3016,no_R,2026-W22,meme,18,58,0.3103448275862069
3016,no_R,2026-W22,mourning,9,58,0.15517241379310345
3016,no_R,2026-W22,marketing,17,58,0.29310344827586204
3016,no_R,2026-W22,education,11,58,0.1896551724137931
3016,no_R,2026-W22,other,3,58,0.05172413793103448
3017,full,2026-W12,meme,0,28,0.0
3017,full,2026-W12,mourning,0,28,0.0
3017,full,2026-W12,marketing,19,28,0.6785714285714286
3017,full,2026-W12,education,9,28,0.32142857142857145
3017,full,2026-W12,other,0,28,0.0
3017,full,2026-W13,meme,0,45,0.0
3017,full,2026-W13,mourning,22,45,0.4888888888888889
3017,full,2026-W13,marketing,12,45,0.26666666666666666
3017,full,2026-W13,education,4,45,0.08888888888888889
3017,full,2026-W13,other,7,45,0.15555555555555556
3017,full,2026-W14,meme,0,34,0.0
3017,full,2026-W14,mourning,8,34,0.23529411764705882
3017,full,2026-W14,marketing,10,34,0.29411764705882354
3017,full,2026-W14,education,10,34,0.29411764705882354
3017,full,2026-W14,other,6,34,0.17647058823529413
3017,full,2026-W15,meme,0,33,0.0
3017,full,2026-W15,mourning,8,33,0.24242424242424243
3017,full,2026-W15,marketing,9,33,0.2727272727272727
3017,full,2026-W15,education,8,33,0.24242424242424243
3017,full,2026-W15,other,8,33,0.24242424242424243
3017,full,2026-W16,meme,0,14,0.0
3017,full,2026-W16,mourning,0,14,0.0
3017,full,2026-W16,marketing,6,14,0.42857142857142855
3017,full,2026-W16,education,4,14,0.2857142857142857
3017,full,2026-W16,other,4,14,0.2857142857142857
3017,full,2026-W17,meme,0,10,0.0
3017,full,2026-W17,mourning,0,10,0.0
3017,full,2026-W17,marketing,6,10,0.6
3017,full,2026-W17,education,2,10,0.2
3017,full,2026-W17,other,2,10,0.2
3017,full,2026-W18,meme,0,7,0.0
3017,full,2026-W18,mourning,0,7,0.0
3017,full,2026-W18,marketing,5,7,0.7142857142857143
3017,full,2026-W18,education,2,7,0.2857142857142857
3017,full,2026-W18,other,0,7,0.0
3017,full,2026-W19,meme,0,6,0.0
3017,full,2026-W19,mourning,0,6,0.0
3017,full,2026-W19,marketing,4,6,0.6666666666666666
3017,full,2026-W19,education,1,6,0.16666666666666666
3017,full,2026-W19,other,1,6,0.16666666666666666
3017,full,2026-W20,meme,7,10,0.7
3017,full,2026-W20,mourning,0,10,0.0
3017,full,2026-W20,marketing,3,10,0.3
3017,full,2026-W20,education,0,10,0.0
3017,full,2026-W20,other,0,10,0.0
3017,full,2026-W21,meme,19,24,0.7916666666666666
3017,full,2026-W21,mourning,0,24,0.0
3017,full,2026-W21,marketing,3,24,0.125
3017,full,2026-W21,education,2,24,0.08333333333333333
3017,full,2026-W21,other,0,24,0.0
3017,full,2026-W22,meme,19,22,0.8636363636363636
3017,full,2026-W22,mourning,0,22,0.0
3017,full,2026-W22,marketing,3,22,0.13636363636363635
3017,full,2026-W22,education,0,22,0.0
3017,full,2026-W22,other,0,22,0.0
3017,no_B,2026-W12,meme,0,28,0.0
3017,no_B,2026-W12,mourning,0,28,0.0
3017,no_B,2026-W12,marketing,19,28,0.6785714285714286
3017,no_B,2026-W12,education,9,28,0.32142857142857145
3017,no_B,2026-W12,other,0,28,0.0
3017,no_B,2026-W13,meme,0,30,0.0
3017,no_B,2026-W13,mourning,22,30,0.7333333333333333
3017,no_B,2026-W13,marketing,0,30,0.0
3017,no_B,2026-W13,education,1,30,0.03333333333333333
3017,no_B,2026-W13,other,7,30,0.23333333333333334
3017,no_B,2026-W14,meme,0,5,0.0
3017,no_B,2026-W14,mourning,0,5,0.0
3017,no_B,2026-W14,marketing,0,5,0.0
3017,no_B,2026-W14,education,3,5,0.6
3017,no_B,2026-W14,other,2,5,0.4
3017,no_B,2026-W15,meme,0,0,0.0
3017,no_B,2026-W15,mourning,0,0,0.0
3017,no_B,2026-W15,marketing,0,0,0.0
3017,no_B,2026-W15,education,0,0,0.0
3017,no_B,2026-W15,other,0,0,0.0
3017,no_B,2026-W16,meme,0,0,0.0
3017,no_B,2026-W16,mourning,0,0,0.0
3017,no_B,2026-W16,marketing,0,0,0.0
3017,no_B,2026-W16,education,0,0,0.0
3017,no_B,2026-W16,other,0,0,0.0
3017,no_B,2026-W17,meme,0,0,0.0
3017,no_B,2026-W17,mourning,0,0,0.0
3017,no_B,2026-W17,marketing,0,0,0.0
3017,no_B,2026-W17,education,0,0,0.0
3017,no_B,2026-W17,other,0,0,0.0
3017,no_B,2026-W18,meme,0,0,0.0
3017,no_B,2026-W18,mourning,0,0,0.0
3017,no_B,2026-W18,marketing,0,0,0.0
3017,no_B,2026-W18,education,0,0,0.0
3017,no_B,2026-W18,other,0,0,0.0
3017,no_B,2026-W19,meme,0,0,0.0
3017,no_B,2026-W19,mourning,0,0,0.0
3017,no_B,2026-W19,marketing,0,0,0.0
3017,no_B,2026-W19,education,0,0,0.0
3017,no_B,2026-W19,other,0,0,0.0
3017,no_B,2026-W20,meme,7,7,1.0
3017,no_B,2026-W20,mourning,0,7,0.0
3017,no_B,2026-W20,marketing,0,7,0.0
3017,no_B,2026-W20,education,0,7,0.0
3017,no_B,2026-W20,other,0,7,0.0
3017,no_B,2026-W21,meme,17,17,1.0
3017,no_B,2026-W21,mourning,0,17,0.0
3017,no_B,2026-W21,marketing,0,17,0.0
3017,no_B,2026-W21,education,0,17,0.0
3017,no_B,2026-W21,other,0,17,0.0
3017,no_B,2026-W22,meme,3,3,1.0
3017,no_B,2026-W22,mourning,0,3,0.0
3017,no_B,2026-W22,marketing,0,3,0.0
3017,no_B,2026-W22,education,0,3,0.0
3017,no_B,2026-W22,other,0,3,0.0
3017,no_D,2026-W12,meme,12,63,0.19047619047619047
3017,no_D,2026-W12,mourning,12,63,0.19047619047619047
3017,no_D,2026-W12,marketing,15,63,0.23809523809523808
3017,no_D,2026-W12,education,9,63,0.14285714285714285
3017,no_D,2026-W12,other,15,63,0.23809523809523808
3017,no_D,2026-W13,meme,12,57,0.21052631578947367
3017,no_D,2026-W13,mourning,12,57,0.21052631578947367
3017,no_D,2026-W13,marketing,11,57,0.19298245614035087
3017,no_D,2026-W13,education,7,57,0.12280701754385964
3017,no_D,2026-W13,other,15,57,0.2631578947368421
3017,no_D,2026-W14,meme,11,44,0.25
3017,no_D,2026-W14,mourning,4,44,0.09090909090909091
3017,no_D,2026-W14,marketing,9,44,0.20454545454545456
3017,no_D,2026-W14,education,7,44,0.1590909090909091
3017,no_D,2026-W14,other,13,44,0.29545454545454547
3017,no_D,2026-W15,meme,6,29,0.20689655172413793
3017,no_D,2026-W15,mourning,3,29,0.10344827586206896
3017,no_D,2026-W15,marketing,7,29,0.2413793103448276
3017,no_D,2026-W15,education,6,29,0.20689655172413793
3017,no_D,2026-W15,other,7,29,0.2413793103448276
3017,no_D,2026-W16,meme,5,18,0.2777777777777778
3017,no_D,2026-W16,mourning,2,18,0.1111111111111111
3017,no_D,2026-W16,marketing,6,18,0.3333333333333333
3017,no_D,2026-W16,education,4,18,0.2222222222222222
3017,no_D,2026-W16,other,1,18,0.05555555555555555
3017,no_D,2026-W17,meme,5,16,0.3125
3017,no_D,2026-W17,mourning,2,16,0.125
3017,no_D,2026-W17,marketing,6,16,0.375
3017,no_D,2026-W17,education,2,16,0.125
3017,no_D,2026-W17,other,1,16,0.0625
3017,no_D,2026-W18,meme,3,10,0.3
3017,no_D,2026-W18,mourning,2,10,0.2
3017,no_D,2026-W18,marketing,4,10,0.4
3017,no_D,2026-W18,education,1,10,0.1
3017,no_D,2026-W18,other,0,10,0.0
3017,no_D,2026-W19,meme,3,9,0.3333333333333333
3017,no_D,2026-W19,mourning,1,9,0.1111111111111111
3017,no_D,2026-W19,marketing,4,9,0.4444444444444444
3017,no_D,2026-W19,education,1,9,0.1111111111111111
3017,no_D,2026-W19,other,0,9,0.0
3017,no_D,2026-W20,meme,2,7,0.2857142857142857
3017,no_D,2026-W20,mourning,1,7,0.14285714285714285
3017,no_D,2026-W20,marketing,3,7,0.42857142857142855
3017,no_D,2026-W20,education,1,7,0.14285714285714285
3017,no_D,2026-W20,other,0,7,0.0
3017,no_D,2026-W21,meme,2,6,0.3333333333333333
3017,no_D,2026-W21,mourning,1,6,0.16666666666666666
3017,no_D,2026-W21,marketing,3,6,0.5
3017,no_D,2026-W21,education,0,6,0.0
3017,no_D,2026-W21,other,0,6,0.0
3017,no_D,2026-W22,meme,2,6,0.3333333333333333
3017,no_D,2026-W22,mourning,1,6,0.16666666666666666
3017,no_D,2026-W22,marketing,3,6,0.5
3017,no_D,2026-W22,education,0,6,0.0
3017,no_D,2026-W22,other,0,6,0.0
3017,no_R,2026-W12,meme,0,28,0.0
3017,no_R,2026-W12,mourning,0,28,0.0
3017,no_R,2026-W12,marketing,19,28,0.6785714285714286
3017,no_R,2026-W12,education,9,28,0.32142857142857145
3017,no_R,2026-W12,other,0,28,0.0
3017,no_R,2026-W13,meme,0,50,0.0
3017,no_R,2026-W13,mourning,22,50,0.44
3017,no_R,2026-W13,marketing,15,50,0.3
3017,no_R,2026-W13,education,6,50,0.12
3017,no_R,2026-W13,other,7,50,0.14
3017,no_R,2026-W14,meme,0,48,0.0
3017,no_R,2026-W14,mourning,13,48,0.2708333333333333
3017,no_R,2026-W14,marketing,18,48,0.375
3017,no_R,2026-W14,education,11,48,0.22916666666666666
3017,no_R,2026-W14,other,6,48,0.125
3017,no_R,2026-W15,meme,1,63,0.015873015873015872
3017,no_R,2026-W15,mourning,22,63,0.3492063492063492
3017,no_R,2026-W15,marketing,18,63,0.2857142857142857
3017,no_R,2026-W15,education,12,63,0.19047619047619047
3017,no_R,2026-W15,other,10,63,0.15873015873015872
3017,no_R,2026-W16,meme,1,54,0.018518518518518517
3017,no_R,2026-W16,mourning,16,54,0.2962962962962963
3017,no_R,2026-W16,marketing,19,54,0.35185185185185186
3017,no_R,2026-W16,education,10,54,0.18518518518518517
3017,no_R,2026-W16,other,8,54,0.14814814814814814
3017,no_R,2026-W17,meme,0,54,0.0
3017,no_R,2026-W17,mourning,16,54,0.2962962962962963
3017,no_R,2026-W17,marketing,17,54,0.3148148148148148
3017,no_R,2026-W17,education,13,54,0.24074074074074073
3017,no_R,2026-W17,other,8,54,0.14814814814814814
3017,no_R,2026-W18,meme,0,56,0.0
3017,no_R,2026-W18,mourning,18,56,0.32142857142857145
3017,no_R,2026-W18,marketing,18,56,0.32142857142857145
3017,no_R,2026-W18,education,13,56,0.23214285714285715
3017,no_R,2026-W18,other,7,56,0.125
3017,no_R,2026-W19,meme,0,53,0.0
3017,no_R,2026-W19,mourning,17,53,0.32075471698113206
3017,no_R,2026-W19,marketing,17,53,0.32075471698113206
3017,no_R,2026-W19,education,12,53,0.22641509433962265
3017,no_R,2026-W19,other,7,53,0.1320754716981132
3017,no_R,2026-W20,meme,3,55,0.05454545454545454
3017,no_R,2026-W20,mourning,12,55,0.21818181818181817
3017,no_R,2026-W20,marketing,18,55,0.32727272727272727
3017,no_R,2026-W20,education,15,55,0.2727272727272727
3017,no_R,2026-W20,other,7,55,0.12727272727272726
3017,no_R,2026-W21,meme,9,54,0.16666666666666666
3017,no_R,2026-W21,mourning,13,54,0.24074074074074073
3017,no_R,2026-W21,marketing,16,54,0.2962962962962963
3017,no_R,2026-W21,education,12,54,0.2222222222222222
3017,no_R,2026-W21,other,4,54,0.07407407407407407
3017,no_R,2026-W22,meme,16,62,0.25806451612903225
3017,no_R,2026-W22,mourning,14,62,0.22580645161290322
3017,no_R,2026-W22,marketing,16,62,0.25806451612903225
3017,no_R,2026-W22,education,13,62,0.20967741935483872
3017,no_R,2026-W22,other,3,62,0.04838709677419355
3018,full,2026-W12,meme,0,25,0.0
3018,full,2026-W12,mourning,0,25,0.0
3018,full,2026-W12,marketing,19,25,0.76
3018,full,2026-W12,education,6,25,0.24
3018,full,2026-W12,other,0,25,0.0
3018,full,2026-W13,meme,0,42,0.0
3018,full,2026-W13,mourning,22,42,0.5238095238095238
3018,full,2026-W13,marketing,11,42,0.2619047619047619
3018,full,2026-W13,education,6,42,0.14285714285714285
3018,full,2026-W13,other,3,42,0.07142857142857142
3018,full,2026-W14,meme,0,34,0.0
3018,full,2026-W14,mourning,11,34,0.3235294117647059
3018,full,2026-W14,marketing,11,34,0.3235294117647059
3018,full,2026-W14,education,6,34,0.17647058823529413
3018,full,2026-W14,other,6,34,0.17647058823529413
3018,full,2026-W15,meme,0,27,0.0
3018,full,2026-W15,mourning,4,27,0.14814814814814814
3018,full,2026-W15,marketing,8,27,0.2962962962962963
3018,full,2026-W15,education,8,27,0.2962962962962963
3018,full,2026-W15,other,7,27,0.25925925925925924
3018,full,2026-W16,meme,0,15,0.0
3018,full,2026-W16,mourning,2,15,0.13333333333333333
3018,full,2026-W16,marketing,7,15,0.4666666666666667
3018,full,2026-W16,education,4,15,0.26666666666666666
3018,full,2026-W16,other,2,15,0.13333333333333333
3018,full,2026-W17,meme,0,14,0.0
3018,full,2026-W17,mourning,0,14,0.0
3018,full,2026-W17,marketing,5,14,0.35714285714285715
3018,full,2026-W17,education,5,14,0.35714285714285715
3018,full,2026-W17,other,4,14,0.2857142857142857
3018,full,2026-W18,meme,0,9,0.0
3018,full,2026-W18,mourning,0,9,0.0
3018,full,2026-W18,marketing,5,9,0.5555555555555556
3018,full,2026-W18,education,3,9,0.3333333333333333
3018,full,2026-W18,other,1,9,0.1111111111111111
3018,full,2026-W19,meme,0,5,0.0
3018,full,2026-W19,mourning,0,5,0.0
3018,full,2026-W19,marketing,4,5,0.8
3018,full,2026-W19,education,1,5,0.2
3018,full,2026-W19,other,0,5,0.0
3018,full,2026-W20,meme,8,11,0.7272727272727273
3018,full,2026-W20,mourning,0,11,0.0
3018,full,2026-W20,marketing,3,11,0.2727272727272727
3018,full,2026-W20,education,0,11,0.0
3018,full,2026-W20,other,0,11,0.0
3018,full,2026-W21,meme,18,22,0.8181818181818182
3018,full,2026-W21,mourning,0,22,0.0
3018,full,2026-W21,marketing,4,22,0.18181818181818182
3018,full,2026-W21,education,0,22,0.0
3018,full,2026-W21,other,0,22,0.0
3018,full,2026-W22,meme,18,21,0.8571428571428571
3018,full,2026-W22,mourning,0,21,0.0
3018,full,2026-W22,marketing,3,21,0.14285714285714285
3018,full,2026-W22,education,0,21,0.0
3018,full,2026-W22,other,0,21,0.0
3018,no_B,2026-W12,meme,0,25,0.0
3018,no_B,2026-W12,mourning,0,25,0.0
3018,no_B,2026-W12,marketing,19,25,0.76
3018,no_B,2026-W12,education,6,25,0.24
3018,no_B,2026-W12,other,0,25,0.0
3018,no_B,2026-W13,meme,0,27,0.0
3018,no_B,2026-W13,mourning,22,27,0.8148148148148148
3018,no_B,2026-W13,marketing,0,27,0.0
3018,no_B,2026-W13,education,2,27,0.07407407407407407
3018,no_B,2026-W13,other,3,27,0.1111111111111111
3018,no_B,2026-W14,meme,0,3,0.0
3018,no_B,2026-W14,mourning,0,3,0.0
3018,no_B,2026-W14,marketing,0,3,0.0
3018,no_B,2026-W14,education,2,3,0.6666666666666666
3018,no_B,2026-W14,other,1,3,0.3333333333333333
3018,no_B,2026-W15,meme,0,1,0.0
3018,no_B,2026-W15,mourning,0,1,0.0
3018,no_B,2026-W15,marketing,0,1,0.0
3018,no_B,2026-W15,education,1,1,1.0
3018,no_B,2026-W15,other,0,1,0.0
3018,no_B,2026-W16,meme,1,2,0.5
3018,no_B,2026-W16,mourning,0,2,0.0
3018,no_B,2026-W16,marketing,0,2,0.0
3018,no_B,2026-W16,education,0,2,0.0
3018,no_B,2026-W16,other,1,2,0.5
3018,no_B,2026-W17,meme,2,2,1.0
3018,no_B,2026-W17,mourning,0,2,0.0
3018,no_B,2026-W17,marketing,0,2,0.0
3018,no_B,2026-W17,education,0,2,0.0
3018,no_B,2026-W17,other,0,2,0.0
3018,no_B,2026-W18,meme,3,3,1.0
3018,no_B,2026-W18,mourning,0,3,0.0
3018,no_B,2026-W18,marketing,0,3,0.0
3018,no_B,2026-W18,education,0,3,0.0
3018,no_B,2026-W18,other,0,3,0.0
3018,no_B,2026-W19,meme,7,7,1.0
3018,no_B,2026-W19,mourning,0,7,0.0
3018,no_B,2026-W19,marketing,0,7,0.0
3018,no_B,2026-W19,education,0,7,0.0
3018,no_B,2026-W19,other,0,7,0.0
3018,no_B,2026-W20,meme,11,11,1.0
3018,no_B,2026-W20,mourning,0,11,0.0
3018,no_B,2026-W20,marketing,0,11,0.0
3018,no_B,2026-W20,education,0,11,0.0
3018,no_B,2026-W20,other,0,11,0.0
3018,no_B,2026-W21,meme,4,4,1.0
3018,no_B,2026-W21,mourning,0,4,0.0
3018,no_B,2026-W21,marketing,0,4,0.0
3018,no_B,2026-W21,education,0,4,0.0
3018,no_B,2026-W21,other,0,4,0.0
3018,no_B,2026-W22,meme,1,1,1.0
3018,no_B,2026-W22,mourning,0,1,0.0
3018,no_B,2026-W22,marketing,0,1,0.0
3018,no_B,2026-W22,education,0,1,0.0
3018,no_B,2026-W22,other,0,1,0.0
3018,no_D,2026-W12,meme,12,63,0.19047619047619047
3018,no_D,2026-W12,mourning,12,63,0.19047619047619047
3018,no_D,2026-W12,marketing,15,63,0.23809523809523808
3018,no_D,2026-W12,education,9,63,0.14285714285714285
3018,no_D,2026-W12,other,15,63,0.23809523809523808
3018,no_D,2026-W13,meme,12,56,0.21428571428571427
3018,no_D,2026-W13,mourning,12,56,0.21428571428571427
3018,no_D,2026-W13,marketing,10,56,0.17857142857142858
3018,no_D,2026-W13,education,7,56,0.125
3018,no_D,2026-W13,other,15,56,0.26785714285714285
3018,no_D,2026-W14,meme,11,43,0.2558139534883721
3018,no_D,2026-W14,mourning,4,43,0.09302325581395349
3018,no_D,2026-W14,marketing,9,43,0.20930232558139536
3018,no_D,2026-W14,education,7,43,0.16279069767441862
3018,no_D,2026-W14,other,12,43,0.27906976744186046
3018,no_D,2026-W15,meme,7,27,0.25925925925925924
3018,no_D,2026-W15,mourning,3,27,0.1111111111111111
3018,no_D,2026-W15,marketing,6,27,0.2222222222222222
3018,no_D,2026-W15,education,5,27,0.18518518518518517
3018,no_D,2026-W15,other,6,27,0.2222222222222222
3018,no_D,2026-W16,meme,5,18,0.2777777777777778
3018,no_D,2026-W16,mourning,1,18,0.05555555555555555
3018,no_D,2026-W16,marketing,5,18,0.2777777777777778
3018,no_D,2026-W16,education,5,18,0.2777777777777778
3018,no_D,2026-W16,other,2,18,0.1111111111111111
3018,no_D,2026-W17,meme,5,17,0.29411764705882354
3018,no_D,2026-W17,mourning,1,17,0.058823529411764705
3018,no_D,2026-W17,marketing,5,17,0.29411764705882354
3018,no_D,2026-W17,education,4,17,0.23529411764705882
3018,no_D,2026-W17,other,2,17,0.11764705882352941
3018,no_D,2026-W18,meme,4,12,0.3333333333333333
3018,no_D,2026-W18,mourning,1,12,0.08333333333333333
3018,no_D,2026-W18,marketing,4,12,0.3333333333333333
3018,no_D,2026-W18,education,2,12,0.16666666666666666
3018,no_D,2026-W18,other,1,12,0.08333333333333333
3018,no_D,2026-W19,meme,3,9,0.3333333333333333
3018,no_D,2026-W19,mourning,1,9,0.1111111111111111
3018,no_D,2026-W19,marketing,4,9,0.4444444444444444
3018,no_D,2026-W19,education,1,9,0.1111111111111111
3018,no_D,2026-W19,other,0,9,0.0
3018,no_D,2026-W20,meme,2,8,0.25
3018,no_D,2026-W20,mourning,1,8,0.125
3018,no_D,2026-W20,marketing,4,8,0.5
3018,no_D,2026-W20,education,1,8,0.125
3018,no_D,2026-W20,other,0,8,0.0
3018,no_D,2026-W21,meme,1,6,0.16666666666666666
3018,no_D,2026-W21,mourning,1,6,0.16666666666666666
3018,no_D,2026-W21,marketing,4,6,0.6666666666666666
3018,no_D,2026-W21,education,0,6,0.0
3018,no_D,2026-W21,other,0,6,0.0
3018,no_D,2026-W22,meme,1,5,0.2
3018,no_D,2026-W22,mourning,1,5,0.2
3018,no_D,2026-W22,marketing,3,5,0.6
3018,no_D,2026-W22,education,0,5,0.0
3018,no_D,2026-W22,other,0,5,0.0
3018,no_R,2026-W12,meme,0,25,0.0
3018,no_R,2026-W12,mourning,0,25,0.0
3018,no_R,2026-W12,marketing,19,25,0.76
3018,no_R,2026-W12,education,6,25,0.24
3018,no_R,2026-W12,other,0,25,0.0
3018,no_R,2026-W13,meme,0,45,0.0
3018,no_R,2026-W13,mourning,22,45,0.4888888888888889
3018,no_R,2026-W13,marketing,14,45,0.3111111111111111
3018,no_R,2026-W13,education,6,45,0.13333333333333333
3018,no_R,2026-W13,other,3,45,0.06666666666666667
3018,no_R,2026-W14,meme,0,52,0.0
3018,no_R,2026-W14,mourning,20,52,0.38461538461538464
3018,no_R,2026-W14,marketing,18,52,0.34615384615384615
3018,no_R,2026-W14,education,7,52,0.1346153846153846
3018,no_R,2026-W14,other,7,52,0.1346153846153846
3018,no_R,2026-W15,meme,0,56,0.0
3018,no_R,2026-W15,mourning,19,56,0.3392857142857143
3018,no_R,2026-W15,marketing,16,56,0.2857142857142857
3018,no_R,2026-W15,education,11,56,0.19642857142857142
3018,no_R,2026-W15,other,10,56,0.17857142857142858
3018,no_R,2026-W16,meme,0,54,0.0
3018,no_R,2026-W16,mourning,17,54,0.3148148148148148
3018,no_R,2026-W16,marketing,16,54,0.2962962962962963
3018,no_R,2026-W16,education,11,54,0.2037037037037037
3018,no_R,2026-W16,other,10,54,0.18518518518518517
3018,no_R,2026-W17,meme,1,52,0.019230769230769232
3018,no_R,2026-W17,mourning,15,52,0.28846153846153844
3018,no_R,2026-W17,marketing,15,52,0.28846153846153844
3018,no_R,2026-W17,education,11,52,0.21153846153846154
3018,no_R,2026-W17,other,10,52,0.19230769230769232
3018,no_R,2026-W18,meme,0,58,0.0
3018,no_R,2026-W18,mourning,15,58,0.25862068965517243
3018,no_R,2026-W18,marketing,17,58,0.29310344827586204
3018,no_R,2026-W18,education,14,58,0.2413793103448276
3018,no_R,2026-W18,other,12,58,0.20689655172413793
3018,no_R,2026-W19,meme,0,50,0.0
3018,no_R,2026-W19,mourning,12,50,0.24
3018,no_R,2026-W19,marketing,18,50,0.36
3018,no_R,2026-W19,education,11,50,0.22
3018,no_R,2026-W19,other,9,50,0.18
3018,no_R,2026-W20,meme,2,52,0.038461538461538464
3018,no_R,2026-W20,mourning,12,52,0.23076923076923078
3018,no_R,2026-W20,marketing,18,52,0.34615384615384615
3018,no_R,2026-W20,education,11,52,0.21153846153846154
3018,no_R,2026-W20,other,9,52,0.17307692307692307
3018,no_R,2026-W21,meme,16,64,0.25
3018,no_R,2026-W21,mourning,13,64,0.203125
3018,no_R,2026-W21,marketing,17,64,0.265625
3018,no_R,2026-W21,education,11,64,0.171875
3018,no_R,2026-W21,other,7,64,0.109375
3018,no_R,2026-W22,meme,19,69,0.2753623188405797
3018,no_R,2026-W22,mourning,14,69,0.2028985507246377
3018,no_R,2026-W22,marketing,18,69,0.2608695652173913
3018,no_R,2026-W22,education,14,69,0.2028985507246377
3018,no_R,2026-W22,other,4,69,0.057971014492753624
3019,full,2026-W12,meme,0,30,0.0
3019,full,2026-W12,mourning,0,30,0.0
3019,full,2026-W12,marketing,19,30,0.6333333333333333
3019,full,2026-W12,education,11,30,0.36666666666666664
3019,full,2026-W12,other,0,30,0.0
3019,full,2026-W13,meme,0,38,0.0
3019,full,2026-W13,mourning,22,38,0.5789473684210527
3019,full,2026-W13,marketing,8,38,0.21052631578947367
3019,full,2026-W13,education,6,38,0.15789473684210525
3019,full,2026-W13,other,2,38,0.05263157894736842
3019,full,2026-W14,meme,0,30,0.0
3019,full,2026-W14,mourning,8,30,0.26666666666666666
3019,full,2026-W14,marketing,11,30,0.36666666666666664
3019,full,2026-W14,education,8,30,0.26666666666666666
3019,full,2026-W14,other,3,30,0.1
3019,full,2026-W15,meme,0,24,0.0
3019,full,2026-W15,mourning,6,24,0.25
3019,full,2026-W15,marketing,6,24,0.25
3019,full,2026-W15,education,5,24,0.20833333333333334
3019,full,2026-W15,other,7,24,0.2916666666666667
3019,full,2026-W16,meme,0,17,0.0
3019,full,2026-W16,mourning,2,17,0.11764705882352941
3019,full,2026-W16,marketing,6,17,0.35294117647058826
3019,full,2026-W16,education,5,17,0.29411764705882354
3019,full,2026-W16,other,4,17,0.23529411764705882
3019,full,2026-W17,meme,0,16,0.0
3019,full,2026-W17,mourning,1,16,0.0625
3019,full,2026-W17,marketing,6,16,0.375
3019,full,2026-W17,education,3,16,0.1875
3019,full,2026-W17,other,6,16,0.375
3019,full,2026-W18,meme,0,7,0.0
3019,full,2026-W18,mourning,1,7,0.14285714285714285
3019,full,2026-W18,marketing,5,7,0.7142857142857143
3019,full,2026-W18,education,0,7,0.0
3019,full,2026-W18,other,1,7,0.14285714285714285
3019,full,2026-W19,meme,0,4,0.0
3019,full,2026-W19,mourning,0,4,0.0
3019,full,2026-W19,marketing,3,4,0.75
3019,full,2026-W19,education,0,4,0.0
3019,full,2026-W19,other,1,4,0.25
3019,full,2026-W20,meme,9,12,0.75
3019,full,2026-W20,mourning,0,12,0.0
3019,full,2026-W20,marketing,3,12,0.25
3019,full,2026-W20,education,0,12,0.0
3019,full,2026-W20,other,0,12,0.0
3019,full,2026-W21,meme,19,22,0.8636363636363636
3019,full,2026-W21,mourning,0,22,0.0
3019,full,2026-W21,marketing,3,22,0.13636363636363635
3019,full,2026-W21,education,0,22,0.0
3019,full,2026-W21,other,0,22,0.0
3019,full,2026-W22,meme,19,22,0.8636363636363636
3019,full,2026-W22,mourning,0,22,0.0
3019,full,2026-W22,marketing,3,22,0.13636363636363635
3019,full,2026-W22,education,0,22,0.0
3019,full,2026-W22,other,0,22,0.0
3019,no_B,2026-W12,meme,0,30,0.0
3019,no_B,2026-W12,mourning,0,30,0.0
3019,no_B,2026-W12,marketing,19,30,0.6333333333333333
3019,no_B,2026-W12,education,11,30,0.36666666666666664
3019,no_B,2026-W12,other,0,30,0.0
3019,no_B,2026-W13,meme,0,28,0.0
3019,no_B,2026-W13,mourning,22,28,0.7857142857142857
3019,no_B,2026-W13,marketing,0,28,0.0
3019,no_B,2026-W13,education,4,28,0.14285714285714285
3019,no_B,2026-W13,other,2,28,0.07142857142857142
3019,no_B,2026-W14,meme,0,2,0.0
3019,no_B,2026-W14,mourning,0,2,0.0
3019,no_B,2026-W14,marketing,0,2,0.0
3019,no_B,2026-W14,education,1,2,0.5
3019,no_B,2026-W14,other,1,2,0.5
3019,no_B,2026-W15,meme,0,1,0.0
3019,no_B,2026-W15,mourning,0,1,0.0
3019,no_B,2026-W15,marketing,0,1,0.0
3019,no_B,2026-W15,education,0,1,0.0
3019,no_B,2026-W15,other,1,1,1.0
3019,no_B,2026-W16,meme,1,2,0.5
3019,no_B,2026-W16,mourning,0,2,0.0
3019,no_B,2026-W16,marketing,0,2,0.0
3019,no_B,2026-W16,education,0,2,0.0
3019,no_B,2026-W16,other,1,2,0.5
3019,no_B,2026-W17,meme,1,1,1.0
3019,no_B,2026-W17,mourning,0,1,0.0
3019,no_B,2026-W17,marketing,0,1,0.0
3019,no_B,2026-W17,education,0,1,0.0
3019,no_B,2026-W17,other,0,1,0.0
3019,no_B,2026-W18,meme,1,1,1.0
3019,no_B,2026-W18,mourning,0,1,0.0
3019,no_B,2026-W18,marketing,0,1,0.0
3019,no_B,2026-W18,education,0,1,0.0
3019,no_B,2026-W18,other,0,1,0.0
3019,no_B,2026-W19,meme,2,2,1.0
3019,no_B,2026-W19,mourning,0,2,0.0
3019,no_B,2026-W19,marketing,0,2,0.0
3019,no_B,2026-W19,education,0,2,0.0
3019,no_B,2026-W19,other,0,2,0.0
3019,no_B,2026-W20,meme,9,9,1.0
3019,no_B,2026-W20,mourning,0,9,0.0
3019,no_B,2026-W20,marketing,0,9,0.0
3019,no_B,2026-W20,education,0,9,0.0
3019,no_B,2026-W20,other,0,9,0.0
3019,no_B,2026-W21,meme,7,7,1.0
3019,no_B,2026-W21,mourning,0,7,0.0
3019,no_B,2026-W21,marketing,0,7,0.0
3019,no_B,2026-W21,education,0,7,0.0
3019,no_B,2026-W21,other,0,7,0.0
3019,no_B,2026-W22,meme,1,1,1.0
3019,no_B,2026-W22,mourning,0,1,0.0
3019,no_B,2026-W22,marketing,0,1,0.0
3019,no_B,2026-W22,education,0,1,0.0
3019,no_B,2026-W22,other,0,1,0.0
3019,no_D,2026-W12,meme,12,63,0.19047619047619047
3019,no_D,2026-W12,mourning,12,63,0.19047619047619047
3019,no_D,2026-W12,marketing,15,63,0.23809523809523808
3019,no_D,2026-W12,education,9,63,0.14285714285714285
3019,no_D,2026-W12,other,15,63,0.23809523809523808
3019,no_D,2026-W13,meme,12,56,0.21428571428571427
3019,no_D,2026-W13,mourning,12,56,0.21428571428571427
3019,no_D,2026-W13,marketing,11,56,0.19642857142857142
3019,no_D,2026-W13,education,6,56,0.10714285714285714
3019,no_D,2026-W13,other,15,56,0.26785714285714285
3019,no_D,2026-W14,meme,11,44,0.25
3019,no_D,2026-W14,mourning,4,44,0.09090909090909091
3019,no_D,2026-W14,marketing,10,44,0.22727272727272727
3019,no_D,2026-W14,education,6,44,0.13636363636363635
3019,no_D,2026-W14,other,13,44,0.29545454545454547
3019,no_D,2026-W15,meme,7,28,0.25
3019,no_D,2026-W15,mourning,3,28,0.10714285714285714
3019,no_D,2026-W15,marketing,7,28,0.25
3019,no_D,2026-W15,education,6,28,0.21428571428571427
3019,no_D,2026-W15,other,5,28,0.17857142857142858
3019,no_D,2026-W16,meme,6,20,0.3
3019,no_D,2026-W16,mourning,2,20,0.1
3019,no_D,2026-W16,marketing,6,20,0.3
3019,no_D,2026-W16,education,4,20,0.2
3019,no_D,2026-W16,other,2,20,0.1
3019,no_D,2026-W17,meme,5,15,0.3333333333333333
3019,no_D,2026-W17,mourning,1,15,0.06666666666666667
3019,no_D,2026-W17,marketing,6,15,0.4
3019,no_D,2026-W17,education,3,15,0.2
3019,no_D,2026-W17,other,0,15,0.0
3019,no_D,2026-W18,meme,3,10,0.3
3019,no_D,2026-W18,mourning,1,10,0.1
3019,no_D,2026-W18,marketing,5,10,0.5
3019,no_D,2026-W18,education,1,10,0.1
3019,no_D,2026-W18,other,0,10,0.0
3019,no_D,2026-W19,meme,3,8,0.375
3019,no_D,2026-W19,mourning,1,8,0.125
3019,no_D,2026-W19,marketing,3,8,0.375
3019,no_D,2026-W19,education,1,8,0.125
3019,no_D,2026-W19,other,0,8,0.0
3019,no_D,2026-W20,meme,3,7,0.42857142857142855
3019,no_D,2026-W20,mourning,1,7,0.14285714285714285
3019,no_D,2026-W20,marketing,3,7,0.42857142857142855
3019,no_D,2026-W20,education,0,7,0.0
3019,no_D,2026-W20,other,0,7,0.0
3019,no_D,2026-W21,meme,3,7,0.42857142857142855
3019,no_D,2026-W21,mourning,1,7,0.14285714285714285
3019,no_D,2026-W21,marketing,3,7,0.42857142857142855
3019,no_D,2026-W21,education,0,7,0.0
3019,no_D,2026-W21,other,0,7,0.0
3019,no_D,2026-W22,meme,1,5,0.2
3019,no_D,2026-W22,mourning,1,5,0.2
3019,no_D,2026-W22,marketing,3,5,0.6
3019,no_D,2026-W22,education,0,5,0.0
3019,no_D,2026-W22,other,0,5,0.0
3019,no_R,2026-W12,meme,0,30,0.0
3019,no_R,2026-W12,mourning,0,30,0.0
3019,no_R,2026-W12,marketing,19,30,0.6333333333333333
3019,no_R,2026-W12,education,11,30,0.36666666666666664
3019,no_R,2026-W12,other,0,30,0.0
3019,no_R,2026-W13,meme,0,46,0.0
3019,no_R,2026-W13,mourning,22,46,0.4782608695652174
3019,no_R,2026-W13,marketing,14,46,0.30434782608695654
3019,no_R,2026-W13,education,8,46,0.17391304347826086
3019,no_R,2026-W13,other,2,46,0.043478260869565216
3019,no_R,2026-W14,meme,0,55,0.0
3019,no_R,2026-W14,mourning,17,55,0.3090909090909091
3019,no_R,2026-W14,marketing,18,55,0.32727272727272727
3019,no_R,2026-W14,education,14,55,0.2545454545454545
3019,no_R,2026-W14,other,6,55,0.10909090909090909
3019,no_R,2026-W15,meme,1,53,0.018867924528301886
3019,no_R,2026-W15,mourning,20,53,0.37735849056603776
3019,no_R,2026-W15,marketing,15,53,0.2830188679245283
3019,no_R,2026-W15,education,12,53,0.22641509433962265
3019,no_R,2026-W15,other,5,53,0.09433962264150944
3019,no_R,2026-W16,meme,1,52,0.019230769230769232
3019,no_R,2026-W16,mourning,15,52,0.28846153846153844
3019,no_R,2026-W16,marketing,16,52,0.3076923076923077
3019,no_R,2026-W16,education,14,52,0.2692307692307692
3019,no_R,2026-W16,other,6,52,0.11538461538461539
3019,no_R,2026-W17,meme,0,61,0.0
3019,no_R,2026-W17,mourning,20,61,0.32786885245901637
3019,no_R,2026-W17,marketing,19,61,0.3114754098360656
3019,no_R,2026-W17,education,14,61,0.22950819672131148
3019,no_R,2026-W17,other,8,61,0.13114754098360656
3019,no_R,2026-W18,meme,0,50,0.0
3019,no_R,2026-W18,mourning,14,50,0.28
3019,no_R,2026-W18,marketing,18,50,0.36
3019,no_R,2026-W18,education,13,50,0.26
3019,no_R,2026-W18,other,5,50,0.1
3019,no_R,2026-W19,meme,0,50,0.0
3019,no_R,2026-W19,mourning,14,50,0.28
3019,no_R,2026-W19,marketing,15,50,0.3
3019,no_R,2026-W19,education,13,50,0.26
3019,no_R,2026-W19,other,8,50,0.16
3019,no_R,2026-W20,meme,4,54,0.07407407407407407
3019,no_R,2026-W20,mourning,13,54,0.24074074074074073
3019,no_R,2026-W20,marketing,18,54,0.3333333333333333
3019,no_R,2026-W20,education,14,54,0.25925925925925924
3019,no_R,2026-W20,other,5,54,0.09259259259259259
3019,no_R,2026-W21,meme,13,62,0.20967741935483872
3019,no_R,2026-W21,mourning,14,62,0.22580645161290322
3019,no_R,2026-W21,marketing,17,62,0.27419354838709675
3019,no_R,2026-W21,education,11,62,0.1774193548387097
3019,no_R,2026-W21,other,7,62,0.11290322580645161
3019,no_R,2026-W22,meme,19,65,0.2923076923076923
3019,no_R,2026-W22,mourning,11,65,0.16923076923076924
3019,no_R,2026-W22,marketing,17,65,0.26153846153846155
3019,no_R,2026-W22,education,12,65,0.18461538461538463
3019,no_R,2026-W22,other,6,65,0.09230769230769231
3020,full,2026-W12,meme,0,25,0.0
3020,full,2026-W12,mourning,0,25,0.0
3020,full,2026-W12,marketing,19,25,0.76
3020,full,2026-W12,education,6,25,0.24
3020,full,2026-W12,other,0,25,0.0
3020,full,2026-W13,meme,0,39,0.0
3020,full,2026-W13,mourning,22,39,0.5641025641025641
3020,full,2026-W13,marketing,9,39,0.23076923076923078
3020,full,2026-W13,education,3,39,0.07692307692307693
3020,full,2026-W13,other,5,39,0.1282051282051282
3020,full,2026-W14,meme,0,36,0.0
3020,full,2026-W14,mourning,12,36,0.3333333333333333
3020,full,2026-W14,marketing,11,36,0.3055555555555556
3020,full,2026-W14,education,6,36,0.16666666666666666
3020,full,2026-W14,other,7,36,0.19444444444444445
3020,full,2026-W15,meme,0,27,0.0
3020,full,2026-W15,mourning,5,27,0.18518518518518517
3020,full,2026-W15,marketing,7,27,0.25925925925925924
3020,full,2026-W15,education,6,27,0.2222222222222222
3020,full,2026-W15,other,9,27,0.3333333333333333
3020,full,2026-W16,meme,1,22,0.045454545454545456
3020,full,2026-W16,mourning,2,22,0.09090909090909091
3020,full,2026-W16,marketing,7,22,0.3181818181818182
3020,full,2026-W16,education,6,22,0.2727272727272727
3020,full,2026-W16,other,6,22,0.2727272727272727
3020,full,2026-W17,meme,0,12,0.0
3020,full,2026-W17,mourning,0,12,0.0
3020,full,2026-W17,marketing,5,12,0.4166666666666667
3020,full,2026-W17,education,5,12,0.4166666666666667
3020,full,2026-W17,other,2,12,0.16666666666666666
3020,full,2026-W18,meme,0,9,0.0
3020,full,2026-W18,mourning,0,9,0.0
3020,full,2026-W18,marketing,4,9,0.4444444444444444
3020,full,2026-W18,education,4,9,0.4444444444444444
3020,full,2026-W18,other,1,9,0.1111111111111111
3020,full,2026-W19,meme,0,6,0.0
3020,full,2026-W19,mourning,0,6,0.0
3020,full,2026-W19,marketing,4,6,0.6666666666666666
3020,full,2026-W19,education,2,6,0.3333333333333333
3020,full,2026-W19,other,0,6,0.0
3020,full,2026-W20,meme,6,9,0.6666666666666666
3020,full,2026-W20,mourning,0,9,0.0
3020,full,2026-W20,marketing,3,9,0.3333333333333333
3020,full,2026-W20,education,0,9,0.0
3020,full,2026-W20,other,0,9,0.0
3020,full,2026-W21,meme,19,23,0.8260869565217391
3020,full,2026-W21,mourning,0,23,0.0
3020,full,2026-W21,marketing,3,23,0.13043478260869565
3020,full,2026-W21,education,1,23,0.043478260869565216
3020,full,2026-W21,other,0,23,0.0
3020,full,2026-W22,meme,19,22,0.8636363636363636
3020,full,2026-W22,mourning,0,22,0.0
3020,full,2026-W22,marketing,3,22,0.13636363636363635
3020,full,2026-W22,education,0,22,0.0
3020,full,2026-W22,other,0,22,0.0
3020,no_B,2026-W12,meme,0,25,0.0
3020,no_B,2026-W12,mourning,0,25,0.0
3020,no_B,2026-W12,marketing,19,25,0.76
3020,no_B,2026-W12,education,6,25,0.24
3020,no_B,2026-W12,other,0,25,0.0
3020,no_B,2026-W13,meme,0,27,0.0
3020,no_B,2026-W13,mourning,22,27,0.8148148148148148
3020,no_B,2026-W13,marketing,0,27,0.0
3020,no_B,2026-W13,education,0,27,0.0
3020,no_B,2026-W13,other,5,27,0.18518518518518517
3020,no_B,2026-W14,meme,0,3,0.0
3020,no_B,2026-W14,mourning,0,3,0.0
3020,no_B,2026-W14,marketing,0,3,0.0
3020,no_B,2026-W14,education,1,3,0.3333333333333333
3020,no_B,2026-W14,other,2,3,0.6666666666666666
3020,no_B,2026-W15,meme,1,3,0.3333333333333333
3020,no_B,2026-W15,mourning,0,3,0.0
3020,no_B,2026-W15,marketing,0,3,0.0
3020,no_B,2026-W15,education,0,3,0.0
3020,no_B,2026-W15,other,2,3,0.6666666666666666
3020,no_B,2026-W16,meme,1,2,0.5
3020,no_B,2026-W16,mourning,0,2,0.0
3020,no_B,2026-W16,marketing,0,2,0.0
3020,no_B,2026-W16,education,1,2,0.5
3020,no_B,2026-W16,other,0,2,0.0
3020,no_B,2026-W17,meme,1,1,1.0
3020,no_B,2026-W17,mourning,0,1,0.0
3020,no_B,2026-W17,marketing,0,1,0.0
3020,no_B,2026-W17,education,0,1,0.0
3020,no_B,2026-W17,other,0,1,0.0
3020,no_B,2026-W18,meme,0,0,0.0
3020,no_B,2026-W18,mourning,0,0,0.0
3020,no_B,2026-W18,marketing,0,0,0.0
3020,no_B,2026-W18,education,0,0,0.0
3020,no_B,2026-W18,other,0,0,0.0
3020,no_B,2026-W19,meme,0,0,0.0
3020,no_B,2026-W19,mourning,0,0,0.0
3020,no_B,2026-W19,marketing,0,0,0.0
3020,no_B,2026-W19,education,0,0,0.0
3020,no_B,2026-W19,other,0,0,0.0
3020,no_B,2026-W20,meme,4,4,1.0
3020,no_B,2026-W20,mourning,0,4,0.0
3020,no_B,2026-W20,marketing,0,4,0.0
3020,no_B,2026-W20,education,0,4,0.0
3020,no_B,2026-W20,other,0,4,0.0
3020,no_B,2026-W21,meme,9,9,1.0
3020,no_B,2026-W21,mourning,0,9,0.0
3020,no_B,2026-W21,marketing,0,9,0.0
3020,no_B,2026-W21,education,0,9,0.0
3020,no_B,2026-W21,other,0,9,0.0
3020,no_B,2026-W22,meme,2,2,1.0
3020,no_B,2026-W22,mourning,0,2,0.0
3020,no_B,2026-W22,marketing,0,2,0.0
3020,no_B,2026-W22,education,0,2,0.0
3020,no_B,2026-W22,other,0,2,0.0
3020,no_D,2026-W12,meme,12,63,0.19047619047619047
3020,no_D,2026-W12,mourning,12,63,0.19047619047619047
3020,no_D,2026-W12,marketing,15,63,0.23809523809523808
3020,no_D,2026-W12,education,9,63,0.14285714285714285
3020,no_D,2026-W12,other,15,63,0.23809523809523808
3020,no_D,2026-W13,meme,12,59,0.2033898305084746
3020,no_D,2026-W13,mourning,12,59,0.2033898305084746
3020,no_D,2026-W13,marketing,12,59,0.2033898305084746
3020,no_D,2026-W13,education,8,59,0.13559322033898305
3020,no_D,2026-W13,other,15,59,0.2542372881355932
3020,no_D,2026-W14,meme,12,43,0.27906976744186046
3020,no_D,2026-W14,mourning,4,43,0.09302325581395349
3020,no_D,2026-W14,marketing,10,43,0.23255813953488372
3020,no_D,2026-W14,education,6,43,0.13953488372093023
3020,no_D,2026-W14,other,11,43,0.2558139534883721
3020,no_D,2026-W15,meme,7,30,0.23333333333333334
3020,no_D,2026-W15,mourning,3,30,0.1
3020,no_D,2026-W15,marketing,8,30,0.26666666666666666
3020,no_D,2026-W15,education,6,30,0.2
3020,no_D,2026-W15,other,6,30,0.2
3020,no_D,2026-W16,meme,7,23,0.30434782608695654
3020,no_D,2026-W16,mourning,1,23,0.043478260869565216
3020,no_D,2026-W16,marketing,7,23,0.30434782608695654
3020,no_D,2026-W16,education,6,23,0.2608695652173913
3020,no_D,2026-W16,other,2,23,0.08695652173913043
3020,no_D,2026-W17,meme,6,17,0.35294117647058826
3020,no_D,2026-W17,mourning,1,17,0.058823529411764705
3020,no_D,2026-W17,marketing,6,17,0.35294117647058826
3020,no_D,2026-W17,education,4,17,0.23529411764705882
3020,no_D,2026-W17,other,0,17,0.0
3020,no_D,2026-W18,meme,4,10,0.4
3020,no_D,2026-W18,mourning,1,10,0.1
3020,no_D,2026-W18,marketing,5,10,0.5
3020,no_D,2026-W18,education,0,10,0.0
3020,no_D,2026-W18,other,0,10,0.0
3020,no_D,2026-W19,meme,2,7,0.2857142857142857
3020,no_D,2026-W19,mourning,1,7,0.14285714285714285
3020,no_D,2026-W19,marketing,4,7,0.5714285714285714
3020,no_D,2026-W19,education,0,7,0.0
3020,no_D,2026-W19,other,0,7,0.0
3020,no_D,2026-W20,meme,2,6,0.3333333333333333
3020,no_D,2026-W20,mourning,1,6,0.16666666666666666
3020,no_D,2026-W20,marketing,3,6,0.5
3020,no_D,2026-W20,education,0,6,0.0
3020,no_D,2026-W20,other,0,6,0.0
3020,no_D,2026-W21,meme,1,4,0.25
3020,no_D,2026-W21,mourning,0,4,0.0
3020,no_D,2026-W21,marketing,3,4,0.75
3020,no_D,2026-W21,education,0,4,0.0
3020,no_D,2026-W21,other,0,4,0.0
3020,no_D,2026-W22,meme,1,4,0.25
3020,no_D,2026-W22,mourning,0,4,0.0
3020,no_D,2026-W22,marketing,3,4,0.75
3020,no_D,2026-W22,education,0,4,0.0
3020,no_D,2026-W22,other,0,4,0.0
3020,no_R,2026-W12,meme,0,25,0.0
3020,no_R,2026-W12,mourning,0,25,0.0
3020,no_R,2026-W12,marketing,19,25,0.76
3020,no_R,2026-W12,education,6,25,0.24
3020,no_R,2026-W12,other,0,25,0.0
3020,no_R,2026-W13,meme,0,44,0.0
3020,no_R,2026-W13,mourning,22,44,0.5
3020,no_R,2026-W13,marketing,14,44,0.3181818181818182
3020,no_R,2026-W13,education,3,44,0.06818181818181818
3020,no_R,2026-W13,other,5,44,0.11363636363636363
3020,no_R,2026-W14,meme,0,43,0.0
3020,no_R,2026-W14,mourning,15,43,0.3488372093023256
3020,no_R,2026-W14,marketing,18,43,0.4186046511627907
3020,no_R,2026-W14,education,8,43,0.18604651162790697
3020,no_R,2026-W14,other,2,43,0.046511627906976744
3020,no_R,2026-W15,meme,0,55,0.0
3020,no_R,2026-W15,mourning,18,55,0.32727272727272727
3020,no_R,2026-W15,marketing,17,55,0.3090909090909091
3020,no_R,2026-W15,education,11,55,0.2
3020,no_R,2026-W15,other,9,55,0.16363636363636364
3020,no_R,2026-W16,meme,0,57,0.0
3020,no_R,2026-W16,mourning,21,57,0.3684210526315789
3020,no_R,2026-W16,marketing,19,57,0.3333333333333333
3020,no_R,2026-W16,education,12,57,0.21052631578947367
3020,no_R,2026-W16,other,5,57,0.08771929824561403
3020,no_R,2026-W17,meme,0,53,0.0
3020,no_R,2026-W17,mourning,18,53,0.33962264150943394
3020,no_R,2026-W17,marketing,15,53,0.2830188679245283
3020,no_R,2026-W17,education,14,53,0.2641509433962264
3020,no_R,2026-W17,other,6,53,0.11320754716981132
3020,no_R,2026-W18,meme,0,56,0.0
3020,no_R,2026-W18,mourning,17,56,0.30357142857142855
3020,no_R,2026-W18,marketing,19,56,0.3392857142857143
3020,no_R,2026-W18,education,13,56,0.23214285714285715
3020,no_R,2026-W18,other,7,56,0.125
3020,no_R,2026-W19,meme,0,54,0.0
3020,no_R,2026-W19,mourning,14,54,0.25925925925925924
3020,no_R,2026-W19,marketing,17,54,0.3148148148148148
3020,no_R,2026-W19,education,13,54,0.24074074074074073
3020,no_R,2026-W19,other,10,54,0.18518518518518517
3020,no_R,2026-W20,meme,2,53,0.03773584905660377
3020,no_R,2026-W20,mourning,17,53,0.32075471698113206
3020,no_R,2026-W20,marketing,17,53,0.32075471698113206
3020,no_R,2026-W20,education,11,53,0.20754716981132076
3020,no_R,2026-W20,other,6,53,0.11320754716981132
3020,no_R,2026-W21,meme,14,66,0.21212121212121213
3020,no_R,2026-W21,mourning,16,66,0.24242424242424243
3020,no_R,2026-W21,marketing,17,66,0.25757575757575757
3020,no_R,2026-W21,education,14,66,0.21212121212121213
3020,no_R,2026-W21,other,5,66,0.07575757575757576
3020,no_R,2026-W22,meme,18,64,0.28125
3020,no_R,2026-W22,mourning,15,64,0.234375
3020,no_R,2026-W22,marketing,16,64,0.25
3020,no_R,2026-W22,education,13,64,0.203125
3020,no_R,2026-W22,other,2,64,0.03125
3021,full,2026-W12,meme,0,27,0.0
3021,full,2026-W12,mourning,0,27,0.0
3021,full,2026-W12,marketing,19,27,0.7037037037037037
3021,full,2026-W12,education,8,27,0.2962962962962963
3021,full,2026-W12,other,0,27,0.0
3021,full,2026-W13,meme,0,39,0.0
3021,full,2026-W13,mourning,22,39,0.5641025641025641
3021,full,2026-W13,marketing,10,39,0.2564102564102564
3021,full,2026-W13,education,5,39,0.1282051282051282
3021,full,2026-W13,other,2,39,0.05128205128205128
3021,full,2026-W14,meme,0,34,0.0
3021,full,2026-W14,mourning,9,34,0.2647058823529412
3021,full,2026-W14,marketing,11,34,0.3235294117647059
3021,full,2026-W14,education,9,34,0.2647058823529412
3021,full,2026-W14,other,5,34,0.14705882352941177
3021,full,2026-W15,meme,0,24,0.0
3021,full,2026-W15,mourning,5,24,0.20833333333333334
3021,full,2026-W15,marketing,9,24,0.375
3021,full,2026-W15,education,5,24,0.20833333333333334
3021,full,2026-W15,other,5,24,0.20833333333333334
3021,full,2026-W16,meme,0,19,0.0
3021,full,2026-W16,mourning,0,19,0.0
3021,full,2026-W16,marketing,7,19,0.3684210526315789
3021,full,2026-W16,education,6,19,0.3157894736842105
3021,full,2026-W16,other,6,19,0.3157894736842105
3021,full,2026-W17,meme,0,9,0.0
3021,full,2026-W17,mourning,0,9,0.0
3021,full,2026-W17,marketing,6,9,0.6666666666666666
3021,full,2026-W17,education,2,9,0.2222222222222222
3021,full,2026-W17,other,1,9,0.1111111111111111
3021,full,2026-W18,meme,0,9,0.0
3021,full,2026-W18,mourning,0,9,0.0
3021,full,2026-W18,marketing,5,9,0.5555555555555556
3021,full,2026-W18,education,3,9,0.3333333333333333
3021,full,2026-W18,other,1,9,0.1111111111111111
3021,full,2026-W19,meme,0,6,0.0
3021,full,2026-W19,mourning,1,6,0.16666666666666666
3021,full,2026-W19,marketing,4,6,0.6666666666666666
3021,full,2026-W19,education,1,6,0.16666666666666666
3021,full,2026-W19,other,0,6,0.0
3021,full,2026-W20,meme,13,16,0.8125
3021,full,2026-W20,mourning,0,16,0.0
3021,full,2026-W20,marketing,3,16,0.1875
3021,full,2026-W20,education,0,16,0.0
3021,full,2026-W20,other,0,16,0.0
3021,full,2026-W21,meme,19,22,0.8636363636363636
3021,full,2026-W21,mourning,0,22,0.0
3021,full,2026-W21,marketing,3,22,0.13636363636363635
3021,full,2026-W21,education,0,22,0.0
3021,full,2026-W21,other,0,22,0.0
3021,full,2026-W22,meme,19,23,0.8260869565217391
3021,full,2026-W22,mourning,1,23,0.043478260869565216
3021,full,2026-W22,marketing,3,23,0.13043478260869565
3021,full,2026-W22,education,0,23,0.0
3021,full,2026-W22,other,0,23,0.0
3021,no_B,2026-W12,meme,0,27,0.0
3021,no_B,2026-W12,mourning,0,27,0.0
3021,no_B,2026-W12,marketing,19,27,0.7037037037037037
3021,no_B,2026-W12,education,8,27,0.2962962962962963
3021,no_B,2026-W12,other,0,27,0.0
3021,no_B,2026-W13,meme,0,25,0.0
3021,no_B,2026-W13,mourning,22,25,0.88
3021,no_B,2026-W13,marketing,0,25,0.0
3021,no_B,2026-W13,education,1,25,0.04
3021,no_B,2026-W13,other,2,25,0.08
3021,no_B,2026-W14,meme,0,5,0.0
3021,no_B,2026-W14,mourning,0,5,0.0
3021,no_B,2026-W14,marketing,0,5,0.0
3021,no_B,2026-W14,education,3,5,0.6
3021,no_B,2026-W14,other,2,5,0.4
3021,no_B,2026-W15,meme,0,2,0.0
3021,no_B,2026-W15,mourning,0,2,0.0
3021,no_B,2026-W15,marketing,0,2,0.0
3021,no_B,2026-W15,education,0,2,0.0
3021,no_B,2026-W15,other,2,2,1.0
3021,no_B,2026-W16,meme,1,1,1.0
3021,no_B,2026-W16,mourning,0,1,0.0
3021,no_B,2026-W16,marketing,0,1,0.0
3021,no_B,2026-W16,education,0,1,0.0
3021,no_B,2026-W16,other,0,1,0.0
3021,no_B,2026-W17,meme,1,1,1.0
3021,no_B,2026-W17,mourning,0,1,0.0
3021,no_B,2026-W17,marketing,0,1,0.0
3021,no_B,2026-W17,education,0,1,0.0
3021,no_B,2026-W17,other,0,1,0.0
3021,no_B,2026-W18,meme,2,2,1.0
3021,no_B,2026-W18,mourning,0,2,0.0
3021,no_B,2026-W18,marketing,0,2,0.0
3021,no_B,2026-W18,education,0,2,0.0
3021,no_B,2026-W18,other,0,2,0.0
3021,no_B,2026-W19,meme,3,3,1.0
3021,no_B,2026-W19,mourning,0,3,0.0
3021,no_B,2026-W19,marketing,0,3,0.0
3021,no_B,2026-W19,education,0,3,0.0
3021,no_B,2026-W19,other,0,3,0.0
3021,no_B,2026-W20,meme,12,12,1.0
3021,no_B,2026-W20,mourning,0,12,0.0
3021,no_B,2026-W20,marketing,0,12,0.0
3021,no_B,2026-W20,education,0,12,0.0
3021,no_B,2026-W20,other,0,12,0.0
3021,no_B,2026-W21,meme,9,9,1.0
3021,no_B,2026-W21,mourning,0,9,0.0
3021,no_B,2026-W21,marketing,0,9,0.0
3021,no_B,2026-W21,education,0,9,0.0
3021,no_B,2026-W21,other,0,9,0.0
3021,no_B,2026-W22,meme,1,1,1.0
3021,no_B,2026-W22,mourning,0,1,0.0
3021,no_B,2026-W22,marketing,0,1,0.0
3021,no_B,2026-W22,education,0,1,0.0
3021,no_B,2026-W22,other,0,1,0.0
3021,no_D,2026-W12,meme,12,63,0.19047619047619047
3021,no_D,2026-W12,mourning,12,63,0.19047619047619047
3021,no_D,2026-W12,marketing,15,63,0.23809523809523808
3021,no_D,2026-W12,education,9,63,0.14285714285714285
3021,no_D,2026-W12,other,15,63,0.23809523809523808
3021,no_D,2026-W13,meme,12,57,0.21052631578947367
3021,no_D,2026-W13,mourning,12,57,0.21052631578947367
3021,no_D,2026-W13,marketing,10,57,0.17543859649122806
3021,no_D,2026-W13,education,8,57,0.14035087719298245
3021,no_D,2026-W13,other,15,57,0.2631578947368421
3021,no_D,2026-W14,meme,9,39,0.23076923076923078
3021,no_D,2026-W14,mourning,4,39,0.10256410256410256
3021,no_D,2026-W14,marketing,9,39,0.23076923076923078
3021,no_D,2026-W14,education,7,39,0.1794871794871795
3021,no_D,2026-W14,other,10,39,0.2564102564102564
3021,no_D,2026-W15,meme,7,32,0.21875
3021,no_D,2026-W15,mourning,3,32,0.09375
3021,no_D,2026-W15,marketing,8,32,0.25
3021,no_D,2026-W15,education,6,32,0.1875
3021,no_D,2026-W15,other,8,32,0.25
3021,no_D,2026-W16,meme,6,16,0.375
3021,no_D,2026-W16,mourning,1,16,0.0625
3021,no_D,2026-W16,marketing,5,16,0.3125
3021,no_D,2026-W16,education,4,16,0.25
3021,no_D,2026-W16,other,0,16,0.0
3021,no_D,2026-W17,meme,6,15,0.4
3021,no_D,2026-W17,mourning,1,15,0.06666666666666667
3021,no_D,2026-W17,marketing,5,15,0.3333333333333333
3021,no_D,2026-W17,education,3,15,0.2
3021,no_D,2026-W17,other,0,15,0.0
3021,no_D,2026-W18,meme,4,11,0.36363636363636365
3021,no_D,2026-W18,mourning,1,11,0.09090909090909091
3021,no_D,2026-W18,marketing,4,11,0.36363636363636365
3021,no_D,2026-W18,education,2,11,0.18181818181818182
3021,no_D,2026-W18,other,0,11,0.0
3021,no_D,2026-W19,meme,3,7,0.42857142857142855
3021,no_D,2026-W19,mourning,1,7,0.14285714285714285
3021,no_D,2026-W19,marketing,3,7,0.42857142857142855
3021,no_D,2026-W19,education,0,7,0.0
3021,no_D,2026-W19,other,0,7,0.0
3021,no_D,2026-W20,meme,2,6,0.3333333333333333
3021,no_D,2026-W20,mourning,1,6,0.16666666666666666
3021,no_D,2026-W20,marketing,3,6,0.5
3021,no_D,2026-W20,education,0,6,0.0
3021,no_D,2026-W20,other,0,6,0.0
3021,no_D,2026-W21,meme,2,6,0.3333333333333333
3021,no_D,2026-W21,mourning,1,6,0.16666666666666666
3021,no_D,2026-W21,marketing,3,6,0.5
3021,no_D,2026-W21,education,0,6,0.0
3021,no_D,2026-W21,other,0,6,0.0
3021,no_D,2026-W22,meme,2,5,0.4
3021,no_D,2026-W22,mourning,0,5,0.0
3021,no_D,2026-W22,marketing,3,5,0.6
3021,no_D,2026-W22,education,0,5,0.0
3021,no_D,2026-W22,other,0,5,0.0
3021,no_R,2026-W12,meme,0,27,0.0
3021,no_R,2026-W12,mourning,0,27,0.0
3021,no_R,2026-W12,marketing,19,27,0.7037037037037037
3021,no_R,2026-W12,education,8,27,0.2962962962962963
3021,no_R,2026-W12,other,0,27,0.0
3021,no_R,2026-W13,meme,0,45,0.0
3021,no_R,2026-W13,mourning,22,45,0.4888888888888889
3021,no_R,2026-W13,marketing,15,45,0.3333333333333333
3021,no_R,2026-W13,education,6,45,0.13333333333333333
3021,no_R,2026-W13,other,2,45,0.044444444444444446
3021,no_R,2026-W14,meme,0,52,0.0
3021,no_R,2026-W14,mourning,17,52,0.3269230769230769
3021,no_R,2026-W14,marketing,18,52,0.34615384615384615
3021,no_R,2026-W14,education,13,52,0.25
3021,no_R,2026-W14,other,4,52,0.07692307692307693
3021,no_R,2026-W15,meme,0,60,0.0
3021,no_R,2026-W15,mourning,21,60,0.35
3021,no_R,2026-W15,marketing,17,60,0.2833333333333333
3021,no_R,2026-W15,education,14,60,0.23333333333333334
3021,no_R,2026-W15,other,8,60,0.13333333333333333
3021,no_R,2026-W16,meme,0,50,0.0
3021,no_R,2026-W16,mourning,14,50,0.28
3021,no_R,2026-W16,marketing,18,50,0.36
3021,no_R,2026-W16,education,13,50,0.26
3021,no_R,2026-W16,other,5,50,0.1
3021,no_R,2026-W17,meme,0,50,0.0
3021,no_R,2026-W17,mourning,17,50,0.34
3021,no_R,2026-W17,marketing,18,50,0.36
3021,no_R,2026-W17,education,12,50,0.24
3021,no_R,2026-W17,other,3,50,0.06
3021,no_R,2026-W18,meme,0,53,0.0
3021,no_R,2026-W18,mourning,18,53,0.33962264150943394
3021,no_R,2026-W18,marketing,18,53,0.33962264150943394
3021,no_R,2026-W18,education,10,53,0.18867924528301888
3021,no_R,2026-W18,other,7,53,0.1320754716981132
3021,no_R,2026-W19,meme,0,53,0.0
3021,no_R,2026-W19,mourning,19,53,0.3584905660377358
3021,no_R,2026-W19,marketing,18,53,0.33962264150943394
3021,no_R,2026-W19,education,11,53,0.20754716981132076
3021,no_R,2026-W19,other,5,53,0.09433962264150944
3021,no_R,2026-W20,meme,3,53,0.05660377358490566
3021,no_R,2026-W20,mourning,16,53,0.3018867924528302
3021,no_R,2026-W20,marketing,18,53,0.33962264150943394
3021,no_R,2026-W20,education,13,53,0.24528301886792453
3021,no_R,2026-W20,other,3,53,0.05660377358490566
3021,no_R,2026-W21,meme,14,63,0.2222222222222222
3021,no_R,2026-W21,mourning,16,63,0.25396825396825395
3021,no_R,2026-W21,marketing,17,63,0.2698412698412698
3021,no_R,2026-W21,education,13,63,0.20634920634920634
3021,no_R,2026-W21,other,3,63,0.047619047619047616
3021,no_R,2026-W22,meme,19,62,0.3064516129032258
3021,no_R,2026-W22,mourning,13,62,0.20967741935483872
3021,no_R,2026-W22,marketing,18,62,0.2903225806451613
3021,no_R,2026-W22,education,12,62,0.1935483870967742
3021,no_R,2026-W22,other,0,62,0.0
3022,full,2026-W12,meme,0,26,0.0
3022,full,2026-W12,mourning,0,26,0.0
3022,full,2026-W12,marketing,19,26,0.7307692307692307
3022,full,2026-W12,education,7,26,0.2692307692307692
3022,full,2026-W12,other,0,26,0.0
3022,full,2026-W13,meme,0,41,0.0
3022,full,2026-W13,mourning,22,41,0.5365853658536586
3022,full,2026-W13,marketing,9,41,0.21951219512195122
3022,full,2026-W13,education,6,41,0.14634146341463414
3022,full,2026-W13,other,4,41,0.0975609756097561
3022,full,2026-W14,meme,0,35,0.0
3022,full,2026-W14,mourning,11,35,0.3142857142857143
3022,full,2026-W14,marketing,11,35,0.3142857142857143
3022,full,2026-W14,education,8,35,0.22857142857142856
3022,full,2026-W14,other,5,35,0.14285714285714285
3022,full,2026-W15,meme,0,26,0.0
3022,full,2026-W15,mourning,5,26,0.19230769230769232
3022,full,2026-W15,marketing,8,26,0.3076923076923077
3022,full,2026-W15,education,7,26,0.2692307692307692
3022,full,2026-W15,other,6,26,0.23076923076923078
3022,full,2026-W16,meme,0,20,0.0
3022,full,2026-W16,mourning,2,20,0.1
3022,full,2026-W16,marketing,7,20,0.35
3022,full,2026-W16,education,6,20,0.3
3022,full,2026-W16,other,5,20,0.25
3022,full,2026-W17,meme,1,9,0.1111111111111111
3022,full,2026-W17,mourning,1,9,0.1111111111111111
3022,full,2026-W17,marketing,4,9,0.4444444444444444
3022,full,2026-W17,education,3,9,0.3333333333333333
3022,full,2026-W17,other,0,9,0.0
3022,full,2026-W18,meme,0,7,0.0
3022,full,2026-W18,mourning,0,7,0.0
3022,full,2026-W18,marketing,4,7,0.5714285714285714
3022,full,2026-W18,education,3,7,0.42857142857142855
3022,full,2026-W18,other,0,7,0.0
3022,full,2026-W19,meme,0,6,0.0
3022,full,2026-W19,mourning,0,6,0.0
3022,full,2026-W19,marketing,4,6,0.6666666666666666
3022,full,2026-W19,education,2,6,0.3333333333333333
3022,full,2026-W19,other,0,6,0.0
3022,full,2026-W20,meme,10,14,0.7142857142857143
3022,full,2026-W20,mourning,0,14,0.0
3022,full,2026-W20,marketing,3,14,0.21428571428571427
3022,full,2026-W20,education,1,14,0.07142857142857142
3022,full,2026-W20,other,0,14,0.0
3022,full,2026-W21,meme,19,22,0.8636363636363636
3022,full,2026-W21,mourning,0,22,0.0
3022,full,2026-W21,marketing,3,22,0.13636363636363635
3022,full,2026-W21,education,0,22,0.0
3022,full,2026-W21,other,0,22,0.0
3022,full,2026-W22,meme,18,21,0.8571428571428571
3022,full,2026-W22,mourning,0,21,0.0
3022,full,2026-W22,marketing,3,21,0.14285714285714285
3022,full,2026-W22,education,0,21,0.0
3022,full,2026-W22,other,0,21,0.0
3022,no_B,2026-W12,meme,0,26,0.0
3022,no_B,2026-W12,mourning,0,26,0.0
3022,no_B,2026-W12,marketing,19,26,0.7307692307692307
3022,no_B,2026-W12,education,7,26,0.2692307692307692
3022,no_B,2026-W12,other,0,26,0.0
3022,no_B,2026-W13,meme,0,27,0.0
3022,no_B,2026-W13,mourning,22,27,0.8148148148148148
3022,no_B,2026-W13,marketing,0,27,0.0
3022,no_B,2026-W13,education,1,27,0.037037037037037035
3022,no_B,2026-W13,other,4,27,0.14814814814814814
3022,no_B,2026-W14,meme,0,5,0.0
3022,no_B,2026-W14,mourning,0,5,0.0
3022,no_B,2026-W14,marketing,0,5,0.0
3022,no_B,2026-W14,education,3,5,0.6
3022,no_B,2026-W14,other,2,5,0.4
3022,no_B,2026-W15,meme,0,4,0.0
3022,no_B,2026-W15,mourning,0,4,0.0
3022,no_B,2026-W15,marketing,0,4,0.0
3022,no_B,2026-W15,education,0,4,0.0
3022,no_B,2026-W15,other,4,4,1.0
3022,no_B,2026-W16,meme,0,0,0.0
3022,no_B,2026-W16,mourning,0,0,0.0
3022,no_B,2026-W16,marketing,0,0,0.0
3022,no_B,2026-W16,education,0,0,0.0
3022,no_B,2026-W16,other,0,0,0.0
3022,no_B,2026-W17,meme,0,0,0.0
3022,no_B,2026-W17,mourning,0,0,0.0
3022,no_B,2026-W17,marketing,0,0,0.0
3022,no_B,2026-W17,education,0,0,0.0
3022,no_B,2026-W17,other,0,0,0.0
3022,no_B,2026-W18,meme,0,0,0.0
3022,no_B,2026-W18,mourning,0,0,0.0
3022,no_B,2026-W18,marketing,0,0,0.0
3022,no_B,2026-W18,education,0,0,0.0
3022,no_B,2026-W18,other,0,0,0.0
3022,no_B,2026-W19,meme,0,0,0.0
3022,no_B,2026-W19,mourning,0,0,0.0
3022,no_B,2026-W19,marketing,0,0,0.0
3022,no_B,2026-W19,education,0,0,0.0
3022,no_B,2026-W19,other,0,0,0.0
3022,no_B,2026-W20,meme,10,10,1.0
3022,no_B,2026-W20,mourning,0,10,0.0
3022,no_B,2026-W20,marketing,0,10,0.0
3022,no_B,2026-W20,education,0,10,0.0
3022,no_B,2026-W20,other,0,10,0.0
3022,no_B,2026-W21,meme,17,17,1.0
3022,no_B,2026-W21,mourning,0,17,0.0
3022,no_B,2026-W21,marketing,0,17,0.0
3022,no_B,2026-W21,education,0,17,0.0
3022,no_B,2026-W21,other,0,17,0.0
3022,no_B,2026-W22,meme,3,3,1.0
3022,no_B,2026-W22,mourning,0,3,0.0
3022,no_B,2026-W22,marketing,0,3,0.0
3022,no_B,2026-W22,education,0,3,0.0
3022,no_B,2026-W22,other,0,3,0.0
3022,no_D,2026-W12,meme,12,63,0.19047619047619047
3022,no_D,2026-W12,mourning,12,63,0.19047619047619047
3022,no_D,2026-W12,marketing,15,63,0.23809523809523808
3022,no_D,2026-W12,education,9,63,0.14285714285714285
3022,no_D,2026-W12,other,15,63,0.23809523809523808
3022,no_D,2026-W13,meme,12,57,0.21052631578947367
3022,no_D,2026-W13,mourning,12,57,0.21052631578947367
3022,no_D,2026-W13,marketing,10,57,0.17543859649122806
3022,no_D,2026-W13,education,8,57,0.14035087719298245
3022,no_D,2026-W13,other,15,57,0.2631578947368421
3022,no_D,2026-W14,meme,11,42,0.2619047619047619
3022,no_D,2026-W14,mourning,4,42,0.09523809523809523
3022,no_D,2026-W14,marketing,9,42,0.21428571428571427
3022,no_D,2026-W14,education,7,42,0.16666666666666666
3022,no_D,2026-W14,other,11,42,0.2619047619047619
3022,no_D,2026-W15,meme,8,27,0.2962962962962963
3022,no_D,2026-W15,mourning,3,27,0.1111111111111111
3022,no_D,2026-W15,marketing,6,27,0.2222222222222222
3022,no_D,2026-W15,education,6,27,0.2222222222222222
3022,no_D,2026-W15,other,4,27,0.14814814814814814
3022,no_D,2026-W16,meme,5,20,0.25
3022,no_D,2026-W16,mourning,2,20,0.1
3022,no_D,2026-W16,marketing,6,20,0.3
3022,no_D,2026-W16,education,4,20,0.2
3022,no_D,2026-W16,other,3,20,0.15
3022,no_D,2026-W17,meme,5,16,0.3125
3022,no_D,2026-W17,mourning,1,16,0.0625
3022,no_D,2026-W17,marketing,5,16,0.3125
3022,no_D,2026-W17,education,2,16,0.125
3022,no_D,2026-W17,other,3,16,0.1875
3022,no_D,2026-W18,meme,5,14,0.35714285714285715
3022,no_D,2026-W18,mourning,1,14,0.07142857142857142
3022,no_D,2026-W18,marketing,5,14,0.35714285714285715
3022,no_D,2026-W18,education,2,14,0.14285714285714285
3022,no_D,2026-W18,other,1,14,0.07142857142857142
3022,no_D,2026-W19,meme,3,11,0.2727272727272727
3022,no_D,2026-W19,mourning,1,11,0.09090909090909091
3022,no_D,2026-W19,marketing,4,11,0.36363636363636365
3022,no_D,2026-W19,education,2,11,0.18181818181818182
3022,no_D,2026-W19,other,1,11,0.09090909090909091
3022,no_D,2026-W20,meme,2,9,0.2222222222222222
3022,no_D,2026-W20,mourning,1,9,0.1111111111111111
3022,no_D,2026-W20,marketing,4,9,0.4444444444444444
3022,no_D,2026-W20,education,2,9,0.2222222222222222
3022,no_D,2026-W20,other,0,9,0.0
3022,no_D,2026-W21,meme,2,5,0.4
3022,no_D,2026-W21,mourning,0,5,0.0
3022,no_D,2026-W21,marketing,3,5,0.6
3022,no_D,2026-W21,education,0,5,0.0
3022,no_D,2026-W21,other,0,5,0.0
3022,no_D,2026-W22,meme,2,5,0.4
3022,no_D,2026-W22,mourning,0,5,0.0
3022,no_D,2026-W22,marketing,3,5,0.6
3022,no_D,2026-W22,education,0,5,0.0
3022,no_D,2026-W22,other,0,5,0.0
3022,no_R,2026-W12,meme,0,26,0.0
3022,no_R,2026-W12,mourning,0,26,0.0
3022,no_R,2026-W12,marketing,19,26,0.7307692307692307
3022,no_R,2026-W12,education,7,26,0.2692307692307692
3022,no_R,2026-W12,other,0,26,0.0
3022,no_R,2026-W13,meme,0,48,0.0
3022,no_R,2026-W13,mourning,22,48,0.4583333333333333
3022,no_R,2026-W13,marketing,16,48,0.3333333333333333
3022,no_R,2026-W13,education,6,48,0.125
3022,no_R,2026-W13,other,4,48,0.08333333333333333
3022,no_R,2026-W14,meme,0,49,0.0
3022,no_R,2026-W14,mourning,18,49,0.3673469387755102
3022,no_R,2026-W14,marketing,17,49,0.3469387755102041
3022,no_R,2026-W14,education,10,49,0.20408163265306123
3022,no_R,2026-W14,other,4,49,0.08163265306122448
3022,no_R,2026-W15,meme,0,52,0.0
3022,no_R,2026-W15,mourning,19,52,0.36538461538461536
3022,no_R,2026-W15,marketing,18,52,0.34615384615384615
3022,no_R,2026-W15,education,12,52,0.23076923076923078
3022,no_R,2026-W15,other,3,52,0.057692307692307696
3022,no_R,2026-W16,meme,0,52,0.0
3022,no_R,2026-W16,mourning,19,52,0.36538461538461536
3022,no_R,2026-W16,marketing,17,52,0.3269230769230769
3022,no_R,2026-W16,education,13,52,0.25
3022,no_R,2026-W16,other,3,52,0.057692307692307696
3022,no_R,2026-W17,meme,0,54,0.0
3022,no_R,2026-W17,mourning,19,54,0.35185185185185186
3022,no_R,2026-W17,marketing,18,54,0.3333333333333333
3022,no_R,2026-W17,education,12,54,0.2222222222222222
3022,no_R,2026-W17,other,5,54,0.09259259259259259
3022,no_R,2026-W18,meme,0,52,0.0
3022,no_R,2026-W18,mourning,16,52,0.3076923076923077
3022,no_R,2026-W18,marketing,18,52,0.34615384615384615
3022,no_R,2026-W18,education,11,52,0.21153846153846154
3022,no_R,2026-W18,other,7,52,0.1346153846153846
3022,no_R,2026-W19,meme,0,58,0.0
3022,no_R,2026-W19,mourning,17,58,0.29310344827586204
3022,no_R,2026-W19,marketing,18,58,0.3103448275862069
3022,no_R,2026-W19,education,14,58,0.2413793103448276
3022,no_R,2026-W19,other,9,58,0.15517241379310345
3022,no_R,2026-W20,meme,5,63,0.07936507936507936
3022,no_R,2026-W20,mourning,19,63,0.30158730158730157
3022,no_R,2026-W20,marketing,19,63,0.30158730158730157
3022,no_R,2026-W20,education,12,63,0.19047619047619047
3022,no_R,2026-W20,other,8,63,0.12698412698412698
3022,no_R,2026-W21,meme,15,61,0.2459016393442623
3022,no_R,2026-W21,mourning,15,61,0.2459016393442623
3022,no_R,2026-W21,marketing,17,61,0.2786885245901639
3022,no_R,2026-W21,education,11,61,0.18032786885245902
3022,no_R,2026-W21,other,3,61,0.04918032786885246
3022,no_R,2026-W22,meme,18,67,0.26865671641791045
3022,no_R,2026-W22,mourning,16,67,0.23880597014925373
3022,no_R,2026-W22,marketing,17,67,0.2537313432835821
3022,no_R,2026-W22,education,12,67,0.1791044776119403
3022,no_R,2026-W22,other,4,67,0.05970149253731343
3023,full,2026-W12,meme,0,28,0.0
3023,full,2026-W12,mourning,0,28,0.0
3023,full,2026-W12,marketing,19,28,0.6785714285714286
3023,full,2026-W12,education,9,28,0.32142857142857145
3023,full,2026-W12,other,0,28,0.0
3023,full,2026-W13,meme,0,43,0.0
3023,full,2026-W13,mourning,22,43,0.5116279069767442
3023,full,2026-W13,marketing,9,43,0.20930232558139536
3023,full,2026-W13,education,7,43,0.16279069767441862
3023,full,2026-W13,other,5,43,0.11627906976744186
3023,full,2026-W14,meme,0,32,0.0
3023,full,2026-W14,mourning,7,32,0.21875
3023,full,2026-W14,marketing,11,32,0.34375
3023,full,2026-W14,education,9,32,0.28125
3023,full,2026-W14,other,5,32,0.15625
3023,full,2026-W15,meme,0,24,0.0
3023,full,2026-W15,mourning,5,24,0.20833333333333334
3023,full,2026-W15,marketing,7,24,0.2916666666666667
3023,full,2026-W15,education,8,24,0.3333333333333333
3023,full,2026-W15,other,4,24,0.16666666666666666
3023,full,2026-W16,meme,1,23,0.043478260869565216
3023,full,2026-W16,mourning,4,23,0.17391304347826086
3023,full,2026-W16,marketing,6,23,0.2608695652173913
3023,full,2026-W16,education,6,23,0.2608695652173913
3023,full,2026-W16,other,6,23,0.2608695652173913
3023,full,2026-W17,meme,0,11,0.0
3023,full,2026-W17,mourning,0,11,0.0
3023,full,2026-W17,marketing,6,11,0.5454545454545454
3023,full,2026-W17,education,3,11,0.2727272727272727
3023,full,2026-W17,other,2,11,0.18181818181818182
3023,full,2026-W18,meme,0,6,0.0
3023,full,2026-W18,mourning,0,6,0.0
3023,full,2026-W18,marketing,4,6,0.6666666666666666
3023,full,2026-W18,education,1,6,0.16666666666666666
3023,full,2026-W18,other,1,6,0.16666666666666666
3023,full,2026-W19,meme,0,4,0.0
3023,full,2026-W19,mourning,0,4,0.0
3023,full,2026-W19,marketing,4,4,1.0
3023,full,2026-W19,education,0,4,0.0
3023,full,2026-W19,other,0,4,0.0
3023,full,2026-W20,meme,9,13,0.6923076923076923
3023,full,2026-W20,mourning,0,13,0.0
3023,full,2026-W20,marketing,4,13,0.3076923076923077
3023,full,2026-W20,education,0,13,0.0
3023,full,2026-W20,other,0,13,0.0
3023,full,2026-W21,meme,17,20,0.85
3023,full,2026-W21,mourning,0,20,0.0
3023,full,2026-W21,marketing,3,20,0.15
3023,full,2026-W21,education,0,20,0.0
3023,full,2026-W21,other,0,20,0.0
3023,full,2026-W22,meme,19,23,0.8260869565217391
3023,full,2026-W22,mourning,1,23,0.043478260869565216
3023,full,2026-W22,marketing,3,23,0.13043478260869565
3023,full,2026-W22,education,0,23,0.0
3023,full,2026-W22,other,0,23,0.0
3023,no_B,2026-W12,meme,0,28,0.0
3023,no_B,2026-W12,mourning,0,28,0.0
3023,no_B,2026-W12,marketing,19,28,0.6785714285714286
3023,no_B,2026-W12,education,9,28,0.32142857142857145
3023,no_B,2026-W12,other,0,28,0.0
3023,no_B,2026-W13,meme,0,29,0.0
3023,no_B,2026-W13,mourning,22,29,0.7586206896551724
3023,no_B,2026-W13,marketing,0,29,0.0
3023,no_B,2026-W13,education,2,29,0.06896551724137931
3023,no_B,2026-W13,other,5,29,0.1724137931034483
3023,no_B,2026-W14,meme,0,5,0.0
3023,no_B,2026-W14,mourning,0,5,0.0
3023,no_B,2026-W14,marketing,0,5,0.0
3023,no_B,2026-W14,education,2,5,0.4
3023,no_B,2026-W14,other,3,5,0.6
3023,no_B,2026-W15,meme,1,1,1.0
3023,no_B,2026-W15,mourning,0,1,0.0
3023,no_B,2026-W15,marketing,0,1,0.0
3023,no_B,2026-W15,education,0,1,0.0
3023,no_B,2026-W15,other,0,1,0.0
3023,no_B,2026-W16,meme,1,1,1.0
3023,no_B,2026-W16,mourning,0,1,0.0
3023,no_B,2026-W16,marketing,0,1,0.0
3023,no_B,2026-W16,education,0,1,0.0
3023,no_B,2026-W16,other,0,1,0.0
3023,no_B,2026-W17,meme,3,3,1.0
3023,no_B,2026-W17,mourning,0,3,0.0
3023,no_B,2026-W17,marketing,0,3,0.0
3023,no_B,2026-W17,education,0,3,0.0
3023,no_B,2026-W17,other,0,3,0.0
3023,no_B,2026-W18,meme,3,3,1.0
3023,no_B,2026-W18,mourning,0,3,0.0
3023,no_B,2026-W18,marketing,0,3,0.0
3023,no_B,2026-W18,education,0,3,0.0
3023,no_B,2026-W18,other,0,3,0.0
3023,no_B,2026-W19,meme,1,1,1.0
3023,no_B,2026-W19,mourning,0,1,0.0
3023,no_B,2026-W19,marketing,0,1,0.0
3023,no_B,2026-W19,education,0,1,0.0
3023,no_B,2026-W19,other,0,1,0.0
3023,no_B,2026-W20,meme,5,5,1.0
3023,no_B,2026-W20,mourning,0,5,0.0
3023,no_B,2026-W20,marketing,0,5,0.0
3023,no_B,2026-W20,education,0,5,0.0
3023,no_B,2026-W20,other,0,5,0.0
3023,no_B,2026-W21,meme,6,6,1.0
3023,no_B,2026-W21,mourning,0,6,0.0
3023,no_B,2026-W21,marketing,0,6,0.0
3023,no_B,2026-W21,education,0,6,0.0
3023,no_B,2026-W21,other,0,6,0.0
3023,no_B,2026-W22,meme,0,0,0.0
3023,no_B,2026-W22,mourning,0,0,0.0
3023,no_B,2026-W22,marketing,0,0,0.0
3023,no_B,2026-W22,education,0,0,0.0
3023,no_B,2026-W22,other,0,0,0.0
3023,no_D,2026-W12,meme,12,63,0.19047619047619047
3023,no_D,2026-W12,mourning,12,63,0.19047619047619047
3023,no_D,2026-W12,marketing,15,63,0.23809523809523808
3023,no_D,2026-W12,education,9,63,0.14285714285714285
3023,no_D,2026-W12,other,15,63,0.23809523809523808
3023,no_D,2026-W13,meme,12,56,0.21428571428571427
3023,no_D,2026-W13,mourning,12,56,0.21428571428571427
3023,no_D,2026-W13,marketing,11,56,0.19642857142857142
3023,no_D,2026-W13,education,6,56,0.10714285714285714
3023,no_D,2026-W13,other,15,56,0.26785714285714285
3023,no_D,2026-W14,meme,11,42,0.2619047619047619
3023,no_D,2026-W14,mourning,4,42,0.09523809523809523
3023,no_D,2026-W14,marketing,9,42,0.21428571428571427
3023,no_D,2026-W14,education,6,42,0.14285714285714285
3023,no_D,2026-W14,other,12,42,0.2857142857142857
3023,no_D,2026-W15,meme,7,27,0.25925925925925924
3023,no_D,2026-W15,mourning,2,27,0.07407407407407407
3023,no_D,2026-W15,marketing,7,27,0.25925925925925924
3023,no_D,2026-W15,education,6,27,0.2222222222222222
3023,no_D,2026-W15,other,5,27,0.18518518518518517
3023,no_D,2026-W16,meme,7,21,0.3333333333333333
3023,no_D,2026-W16,mourning,2,21,0.09523809523809523
3023,no_D,2026-W16,marketing,6,21,0.2857142857142857
3023,no_D,2026-W16,education,5,21,0.23809523809523808
3023,no_D,2026-W16,other,1,21,0.047619047619047616
3023,no_D,2026-W17,meme,4,16,0.25
3023,no_D,2026-W17,mourning,1,16,0.0625
3023,no_D,2026-W17,marketing,5,16,0.3125
3023,no_D,2026-W17,education,5,16,0.3125
3023,no_D,2026-W17,other,1,16,0.0625
3023,no_D,2026-W18,meme,3,11,0.2727272727272727
3023,no_D,2026-W18,mourning,1,11,0.09090909090909091
3023,no_D,2026-W18,marketing,4,11,0.36363636363636365
3023,no_D,2026-W18,education,2,11,0.18181818181818182
3023,no_D,2026-W18,other,1,11,0.09090909090909091
3023,no_D,2026-W19,meme,2,8,0.25
3023,no_D,2026-W19,mourning,1,8,0.125
3023,no_D,2026-W19,marketing,4,8,0.5
3023,no_D,2026-W19,education,0,8,0.0
3023,no_D,2026-W19,other,1,8,0.125
3023,no_D,2026-W20,meme,2,7,0.2857142857142857
3023,no_D,2026-W20,mourning,1,7,0.14285714285714285
3023,no_D,2026-W20,marketing,4,7,0.5714285714285714
3023,no_D,2026-W20,education,0,7,0.0
3023,no_D,2026-W20,other,0,7,0.0
3023,no_D,2026-W21,meme,2,6,0.3333333333333333
3023,no_D,2026-W21,mourning,1,6,0.16666666666666666
3023,no_D,2026-W21,marketing,3,6,0.5
3023,no_D,2026-W21,education,0,6,0.0
3023,no_D,2026-W21,other,0,6,0.0
3023,no_D,2026-W22,meme,1,5,0.2
3023,no_D,2026-W22,mourning,1,5,0.2
3023,no_D,2026-W22,marketing,3,5,0.6
3023,no_D,2026-W22,education,0,5,0.0
3023,no_D,2026-W22,other,0,5,0.0
3023,no_R,2026-W12,meme,0,28,0.0
3023,no_R,2026-W12,mourning,0,28,0.0
3023,no_R,2026-W12,marketing,19,28,0.6785714285714286
3023,no_R,2026-W12,education,9,28,0.32142857142857145
3023,no_R,2026-W12,other,0,28,0.0
3023,no_R,2026-W13,meme,0,48,0.0
3023,no_R,2026-W13,mourning,22,48,0.4583333333333333
3023,no_R,2026-W13,marketing,14,48,0.2916666666666667
3023,no_R,2026-W13,education,7,48,0.14583333333333334
3023,no_R,2026-W13,other,5,48,0.10416666666666667
3023,no_R,2026-W14,meme,0,49,0.0
3023,no_R,2026-W14,mourning,19,49,0.3877551020408163
3023,no_R,2026-W14,marketing,18,49,0.3673469387755102
3023,no_R,2026-W14,education,8,49,0.16326530612244897
3023,no_R,2026-W14,other,4,49,0.08163265306122448
3023,no_R,2026-W15,meme,0,55,0.0
3023,no_R,2026-W15,mourning,22,55,0.4
3023,no_R,2026-W15,marketing,15,55,0.2727272727272727
3023,no_R,2026-W15,education,10,55,0.18181818181818182
3023,no_R,2026-W15,other,8,55,0.14545454545454545
3023,no_R,2026-W16,meme,0,60,0.0
3023,no_R,2026-W16,mourning,20,60,0.3333333333333333
3023,no_R,2026-W16,marketing,18,60,0.3
3023,no_R,2026-W16,education,14,60,0.23333333333333334
3023,no_R,2026-W16,other,8,60,0.13333333333333333
3023,no_R,2026-W17,meme,0,62,0.0
3023,no_R,2026-W17,mourning,18,62,0.2903225806451613
3023,no_R,2026-W17,marketing,18,62,0.2903225806451613
3023,no_R,2026-W17,education,13,62,0.20967741935483872
3023,no_R,2026-W17,other,13,62,0.20967741935483872
3023,no_R,2026-W18,meme,0,50,0.0
3023,no_R,2026-W18,mourning,15,50,0.3
3023,no_R,2026-W18,marketing,16,50,0.32
3023,no_R,2026-W18,education,12,50,0.24
3023,no_R,2026-W18,other,7,50,0.14
3023,no_R,2026-W19,meme,0,53,0.0
3023,no_R,2026-W19,mourning,12,53,0.22641509433962265
3023,no_R,2026-W19,marketing,18,53,0.33962264150943394
3023,no_R,2026-W19,education,13,53,0.24528301886792453
3023,no_R,2026-W19,other,10,53,0.18867924528301888
3023,no_R,2026-W20,meme,6,59,0.1016949152542373
3023,no_R,2026-W20,mourning,17,59,0.288135593220339
3023,no_R,2026-W20,marketing,18,59,0.3050847457627119
3023,no_R,2026-W20,education,11,59,0.1864406779661017
3023,no_R,2026-W20,other,7,59,0.11864406779661017
3023,no_R,2026-W21,meme,14,56,0.25
3023,no_R,2026-W21,mourning,12,56,0.21428571428571427
3023,no_R,2026-W21,marketing,15,56,0.26785714285714285
3023,no_R,2026-W21,education,8,56,0.14285714285714285
3023,no_R,2026-W21,other,7,56,0.125
3023,no_R,2026-W22,meme,18,60,0.3
3023,no_R,2026-W22,mourning,17,60,0.2833333333333333
3023,no_R,2026-W22,marketing,14,60,0.23333333333333334
3023,no_R,2026-W22,education,7,60,0.11666666666666667
3023,no_R,2026-W22,other,4,60,0.06666666666666667
3024,full,2026-W12,meme,0,24,0.0
3024,full,2026-W12,mourning,0,24,0.0
3024,full,2026-W12,marketing,19,24,0.7916666666666666
3024,full,2026-W12,education,5,24,0.20833333333333334
3024,full,2026-W12,other,0,24,0.0
3024,full,2026-W13,meme,0,47,0.0
3024,full,2026-W13,mourning,22,47,0.46808510638297873
3024,full,2026-W13,marketing,10,47,0.2127659574468085
3024,full,2026-W13,education,7,47,0.14893617021276595
3024,full,2026-W13,other,8,47,0.1702127659574468
3024,full,2026-W14,meme,0,38,0.0
3024,full,2026-W14,mourning,9,38,0.23684210526315788
3024,full,2026-W14,marketing,13,38,0.34210526315789475
3024,full,2026-W14,education,8,38,0.21052631578947367
3024,full,2026-W14,other,8,38,0.21052631578947367
3024,full,2026-W15,meme,0,25,0.0
3024,full,2026-W15,mourning,6,25,0.24
3024,full,2026-W15,marketing,7,25,0.28
3024,full,2026-W15,education,7,25,0.28
3024,full,2026-W15,other,5,25,0.2
3024,full,2026-W16,meme,0,16,0.0
3024,full,2026-W16,mourning,2,16,0.125
3024,full,2026-W16,marketing,6,16,0.375
3024,full,2026-W16,education,6,16,0.375
3024,full,2026-W16,other,2,16,0.125
3024,full,2026-W17,meme,0,9,0.0
3024,full,2026-W17,mourning,2,9,0.2222222222222222
3024,full,2026-W17,marketing,4,9,0.4444444444444444
3024,full,2026-W17,education,2,9,0.2222222222222222
3024,full,2026-W17,other,1,9,0.1111111111111111
3024,full,2026-W18,meme,0,9,0.0
3024,full,2026-W18,mourning,1,9,0.1111111111111111
3024,full,2026-W18,marketing,5,9,0.5555555555555556
3024,full,2026-W18,education,3,9,0.3333333333333333
3024,full,2026-W18,other,0,9,0.0
3024,full,2026-W19,meme,0,6,0.0
3024,full,2026-W19,mourning,0,6,0.0
3024,full,2026-W19,marketing,4,6,0.6666666666666666
3024,full,2026-W19,education,2,6,0.3333333333333333
3024,full,2026-W19,other,0,6,0.0
3024,full,2026-W20,meme,10,15,0.6666666666666666
3024,full,2026-W20,mourning,0,15,0.0
3024,full,2026-W20,marketing,3,15,0.2
3024,full,2026-W20,education,2,15,0.13333333333333333
3024,full,2026-W20,other,0,15,0.0
3024,full,2026-W21,meme,18,21,0.8571428571428571
3024,full,2026-W21,mourning,0,21,0.0
3024,full,2026-W21,marketing,3,21,0.14285714285714285
3024,full,2026-W21,education,0,21,0.0
3024,full,2026-W21,other,0,21,0.0
3024,full,2026-W22,meme,18,21,0.8571428571428571
3024,full,2026-W22,mourning,0,21,0.0
3024,full,2026-W22,marketing,3,21,0.14285714285714285
3024,full,2026-W22,education,0,21,0.0
3024,full,2026-W22,other,0,21,0.0
3024,no_B,2026-W12,meme,0,24,0.0
3024,no_B,2026-W12,mourning,0,24,0.0
3024,no_B,2026-W12,marketing,19,24,0.7916666666666666
3024,no_B,2026-W12,education,5,24,0.20833333333333334
3024,no_B,2026-W12,other,0,24,0.0
3024,no_B,2026-W13,meme,0,31,0.0
3024,no_B,2026-W13,mourning,22,31,0.7096774193548387
3024,no_B,2026-W13,marketing,0,31,0.0
3024,no_B,2026-W13,education,1,31,0.03225806451612903
3024,no_B,2026-W13,other,8,31,0.25806451612903225
3024,no_B,2026-W14,meme,0,4,0.0
3024,no_B,2026-W14,mourning,0,4,0.0
3024,no_B,2026-W14,marketing,0,4,0.0
3024,no_B,2026-W14,education,2,4,0.5
3024,no_B,2026-W14,other,2,4,0.5
3024,no_B,2026-W15,meme,0,1,0.0
3024,no_B,2026-W15,mourning,0,1,0.0
3024,no_B,2026-W15,marketing,0,1,0.0
3024,no_B,2026-W15,education,1,1,1.0
3024,no_B,2026-W15,other,0,1,0.0
3024,no_B,2026-W16,meme,0,0,0.0
3024,no_B,2026-W16,mourning,0,0,0.0
3024,no_B,2026-W16,marketing,0,0,0.0
3024,no_B,2026-W16,education,0,0,0.0
3024,no_B,2026-W16,other,0,0,0.0
3024,no_B,2026-W17,meme,0,0,0.0
3024,no_B,2026-W17,mourning,0,0,0.0
3024,no_B,2026-W17,marketing,0,0,0.0
3024,no_B,2026-W17,education,0,0,0.0
3024,no_B,2026-W17,other,0,0,0.0
3024,no_B,2026-W18,meme,0,0,0.0
3024,no_B,2026-W18,mourning,0,0,0.0
3024,no_B,2026-W18,marketing,0,0,0.0
3024,no_B,2026-W18,education,0,0,0.0
3024,no_B,2026-W18,other,0,0,0.0
3024,no_B,2026-W19,meme,0,0,0.0
3024,no_B,2026-W19,mourning,0,0,0.0
3024,no_B,2026-W19,marketing,0,0,0.0
3024,no_B,2026-W19,education,0,0,0.0
3024,no_B,2026-W19,other,0,0,0.0
3024,no_B,2026-W20,meme,12,12,1.0
3024,no_B,2026-W20,mourning,0,12,0.0
3024,no_B,2026-W20,marketing,0,12,0.0
3024,no_B,2026-W20,education,0,12,0.0
3024,no_B,2026-W20,other,0,12,0.0
3024,no_B,2026-W21,meme,13,13,1.0
3024,no_B,2026-W21,mourning,0,13,0.0
3024,no_B,2026-W21,marketing,0,13,0.0
3024,no_B,2026-W21,education,0,13,0.0
3024,no_B,2026-W21,other,0,13,0.0
3024,no_B,2026-W22,meme,3,3,1.0
3024,no_B,2026-W22,mourning,0,3,0.0
3024,no_B,2026-W22,marketing,0,3,0.0
3024,no_B,2026-W22,education,0,3,0.0
3024,no_B,2026-W22,other,0,3,0.0
3024,no_D,2026-W12,meme,12,63,0.19047619047619047
3024,no_D,2026-W12,mourning,12,63,0.19047619047619047
3024,no_D,2026-W12,marketing,15,63,0.23809523809523808
3024,no_D,2026-W12,education,9,63,0.14285714285714285
3024,no_D,2026-W12,other,15,63,0.23809523809523808
3024,no_D,2026-W13,meme,12,58,0.20689655172413793
3024,no_D,2026-W13,mourning,12,58,0.20689655172413793
3024,no_D,2026-W13,marketing,11,58,0.1896551724137931
3024,no_D,2026-W13,education,8,58,0.13793103448275862
3024,no_D,2026-W13,other,15,58,0.25862068965517243
3024,no_D,2026-W14,meme,12,45,0.26666666666666666
3024,no_D,2026-W14,mourning,4,45,0.08888888888888889
3024,no_D,2026-W14,marketing,10,45,0.2222222222222222
3024,no_D,2026-W14,education,7,45,0.15555555555555556
3024,no_D,2026-W14,other,12,45,0.26666666666666666
3024,no_D,2026-W15,meme,9,31,0.2903225806451613
3024,no_D,2026-W15,mourning,3,31,0.0967741935483871
3024,no_D,2026-W15,marketing,7,31,0.22580645161290322
3024,no_D,2026-W15,education,6,31,0.1935483870967742
3024,no_D,2026-W15,other,6,31,0.1935483870967742
3024,no_D,2026-W16,meme,6,17,0.35294117647058826
3024,no_D,2026-W16,mourning,1,17,0.058823529411764705
3024,no_D,2026-W16,marketing,6,17,0.35294117647058826
3024,no_D,2026-W16,education,4,17,0.23529411764705882
3024,no_D,2026-W16,other,0,17,0.0
3024,no_D,2026-W17,meme,4,13,0.3076923076923077
3024,no_D,2026-W17,mourning,1,13,0.07692307692307693
3024,no_D,2026-W17,marketing,5,13,0.38461538461538464
3024,no_D,2026-W17,education,3,13,0.23076923076923078
3024,no_D,2026-W17,other,0,13,0.0
3024,no_D,2026-W18,meme,4,11,0.36363636363636365
3024,no_D,2026-W18,mourning,1,11,0.09090909090909091
3024,no_D,2026-W18,marketing,4,11,0.36363636363636365
3024,no_D,2026-W18,education,2,11,0.18181818181818182
3024,no_D,2026-W18,other,0,11,0.0
3024,no_D,2026-W19,meme,3,10,0.3
3024,no_D,2026-W19,mourning,1,10,0.1
3024,no_D,2026-W19,marketing,4,10,0.4
3024,no_D,2026-W19,education,2,10,0.2
3024,no_D,2026-W19,other,0,10,0.0
3024,no_D,2026-W20,meme,3,9,0.3333333333333333
3024,no_D,2026-W20,mourning,1,9,0.1111111111111111
3024,no_D,2026-W20,marketing,4,9,0.4444444444444444
3024,no_D,2026-W20,education,1,9,0.1111111111111111
3024,no_D,2026-W20,other,0,9,0.0
3024,no_D,2026-W21,meme,2,7,0.2857142857142857
3024,no_D,2026-W21,mourning,1,7,0.14285714285714285
3024,no_D,2026-W21,marketing,3,7,0.42857142857142855
3024,no_D,2026-W21,education,1,7,0.14285714285714285
3024,no_D,2026-W21,other,0,7,0.0
3024,no_D,2026-W22,meme,1,6,0.16666666666666666
3024,no_D,2026-W22,mourning,1,6,0.16666666666666666
3024,no_D,2026-W22,marketing,3,6,0.5
3024,no_D,2026-W22,education,1,6,0.16666666666666666
3024,no_D,2026-W22,other,0,6,0.0
3024,no_R,2026-W12,meme,0,24,0.0
3024,no_R,2026-W12,mourning,0,24,0.0
3024,no_R,2026-W12,marketing,19,24,0.7916666666666666
3024,no_R,2026-W12,education,5,24,0.20833333333333334
3024,no_R,2026-W12,other,0,24,0.0
3024,no_R,2026-W13,meme,0,51,0.0
3024,no_R,2026-W13,mourning,22,51,0.43137254901960786
3024,no_R,2026-W13,marketing,14,51,0.27450980392156865
3024,no_R,2026-W13,education,7,51,0.13725490196078433
3024,no_R,2026-W13,other,8,51,0.1568627450980392
3024,no_R,2026-W14,meme,0,53,0.0
3024,no_R,2026-W14,mourning,19,53,0.3584905660377358
3024,no_R,2026-W14,marketing,19,53,0.3584905660377358
3024,no_R,2026-W14,education,9,53,0.16981132075471697
3024,no_R,2026-W14,other,6,53,0.11320754716981132
3024,no_R,2026-W15,meme,0,59,0.0
3024,no_R,2026-W15,mourning,20,59,0.3389830508474576
3024,no_R,2026-W15,marketing,15,59,0.2542372881355932
3024,no_R,2026-W15,education,15,59,0.2542372881355932
3024,no_R,2026-W15,other,9,59,0.15254237288135594
3024,no_R,2026-W16,meme,0,54,0.0
3024,no_R,2026-W16,mourning,16,54,0.2962962962962963
3024,no_R,2026-W16,marketing,17,54,0.3148148148148148
3024,no_R,2026-W16,education,11,54,0.2037037037037037
3024,no_R,2026-W16,other,10,54,0.18518518518518517
3024,no_R,2026-W17,meme,0,57,0.0
3024,no_R,2026-W17,mourning,14,57,0.24561403508771928
3024,no_R,2026-W17,marketing,18,57,0.3157894736842105
3024,no_R,2026-W17,education,13,57,0.22807017543859648
3024,no_R,2026-W17,other,12,57,0.21052631578947367
3024,no_R,2026-W18,meme,0,55,0.0
3024,no_R,2026-W18,mourning,14,55,0.2545454545454545
3024,no_R,2026-W18,marketing,18,55,0.32727272727272727
3024,no_R,2026-W18,education,13,55,0.23636363636363636
3024,no_R,2026-W18,other,10,55,0.18181818181818182
3024,no_R,2026-W19,meme,0,56,0.0
3024,no_R,2026-W19,mourning,14,56,0.25
3024,no_R,2026-W19,marketing,19,56,0.3392857142857143
3024,no_R,2026-W19,education,12,56,0.21428571428571427
3024,no_R,2026-W19,other,11,56,0.19642857142857142
3024,no_R,2026-W20,meme,3,58,0.05172413793103448
3024,no_R,2026-W20,mourning,11,58,0.1896551724137931
3024,no_R,2026-W20,marketing,18,58,0.3103448275862069
3024,no_R,2026-W20,education,14,58,0.2413793103448276
3024,no_R,2026-W20,other,12,58,0.20689655172413793
3024,no_R,2026-W21,meme,12,57,0.21052631578947367
3024,no_R,2026-W21,mourning,9,57,0.15789473684210525
3024,no_R,2026-W21,marketing,18,57,0.3157894736842105
3024,no_R,2026-W21,education,11,57,0.19298245614035087
3024,no_R,2026-W21,other,7,57,0.12280701754385964
3024,no_R,2026-W22,meme,17,54,0.3148148148148148
3024,no_R,2026-W22,mourning,6,54,0.1111111111111111
3024,no_R,2026-W22,marketing,16,54,0.2962962962962963
3024,no_R,2026-W22,education,12,54,0.2222222222222222
3024,no_R,2026-W22,other,3,54,0.05555555555555555
3025,full,2026-W12,meme,0,25,0.0
3025,full,2026-W12,mourning,0,25,0.0
3025,full,2026-W12,marketing,19,25,0.76
3025,full,2026-W12,education,6,25,0.24
3025,full,2026-W12,other,0,25,0.0
3025,full,2026-W13,meme,0,43,0.0
3025,full,2026-W13,mourning,22,43,0.5116279069767442
3025,full,2026-W13,marketing,11,43,0.2558139534883721
3025,full,2026-W13,education,5,43,0.11627906976744186
3025,full,2026-W13,other,5,43,0.11627906976744186
3025,full,2026-W14,meme,0,38,0.0
3025,full,2026-W14,mourning,9,38,0.23684210526315788
3025,full,2026-W14,marketing,11,38,0.2894736842105263
3025,full,2026-W14,education,8,38,0.21052631578947367
3025,full,2026-W14,other,10,38,0.2631578947368421
3025,full,2026-W15,meme,0,26,0.0
3025,full,2026-W15,mourning,8,26,0.3076923076923077
3025,full,2026-W15,marketing,6,26,0.23076923076923078
3025,full,2026-W15,education,6,26,0.23076923076923078
3025,full,2026-W15,other,6,26,0.23076923076923078
3025,full,2026-W16,meme,0,19,0.0
3025,full,2026-W16,mourning,2,19,0.10526315789473684
3025,full,2026-W16,marketing,5,19,0.2631578947368421
3025,full,2026-W16,education,6,19,0.3157894736842105
3025,full,2026-W16,other,6,19,0.3157894736842105
3025,full,2026-W17,meme,1,11,0.09090909090909091
3025,full,2026-W17,mourning,1,11,0.09090909090909091
3025,full,2026-W17,marketing,5,11,0.45454545454545453
3025,full,2026-W17,education,4,11,0.36363636363636365
3025,full,2026-W17,other,0,11,0.0
3025,full,2026-W18,meme,0,8,0.0
3025,full,2026-W18,mourning,1,8,0.125
3025,full,2026-W18,marketing,5,8,0.625
3025,full,2026-W18,education,2,8,0.25
3025,full,2026-W18,other,0,8,0.0
3025,full,2026-W19,meme,2,7,0.2857142857142857
3025,full,2026-W19,mourning,0,7,0.0
3025,full,2026-W19,marketing,4,7,0.5714285714285714
3025,full,2026-W19,education,1,7,0.14285714285714285
3025,full,2026-W19,other,0,7,0.0
3025,full,2026-W20,meme,13,18,0.7222222222222222
3025,full,2026-W20,mourning,0,18,0.0
3025,full,2026-W20,marketing,4,18,0.2222222222222222
3025,full,2026-W20,education,1,18,0.05555555555555555
3025,full,2026-W20,other,0,18,0.0
3025,full,2026-W21,meme,19,24,0.7916666666666666
3025,full,2026-W21,mourning,0,24,0.0
3025,full,2026-W21,marketing,4,24,0.16666666666666666
3025,full,2026-W21,education,1,24,0.041666666666666664
3025,full,2026-W21,other,0,24,0.0
3025,full,2026-W22,meme,16,20,0.8
3025,full,2026-W22,mourning,0,20,0.0
3025,full,2026-W22,marketing,3,20,0.15
3025,full,2026-W22,education,1,20,0.05
3025,full,2026-W22,other,0,20,0.0
3025,no_B,2026-W12,meme,0,25,0.0
3025,no_B,2026-W12,mourning,0,25,0.0
3025,no_B,2026-W12,marketing,19,25,0.76
3025,no_B,2026-W12,education,6,25,0.24
3025,no_B,2026-W12,other,0,25,0.0
3025,no_B,2026-W13,meme,0,28,0.0
3025,no_B,2026-W13,mourning,22,28,0.7857142857142857
3025,no_B,2026-W13,marketing,0,28,0.0
3025,no_B,2026-W13,education,1,28,0.03571428571428571
3025,no_B,2026-W13,other,5,28,0.17857142857142858
3025,no_B,2026-W14,meme,0,7,0.0
3025,no_B,2026-W14,mourning,0,7,0.0
3025,no_B,2026-W14,marketing,0,7,0.0
3025,no_B,2026-W14,education,2,7,0.2857142857142857
3025,no_B,2026-W14,other,5,7,0.7142857142857143
3025,no_B,2026-W15,meme,0,1,0.0
3025,no_B,2026-W15,mourning,0,1,0.0
3025,no_B,2026-W15,marketing,0,1,0.0
3025,no_B,2026-W15,education,1,1,1.0
3025,no_B,2026-W15,other,0,1,0.0
3025,no_B,2026-W16,meme,2,3,0.6666666666666666
3025,no_B,2026-W16,mourning,0,3,0.0
3025,no_B,2026-W16,marketing,0,3,0.0
3025,no_B,2026-W16,education,1,3,0.3333333333333333
3025,no_B,2026-W16,other,0,3,0.0
3025,no_B,2026-W17,meme,6,6,1.0
3025,no_B,2026-W17,mourning,0,6,0.0
3025,no_B,2026-W17,marketing,0,6,0.0
3025,no_B,2026-W17,education,0,6,0.0
3025,no_B,2026-W17,other,0,6,0.0
3025,no_B,2026-W18,meme,6,6,1.0
3025,no_B,2026-W18,mourning,0,6,0.0
3025,no_B,2026-W18,marketing,0,6,0.0
3025,no_B,2026-W18,education,0,6,0.0
3025,no_B,2026-W18,other,0,6,0.0
3025,no_B,2026-W19,meme,6,6,1.0
3025,no_B,2026-W19,mourning,0,6,0.0
3025,no_B,2026-W19,marketing,0,6,0.0
3025,no_B,2026-W19,education,0,6,0.0
3025,no_B,2026-W19,other,0,6,0.0
3025,no_B,2026-W20,meme,3,3,1.0
3025,no_B,2026-W20,mourning,0,3,0.0
3025,no_B,2026-W20,marketing,0,3,0.0
3025,no_B,2026-W20,education,0,3,0.0
3025,no_B,2026-W20,other,0,3,0.0
3025,no_B,2026-W21,meme,0,0,0.0
3025,no_B,2026-W21,mourning,0,0,0.0
3025,no_B,2026-W21,marketing,0,0,0.0
3025,no_B,2026-W21,education,0,0,0.0
3025,no_B,2026-W21,other,0,0,0.0
3025,no_B,2026-W22,meme,0,0,0.0
3025,no_B,2026-W22,mourning,0,0,0.0
3025,no_B,2026-W22,marketing,0,0,0.0
3025,no_B,2026-W22,education,0,0,0.0
3025,no_B,2026-W22,other,0,0,0.0
3025,no_D,2026-W12,meme,12,63,0.19047619047619047
3025,no_D,2026-W12,mourning,12,63,0.19047619047619047
3025,no_D,2026-W12,marketing,15,63,0.23809523809523808
3025,no_D,2026-W12,education,9,63,0.14285714285714285
3025,no_D,2026-W12,other,15,63,0.23809523809523808
3025,no_D,2026-W13,meme,12,56,0.21428571428571427
3025,no_D,2026-W13,mourning,12,56,0.21428571428571427
3025,no_D,2026-W13,marketing,10,56,0.17857142857142858
3025,no_D,2026-W13,education,7,56,0.125
3025,no_D,2026-W13,other,15,56,0.26785714285714285
3025,no_D,2026-W14,meme,11,41,0.2682926829268293
3025,no_D,2026-W14,mourning,4,41,0.0975609756097561
3025,no_D,2026-W14,marketing,8,41,0.1951219512195122
3025,no_D,2026-W14,education,7,41,0.17073170731707318
3025,no_D,2026-W14,other,11,41,0.2682926829268293
3025,no_D,2026-W15,meme,8,29,0.27586206896551724
3025,no_D,2026-W15,mourning,4,29,0.13793103448275862
3025,no_D,2026-W15,marketing,7,29,0.2413793103448276
3025,no_D,2026-W15,education,5,29,0.1724137931034483
3025,no_D,2026-W15,other,5,29,0.1724137931034483
3025,no_D,2026-W16,meme,6,18,0.3333333333333333
3025,no_D,2026-W16,mourning,2,18,0.1111111111111111
3025,no_D,2026-W16,marketing,6,18,0.3333333333333333
3025,no_D,2026-W16,education,3,18,0.16666666666666666
3025,no_D,2026-W16,other,1,18,0.05555555555555555
3025,no_D,2026-W17,meme,5,14,0.35714285714285715
3025,no_D,2026-W17,mourning,1,14,0.07142857142857142
3025,no_D,2026-W17,marketing,6,14,0.42857142857142855
3025,no_D,2026-W17,education,2,14,0.14285714285714285
3025,no_D,2026-W17,other,0,14,0.0
3025,no_D,2026-W18,meme,3,12,0.25
3025,no_D,2026-W18,mourning,1,12,0.08333333333333333
3025,no_D,2026-W18,marketing,6,12,0.5
3025,no_D,2026-W18,education,2,12,0.16666666666666666
3025,no_D,2026-W18,other,0,12,0.0
3025,no_D,2026-W19,meme,3,9,0.3333333333333333
3025,no_D,2026-W19,mourning,1,9,0.1111111111111111
3025,no_D,2026-W19,marketing,4,9,0.4444444444444444
3025,no_D,2026-W19,education,1,9,0.1111111111111111
3025,no_D,2026-W19,other,0,9,0.0
3025,no_D,2026-W20,meme,3,9,0.3333333333333333
3025,no_D,2026-W20,mourning,1,9,0.1111111111111111
3025,no_D,2026-W20,marketing,4,9,0.4444444444444444
3025,no_D,2026-W20,education,1,9,0.1111111111111111
3025,no_D,2026-W20,other,0,9,0.0
3025,no_D,2026-W21,meme,3,8,0.375
3025,no_D,2026-W21,mourning,1,8,0.125
3025,no_D,2026-W21,marketing,3,8,0.375
3025,no_D,2026-W21,education,1,8,0.125
3025,no_D,2026-W21,other,0,8,0.0
3025,no_D,2026-W22,meme,2,7,0.2857142857142857
3025,no_D,2026-W22,mourning,1,7,0.14285714285714285
3025,no_D,2026-W22,marketing,3,7,0.42857142857142855
3025,no_D,2026-W22,education,1,7,0.14285714285714285
3025,no_D,2026-W22,other,0,7,0.0
3025,no_R,2026-W12,meme,0,25,0.0
3025,no_R,2026-W12,mourning,0,25,0.0
3025,no_R,2026-W12,marketing,19,25,0.76
3025,no_R,2026-W12,education,6,25,0.24
3025,no_R,2026-W12,other,0,25,0.0
3025,no_R,2026-W13,meme,0,46,0.0
3025,no_R,2026-W13,mourning,22,46,0.4782608695652174
3025,no_R,2026-W13,marketing,14,46,0.30434782608695654
3025,no_R,2026-W13,education,5,46,0.10869565217391304
3025,no_R,2026-W13,other,5,46,0.10869565217391304
3025,no_R,2026-W14,meme,0,57,0.0
3025,no_R,2026-W14,mourning,16,57,0.2807017543859649
3025,no_R,2026-W14,marketing,19,57,0.3333333333333333
3025,no_R,2026-W14,education,12,57,0.21052631578947367
3025,no_R,2026-W14,other,10,57,0.17543859649122806
3025,no_R,2026-W15,meme,0,54,0.0
3025,no_R,2026-W15,mourning,20,54,0.37037037037037035
3025,no_R,2026-W15,marketing,15,54,0.2777777777777778
3025,no_R,2026-W15,education,10,54,0.18518518518518517
3025,no_R,2026-W15,other,9,54,0.16666666666666666
3025,no_R,2026-W16,meme,0,54,0.0
3025,no_R,2026-W16,mourning,18,54,0.3333333333333333
3025,no_R,2026-W16,marketing,17,54,0.3148148148148148
3025,no_R,2026-W16,education,8,54,0.14814814814814814
3025,no_R,2026-W16,other,11,54,0.2037037037037037
3025,no_R,2026-W17,meme,0,55,0.0
3025,no_R,2026-W17,mourning,20,55,0.36363636363636365
3025,no_R,2026-W17,marketing,18,55,0.32727272727272727
3025,no_R,2026-W17,education,10,55,0.18181818181818182
3025,no_R,2026-W17,other,7,55,0.12727272727272726
3025,no_R,2026-W18,meme,0,58,0.0
3025,no_R,2026-W18,mourning,19,58,0.3275862068965517
3025,no_R,2026-W18,marketing,18,58,0.3103448275862069
3025,no_R,2026-W18,education,12,58,0.20689655172413793
3025,no_R,2026-W18,other,9,58,0.15517241379310345
3025,no_R,2026-W19,meme,0,51,0.0
3025,no_R,2026-W19,mourning,15,51,0.29411764705882354
3025,no_R,2026-W19,marketing,19,51,0.37254901960784315
3025,no_R,2026-W19,education,9,51,0.17647058823529413
3025,no_R,2026-W19,other,8,51,0.1568627450980392
3025,no_R,2026-W20,meme,6,57,0.10526315789473684
3025,no_R,2026-W20,mourning,13,57,0.22807017543859648
3025,no_R,2026-W20,marketing,18,57,0.3157894736842105
3025,no_R,2026-W20,education,11,57,0.19298245614035087
3025,no_R,2026-W20,other,9,57,0.15789473684210525
3025,no_R,2026-W21,meme,15,63,0.23809523809523808
3025,no_R,2026-W21,mourning,13,63,0.20634920634920634
3025,no_R,2026-W21,marketing,16,63,0.25396825396825395
3025,no_R,2026-W21,education,12,63,0.19047619047619047
3025,no_R,2026-W21,other,7,63,0.1111111111111111
3025,no_R,2026-W22,meme,19,59,0.3220338983050847
3025,no_R,2026-W22,mourning,8,59,0.13559322033898305
3025,no_R,2026-W22,marketing,18,59,0.3050847457627119
3025,no_R,2026-W22,education,10,59,0.1694915254237288
3025,no_R,2026-W22,other,4,59,0.06779661016949153
3026,full,2026-W12,meme,0,28,0.0
3026,full,2026-W12,mourning,0,28,0.0
3026,full,2026-W12,marketing,19,28,0.6785714285714286
3026,full,2026-W12,education,9,28,0.32142857142857145
3026,full,2026-W12,other,0,28,0.0
3026,full,2026-W13,meme,0,48,0.0
3026,full,2026-W13,mourning,22,48,0.4583333333333333
3026,full,2026-W13,marketing,12,48,0.25
3026,full,2026-W13,education,7,48,0.14583333333333334
3026,full,2026-W13,other,7,48,0.14583333333333334
3026,full,2026-W14,meme,0,33,0.0
3026,full,2026-W14,mourning,10,33,0.30303030303030304
3026,full,2026-W14,marketing,12,33,0.36363636363636365
3026,full,2026-W14,education,7,33,0.21212121212121213
3026,full,2026-W14,other,4,33,0.12121212121212122
3026,full,2026-W15,meme,1,31,0.03225806451612903
3026,full,2026-W15,mourning,8,31,0.25806451612903225
3026,full,2026-W15,marketing,8,31,0.25806451612903225
3026,full,2026-W15,education,4,31,0.12903225806451613
3026,full,2026-W15,other,10,31,0.3225806451612903
3026,full,2026-W16,meme,1,18,0.05555555555555555
3026,full,2026-W16,mourning,1,18,0.05555555555555555
3026,full,2026-W16,marketing,7,18,0.3888888888888889
3026,full,2026-W16,education,5,18,0.2777777777777778
3026,full,2026-W16,other,4,18,0.2222222222222222
3026,full,2026-W17,meme,2,12,0.16666666666666666
3026,full,2026-W17,mourning,1,12,0.08333333333333333
3026,full,2026-W17,marketing,5,12,0.4166666666666667
3026,full,2026-W17,education,4,12,0.3333333333333333
3026,full,2026-W17,other,0,12,0.0
3026,full,2026-W18,meme,1,7,0.14285714285714285
3026,full,2026-W18,mourning,0,7,0.0
3026,full,2026-W18,marketing,3,7,0.42857142857142855
3026,full,2026-W18,education,2,7,0.2857142857142857
3026,full,2026-W18,other,1,7,0.14285714285714285
3026,full,2026-W19,meme,6,12,0.5
3026,full,2026-W19,mourning,0,12,0.0
3026,full,2026-W19,marketing,4,12,0.3333333333333333
3026,full,2026-W19,education,2,12,0.16666666666666666
3026,full,2026-W19,other,0,12,0.0
3026,full,2026-W20,meme,14,19,0.7368421052631579
3026,full,2026-W20,mourning,0,19,0.0
3026,full,2026-W20,marketing,3,19,0.15789473684210525
3026,full,2026-W20,education,2,19,0.10526315789473684
3026,full,2026-W20,other,0,19,0.0
3026,full,2026-W21,meme,19,23,0.8260869565217391
3026,full,2026-W21,mourning,0,23,0.0
3026,full,2026-W21,marketing,3,23,0.13043478260869565
3026,full,2026-W21,education,1,23,0.043478260869565216
3026,full,2026-W21,other,0,23,0.0
3026,full,2026-W22,meme,13,18,0.7222222222222222
3026,full,2026-W22,mourning,0,18,0.0
3026,full,2026-W22,marketing,3,18,0.16666666666666666
3026,full,2026-W22,education,2,18,0.1111111111111111
3026,full,2026-W22,other,0,18,0.0
3026,no_B,2026-W12,meme,0,28,0.0
3026,no_B,2026-W12,mourning,0,28,0.0
3026,no_B,2026-W12,marketing,19,28,0.6785714285714286
3026,no_B,2026-W12,education,9,28,0.32142857142857145
3026,no_B,2026-W12,other,0,28,0.0
3026,no_B,2026-W13,meme,0,33,0.0
3026,no_B,2026-W13,mourning,22,33,0.6666666666666666
3026,no_B,2026-W13,marketing,0,33,0.0
3026,no_B,2026-W13,education,4,33,0.12121212121212122
3026,no_B,2026-W13,other,7,33,0.21212121212121213
3026,no_B,2026-W14,meme,0,4,0.0
3026,no_B,2026-W14,mourning,0,4,0.0
3026,no_B,2026-W14,marketing,0,4,0.0
3026,no_B,2026-W14,education,2,4,0.5
3026,no_B,2026-W14,other,2,4,0.5
3026,no_B,2026-W15,meme,0,1,0.0
3026,no_B,2026-W15,mourning,0,1,0.0
3026,no_B,2026-W15,marketing,0,1,0.0
3026,no_B,2026-W15,education,1,1,1.0
3026,no_B,2026-W15,other,0,1,0.0
3026,no_B,2026-W16,meme,1,2,0.5
3026,no_B,2026-W16,mourning,0,2,0.0
3026,no_B,2026-W16,marketing,0,2,0.0
3026,no_B,2026-W16,education,0,2,0.0
3026,no_B,2026-W16,other,1,2,0.5
3026,no_B,2026-W17,meme,1,1,1.0
3026,no_B,2026-W17,mourning,0,1,0.0
3026,no_B,2026-W17,marketing,0,1,0.0
3026,no_B,2026-W17,education,0,1,0.0
3026,no_B,2026-W17,other,0,1,0.0
3026,no_B,2026-W18,meme,2,2,1.0
3026,no_B,2026-W18,mourning,0,2,0.0
3026,no_B,2026-W18,marketing,0,2,0.0
3026,no_B,2026-W18,education,0,2,0.0
3026,no_B,2026-W18,other,0,2,0.0
3026,no_B,2026-W19,meme,3,3,1.0
3026,no_B,2026-W19,mourning,0,3,0.0
3026,no_B,2026-W19,marketing,0,3,0.0
3026,no_B,2026-W19,education,0,3,0.0
3026,no_B,2026-W19,other,0,3,0.0
3026,no_B,2026-W20,meme,10,10,1.0
3026,no_B,2026-W20,mourning,0,10,0.0
3026,no_B,2026-W20,marketing,0,10,0.0
3026,no_B,2026-W20,education,0,10,0.0
3026,no_B,2026-W20,other,0,10,0.0
3026,no_B,2026-W21,meme,6,6,1.0
3026,no_B,2026-W21,mourning,0,6,0.0
3026,no_B,2026-W21,marketing,0,6,0.0
3026,no_B,2026-W21,education,0,6,0.0
3026,no_B,2026-W21,other,0,6,0.0
3026,no_B,2026-W22,meme,0,0,0.0
3026,no_B,2026-W22,mourning,0,0,0.0
3026,no_B,2026-W22,marketing,0,0,0.0
3026,no_B,2026-W22,education,0,0,0.0
3026,no_B,2026-W22,other,0,0,0.0
3026,no_D,2026-W12,meme,12,63,0.19047619047619047
3026,no_D,2026-W12,mourning,12,63,0.19047619047619047
3026,no_D,2026-W12,marketing,15,63,0.23809523809523808
3026,no_D,2026-W12,education,9,63,0.14285714285714285
3026,no_D,2026-W12,other,15,63,0.23809523809523808
3026,no_D,2026-W13,meme,12,58,0.20689655172413793
3026,no_D,2026-W13,mourning,12,58,0.20689655172413793
3026,no_D,2026-W13,marketing,11,58,0.1896551724137931
3026,no_D,2026-W13,education,8,58,0.13793103448275862
3026,no_D,2026-W13,other,15,58,0.25862068965517243
3026,no_D,2026-W14,meme,12,44,0.2727272727272727
3026,no_D,2026-W14,mourning,4,44,0.09090909090909091
3026,no_D,2026-W14,marketing,10,44,0.22727272727272727
3026,no_D,2026-W14,education,7,44,0.1590909090909091
3026,no_D,2026-W14,other,11,44,0.25
3026,no_D,2026-W15,meme,8,27,0.2962962962962963
3026,no_D,2026-W15,mourning,3,27,0.1111111111111111
3026,no_D,2026-W15,marketing,7,27,0.25925925925925924
3026,no_D,2026-W15,education,5,27,0.18518518518518517
3026,no_D,2026-W15,other,4,27,0.14814814814814814
3026,no_D,2026-W16,meme,6,22,0.2727272727272727
3026,no_D,2026-W16,mourning,3,22,0.13636363636363635
3026,no_D,2026-W16,marketing,7,22,0.3181818181818182
3026,no_D,2026-W16,education,4,22,0.18181818181818182
3026,no_D,2026-W16,other,2,22,0.09090909090909091
3026,no_D,2026-W17,meme,4,17,0.23529411764705882
3026,no_D,2026-W17,mourning,2,17,0.11764705882352941
3026,no_D,2026-W17,marketing,6,17,0.35294117647058826
3026,no_D,2026-W17,education,4,17,0.23529411764705882
3026,no_D,2026-W17,other,1,17,0.058823529411764705
3026,no_D,2026-W18,meme,4,13,0.3076923076923077
3026,no_D,2026-W18,mourning,2,13,0.15384615384615385
3026,no_D,2026-W18,marketing,4,13,0.3076923076923077
3026,no_D,2026-W18,education,2,13,0.15384615384615385
3026,no_D,2026-W18,other,1,13,0.07692307692307693
3026,no_D,2026-W19,meme,4,9,0.4444444444444444
3026,no_D,2026-W19,mourning,0,9,0.0
3026,no_D,2026-W19,marketing,4,9,0.4444444444444444
3026,no_D,2026-W19,education,1,9,0.1111111111111111
3026,no_D,2026-W19,other,0,9,0.0
3026,no_D,2026-W20,meme,2,6,0.3333333333333333
3026,no_D,2026-W20,mourning,0,6,0.0
3026,no_D,2026-W20,marketing,3,6,0.5
3026,no_D,2026-W20,education,1,6,0.16666666666666666
3026,no_D,2026-W20,other,0,6,0.0
3026,no_D,2026-W21,meme,2,6,0.3333333333333333
3026,no_D,2026-W21,mourning,0,6,0.0
3026,no_D,2026-W21,marketing,3,6,0.5
3026,no_D,2026-W21,education,1,6,0.16666666666666666
3026,no_D,2026-W21,other,0,6,0.0
3026,no_D,2026-W22,meme,2,6,0.3333333333333333
3026,no_D,2026-W22,mourning,0,6,0.0
3026,no_D,2026-W22,marketing,3,6,0.5
3026,no_D,2026-W22,education,1,6,0.16666666666666666
3026,no_D,2026-W22,other,0,6,0.0
3026,no_R,2026-W12,meme,0,28,0.0
3026,no_R,2026-W12,mourning,0,28,0.0
3026,no_R,2026-W12,marketing,19,28,0.6785714285714286
3026,no_R,2026-W12,education,9,28,0.32142857142857145
3026,no_R,2026-W12,other,0,28,0.0
3026,no_R,2026-W13,meme,0,53,0.0
3026,no_R,2026-W13,mourning,22,53,0.41509433962264153
3026,no_R,2026-W13,marketing,15,53,0.2830188679245283
3026,no_R,2026-W13,education,9,53,0.16981132075471697
3026,no_R,2026-W13,other,7,53,0.1320754716981132
3026,no_R,2026-W14,meme,0,54,0.0
3026,no_R,2026-W14,mourning,18,54,0.3333333333333333
3026,no_R,2026-W14,marketing,19,54,0.35185185185185186
3026,no_R,2026-W14,education,13,54,0.24074074074074073
3026,no_R,2026-W14,other,4,54,0.07407407407407407
3026,no_R,2026-W15,meme,0,51,0.0
3026,no_R,2026-W15,mourning,15,51,0.29411764705882354
3026,no_R,2026-W15,marketing,15,51,0.29411764705882354
3026,no_R,2026-W15,education,12,51,0.23529411764705882
3026,no_R,2026-W15,other,9,51,0.17647058823529413
3026,no_R,2026-W16,meme,0,55,0.0
3026,no_R,2026-W16,mourning,17,55,0.3090909090909091
3026,no_R,2026-W16,marketing,17,55,0.3090909090909091
3026,no_R,2026-W16,education,12,55,0.21818181818181817
3026,no_R,2026-W16,other,9,55,0.16363636363636364
3026,no_R,2026-W17,meme,0,58,0.0
3026,no_R,2026-W17,mourning,16,58,0.27586206896551724
3026,no_R,2026-W17,marketing,18,58,0.3103448275862069
3026,no_R,2026-W17,education,15,58,0.25862068965517243
3026,no_R,2026-W17,other,9,58,0.15517241379310345
3026,no_R,2026-W18,meme,0,54,0.0
3026,no_R,2026-W18,mourning,16,54,0.2962962962962963
3026,no_R,2026-W18,marketing,17,54,0.3148148148148148
3026,no_R,2026-W18,education,14,54,0.25925925925925924
3026,no_R,2026-W18,other,7,54,0.12962962962962962
3026,no_R,2026-W19,meme,0,55,0.0
3026,no_R,2026-W19,mourning,17,55,0.3090909090909091
3026,no_R,2026-W19,marketing,17,55,0.3090909090909091
3026,no_R,2026-W19,education,13,55,0.23636363636363636
3026,no_R,2026-W19,other,8,55,0.14545454545454545
3026,no_R,2026-W20,meme,2,51,0.0392156862745098
3026,no_R,2026-W20,mourning,17,51,0.3333333333333333
3026,no_R,2026-W20,marketing,18,51,0.35294117647058826
3026,no_R,2026-W20,education,11,51,0.21568627450980393
3026,no_R,2026-W20,other,3,51,0.058823529411764705
3026,no_R,2026-W21,meme,14,61,0.22950819672131148
3026,no_R,2026-W21,mourning,14,61,0.22950819672131148
3026,no_R,2026-W21,marketing,18,61,0.29508196721311475
3026,no_R,2026-W21,education,11,61,0.18032786885245902
3026,no_R,2026-W21,other,4,61,0.06557377049180328
3026,no_R,2026-W22,meme,17,60,0.2833333333333333
3026,no_R,2026-W22,mourning,12,60,0.2
3026,no_R,2026-W22,marketing,16,60,0.26666666666666666
3026,no_R,2026-W22,education,13,60,0.21666666666666667
3026,no_R,2026-W22,other,2,60,0.03333333333333333
3027,full,2026-W12,meme,0,28,0.0
3027,full,2026-W12,mourning,0,28,0.0
3027,full,2026-W12,marketing,19,28,0.6785714285714286
3027,full,2026-W12,education,9,28,0.32142857142857145
3027,full,2026-W12,other,0,28,0.0
3027,full,2026-W13,meme,0,43,0.0
3027,full,2026-W13,mourning,22,43,0.5116279069767442
3027,full,2026-W13,marketing,9,43,0.20930232558139536
3027,full,2026-W13,education,9,43,0.20930232558139536
3027,full,2026-W13,other,3,43,0.06976744186046512
3027,full,2026-W14,meme,0,25,0.0
3027,full,2026-W14,mourning,5,25,0.2
3027,full,2026-W14,marketing,11,25,0.44
3027,full,2026-W14,education,6,25,0.24
3027,full,2026-W14,other,3,25,0.12
3027,full,2026-W15,meme,0,22,0.0
3027,full,2026-W15,mourning,4,22,0.18181818181818182
3027,full,2026-W15,marketing,8,22,0.36363636363636365
3027,full,2026-W15,education,5,22,0.22727272727272727
3027,full,2026-W15,other,5,22,0.22727272727272727
3027,full,2026-W16,meme,0,16,0.0
3027,full,2026-W16,mourning,1,16,0.0625
3027,full,2026-W16,marketing,7,16,0.4375
3027,full,2026-W16,education,4,16,0.25
3027,full,2026-W16,other,4,16,0.25
3027,full,2026-W17,meme,0,18,0.0
3027,full,2026-W17,mourning,1,18,0.05555555555555555
3027,full,2026-W17,marketing,7,18,0.3888888888888889
3027,full,2026-W17,education,4,18,0.2222222222222222
3027,full,2026-W17,other,6,18,0.3333333333333333
3027,full,2026-W18,meme,0,7,0.0
3027,full,2026-W18,mourning,0,7,0.0
3027,full,2026-W18,marketing,4,7,0.5714285714285714
3027,full,2026-W18,education,2,7,0.2857142857142857
3027,full,2026-W18,other,1,7,0.14285714285714285
3027,full,2026-W19,meme,0,4,0.0
3027,full,2026-W19,mourning,0,4,0.0
3027,full,2026-W19,marketing,3,4,0.75
3027,full,2026-W19,education,1,4,0.25
3027,full,2026-W19,other,0,4,0.0
3027,full,2026-W20,meme,11,17,0.6470588235294118
3027,full,2026-W20,mourning,0,17,0.0
3027,full,2026-W20,marketing,4,17,0.23529411764705882
3027,full,2026-W20,education,2,17,0.11764705882352941
3027,full,2026-W20,other,0,17,0.0
3027,full,2026-W21,meme,19,23,0.8260869565217391
3027,full,2026-W21,mourning,0,23,0.0
3027,full,2026-W21,marketing,4,23,0.17391304347826086
3027,full,2026-W21,education,0,23,0.0
3027,full,2026-W21,other,0,23,0.0
3027,full,2026-W22,meme,18,21,0.8571428571428571
3027,full,2026-W22,mourning,0,21,0.0
3027,full,2026-W22,marketing,3,21,0.14285714285714285
3027,full,2026-W22,education,0,21,0.0
3027,full,2026-W22,other,0,21,0.0
3027,no_B,2026-W12,meme,0,28,0.0
3027,no_B,2026-W12,mourning,0,28,0.0
3027,no_B,2026-W12,marketing,19,28,0.6785714285714286
3027,no_B,2026-W12,education,9,28,0.32142857142857145
3027,no_B,2026-W12,other,0,28,0.0
3027,no_B,2026-W13,meme,0,27,0.0
3027,no_B,2026-W13,mourning,22,27,0.8148148148148148
3027,no_B,2026-W13,marketing,0,27,0.0
3027,no_B,2026-W13,education,2,27,0.07407407407407407
3027,no_B,2026-W13,other,3,27,0.1111111111111111
3027,no_B,2026-W14,meme,0,2,0.0
3027,no_B,2026-W14,mourning,0,2,0.0
3027,no_B,2026-W14,marketing,0,2,0.0
3027,no_B,2026-W14,education,1,2,0.5
3027,no_B,2026-W14,other,1,2,0.5
3027,no_B,2026-W15,meme,0,2,0.0
3027,no_B,2026-W15,mourning,0,2,0.0
3027,no_B,2026-W15,marketing,0,2,0.0
3027,no_B,2026-W15,education,1,2,0.5
3027,no_B,2026-W15,other,1,2,0.5
3027,no_B,2026-W16,meme,0,2,0.0
3027,no_B,2026-W16,mourning,0,2,0.0
3027,no_B,2026-W16,marketing,0,2,0.0
3027,no_B,2026-W16,education,1,2,0.5
3027,no_B,2026-W16,other,1,2,0.5
3027,no_B,2026-W17,meme,0,0,0.0
3027,no_B,2026-W17,mourning,0,0,0.0
3027,no_B,2026-W17,marketing,0,0,0.0
3027,no_B,2026-W17,education,0,0,0.0
3027,no_B,2026-W17,other,0,0,0.0
3027,no_B,2026-W18,meme,0,0,0.0
3027,no_B,2026-W18,mourning,0,0,0.0
3027,no_B,2026-W18,marketing,0,0,0.0
3027,no_B,2026-W18,education,0,0,0.0
3027,no_B,2026-W18,other,0,0,0.0
3027,no_B,2026-W19,meme,0,0,0.0
3027,no_B,2026-W19,mourning,0,0,0.0
3027,no_B,2026-W19,marketing,0,0,0.0
3027,no_B,2026-W19,education,0,0,0.0
3027,no_B,2026-W19,other,0,0,0.0
3027,no_B,2026-W20,meme,8,8,1.0
3027,no_B,2026-W20,mourning,0,8,0.0
3027,no_B,2026-W20,marketing,0,8,0.0
3027,no_B,2026-W20,education,0,8,0.0
3027,no_B,2026-W20,other,0,8,0.0
3027,no_B,2026-W21,meme,15,15,1.0
3027,no_B,2026-W21,mourning,0,15,0.0
3027,no_B,2026-W21,marketing,0,15,0.0
3027,no_B,2026-W21,education,0,15,0.0
3027,no_B,2026-W21,other,0,15,0.0
3027,no_B,2026-W22,meme,1,1,1.0
3027,no_B,2026-W22,mourning,0,1,0.0
3027,no_B,2026-W22,marketing,0,1,0.0
3027,no_B,2026-W22,education,0,1,0.0
3027,no_B,2026-W22,other,0,1,0.0
3027,no_D,2026-W12,meme,12,63,0.19047619047619047
3027,no_D,2026-W12,mourning,12,63,0.19047619047619047
3027,no_D,2026-W12,marketing,15,63,0.23809523809523808
3027,no_D,2026-W12,education,9,63,0.14285714285714285
3027,no_D,2026-W12,other,15,63,0.23809523809523808
3027,no_D,2026-W13,meme,12,55,0.21818181818181817
3027,no_D,2026-W13,mourning,12,55,0.21818181818181817
3027,no_D,2026-W13,marketing,9,55,0.16363636363636364
3027,no_D,2026-W13,education,7,55,0.12727272727272726
3027,no_D,2026-W13,other,15,55,0.2727272727272727
3027,no_D,2026-W14,meme,11,41,0.2682926829268293
3027,no_D,2026-W14,mourning,4,41,0.0975609756097561
3027,no_D,2026-W14,marketing,9,41,0.21951219512195122
3027,no_D,2026-W14,education,6,41,0.14634146341463414
3027,no_D,2026-W14,other,11,41,0.2682926829268293
3027,no_D,2026-W15,meme,8,26,0.3076923076923077
3027,no_D,2026-W15,mourning,2,26,0.07692307692307693
3027,no_D,2026-W15,marketing,7,26,0.2692307692307692
3027,no_D,2026-W15,education,4,26,0.15384615384615385
3027,no_D,2026-W15,other,5,26,0.19230769230769232
3027,no_D,2026-W16,meme,7,19,0.3684210526315789
3027,no_D,2026-W16,mourning,2,19,0.10526315789473684
3027,no_D,2026-W16,marketing,6,19,0.3157894736842105
3027,no_D,2026-W16,education,3,19,0.15789473684210525
3027,no_D,2026-W16,other,1,19,0.05263157894736842
3027,no_D,2026-W17,meme,6,15,0.4
3027,no_D,2026-W17,mourning,1,15,0.06666666666666667
3027,no_D,2026-W17,marketing,5,15,0.3333333333333333
3027,no_D,2026-W17,education,3,15,0.2
3027,no_D,2026-W17,other,0,15,0.0
3027,no_D,2026-W18,meme,5,12,0.4166666666666667
3027,no_D,2026-W18,mourning,1,12,0.08333333333333333
3027,no_D,2026-W18,marketing,4,12,0.3333333333333333
3027,no_D,2026-W18,education,2,12,0.16666666666666666
3027,no_D,2026-W18,other,0,12,0.0
3027,no_D,2026-W19,meme,5,10,0.5
3027,no_D,2026-W19,mourning,0,10,0.0
3027,no_D,2026-W19,marketing,4,10,0.4
3027,no_D,2026-W19,education,1,10,0.1
3027,no_D,2026-W19,other,0,10,0.0
3027,no_D,2026-W20,meme,2,5,0.4
3027,no_D,2026-W20,mourning,0,5,0.0
3027,no_D,2026-W20,marketing,3,5,0.6
3027,no_D,2026-W20,education,0,5,0.0
3027,no_D,2026-W20,other,0,5,0.0
3027,no_D,2026-W21,meme,1,4,0.25
3027,no_D,2026-W21,mourning,0,4,0.0
3027,no_D,2026-W21,marketing,3,4,0.75
3027,no_D,2026-W21,education,0,4,0.0
3027,no_D,2026-W21,other,0,4,0.0
3027,no_D,2026-W22,meme,1,4,0.25
3027,no_D,2026-W22,mourning,0,4,0.0
3027,no_D,2026-W22,marketing,3,4,0.75
3027,no_D,2026-W22,education,0,4,0.0
3027,no_D,2026-W22,other,0,4,0.0
3027,no_R,2026-W12,meme,0,28,0.0
3027,no_R,2026-W12,mourning,0,28,0.0
3027,no_R,2026-W12,marketing,19,28,0.6785714285714286
3027,no_R,2026-W12,education,9,28,0.32142857142857145
3027,no_R,2026-W12,other,0,28,0.0
3027,no_R,2026-W13,meme,0,49,0.0
3027,no_R,2026-W13,mourning,22,49,0.4489795918367347
3027,no_R,2026-W13,marketing,15,49,0.30612244897959184
3027,no_R,2026-W13,education,9,49,0.1836734693877551
3027,no_R,2026-W13,other,3,49,0.061224489795918366
3027,no_R,2026-W14,meme,0,46,0.0
3027,no_R,2026-W14,mourning,16,46,0.34782608695652173
3027,no_R,2026-W14,marketing,17,46,0.3695652173913043
3027,no_R,2026-W14,education,11,46,0.2391304347826087
3027,no_R,2026-W14,other,2,46,0.043478260869565216
3027,no_R,2026-W15,meme,0,55,0.0
3027,no_R,2026-W15,mourning,20,55,0.36363636363636365
3027,no_R,2026-W15,marketing,18,55,0.32727272727272727
3027,no_R,2026-W15,education,13,55,0.23636363636363636
3027,no_R,2026-W15,other,4,55,0.07272727272727272
3027,no_R,2026-W16,meme,0,49,0.0
3027,no_R,2026-W16,mourning,16,49,0.32653061224489793
3027,no_R,2026-W16,marketing,16,49,0.32653061224489793
3027,no_R,2026-W16,education,11,49,0.22448979591836735
3027,no_R,2026-W16,other,6,49,0.12244897959183673
3027,no_R,2026-W17,meme,0,57,0.0
3027,no_R,2026-W17,mourning,19,57,0.3333333333333333
3027,no_R,2026-W17,marketing,19,57,0.3333333333333333
3027,no_R,2026-W17,education,12,57,0.21052631578947367
3027,no_R,2026-W17,other,7,57,0.12280701754385964
3027,no_R,2026-W18,meme,0,58,0.0
3027,no_R,2026-W18,mourning,19,58,0.3275862068965517
3027,no_R,2026-W18,marketing,19,58,0.3275862068965517
3027,no_R,2026-W18,education,11,58,0.1896551724137931
3027,no_R,2026-W18,other,9,58,0.15517241379310345
3027,no_R,2026-W19,meme,0,53,0.0
3027,no_R,2026-W19,mourning,16,53,0.3018867924528302
3027,no_R,2026-W19,marketing,17,53,0.32075471698113206
3027,no_R,2026-W19,education,10,53,0.18867924528301888
3027,no_R,2026-W19,other,10,53,0.18867924528301888
3027,no_R,2026-W20,meme,6,56,0.10714285714285714
3027,no_R,2026-W20,mourning,12,56,0.21428571428571427
3027,no_R,2026-W20,marketing,17,56,0.30357142857142855
3027,no_R,2026-W20,education,12,56,0.21428571428571427
3027,no_R,2026-W20,other,9,56,0.16071428571428573
3027,no_R,2026-W21,meme,15,63,0.23809523809523808
3027,no_R,2026-W21,mourning,14,63,0.2222222222222222
3027,no_R,2026-W21,marketing,16,63,0.25396825396825395
3027,no_R,2026-W21,education,11,63,0.1746031746031746
3027,no_R,2026-W21,other,7,63,0.1111111111111111
3027,no_R,2026-W22,meme,18,56,0.32142857142857145
3027,no_R,2026-W22,mourning,7,56,0.125
3027,no_R,2026-W22,marketing,17,56,0.30357142857142855
3027,no_R,2026-W22,education,12,56,0.21428571428571427
3027,no_R,2026-W22,other,2,56,0.03571428571428571
3028,full,2026-W12,meme,0,25,0.0
3028,full,2026-W12,mourning,0,25,0.0
3028,full,2026-W12,marketing,19,25,0.76
3028,full,2026-W12,education,6,25,0.24
3028,full,2026-W12,other,0,25,0.0
3028,full,2026-W13,meme,0,38,0.0
3028,full,2026-W13,mourning,22,38,0.5789473684210527
3028,full,2026-W13,marketing,8,38,0.21052631578947367
3028,full,2026-W13,education,4,38,0.10526315789473684
3028,full,2026-W13,other,4,38,0.10526315789473684
3028,full,2026-W14,meme,0,37,0.0
3028,full,2026-W14,mourning,12,37,0.32432432432432434
3028,full,2026-W14,marketing,12,37,0.32432432432432434
3028,full,2026-W14,education,9,37,0.24324324324324326
3028,full,2026-W14,other,4,37,0.10810810810810811
3028,full,2026-W15,meme,0,25,0.0
3028,full,2026-W15,mourning,7,25,0.28
3028,full,2026-W15,marketing,9,25,0.36
3028,full,2026-W15,education,6,25,0.24
3028,full,2026-W15,other,3,25,0.12
3028,full,2026-W16,meme,3,23,0.13043478260869565
3028,full,2026-W16,mourning,2,23,0.08695652173913043
3028,full,2026-W16,marketing,5,23,0.21739130434782608
3028,full,2026-W16,education,8,23,0.34782608695652173
3028,full,2026-W16,other,5,23,0.21739130434782608
3028,full,2026-W17,meme,3,12,0.25
3028,full,2026-W17,mourning,0,12,0.0
3028,full,2026-W17,marketing,4,12,0.3333333333333333
3028,full,2026-W17,education,2,12,0.16666666666666666
3028,full,2026-W17,other,3,12,0.25
3028,full,2026-W18,meme,5,12,0.4166666666666667
3028,full,2026-W18,mourning,0,12,0.0
3028,full,2026-W18,marketing,4,12,0.3333333333333333
3028,full,2026-W18,education,2,12,0.16666666666666666
3028,full,2026-W18,other,1,12,0.08333333333333333
3028,full,2026-W19,meme,11,18,0.6111111111111112
3028,full,2026-W19,mourning,0,18,0.0
3028,full,2026-W19,marketing,4,18,0.2222222222222222
3028,full,2026-W19,education,2,18,0.1111111111111111
3028,full,2026-W19,other,1,18,0.05555555555555555
3028,full,2026-W20,meme,18,22,0.8181818181818182
3028,full,2026-W20,mourning,0,22,0.0
3028,full,2026-W20,marketing,3,22,0.13636363636363635
3028,full,2026-W20,education,1,22,0.045454545454545456
3028,full,2026-W20,other,0,22,0.0
3028,full,2026-W21,meme,19,22,0.8636363636363636
3028,full,2026-W21,mourning,0,22,0.0
3028,full,2026-W21,marketing,3,22,0.13636363636363635
3028,full,2026-W21,education,0,22,0.0
3028,full,2026-W21,other,0,22,0.0
3028,full,2026-W22,meme,12,15,0.8
3028,full,2026-W22,mourning,0,15,0.0
3028,full,2026-W22,marketing,3,15,0.2
3028,full,2026-W22,education,0,15,0.0
3028,full,2026-W22,other,0,15,0.0
3028,no_B,2026-W12,meme,0,25,0.0
3028,no_B,2026-W12,mourning,0,25,0.0
3028,no_B,2026-W12,marketing,19,25,0.76
3028,no_B,2026-W12,education,6,25,0.24
3028,no_B,2026-W12,other,0,25,0.0
3028,no_B,2026-W13,meme,0,28,0.0
3028,no_B,2026-W13,mourning,22,28,0.7857142857142857
3028,no_B,2026-W13,marketing,0,28,0.0
3028,no_B,2026-W13,education,2,28,0.07142857142857142
3028,no_B,2026-W13,other,4,28,0.14285714285714285
3028,no_B,2026-W14,meme,0,6,0.0
3028,no_B,2026-W14,mourning,0,6,0.0
3028,no_B,2026-W14,marketing,0,6,0.0
3028,no_B,2026-W14,education,3,6,0.5
3028,no_B,2026-W14,other,3,6,0.5
3028,no_B,2026-W15,meme,0,2,0.0
3028,no_B,2026-W15,mourning,0,2,0.0
3028,no_B,2026-W15,marketing,0,2,0.0
3028,no_B,2026-W15,education,2,2,1.0
3028,no_B,2026-W15,other,0,2,0.0
3028,no_B,2026-W16,meme,1,1,1.0
3028,no_B,2026-W16,mourning,0,1,0.0
3028,no_B,2026-W16,marketing,0,1,0.0
3028,no_B,2026-W16,education,0,1,0.0
3028,no_B,2026-W16,other,0,1,0.0
3028,no_B,2026-W17,meme,1,1,1.0
3028,no_B,2026-W17,mourning,0,1,0.0
3028,no_B,2026-W17,marketing,0,1,0.0
3028,no_B,2026-W17,education,0,1,0.0
3028,no_B,2026-W17,other,0,1,0.0
3028,no_B,2026-W18,meme,1,1,1.0
3028,no_B,2026-W18,mourning,0,1,0.0
3028,no_B,2026-W18,marketing,0,1,0.0
3028,no_B,2026-W18,education,0,1,0.0
3028,no_B,2026-W18,other,0,1,0.0
3028,no_B,2026-W19,meme,0,0,0.0
3028,no_B,2026-W19,mourning,0,0,0.0
3028,no_B,2026-W19,marketing,0,0,0.0
3028,no_B,2026-W19,education,0,0,0.0
3028,no_B,2026-W19,other,0,0,0.0
3028,no_B,2026-W20,meme,7,7,1.0
3028,no_B,2026-W20,mourning,0,7,0.0
3028,no_B,2026-W20,marketing,0,7,0.0
3028,no_B,2026-W20,education,0,7,0.0
3028,no_B,2026-W20,other,0,7,0.0
3028,no_B,2026-W21,meme,8,8,1.0
3028,no_B,2026-W21,mourning,0,8,0.0
3028,no_B,2026-W21,marketing,0,8,0.0
3028,no_B,2026-W21,education,0,8,0.0
3028,no_B,2026-W21,other,0,8,0.0
3028,no_B,2026-W22,meme,2,2,1.0
3028,no_B,2026-W22,mourning,0,2,0.0
3028,no_B,2026-W22,marketing,0,2,0.0
3028,no_B,2026-W22,education,0,2,0.0
3028,no_B,2026-W22,other,0,2,0.0
3028,no_D,2026-W12,meme,12,63,0.19047619047619047
3028,no_D,2026-W12,mourning,12,63,0.19047619047619047
3028,no_D,2026-W12,marketing,15,63,0.23809523809523808
3028,no_D,2026-W12,education,9,63,0.14285714285714285
3028,no_D,2026-W12,other,15,63,0.23809523809523808
3028,no_D,2026-W13,meme,12,57,0.21052631578947367
3028,no_D,2026-W13,mourning,12,57,0.21052631578947367
3028,no_D,2026-W13,marketing,11,57,0.19298245614035087
3028,no_D,2026-W13,education,7,57,0.12280701754385964
3028,no_D,2026-W13,other,15,57,0.2631578947368421
3028,no_D,2026-W14,meme,11,42,0.2619047619047619
3028,no_D,2026-W14,mourning,4,42,0.09523809523809523
3028,no_D,2026-W14,marketing,8,42,0.19047619047619047
3028,no_D,2026-W14,education,6,42,0.14285714285714285
3028,no_D,2026-W14,other,13,42,0.30952380952380953
3028,no_D,2026-W15,meme,7,30,0.23333333333333334
3028,no_D,2026-W15,mourning,3,30,0.1
3028,no_D,2026-W15,marketing,7,30,0.23333333333333334
3028,no_D,2026-W15,education,5,30,0.16666666666666666
3028,no_D,2026-W15,other,8,30,0.26666666666666666
3028,no_D,2026-W16,meme,5,21,0.23809523809523808
3028,no_D,2026-W16,mourning,3,21,0.14285714285714285
3028,no_D,2026-W16,marketing,6,21,0.2857142857142857
3028,no_D,2026-W16,education,5,21,0.23809523809523808
3028,no_D,2026-W16,other,2,21,0.09523809523809523
3028,no_D,2026-W17,meme,5,15,0.3333333333333333
3028,no_D,2026-W17,mourning,1,15,0.06666666666666667
3028,no_D,2026-W17,marketing,6,15,0.4
3028,no_D,2026-W17,education,3,15,0.2
3028,no_D,2026-W17,other,0,15,0.0
3028,no_D,2026-W18,meme,3,12,0.25
3028,no_D,2026-W18,mourning,1,12,0.08333333333333333
3028,no_D,2026-W18,marketing,5,12,0.4166666666666667
3028,no_D,2026-W18,education,3,12,0.25
3028,no_D,2026-W18,other,0,12,0.0
3028,no_D,2026-W19,meme,3,10,0.3
3028,no_D,2026-W19,mourning,1,10,0.1
3028,no_D,2026-W19,marketing,4,10,0.4
3028,no_D,2026-W19,education,2,10,0.2
3028,no_D,2026-W19,other,0,10,0.0
3028,no_D,2026-W20,meme,2,8,0.25
3028,no_D,2026-W20,mourning,1,8,0.125
3028,no_D,2026-W20,marketing,3,8,0.375
3028,no_D,2026-W20,education,2,8,0.25
3028,no_D,2026-W20,other,0,8,0.0
3028,no_D,2026-W21,meme,2,6,0.3333333333333333
3028,no_D,2026-W21,mourning,0,6,0.0
3028,no_D,2026-W21,marketing,3,6,0.5
3028,no_D,2026-W21,education,1,6,0.16666666666666666
3028,no_D,2026-W21,other,0,6,0.0
3028,no_D,2026-W22,meme,1,5,0.2
3028,no_D,2026-W22,mourning,0,5,0.0
3028,no_D,2026-W22,marketing,3,5,0.6
3028,no_D,2026-W22,education,1,5,0.2
3028,no_D,2026-W22,other,0,5,0.0
3028,no_R,2026-W12,meme,0,25,0.0
3028,no_R,2026-W12,mourning,0,25,0.0
3028,no_R,2026-W12,marketing,19,25,0.76
3028,no_R,2026-W12,education,6,25,0.24
3028,no_R,2026-W12,other,0,25,0.0
3028,no_R,2026-W13,meme,0,45,0.0
3028,no_R,2026-W13,mourning,22,45,0.4888888888888889
3028,no_R,2026-W13,marketing,15,45,0.3333333333333333
3028,no_R,2026-W13,education,4,45,0.08888888888888889
3028,no_R,2026-W13,other,4,45,0.08888888888888889
3028,no_R,2026-W14,meme,0,49,0.0
3028,no_R,2026-W14,mourning,17,49,0.3469387755102041
3028,no_R,2026-W14,marketing,19,49,0.3877551020408163
3028,no_R,2026-W14,education,9,49,0.1836734693877551
3028,no_R,2026-W14,other,4,49,0.08163265306122448
3028,no_R,2026-W15,meme,0,55,0.0
3028,no_R,2026-W15,mourning,19,55,0.34545454545454546
3028,no_R,2026-W15,marketing,19,55,0.34545454545454546
3028,no_R,2026-W15,education,11,55,0.2
3028,no_R,2026-W15,other,6,55,0.10909090909090909
3028,no_R,2026-W16,meme,1,59,0.01694915254237288
3028,no_R,2026-W16,mourning,15,59,0.2542372881355932
3028,no_R,2026-W16,marketing,18,59,0.3050847457627119
3028,no_R,2026-W16,education,15,59,0.2542372881355932
3028,no_R,2026-W16,other,10,59,0.1694915254237288
3028,no_R,2026-W17,meme,0,47,0.0
3028,no_R,2026-W17,mourning,16,47,0.3404255319148936
3028,no_R,2026-W17,marketing,16,47,0.3404255319148936
3028,no_R,2026-W17,education,12,47,0.2553191489361702
3028,no_R,2026-W17,other,3,47,0.06382978723404255
3028,no_R,2026-W18,meme,0,53,0.0
3028,no_R,2026-W18,mourning,13,53,0.24528301886792453
3028,no_R,2026-W18,marketing,18,53,0.33962264150943394
3028,no_R,2026-W18,education,13,53,0.24528301886792453
3028,no_R,2026-W18,other,9,53,0.16981132075471697
3028,no_R,2026-W19,meme,0,52,0.0
3028,no_R,2026-W19,mourning,16,52,0.3076923076923077
3028,no_R,2026-W19,marketing,18,52,0.34615384615384615
3028,no_R,2026-W19,education,15,52,0.28846153846153844
3028,no_R,2026-W19,other,3,52,0.057692307692307696
3028,no_R,2026-W20,meme,5,51,0.09803921568627451
3028,no_R,2026-W20,mourning,13,51,0.2549019607843137
3028,no_R,2026-W20,marketing,18,51,0.35294117647058826
3028,no_R,2026-W20,education,13,51,0.2549019607843137
3028,no_R,2026-W20,other,2,51,0.0392156862745098
3028,no_R,2026-W21,meme,12,56,0.21428571428571427
3028,no_R,2026-W21,mourning,14,56,0.25
3028,no_R,2026-W21,marketing,18,56,0.32142857142857145
3028,no_R,2026-W21,education,11,56,0.19642857142857142
3028,no_R,2026-W21,other,1,56,0.017857142857142856
3028,no_R,2026-W22,meme,18,62,0.2903225806451613
3028,no_R,2026-W22,mourning,14,62,0.22580645161290322
3028,no_R,2026-W22,marketing,17,62,0.27419354838709675
3028,no_R,2026-W22,education,13,62,0.20967741935483872
3028,no_R,2026-W22,other,0,62,0.0
3029,full,2026-W12,meme,0,25,0.0
3029,full,2026-W12,mourning,0,25,0.0
3029,full,2026-W12,marketing,19,25,0.76
3029,full,2026-W12,education,6,25,0.24
3029,full,2026-W12,other,0,25,0.0
3029,full,2026-W13,meme,0,40,0.0
3029,full,2026-W13,mourning,22,40,0.55
3029,full,2026-W13,marketing,11,40,0.275
3029,full,2026-W13,education,4,40,0.1
3029,full,2026-W13,other,3,40,0.075
3029,full,2026-W14,meme,0,30,0.0
3029,full,2026-W14,mourning,8,30,0.26666666666666666
3029,full,2026-W14,marketing,11,30,0.36666666666666664
3029,full,2026-W14,education,8,30,0.26666666666666666
3029,full,2026-W14,other,3,30,0.1
3029,full,2026-W15,meme,0,28,0.0
3029,full,2026-W15,mourning,5,28,0.17857142857142858
3029,full,2026-W15,marketing,8,28,0.2857142857142857
3029,full,2026-W15,education,8,28,0.2857142857142857
3029,full,2026-W15,other,7,28,0.25
3029,full,2026-W16,meme,0,21,0.0
3029,full,2026-W16,mourning,2,21,0.09523809523809523
3029,full,2026-W16,marketing,5,21,0.23809523809523808
3029,full,2026-W16,education,7,21,0.3333333333333333
3029,full,2026-W16,other,7,21,0.3333333333333333
3029,full,2026-W17,meme,0,15,0.0
3029,full,2026-W17,mourning,1,15,0.06666666666666667
3029,full,2026-W17,marketing,4,15,0.26666666666666666
3029,full,2026-W17,education,5,15,0.3333333333333333
3029,full,2026-W17,other,5,15,0.3333333333333333
3029,full,2026-W18,meme,0,7,0.0
3029,full,2026-W18,mourning,0,7,0.0
3029,full,2026-W18,marketing,3,7,0.42857142857142855
3029,full,2026-W18,education,3,7,0.42857142857142855
3029,full,2026-W18,other,1,7,0.14285714285714285
3029,full,2026-W19,meme,0,5,0.0
3029,full,2026-W19,mourning,0,5,0.0
3029,full,2026-W19,marketing,3,5,0.6
3029,full,2026-W19,education,2,5,0.4
3029,full,2026-W19,other,0,5,0.0
3029,full,2026-W20,meme,9,14,0.6428571428571429
3029,full,2026-W20,mourning,0,14,0.0
3029,full,2026-W20,marketing,3,14,0.21428571428571427
3029,full,2026-W20,education,2,14,0.14285714285714285
3029,full,2026-W20,other,0,14,0.0
3029,full,2026-W21,meme,18,21,0.8571428571428571
3029,full,2026-W21,mourning,0,21,0.0
3029,full,2026-W21,marketing,3,21,0.14285714285714285
3029,full,2026-W21,education,0,21,0.0
3029,full,2026-W21,other,0,21,0.0
3029,full,2026-W22,meme,18,21,0.8571428571428571
3029,full,2026-W22,mourning,0,21,0.0
3029,full,2026-W22,marketing,3,21,0.14285714285714285
3029,full,2026-W22,education,0,21,0.0
3029,full,2026-W22,other,0,21,0.0
3029,no_B,2026-W12,meme,0,25,0.0
3029,no_B,2026-W12,mourning,0,25,0.0
3029,no_B,2026-W12,marketing,19,25,0.76
3029,no_B,2026-W12,education,6,25,0.24
3029,no_B,2026-W12,other,0,25,0.0
3029,no_B,2026-W13,meme,0,25,0.0
3029,no_B,2026-W13,mourning,22,25,0.88
3029,no_B,2026-W13,marketing,0,25,0.0
3029,no_B,2026-W13,education,0,25,0.0
3029,no_B,2026-W13,other,3,25,0.12
3029,no_B,2026-W14,meme,0,6,0.0
3029,no_B,2026-W14,mourning,0,6,0.0
3029,no_B,2026-W14,marketing,0,6,0.0
3029,no_B,2026-W14,education,3,6,0.5
3029,no_B,2026-W14,other,3,6,0.5
3029,no_B,2026-W15,meme,0,2,0.0
3029,no_B,2026-W15,mourning,0,2,0.0
3029,no_B,2026-W15,marketing,0,2,0.0
3029,no_B,2026-W15,education,1,2,0.5
3029,no_B,2026-W15,other,1,2,0.5
3029,no_B,2026-W16,meme,1,2,0.5
3029,no_B,2026-W16,mourning,0,2,0.0
3029,no_B,2026-W16,marketing,0,2,0.0
3029,no_B,2026-W16,education,1,2,0.5
3029,no_B,2026-W16,other,0,2,0.0
3029,no_B,2026-W17,meme,2,2,1.0
3029,no_B,2026-W17,mourning,0,2,0.0
3029,no_B,2026-W17,marketing,0,2,0.0
3029,no_B,2026-W17,education,0,2,0.0
3029,no_B,2026-W17,other,0,2,0.0
3029,no_B,2026-W18,meme,1,1,1.0
3029,no_B,2026-W18,mourning,0,1,0.0
3029,no_B,2026-W18,marketing,0,1,0.0
3029,no_B,2026-W18,education,0,1,0.0
3029,no_B,2026-W18,other,0,1,0.0
3029,no_B,2026-W19,meme,4,4,1.0
3029,no_B,2026-W19,mourning,0,4,0.0
3029,no_B,2026-W19,marketing,0,4,0.0
3029,no_B,2026-W19,education,0,4,0.0
3029,no_B,2026-W19,other,0,4,0.0
3029,no_B,2026-W20,meme,10,10,1.0
3029,no_B,2026-W20,mourning,0,10,0.0
3029,no_B,2026-W20,marketing,0,10,0.0
3029,no_B,2026-W20,education,0,10,0.0
3029,no_B,2026-W20,other,0,10,0.0
3029,no_B,2026-W21,meme,6,6,1.0
3029,no_B,2026-W21,mourning,0,6,0.0
3029,no_B,2026-W21,marketing,0,6,0.0
3029,no_B,2026-W21,education,0,6,0.0
3029,no_B,2026-W21,other,0,6,0.0
3029,no_B,2026-W22,meme,1,1,1.0
3029,no_B,2026-W22,mourning,0,1,0.0
3029,no_B,2026-W22,marketing,0,1,0.0
3029,no_B,2026-W22,education,0,1,0.0
3029,no_B,2026-W22,other,0,1,0.0
3029,no_D,2026-W12,meme,12,63,0.19047619047619047
3029,no_D,2026-W12,mourning,12,63,0.19047619047619047
3029,no_D,2026-W12,marketing,15,63,0.23809523809523808
3029,no_D,2026-W12,education,9,63,0.14285714285714285
3029,no_D,2026-W12,other,15,63,0.23809523809523808
3029,no_D,2026-W13,meme,12,58,0.20689655172413793
3029,no_D,2026-W13,mourning,12,58,0.20689655172413793
3029,no_D,2026-W13,marketing,11,58,0.1896551724137931
3029,no_D,2026-W13,education,8,58,0.13793103448275862
3029,no_D,2026-W13,other,15,58,0.25862068965517243
3029,no_D,2026-W14,meme,11,45,0.24444444444444444
3029,no_D,2026-W14,mourning,4,45,0.08888888888888889
3029,no_D,2026-W14,marketing,11,45,0.24444444444444444
3029,no_D,2026-W14,education,8,45,0.17777777777777778
3029,no_D,2026-W14,other,11,45,0.24444444444444444
3029,no_D,2026-W15,meme,8,31,0.25806451612903225
3029,no_D,2026-W15,mourning,2,31,0.06451612903225806
3029,no_D,2026-W15,marketing,7,31,0.22580645161290322
3029,no_D,2026-W15,education,6,31,0.1935483870967742
3029,no_D,2026-W15,other,8,31,0.25806451612903225
3029,no_D,2026-W16,meme,7,21,0.3333333333333333
3029,no_D,2026-W16,mourning,2,21,0.09523809523809523
3029,no_D,2026-W16,marketing,5,21,0.23809523809523808
3029,no_D,2026-W16,education,6,21,0.2857142857142857
3029,no_D,2026-W16,other,1,21,0.047619047619047616
3029,no_D,2026-W17,meme,5,15,0.3333333333333333
3029,no_D,2026-W17,mourning,2,15,0.13333333333333333
3029,no_D,2026-W17,marketing,4,15,0.26666666666666666
3029,no_D,2026-W17,education,4,15,0.26666666666666666
3029,no_D,2026-W17,other,0,15,0.0
3029,no_D,2026-W18,meme,4,13,0.3076923076923077
3029,no_D,2026-W18,mourning,2,13,0.15384615384615385
3029,no_D,2026-W18,marketing,4,13,0.3076923076923077
3029,no_D,2026-W18,education,3,13,0.23076923076923078
3029,no_D,2026-W18,other,0,13,0.0
3029,no_D,2026-W19,meme,3,9,0.3333333333333333
3029,no_D,2026-W19,mourning,1,9,0.1111111111111111
3029,no_D,2026-W19,marketing,4,9,0.4444444444444444
3029,no_D,2026-W19,education,1,9,0.1111111111111111
3029,no_D,2026-W19,other,0,9,0.0
3029,no_D,2026-W20,meme,2,7,0.2857142857142857
3029,no_D,2026-W20,mourning,1,7,0.14285714285714285
3029,no_D,2026-W20,marketing,3,7,0.42857142857142855
3029,no_D,2026-W20,education,1,7,0.14285714285714285
3029,no_D,2026-W20,other,0,7,0.0
3029,no_D,2026-W21,meme,2,7,0.2857142857142857
3029,no_D,2026-W21,mourning,1,7,0.14285714285714285
3029,no_D,2026-W21,marketing,3,7,0.42857142857142855
3029,no_D,2026-W21,education,1,7,0.14285714285714285
3029,no_D,2026-W21,other,0,7,0.0
3029,no_D,2026-W22,meme,1,5,0.2
3029,no_D,2026-W22,mourning,1,5,0.2
3029,no_D,2026-W22,marketing,3,5,0.6
3029,no_D,2026-W22,education,0,5,0.0
3029,no_D,2026-W22,other,0,5,0.0
3029,no_R,2026-W12,meme,0,25,0.0
3029,no_R,2026-W12,mourning,0,25,0.0
3029,no_R,2026-W12,marketing,19,25,0.76
3029,no_R,2026-W12,education,6,25,0.24
3029,no_R,2026-W12,other,0,25,0.0
3029,no_R,2026-W13,meme,0,45,0.0
3029,no_R,2026-W13,mourning,22,45,0.4888888888888889
3029,no_R,2026-W13,marketing,15,45,0.3333333333333333
3029,no_R,2026-W13,education,5,45,0.1111111111111111
3029,no_R,2026-W13,other,3,45,0.06666666666666667
3029,no_R,2026-W14,meme,0,48,0.0
3029,no_R,2026-W14,mourning,17,48,0.3541666666666667
3029,no_R,2026-W14,marketing,17,48,0.3541666666666667
3029,no_R,2026-W14,education,10,48,0.20833333333333334
3029,no_R,2026-W14,other,4,48,0.08333333333333333
3029,no_R,2026-W15,meme,0,58,0.0
3029,no_R,2026-W15,mourning,18,58,0.3103448275862069
3029,no_R,2026-W15,marketing,18,58,0.3103448275862069
3029,no_R,2026-W15,education,10,58,0.1724137931034483
3029,no_R,2026-W15,other,12,58,0.20689655172413793
3029,no_R,2026-W16,meme,0,55,0.0
3029,no_R,2026-W16,mourning,19,55,0.34545454545454546
3029,no_R,2026-W16,marketing,16,55,0.2909090909090909
3029,no_R,2026-W16,education,11,55,0.2
3029,no_R,2026-W16,other,9,55,0.16363636363636364
3029,no_R,2026-W17,meme,0,55,0.0
3029,no_R,2026-W17,mourning,16,55,0.2909090909090909
3029,no_R,2026-W17,marketing,17,55,0.3090909090909091
3029,no_R,2026-W17,education,9,55,0.16363636363636364
3029,no_R,2026-W17,other,13,55,0.23636363636363636
3029,no_R,2026-W18,meme,0,56,0.0
3029,no_R,2026-W18,mourning,17,56,0.30357142857142855
3029,no_R,2026-W18,marketing,16,56,0.2857142857142857
3029,no_R,2026-W18,education,12,56,0.21428571428571427
3029,no_R,2026-W18,other,11,56,0.19642857142857142
3029,no_R,2026-W19,meme,0,52,0.0
3029,no_R,2026-W19,mourning,15,52,0.28846153846153844
3029,no_R,2026-W19,marketing,19,52,0.36538461538461536
3029,no_R,2026-W19,education,7,52,0.1346153846153846
3029,no_R,2026-W19,other,11,52,0.21153846153846154
3029,no_R,2026-W20,meme,4,61,0.06557377049180328
3029,no_R,2026-W20,mourning,16,61,0.26229508196721313
3029,no_R,2026-W20,marketing,19,61,0.3114754098360656
3029,no_R,2026-W20,education,13,61,0.21311475409836064
3029,no_R,2026-W20,other,9,61,0.14754098360655737
3029,no_R,2026-W21,meme,12,61,0.19672131147540983
3029,no_R,2026-W21,mourning,15,61,0.2459016393442623
3029,no_R,2026-W21,marketing,17,61,0.2786885245901639
3029,no_R,2026-W21,education,11,61,0.18032786885245902
3029,no_R,2026-W21,other,6,61,0.09836065573770492
3029,no_R,2026-W22,meme,18,61,0.29508196721311475
3029,no_R,2026-W22,mourning,12,61,0.19672131147540983
3029,no_R,2026-W22,marketing,17,61,0.2786885245901639
3029,no_R,2026-W22,education,10,61,0.16393442622950818
3029,no_R,2026-W22,other,4,61,0.06557377049180328
3030,full,2026-W12,meme,0,28,0.0
3030,full,2026-W12,mourning,0,28,0.0
3030,full,2026-W12,marketing,19,28,0.6785714285714286
3030,full,2026-W12,education,9,28,0.32142857142857145
3030,full,2026-W12,other,0,28,0.0
3030,full,2026-W13,meme,0,42,0.0
3030,full,2026-W13,mourning,22,42,0.5238095238095238
3030,full,2026-W13,marketing,11,42,0.2619047619047619
3030,full,2026-W13,education,5,42,0.11904761904761904
3030,full,2026-W13,other,4,42,0.09523809523809523
3030,full,2026-W14,meme,0,32,0.0
3030,full,2026-W14,mourning,7,32,0.21875
3030,full,2026-W14,marketing,12,32,0.375
3030,full,2026-W14,education,8,32,0.25
3030,full,2026-W14,other,5,32,0.15625
3030,full,2026-W15,meme,0,23,0.0
3030,full,2026-W15,mourning,4,23,0.17391304347826086
3030,full,2026-W15,marketing,8,23,0.34782608695652173
3030,full,2026-W15,education,4,23,0.17391304347826086
3030,full,2026-W15,other,7,23,0.30434782608695654
3030,full,2026-W16,meme,0,23,0.0
3030,full,2026-W16,mourning,2,23,0.08695652173913043
3030,full,2026-W16,marketing,6,23,0.2608695652173913
3030,full,2026-W16,education,7,23,0.30434782608695654
3030,full,2026-W16,other,8,23,0.34782608695652173
3030,full,2026-W17,meme,0,14,0.0
3030,full,2026-W17,mourning,0,14,0.0
3030,full,2026-W17,marketing,5,14,0.35714285714285715
3030,full,2026-W17,education,3,14,0.21428571428571427
3030,full,2026-W17,other,6,14,0.42857142857142855
3030,full,2026-W18,meme,0,9,0.0
3030,full,2026-W18,mourning,0,9,0.0
3030,full,2026-W18,marketing,4,9,0.4444444444444444
3030,full,2026-W18,education,3,9,0.3333333333333333
3030,full,2026-W18,other,2,9,0.2222222222222222
3030,full,2026-W19,meme,0,6,0.0
3030,full,2026-W19,mourning,0,6,0.0
3030,full,2026-W19,marketing,4,6,0.6666666666666666
3030,full,2026-W19,education,1,6,0.16666666666666666
3030,full,2026-W19,other,1,6,0.16666666666666666
3030,full,2026-W20,meme,8,13,0.6153846153846154
3030,full,2026-W20,mourning,0,13,0.0
3030,full,2026-W20,marketing,4,13,0.3076923076923077
3030,full,2026-W20,education,1,13,0.07692307692307693
3030,full,2026-W20,other,0,13,0.0
3030,full,2026-W21,meme,19,23,0.8260869565217391
3030,full,2026-W21,mourning,0,23,0.0
3030,full,2026-W21,marketing,3,23,0.13043478260869565
3030,full,2026-W21,education,1,23,0.043478260869565216
3030,full,2026-W21,other,0,23,0.0
3030,full,2026-W22,meme,18,21,0.8571428571428571
3030,full,2026-W22,mourning,0,21,0.0
3030,full,2026-W22,marketing,3,21,0.14285714285714285
3030,full,2026-W22,education,0,21,0.0
3030,full,2026-W22,other,0,21,0.0
3030,no_B,2026-W12,meme,0,28,0.0
3030,no_B,2026-W12,mourning,0,28,0.0
3030,no_B,2026-W12,marketing,19,28,0.6785714285714286
3030,no_B,2026-W12,education,9,28,0.32142857142857145
3030,no_B,2026-W12,other,0,28,0.0
3030,no_B,2026-W13,meme,0,28,0.0
3030,no_B,2026-W13,mourning,22,28,0.7857142857142857
3030,no_B,2026-W13,marketing,0,28,0.0
3030,no_B,2026-W13,education,2,28,0.07142857142857142
3030,no_B,2026-W13,other,4,28,0.14285714285714285
3030,no_B,2026-W14,meme,0,3,0.0
3030,no_B,2026-W14,mourning,0,3,0.0
3030,no_B,2026-W14,marketing,0,3,0.0
3030,no_B,2026-W14,education,3,3,1.0
3030,no_B,2026-W14,other,0,3,0.0
3030,no_B,2026-W15,meme,0,1,0.0
3030,no_B,2026-W15,mourning,0,1,0.0
3030,no_B,2026-W15,marketing,0,1,0.0
3030,no_B,2026-W15,education,0,1,0.0
3030,no_B,2026-W15,other,1,1,1.0
3030,no_B,2026-W16,meme,0,0,0.0
3030,no_B,2026-W16,mourning,0,0,0.0
3030,no_B,2026-W16,marketing,0,0,0.0
3030,no_B,2026-W16,education,0,0,0.0
3030,no_B,2026-W16,other,0,0,0.0
3030,no_B,2026-W17,meme,0,0,0.0
3030,no_B,2026-W17,mourning,0,0,0.0
3030,no_B,2026-W17,marketing,0,0,0.0
3030,no_B,2026-W17,education,0,0,0.0
3030,no_B,2026-W17,other,0,0,0.0
3030,no_B,2026-W18,meme,0,0,0.0
3030,no_B,2026-W18,mourning,0,0,0.0
3030,no_B,2026-W18,marketing,0,0,0.0
3030,no_B,2026-W18,education,0,0,0.0
3030,no_B,2026-W18,other,0,0,0.0
3030,no_B,2026-W19,meme,0,0,0.0
3030,no_B,2026-W19,mourning,0,0,0.0
3030,no_B,2026-W19,marketing,0,0,0.0
3030,no_B,2026-W19,education,0,0,0.0
3030,no_B,2026-W19,other,0,0,0.0
3030,no_B,2026-W20,meme,8,8,1.0
3030,no_B,2026-W20,mourning,0,8,0.0
3030,no_B,2026-W20,marketing,0,8,0.0
3030,no_B,2026-W20,education,0,8,0.0
3030,no_B,2026-W20,other,0,8,0.0
3030,no_B,2026-W21,meme,14,14,1.0
3030,no_B,2026-W21,mourning,0,14,0.0
3030,no_B,2026-W21,marketing,0,14,0.0
3030,no_B,2026-W21,education,0,14,0.0
3030,no_B,2026-W21,other,0,14,0.0
3030,no_B,2026-W22,meme,2,2,1.0
3030,no_B,2026-W22,mourning,0,2,0.0
3030,no_B,2026-W22,marketing,0,2,0.0
3030,no_B,2026-W22,education,0,2,0.0
3030,no_B,2026-W22,other,0,2,0.0
3030,no_D,2026-W12,meme,12,63,0.19047619047619047
3030,no_D,2026-W12,mourning,12,63,0.19047619047619047
3030,no_D,2026-W12,marketing,15,63,0.23809523809523808
3030,no_D,2026-W12,education,9,63,0.14285714285714285
3030,no_D,2026-W12,other,15,63,0.23809523809523808
3030,no_D,2026-W13,meme,12,56,0.21428571428571427
3030,no_D,2026-W13,mourning,12,56,0.21428571428571427
3030,no_D,2026-W13,marketing,10,56,0.17857142857142858
3030,no_D,2026-W13,education,7,56,0.125
3030,no_D,2026-W13,other,15,56,0.26785714285714285
3030,no_D,2026-W14,meme,11,41,0.2682926829268293
3030,no_D,2026-W14,mourning,4,41,0.0975609756097561
3030,no_D,2026-W14,marketing,9,41,0.21951219512195122
3030,no_D,2026-W14,education,6,41,0.14634146341463414
3030,no_D,2026-W14,other,11,41,0.2682926829268293
3030,no_D,2026-W15,meme,10,29,0.3448275862068966
3030,no_D,2026-W15,mourning,3,29,0.10344827586206896
3030,no_D,2026-W15,marketing,7,29,0.2413793103448276
3030,no_D,2026-W15,education,5,29,0.1724137931034483
3030,no_D,2026-W15,other,4,29,0.13793103448275862
3030,no_D,2026-W16,meme,6,21,0.2857142857142857
3030,no_D,2026-W16,mourning,1,21,0.047619047619047616
3030,no_D,2026-W16,marketing,6,21,0.2857142857142857
3030,no_D,2026-W16,education,5,21,0.23809523809523808
3030,no_D,2026-W16,other,3,21,0.14285714285714285
3030,no_D,2026-W17,meme,6,16,0.375
3030,no_D,2026-W17,mourning,1,16,0.0625
3030,no_D,2026-W17,marketing,5,16,0.3125
3030,no_D,2026-W17,education,3,16,0.1875
3030,no_D,2026-W17,other,1,16,0.0625
3030,no_D,2026-W18,meme,3,11,0.2727272727272727
3030,no_D,2026-W18,mourning,1,11,0.09090909090909091
3030,no_D,2026-W18,marketing,4,11,0.36363636363636365
3030,no_D,2026-W18,education,3,11,0.2727272727272727
3030,no_D,2026-W18,other,0,11,0.0
3030,no_D,2026-W19,meme,3,10,0.3
3030,no_D,2026-W19,mourning,1,10,0.1
3030,no_D,2026-W19,marketing,4,10,0.4
3030,no_D,2026-W19,education,2,10,0.2
3030,no_D,2026-W19,other,0,10,0.0
3030,no_D,2026-W20,meme,2,8,0.25
3030,no_D,2026-W20,mourning,1,8,0.125
3030,no_D,2026-W20,marketing,4,8,0.5
3030,no_D,2026-W20,education,1,8,0.125
3030,no_D,2026-W20,other,0,8,0.0
3030,no_D,2026-W21,meme,2,7,0.2857142857142857
3030,no_D,2026-W21,mourning,1,7,0.14285714285714285
3030,no_D,2026-W21,marketing,4,7,0.5714285714285714
3030,no_D,2026-W21,education,0,7,0.0
3030,no_D,2026-W21,other,0,7,0.0
3030,no_D,2026-W22,meme,2,6,0.3333333333333333
3030,no_D,2026-W22,mourning,1,6,0.16666666666666666
3030,no_D,2026-W22,marketing,3,6,0.5
3030,no_D,2026-W22,education,0,6,0.0
3030,no_D,2026-W22,other,0,6,0.0
3030,no_R,2026-W12,meme,0,28,0.0
3030,no_R,2026-W12,mourning,0,28,0.0
3030,no_R,2026-W12,marketing,19,28,0.6785714285714286
3030,no_R,2026-W12,education,9,28,0.32142857142857145
3030,no_R,2026-W12,other,0,28,0.0
3030,no_R,2026-W13,meme,0,47,0.0
3030,no_R,2026-W13,mourning,22,47,0.46808510638297873
3030,no_R,2026-W13,marketing,15,47,0.3191489361702128
3030,no_R,2026-W13,education,6,47,0.1276595744680851
3030,no_R,2026-W13,other,4,47,0.0851063829787234
3030,no_R,2026-W14,meme,0,50,0.0
3030,no_R,2026-W14,mourning,16,50,0.32
3030,no_R,2026-W14,marketing,17,50,0.34
3030,no_R,2026-W14,education,13,50,0.26
3030,no_R,2026-W14,other,4,50,0.08
3030,no_R,2026-W15,meme,0,55,0.0
3030,no_R,2026-W15,mourning,20,55,0.36363636363636365
3030,no_R,2026-W15,marketing,16,55,0.2909090909090909
3030,no_R,2026-W15,education,11,55,0.2
3030,no_R,2026-W15,other,8,55,0.14545454545454545
3030,no_R,2026-W16,meme,0,58,0.0
3030,no_R,2026-W16,mourning,17,58,0.29310344827586204
3030,no_R,2026-W16,marketing,18,58,0.3103448275862069
3030,no_R,2026-W16,education,13,58,0.22413793103448276
3030,no_R,2026-W16,other,10,58,0.1724137931034483
3030,no_R,2026-W17,meme,0,52,0.0
3030,no_R,2026-W17,mourning,17,52,0.3269230769230769
3030,no_R,2026-W17,marketing,15,52,0.28846153846153844
3030,no_R,2026-W17,education,13,52,0.25
3030,no_R,2026-W17,other,7,52,0.1346153846153846
3030,no_R,2026-W18,meme,0,58,0.0
3030,no_R,2026-W18,mourning,15,58,0.25862068965517243
3030,no_R,2026-W18,marketing,18,58,0.3103448275862069
3030,no_R,2026-W18,education,14,58,0.2413793103448276
3030,no_R,2026-W18,other,11,58,0.1896551724137931
3030,no_R,2026-W19,meme,0,54,0.0
3030,no_R,2026-W19,mourning,15,54,0.2777777777777778
3030,no_R,2026-W19,marketing,17,54,0.3148148148148148
3030,no_R,2026-W19,education,13,54,0.24074074074074073
3030,no_R,2026-W19,other,9,54,0.16666666666666666
3030,no_R,2026-W20,meme,3,55,0.05454545454545454
3030,no_R,2026-W20,mourning,13,55,0.23636363636363636
3030,no_R,2026-W20,marketing,19,55,0.34545454545454546
3030,no_R,2026-W20,education,14,55,0.2545454545454545
3030,no_R,2026-W20,other,6,55,0.10909090909090909
3030,no_R,2026-W21,meme,14,57,0.24561403508771928
3030,no_R,2026-W21,mourning,9,57,0.15789473684210525
3030,no_R,2026-W21,marketing,16,57,0.2807017543859649
3030,no_R,2026-W21,education,13,57,0.22807017543859648
3030,no_R,2026-W21,other,5,57,0.08771929824561403
3030,no_R,2026-W22,meme,19,60,0.31666666666666665
3030,no_R,2026-W22,mourning,7,60,0.11666666666666667
3030,no_R,2026-W22,marketing,18,60,0.3
3030,no_R,2026-W22,education,13,60,0.21666666666666667
3030,no_R,2026-W22,other,3,60,0.05
3031,full,2026-W12,meme,0,29,0.0
3031,full,2026-W12,mourning,0,29,0.0
3031,full,2026-W12,marketing,19,29,0.6551724137931034
3031,full,2026-W12,education,10,29,0.3448275862068966
3031,full,2026-W12,other,0,29,0.0
3031,full,2026-W13,meme,0,43,0.0
3031,full,2026-W13,mourning,22,43,0.5116279069767442
3031,full,2026-W13,marketing,11,43,0.2558139534883721
3031,full,2026-W13,education,5,43,0.11627906976744186
3031,full,2026-W13,other,5,43,0.11627906976744186
3031,full,2026-W14,meme,0,32,0.0
3031,full,2026-W14,mourning,8,32,0.25
3031,full,2026-W14,marketing,10,32,0.3125
3031,full,2026-W14,education,6,32,0.1875
3031,full,2026-W14,other,8,32,0.25
3031,full,2026-W15,meme,0,28,0.0
3031,full,2026-W15,mourning,7,28,0.25
3031,full,2026-W15,marketing,7,28,0.25
3031,full,2026-W15,education,8,28,0.2857142857142857
3031,full,2026-W15,other,6,28,0.21428571428571427
3031,full,2026-W16,meme,0,18,0.0
3031,full,2026-W16,mourning,2,18,0.1111111111111111
3031,full,2026-W16,marketing,5,18,0.2777777777777778
3031,full,2026-W16,education,6,18,0.3333333333333333
3031,full,2026-W16,other,5,18,0.2777777777777778
3031,full,2026-W17,meme,0,13,0.0
3031,full,2026-W17,mourning,0,13,0.0
3031,full,2026-W17,marketing,4,13,0.3076923076923077
3031,full,2026-W17,education,3,13,0.23076923076923078
3031,full,2026-W17,other,6,13,0.46153846153846156
3031,full,2026-W18,meme,0,8,0.0
3031,full,2026-W18,mourning,0,8,0.0
3031,full,2026-W18,marketing,4,8,0.5
3031,full,2026-W18,education,4,8,0.5
3031,full,2026-W18,other,0,8,0.0
3031,full,2026-W19,meme,0,5,0.0
3031,full,2026-W19,mourning,0,5,0.0
3031,full,2026-W19,marketing,4,5,0.8
3031,full,2026-W19,education,1,5,0.2
3031,full,2026-W19,other,0,5,0.0
3031,full,2026-W20,meme,10,15,0.6666666666666666
3031,full,2026-W20,mourning,0,15,0.0
3031,full,2026-W20,marketing,4,15,0.26666666666666666
3031,full,2026-W20,education,1,15,0.06666666666666667
3031,full,2026-W20,other,0,15,0.0
3031,full,2026-W21,meme,18,22,0.8181818181818182
3031,full,2026-W21,mourning,0,22,0.0
3031,full,2026-W21,marketing,3,22,0.13636363636363635
3031,full,2026-W21,education,1,22,0.045454545454545456
3031,full,2026-W21,other,0,22,0.0
3031,full,2026-W22,meme,18,21,0.8571428571428571
3031,full,2026-W22,mourning,0,21,0.0
3031,full,2026-W22,marketing,3,21,0.14285714285714285
3031,full,2026-W22,education,0,21,0.0
3031,full,2026-W22,other,0,21,0.0
3031,no_B,2026-W12,meme,0,29,0.0
3031,no_B,2026-W12,mourning,0,29,0.0
3031,no_B,2026-W12,marketing,19,29,0.6551724137931034
3031,no_B,2026-W12,education,10,29,0.3448275862068966
3031,no_B,2026-W12,other,0,29,0.0
3031,no_B,2026-W13,meme,0,29,0.0
3031,no_B,2026-W13,mourning,22,29,0.7586206896551724
3031,no_B,2026-W13,marketing,0,29,0.0
3031,no_B,2026-W13,education,2,29,0.06896551724137931
3031,no_B,2026-W13,other,5,29,0.1724137931034483
3031,no_B,2026-W14,meme,0,3,0.0
3031,no_B,2026-W14,mourning,0,3,0.0
3031,no_B,2026-W14,marketing,0,3,0.0
3031,no_B,2026-W14,education,2,3,0.6666666666666666
3031,no_B,2026-W14,other,1,3,0.3333333333333333
3031,no_B,2026-W15,meme,1,4,0.25
3031,no_B,2026-W15,mourning,0,4,0.0
3031,no_B,2026-W15,marketing,0,4,0.0
3031,no_B,2026-W15,education,1,4,0.25
3031,no_B,2026-W15,other,2,4,0.5
3031,no_B,2026-W16,meme,3,3,1.0
3031,no_B,2026-W16,mourning,0,3,0.0
3031,no_B,2026-W16,marketing,0,3,0.0
3031,no_B,2026-W16,education,0,3,0.0
3031,no_B,2026-W16,other,0,3,0.0
3031,no_B,2026-W17,meme,1,1,1.0
3031,no_B,2026-W17,mourning,0,1,0.0
3031,no_B,2026-W17,marketing,0,1,0.0
3031,no_B,2026-W17,education,0,1,0.0
3031,no_B,2026-W17,other,0,1,0.0
3031,no_B,2026-W18,meme,0,0,0.0
3031,no_B,2026-W18,mourning,0,0,0.0
3031,no_B,2026-W18,marketing,0,0,0.0
3031,no_B,2026-W18,education,0,0,0.0
3031,no_B,2026-W18,other,0,0,0.0
3031,no_B,2026-W19,meme,0,0,0.0
3031,no_B,2026-W19,mourning,0,0,0.0
3031,no_B,2026-W19,marketing,0,0,0.0
3031,no_B,2026-W19,education,0,0,0.0
3031,no_B,2026-W19,other,0,0,0.0
3031,no_B,2026-W20,meme,5,5,1.0
3031,no_B,2026-W20,mourning,0,5,0.0
3031,no_B,2026-W20,marketing,0,5,0.0
3031,no_B,2026-W20,education,0,5,0.0
3031,no_B,2026-W20,other,0,5,0.0
3031,no_B,2026-W21,meme,9,9,1.0
3031,no_B,2026-W21,mourning,0,9,0.0
3031,no_B,2026-W21,marketing,0,9,0.0
3031,no_B,2026-W21,education,0,9,0.0
3031,no_B,2026-W21,other,0,9,0.0
3031,no_B,2026-W22,meme,2,2,1.0
3031,no_B,2026-W22,mourning,0,2,0.0
3031,no_B,2026-W22,marketing,0,2,0.0
3031,no_B,2026-W22,education,0,2,0.0
3031,no_B,2026-W22,other,0,2,0.0
3031,no_D,2026-W12,meme,12,63,0.19047619047619047
3031,no_D,2026-W12,mourning,12,63,0.19047619047619047
3031,no_D,2026-W12,marketing,15,63,0.23809523809523808
3031,no_D,2026-W12,education,9,63,0.14285714285714285
3031,no_D,2026-W12,other,15,63,0.23809523809523808
3031,no_D,2026-W13,meme,12,55,0.21818181818181817
3031,no_D,2026-W13,mourning,12,55,0.21818181818181817
3031,no_D,2026-W13,marketing,10,55,0.18181818181818182
3031,no_D,2026-W13,education,6,55,0.10909090909090909
3031,no_D,2026-W13,other,15,55,0.2727272727272727
3031,no_D,2026-W14,meme,11,43,0.2558139534883721
3031,no_D,2026-W14,mourning,4,43,0.09302325581395349
3031,no_D,2026-W14,marketing,9,43,0.20930232558139536
3031,no_D,2026-W14,education,6,43,0.13953488372093023
3031,no_D,2026-W14,other,13,43,0.3023255813953488
3031,no_D,2026-W15,meme,7,31,0.22580645161290322
3031,no_D,2026-W15,mourning,3,31,0.0967741935483871
3031,no_D,2026-W15,marketing,7,31,0.22580645161290322
3031,no_D,2026-W15,education,6,31,0.1935483870967742
3031,no_D,2026-W15,other,8,31,0.25806451612903225
3031,no_D,2026-W16,meme,6,18,0.3333333333333333
3031,no_D,2026-W16,mourning,2,18,0.1111111111111111
3031,no_D,2026-W16,marketing,5,18,0.2777777777777778
3031,no_D,2026-W16,education,4,18,0.2222222222222222
3031,no_D,2026-W16,other,1,18,0.05555555555555555
3031,no_D,2026-W17,meme,6,15,0.4
3031,no_D,2026-W17,mourning,1,15,0.06666666666666667
3031,no_D,2026-W17,marketing,5,15,0.3333333333333333
3031,no_D,2026-W17,education,3,15,0.2
3031,no_D,2026-W17,other,0,15,0.0
3031,no_D,2026-W18,meme,5,13,0.38461538461538464
3031,no_D,2026-W18,mourning,1,13,0.07692307692307693
3031,no_D,2026-W18,marketing,5,13,0.38461538461538464
3031,no_D,2026-W18,education,2,13,0.15384615384615385
3031,no_D,2026-W18,other,0,13,0.0
3031,no_D,2026-W19,meme,3,10,0.3
3031,no_D,2026-W19,mourning,1,10,0.1
3031,no_D,2026-W19,marketing,4,10,0.4
3031,no_D,2026-W19,education,2,10,0.2
3031,no_D,2026-W19,other,0,10,0.0
3031,no_D,2026-W20,meme,3,8,0.375
3031,no_D,2026-W20,mourning,1,8,0.125
3031,no_D,2026-W20,marketing,3,8,0.375
3031,no_D,2026-W20,education,1,8,0.125
3031,no_D,2026-W20,other,0,8,0.0
3031,no_D,2026-W21,meme,2,6,0.3333333333333333
3031,no_D,2026-W21,mourning,1,6,0.16666666666666666
3031,no_D,2026-W21,marketing,3,6,0.5
3031,no_D,2026-W21,education,0,6,0.0
3031,no_D,2026-W21,other,0,6,0.0
3031,no_D,2026-W22,meme,2,6,0.3333333333333333
3031,no_D,2026-W22,mourning,1,6,0.16666666666666666
3031,no_D,2026-W22,marketing,3,6,0.5
3031,no_D,2026-W22,education,0,6,0.0
3031,no_D,2026-W22,other,0,6,0.0
3031,no_R,2026-W12,meme,0,29,0.0
3031,no_R,2026-W12,mourning,0,29,0.0
3031,no_R,2026-W12,marketing,19,29,0.6551724137931034
3031,no_R,2026-W12,education,10,29,0.3448275862068966
3031,no_R,2026-W12,other,0,29,0.0
3031,no_R,2026-W13,meme,0,49,0.0
3031,no_R,2026-W13,mourning,22,49,0.4489795918367347
3031,no_R,2026-W13,marketing,15,49,0.30612244897959184
3031,no_R,2026-W13,education,7,49,0.14285714285714285
3031,no_R,2026-W13,other,5,49,0.10204081632653061
3031,no_R,2026-W14,meme,0,51,0.0
3031,no_R,2026-W14,mourning,14,51,0.27450980392156865
3031,no_R,2026-W14,marketing,19,51,0.37254901960784315
3031,no_R,2026-W14,education,13,51,0.2549019607843137
3031,no_R,2026-W14,other,5,51,0.09803921568627451
3031,no_R,2026-W15,meme,0,53,0.0
3031,no_R,2026-W15,mourning,17,53,0.32075471698113206
3031,no_R,2026-W15,marketing,15,53,0.2830188679245283
3031,no_R,2026-W15,education,12,53,0.22641509433962265
3031,no_R,2026-W15,other,9,53,0.16981132075471697
3031,no_R,2026-W16,meme,0,46,0.0
3031,no_R,2026-W16,mourning,12,46,0.2608695652173913
3031,no_R,2026-W16,marketing,14,46,0.30434782608695654
3031,no_R,2026-W16,education,11,46,0.2391304347826087
3031,no_R,2026-W16,other,9,46,0.1956521739130435
3031,no_R,2026-W17,meme,0,53,0.0
3031,no_R,2026-W17,mourning,18,53,0.33962264150943394
3031,no_R,2026-W17,marketing,16,53,0.3018867924528302
3031,no_R,2026-W17,education,11,53,0.20754716981132076
3031,no_R,2026-W17,other,8,53,0.1509433962264151
3031,no_R,2026-W18,meme,0,51,0.0
3031,no_R,2026-W18,mourning,15,51,0.29411764705882354
3031,no_R,2026-W18,marketing,16,51,0.3137254901960784
3031,no_R,2026-W18,education,10,51,0.19607843137254902
3031,no_R,2026-W18,other,10,51,0.19607843137254902
3031,no_R,2026-W19,meme,0,47,0.0
3031,no_R,2026-W19,mourning,12,47,0.2553191489361702
3031,no_R,2026-W19,marketing,16,47,0.3404255319148936
3031,no_R,2026-W19,education,10,47,0.2127659574468085
3031,no_R,2026-W19,other,9,47,0.19148936170212766
3031,no_R,2026-W20,meme,3,54,0.05555555555555555
3031,no_R,2026-W20,mourning,11,54,0.2037037037037037
3031,no_R,2026-W20,marketing,18,54,0.3333333333333333
3031,no_R,2026-W20,education,11,54,0.2037037037037037
3031,no_R,2026-W20,other,11,54,0.2037037037037037
3031,no_R,2026-W21,meme,13,56,0.23214285714285715
3031,no_R,2026-W21,mourning,9,56,0.16071428571428573
3031,no_R,2026-W21,marketing,19,56,0.3392857142857143
3031,no_R,2026-W21,education,9,56,0.16071428571428573
3031,no_R,2026-W21,other,6,56,0.10714285714285714
3031,no_R,2026-W22,meme,19,56,0.3392857142857143
3031,no_R,2026-W22,mourning,5,56,0.08928571428571429
3031,no_R,2026-W22,marketing,18,56,0.32142857142857145
3031,no_R,2026-W22,education,10,56,0.17857142857142858
3031,no_R,2026-W22,other,4,56,0.07142857142857142
3032,full,2026-W12,meme,0,28,0.0
3032,full,2026-W12,mourning,0,28,0.0
3032,full,2026-W12,marketing,19,28,0.6785714285714286
3032,full,2026-W12,education,9,28,0.32142857142857145
3032,full,2026-W12,other,0,28,0.0
3032,full,2026-W13,meme,0,40,0.0
3032,full,2026-W13,mourning,22,40,0.55
3032,full,2026-W13,marketing,10,40,0.25
3032,full,2026-W13,education,4,40,0.1
3032,full,2026-W13,other,4,40,0.1
3032,full,2026-W14,meme,0,33,0.0
3032,full,2026-W14,mourning,8,33,0.24242424242424243
3032,full,2026-W14,marketing,12,33,0.36363636363636365
3032,full,2026-W14,education,8,33,0.24242424242424243
3032,full,2026-W14,other,5,33,0.15151515151515152
3032,full,2026-W15,meme,0,32,0.0
3032,full,2026-W15,mourning,8,32,0.25
3032,full,2026-W15,marketing,10,32,0.3125
3032,full,2026-W15,education,5,32,0.15625
3032,full,2026-W15,other,9,32,0.28125
3032,full,2026-W16,meme,0,21,0.0
3032,full,2026-W16,mourning,4,21,0.19047619047619047
3032,full,2026-W16,marketing,5,21,0.23809523809523808
3032,full,2026-W16,education,5,21,0.23809523809523808
3032,full,2026-W16,other,7,21,0.3333333333333333
3032,full,2026-W17,meme,0,11,0.0
3032,full,2026-W17,mourning,0,11,0.0
3032,full,2026-W17,marketing,5,11,0.45454545454545453
3032,full,2026-W17,education,2,11,0.18181818181818182
3032,full,2026-W17,other,4,11,0.36363636363636365
3032,full,2026-W18,meme,0,6,0.0
3032,full,2026-W18,mourning,0,6,0.0
3032,full,2026-W18,marketing,4,6,0.6666666666666666
3032,full,2026-W18,education,2,6,0.3333333333333333
3032,full,2026-W18,other,0,6,0.0
3032,full,2026-W19,meme,0,6,0.0
3032,full,2026-W19,mourning,0,6,0.0
3032,full,2026-W19,marketing,4,6,0.6666666666666666
3032,full,2026-W19,education,2,6,0.3333333333333333
3032,full,2026-W19,other,0,6,0.0
3032,full,2026-W20,meme,9,16,0.5625
3032,full,2026-W20,mourning,0,16,0.0
3032,full,2026-W20,marketing,4,16,0.25
3032,full,2026-W20,education,3,16,0.1875
3032,full,2026-W20,other,0,16,0.0
3032,full,2026-W21,meme,18,23,0.782608695652174
3032,full,2026-W21,mourning,0,23,0.0
3032,full,2026-W21,marketing,3,23,0.13043478260869565
3032,full,2026-W21,education,2,23,0.08695652173913043
3032,full,2026-W21,other,0,23,0.0
3032,full,2026-W22,meme,19,23,0.8260869565217391
3032,full,2026-W22,mourning,0,23,0.0
3032,full,2026-W22,marketing,3,23,0.13043478260869565
3032,full,2026-W22,education,1,23,0.043478260869565216
3032,full,2026-W22,other,0,23,0.0
3032,no_B,2026-W12,meme,0,28,0.0
3032,no_B,2026-W12,mourning,0,28,0.0
3032,no_B,2026-W12,marketing,19,28,0.6785714285714286
3032,no_B,2026-W12,education,9,28,0.32142857142857145
3032,no_B,2026-W12,other,0,28,0.0
3032,no_B,2026-W13,meme,0,27,0.0
3032,no_B,2026-W13,mourning,22,27,0.8148148148148148
3032,no_B,2026-W13,marketing,0,27,0.0
3032,no_B,2026-W13,education,1,27,0.037037037037037035
3032,no_B,2026-W13,other,4,27,0.14814814814814814
3032,no_B,2026-W14,meme,0,5,0.0
3032,no_B,2026-W14,mourning,0,5,0.0
3032,no_B,2026-W14,marketing,0,5,0.0
3032,no_B,2026-W14,education,3,5,0.6
3032,no_B,2026-W14,other,2,5,0.4
3032,no_B,2026-W15,meme,0,4,0.0
3032,no_B,2026-W15,mourning,0,4,0.0
3032,no_B,2026-W15,marketing,0,4,0.0
3032,no_B,2026-W15,education,2,4,0.5
3032,no_B,2026-W15,other,2,4,0.5
3032,no_B,2026-W16,meme,0,0,0.0
3032,no_B,2026-W16,mourning,0,0,0.0
3032,no_B,2026-W16,marketing,0,0,0.0
3032,no_B,2026-W16,education,0,0,0.0
3032,no_B,2026-W16,other,0,0,0.0
3032,no_B,2026-W17,meme,0,0,0.0
3032,no_B,2026-W17,mourning,0,0,0.0
3032,no_B,2026-W17,marketing,0,0,0.0
3032,no_B,2026-W17,education,0,0,0.0
3032,no_B,2026-W17,other,0,0,0.0
3032,no_B,2026-W18,meme,0,0,0.0
3032,no_B,2026-W18,mourning,0,0,0.0
3032,no_B,2026-W18,marketing,0,0,0.0
3032,no_B,2026-W18,education,0,0,0.0
3032,no_B,2026-W18,other,0,0,0.0
3032,no_B,2026-W19,meme,0,0,0.0
3032,no_B,2026-W19,mourning,0,0,0.0
3032,no_B,2026-W19,marketing,0,0,0.0
3032,no_B,2026-W19,education,0,0,0.0
3032,no_B,2026-W19,other,0,0,0.0
3032,no_B,2026-W20,meme,10,10,1.0
3032,no_B,2026-W20,mourning,0,10,0.0
3032,no_B,2026-W20,marketing,0,10,0.0
3032,no_B,2026-W20,education,0,10,0.0
3032,no_B,2026-W20,other,0,10,0.0
3032,no_B,2026-W21,meme,13,13,1.0
3032,no_B,2026-W21,mourning,0,13,0.0
3032,no_B,2026-W21,marketing,0,13,0.0
3032,no_B,2026-W21,education,0,13,0.0
3032,no_B,2026-W21,other,0,13,0.0
3032,no_B,2026-W22,meme,3,3,1.0
3032,no_B,2026-W22,mourning,0,3,0.0
3032,no_B,2026-W22,marketing,0,3,0.0
3032,no_B,2026-W22,education,0,3,0.0
3032,no_B,2026-W22,other,0,3,0.0
3032,no_D,2026-W12,meme,12,63,0.19047619047619047
3032,no_D,2026-W12,mourning,12,63,0.19047619047619047
3032,no_D,2026-W12,marketing,15,63,0.23809523809523808
3032,no_D,2026-W12,education,9,63,0.14285714285714285
3032,no_D,2026-W12,other,15,63,0.23809523809523808
3032,no_D,2026-W13,meme,12,56,0.21428571428571427
3032,no_D,2026-W13,mourning,12,56,0.21428571428571427
3032,no_D,2026-W13,marketing,11,56,0.19642857142857142
3032,no_D,2026-W13,education,6,56,0.10714285714285714
3032,no_D,2026-W13,other,15,56,0.26785714285714285
3032,no_D,2026-W14,meme,11,43,0.2558139534883721
3032,no_D,2026-W14,mourning,4,43,0.09302325581395349
3032,no_D,2026-W14,marketing,10,43,0.23255813953488372
3032,no_D,2026-W14,education,6,43,0.13953488372093023
3032,no_D,2026-W14,other,12,43,0.27906976744186046
3032,no_D,2026-W15,meme,9,31,0.2903225806451613
3032,no_D,2026-W15,mourning,3,31,0.0967741935483871
3032,no_D,2026-W15,marketing,8,31,0.25806451612903225
3032,no_D,2026-W15,education,5,31,0.16129032258064516
3032,no_D,2026-W15,other,6,31,0.1935483870967742
3032,no_D,2026-W16,meme,7,23,0.30434782608695654
3032,no_D,2026-W16,mourning,2,23,0.08695652173913043
3032,no_D,2026-W16,marketing,6,23,0.2608695652173913
3032,no_D,2026-W16,education,5,23,0.21739130434782608
3032,no_D,2026-W16,other,3,23,0.13043478260869565
3032,no_D,2026-W17,meme,4,13,0.3076923076923077
3032,no_D,2026-W17,mourning,1,13,0.07692307692307693
3032,no_D,2026-W17,marketing,5,13,0.38461538461538464
3032,no_D,2026-W17,education,3,13,0.23076923076923078
3032,no_D,2026-W17,other,0,13,0.0
3032,no_D,2026-W18,meme,2,10,0.2
3032,no_D,2026-W18,mourning,1,10,0.1
3032,no_D,2026-W18,marketing,4,10,0.4
3032,no_D,2026-W18,education,3,10,0.3
3032,no_D,2026-W18,other,0,10,0.0
3032,no_D,2026-W19,meme,2,9,0.2222222222222222
3032,no_D,2026-W19,mourning,1,9,0.1111111111111111
3032,no_D,2026-W19,marketing,4,9,0.4444444444444444
3032,no_D,2026-W19,education,2,9,0.2222222222222222
3032,no_D,2026-W19,other,0,9,0.0
3032,no_D,2026-W20,meme,2,7,0.2857142857142857
3032,no_D,2026-W20,mourning,1,7,0.14285714285714285
3032,no_D,2026-W20,marketing,3,7,0.42857142857142855
3032,no_D,2026-W20,education,1,7,0.14285714285714285
3032,no_D,2026-W20,other,0,7,0.0
3032,no_D,2026-W21,meme,2,7,0.2857142857142857
3032,no_D,2026-W21,mourning,1,7,0.14285714285714285
3032,no_D,2026-W21,marketing,3,7,0.42857142857142855
3032,no_D,2026-W21,education,1,7,0.14285714285714285
3032,no_D,2026-W21,other,0,7,0.0
3032,no_D,2026-W22,meme,2,6,0.3333333333333333
3032,no_D,2026-W22,mourning,1,6,0.16666666666666666
3032,no_D,2026-W22,marketing,3,6,0.5
3032,no_D,2026-W22,education,0,6,0.0
3032,no_D,2026-W22,other,0,6,0.0
3032,no_R,2026-W12,meme,0,28,0.0
3032,no_R,2026-W12,mourning,0,28,0.0
3032,no_R,2026-W12,marketing,19,28,0.6785714285714286
3032,no_R,2026-W12,education,9,28,0.32142857142857145
3032,no_R,2026-W12,other,0,28,0.0
3032,no_R,2026-W13,meme,0,45,0.0
3032,no_R,2026-W13,mourning,22,45,0.4888888888888889
3032,no_R,2026-W13,marketing,14,45,0.3111111111111111
3032,no_R,2026-W13,education,5,45,0.1111111111111111
3032,no_R,2026-W13,other,4,45,0.08888888888888889
3032,no_R,2026-W14,meme,0,50,0.0
3032,no_R,2026-W14,mourning,18,50,0.36
3032,no_R,2026-W14,marketing,18,50,0.36
3032,no_R,2026-W14,education,10,50,0.2
3032,no_R,2026-W14,other,4,50,0.08
3032,no_R,2026-W15,meme,0,58,0.0
3032,no_R,2026-W15,mourning,21,58,0.3620689655172414
3032,no_R,2026-W15,marketing,17,58,0.29310344827586204
3032,no_R,2026-W15,education,11,58,0.1896551724137931
3032,no_R,2026-W15,other,9,58,0.15517241379310345
3032,no_R,2026-W16,meme,0,57,0.0
3032,no_R,2026-W16,mourning,14,57,0.24561403508771928
3032,no_R,2026-W16,marketing,19,57,0.3333333333333333
3032,no_R,2026-W16,education,13,57,0.22807017543859648
3032,no_R,2026-W16,other,11,57,0.19298245614035087
3032,no_R,2026-W17,meme,0,45,0.0
3032,no_R,2026-W17,mourning,13,45,0.28888888888888886
3032,no_R,2026-W17,marketing,16,45,0.35555555555555557
3032,no_R,2026-W17,education,10,45,0.2222222222222222
3032,no_R,2026-W17,other,6,45,0.13333333333333333
3032,no_R,2026-W18,meme,0,56,0.0
3032,no_R,2026-W18,mourning,14,56,0.25
3032,no_R,2026-W18,marketing,18,56,0.32142857142857145
3032,no_R,2026-W18,education,13,56,0.23214285714285715
3032,no_R,2026-W18,other,11,56,0.19642857142857142
3032,no_R,2026-W19,meme,0,52,0.0
3032,no_R,2026-W19,mourning,12,52,0.23076923076923078
3032,no_R,2026-W19,marketing,18,52,0.34615384615384615
3032,no_R,2026-W19,education,14,52,0.2692307692307692
3032,no_R,2026-W19,other,8,52,0.15384615384615385
3032,no_R,2026-W20,meme,3,52,0.057692307692307696
3032,no_R,2026-W20,mourning,14,52,0.2692307692307692
3032,no_R,2026-W20,marketing,17,52,0.3269230769230769
3032,no_R,2026-W20,education,13,52,0.25
3032,no_R,2026-W20,other,5,52,0.09615384615384616
3032,no_R,2026-W21,meme,9,55,0.16363636363636364
3032,no_R,2026-W21,mourning,12,55,0.21818181818181817
3032,no_R,2026-W21,marketing,17,55,0.3090909090909091
3032,no_R,2026-W21,education,14,55,0.2545454545454545
3032,no_R,2026-W21,other,3,55,0.05454545454545454
3032,no_R,2026-W22,meme,19,64,0.296875
3032,no_R,2026-W22,mourning,17,64,0.265625
3032,no_R,2026-W22,marketing,17,64,0.265625
3032,no_R,2026-W22,education,10,64,0.15625
3032,no_R,2026-W22,other,1,64,0.015625
3033,full,2026-W12,meme,0,29,0.0
3033,full,2026-W12,mourning,0,29,0.0
3033,full,2026-W12,marketing,19,29,0.6551724137931034
3033,full,2026-W12,education,10,29,0.3448275862068966
3033,full,2026-W12,other,0,29,0.0
3033,full,2026-W13,meme,0,42,0.0
3033,full,2026-W13,mourning,22,42,0.5238095238095238
3033,full,2026-W13,marketing,9,42,0.21428571428571427
3033,full,2026-W13,education,6,42,0.14285714285714285
3033,full,2026-W13,other,5,42,0.11904761904761904
3033,full,2026-W14,meme,0,35,0.0
3033,full,2026-W14,mourning,9,35,0.2571428571428571
3033,full,2026-W14,marketing,11,35,0.3142857142857143
3033,full,2026-W14,education,10,35,0.2857142857142857
3033,full,2026-W14,other,5,35,0.14285714285714285
3033,full,2026-W15,meme,0,24,0.0
3033,full,2026-W15,mourning,5,24,0.20833333333333334
3033,full,2026-W15,marketing,7,24,0.2916666666666667
3033,full,2026-W15,education,7,24,0.2916666666666667
3033,full,2026-W15,other,5,24,0.20833333333333334
3033,full,2026-W16,meme,0,22,0.0
3033,full,2026-W16,mourning,3,22,0.13636363636363635
3033,full,2026-W16,marketing,8,22,0.36363636363636365
3033,full,2026-W16,education,7,22,0.3181818181818182
3033,full,2026-W16,other,4,22,0.18181818181818182
3033,full,2026-W17,meme,0,12,0.0
3033,full,2026-W17,mourning,0,12,0.0
3033,full,2026-W17,marketing,5,12,0.4166666666666667
3033,full,2026-W17,education,3,12,0.25
3033,full,2026-W17,other,4,12,0.3333333333333333
3033,full,2026-W18,meme,0,9,0.0
3033,full,2026-W18,mourning,1,9,0.1111111111111111
3033,full,2026-W18,marketing,5,9,0.5555555555555556
3033,full,2026-W18,education,2,9,0.2222222222222222
3033,full,2026-W18,other,1,9,0.1111111111111111
3033,full,2026-W19,meme,0,6,0.0
3033,full,2026-W19,mourning,0,6,0.0
3033,full,2026-W19,marketing,5,6,0.8333333333333334
3033,full,2026-W19,education,1,6,0.16666666666666666
3033,full,2026-W19,other,0,6,0.0
3033,full,2026-W20,meme,11,16,0.6875
3033,full,2026-W20,mourning,0,16,0.0
3033,full,2026-W20,marketing,4,16,0.25
3033,full,2026-W20,education,1,16,0.0625
3033,full,2026-W20,other,0,16,0.0
3033,full,2026-W21,meme,19,22,0.8636363636363636
3033,full,2026-W21,mourning,0,22,0.0
3033,full,2026-W21,marketing,3,22,0.13636363636363635
3033,full,2026-W21,education,0,22,0.0
3033,full,2026-W21,other,0,22,0.0
3033,full,2026-W22,meme,19,22,0.8636363636363636
3033,full,2026-W22,mourning,0,22,0.0
3033,full,2026-W22,marketing,3,22,0.13636363636363635
3033,full,2026-W22,education,0,22,0.0
3033,full,2026-W22,other,0,22,0.0
3033,no_B,2026-W12,meme,0,29,0.0
3033,no_B,2026-W12,mourning,0,29,0.0
3033,no_B,2026-W12,marketing,19,29,0.6551724137931034
3033,no_B,2026-W12,education,10,29,0.3448275862068966
3033,no_B,2026-W12,other,0,29,0.0
3033,no_B,2026-W13,meme,0,28,0.0
3033,no_B,2026-W13,mourning,22,28,0.7857142857142857
3033,no_B,2026-W13,marketing,0,28,0.0
3033,no_B,2026-W13,education,1,28,0.03571428571428571
3033,no_B,2026-W13,other,5,28,0.17857142857142858
3033,no_B,2026-W14,meme,0,5,0.0
3033,no_B,2026-W14,mourning,0,5,0.0
3033,no_B,2026-W14,marketing,0,5,0.0
3033,no_B,2026-W14,education,3,5,0.6
3033,no_B,2026-W14,other,2,5,0.4
3033,no_B,2026-W15,meme,0,2,0.0
3033,no_B,2026-W15,mourning,0,2,0.0
3033,no_B,2026-W15,marketing,0,2,0.0
3033,no_B,2026-W15,education,0,2,0.0
3033,no_B,2026-W15,other,2,2,1.0
3033,no_B,2026-W16,meme,0,0,0.0
3033,no_B,2026-W16,mourning,0,0,0.0
3033,no_B,2026-W16,marketing,0,0,0.0
3033,no_B,2026-W16,education,0,0,0.0
3033,no_B,2026-W16,other,0,0,0.0
3033,no_B,2026-W17,meme,1,1,1.0
3033,no_B,2026-W17,mourning,0,1,0.0
3033,no_B,2026-W17,marketing,0,1,0.0
3033,no_B,2026-W17,education,0,1,0.0
3033,no_B,2026-W17,other,0,1,0.0
3033,no_B,2026-W18,meme,0,0,0.0
3033,no_B,2026-W18,mourning,0,0,0.0
3033,no_B,2026-W18,marketing,0,0,0.0
3033,no_B,2026-W18,education,0,0,0.0
3033,no_B,2026-W18,other,0,0,0.0
3033,no_B,2026-W19,meme,0,0,0.0
3033,no_B,2026-W19,mourning,0,0,0.0
3033,no_B,2026-W19,marketing,0,0,0.0
3033,no_B,2026-W19,education,0,0,0.0
3033,no_B,2026-W19,other,0,0,0.0
3033,no_B,2026-W20,meme,11,11,1.0
3033,no_B,2026-W20,mourning,0,11,0.0
3033,no_B,2026-W20,marketing,0,11,0.0
3033,no_B,2026-W20,education,0,11,0.0
3033,no_B,2026-W20,other,0,11,0.0
3033,no_B,2026-W21,meme,13,13,1.0
3033,no_B,2026-W21,mourning,0,13,0.0
3033,no_B,2026-W21,marketing,0,13,0.0
3033,no_B,2026-W21,education,0,13,0.0
3033,no_B,2026-W21,other,0,13,0.0
3033,no_B,2026-W22,meme,1,1,1.0
3033,no_B,2026-W22,mourning,0,1,0.0
3033,no_B,2026-W22,marketing,0,1,0.0
3033,no_B,2026-W22,education,0,1,0.0
3033,no_B,2026-W22,other,0,1,0.0
3033,no_D,2026-W12,meme,12,63,0.19047619047619047
3033,no_D,2026-W12,mourning,12,63,0.19047619047619047
3033,no_D,2026-W12,marketing,15,63,0.23809523809523808
3033,no_D,2026-W12,education,9,63,0.14285714285714285
3033,no_D,2026-W12,other,15,63,0.23809523809523808
3033,no_D,2026-W13,meme,12,57,0.21052631578947367
3033,no_D,2026-W13,mourning,12,57,0.21052631578947367
3033,no_D,2026-W13,marketing,11,57,0.19298245614035087
3033,no_D,2026-W13,education,7,57,0.12280701754385964
3033,no_D,2026-W13,other,15,57,0.2631578947368421
3033,no_D,2026-W14,meme,9,41,0.21951219512195122
3033,no_D,2026-W14,mourning,4,41,0.0975609756097561
3033,no_D,2026-W14,marketing,10,41,0.24390243902439024
3033,no_D,2026-W14,education,7,41,0.17073170731707318
3033,no_D,2026-W14,other,11,41,0.2682926829268293
3033,no_D,2026-W15,meme,8,28,0.2857142857142857
3033,no_D,2026-W15,mourning,2,28,0.07142857142857142
3033,no_D,2026-W15,marketing,7,28,0.25
3033,no_D,2026-W15,education,5,28,0.17857142857142858
3033,no_D,2026-W15,other,6,28,0.21428571428571427
3033,no_D,2026-W16,meme,7,23,0.30434782608695654
3033,no_D,2026-W16,mourning,2,23,0.08695652173913043
3033,no_D,2026-W16,marketing,7,23,0.30434782608695654
3033,no_D,2026-W16,education,3,23,0.13043478260869565
3033,no_D,2026-W16,other,4,23,0.17391304347826086
3033,no_D,2026-W17,meme,4,15,0.26666666666666666
3033,no_D,2026-W17,mourning,1,15,0.06666666666666667
3033,no_D,2026-W17,marketing,6,15,0.4
3033,no_D,2026-W17,education,3,15,0.2
3033,no_D,2026-W17,other,1,15,0.06666666666666667
3033,no_D,2026-W18,meme,3,10,0.3
3033,no_D,2026-W18,mourning,1,10,0.1
3033,no_D,2026-W18,marketing,4,10,0.4
3033,no_D,2026-W18,education,2,10,0.2
3033,no_D,2026-W18,other,0,10,0.0
3033,no_D,2026-W19,meme,3,9,0.3333333333333333
3033,no_D,2026-W19,mourning,1,9,0.1111111111111111
3033,no_D,2026-W19,marketing,4,9,0.4444444444444444
3033,no_D,2026-W19,education,1,9,0.1111111111111111
3033,no_D,2026-W19,other,0,9,0.0
3033,no_D,2026-W20,meme,3,8,0.375
3033,no_D,2026-W20,mourning,0,8,0.0
3033,no_D,2026-W20,marketing,4,8,0.5
3033,no_D,2026-W20,education,1,8,0.125
3033,no_D,2026-W20,other,0,8,0.0
3033,no_D,2026-W21,meme,2,6,0.3333333333333333
3033,no_D,2026-W21,mourning,0,6,0.0
3033,no_D,2026-W21,marketing,3,6,0.5
3033,no_D,2026-W21,education,1,6,0.16666666666666666
3033,no_D,2026-W21,other,0,6,0.0
3033,no_D,2026-W22,meme,2,6,0.3333333333333333
3033,no_D,2026-W22,mourning,0,6,0.0
3033,no_D,2026-W22,marketing,3,6,0.5
3033,no_D,2026-W22,education,1,6,0.16666666666666666
3033,no_D,2026-W22,other,0,6,0.0
3033,no_R,2026-W12,meme,0,29,0.0
3033,no_R,2026-W12,mourning,0,29,0.0
3033,no_R,2026-W12,marketing,19,29,0.6551724137931034
3033,no_R,2026-W12,education,10,29,0.3448275862068966
3033,no_R,2026-W12,other,0,29,0.0
3033,no_R,2026-W13,meme,0,49,0.0
3033,no_R,2026-W13,mourning,22,49,0.4489795918367347
3033,no_R,2026-W13,marketing,16,49,0.32653061224489793
3033,no_R,2026-W13,education,6,49,0.12244897959183673
3033,no_R,2026-W13,other,5,49,0.10204081632653061
3033,no_R,2026-W14,meme,0,48,0.0
3033,no_R,2026-W14,mourning,17,48,0.3541666666666667
3033,no_R,2026-W14,marketing,16,48,0.3333333333333333
3033,no_R,2026-W14,education,10,48,0.20833333333333334
3033,no_R,2026-W14,other,5,48,0.10416666666666667
3033,no_R,2026-W15,meme,0,56,0.0
3033,no_R,2026-W15,mourning,20,56,0.35714285714285715
3033,no_R,2026-W15,marketing,16,56,0.2857142857142857
3033,no_R,2026-W15,education,10,56,0.17857142857142858
3033,no_R,2026-W15,other,10,56,0.17857142857142858
3033,no_R,2026-W16,meme,1,51,0.0196078431372549
3033,no_R,2026-W16,mourning,15,51,0.29411764705882354
3033,no_R,2026-W16,marketing,17,51,0.3333333333333333
3033,no_R,2026-W16,education,10,51,0.19607843137254902
3033,no_R,2026-W16,other,8,51,0.1568627450980392
3033,no_R,2026-W17,meme,1,53,0.018867924528301886
3033,no_R,2026-W17,mourning,13,53,0.24528301886792453
3033,no_R,2026-W17,marketing,16,53,0.3018867924528302
3033,no_R,2026-W17,education,10,53,0.18867924528301888
3033,no_R,2026-W17,other,13,53,0.24528301886792453
3033,no_R,2026-W18,meme,1,57,0.017543859649122806
3033,no_R,2026-W18,mourning,15,57,0.2631578947368421
3033,no_R,2026-W18,marketing,18,57,0.3157894736842105
3033,no_R,2026-W18,education,14,57,0.24561403508771928
3033,no_R,2026-W18,other,9,57,0.15789473684210525
3033,no_R,2026-W19,meme,0,53,0.0
3033,no_R,2026-W19,mourning,12,53,0.22641509433962265
3033,no_R,2026-W19,marketing,18,53,0.33962264150943394
3033,no_R,2026-W19,education,13,53,0.24528301886792453
3033,no_R,2026-W19,other,10,53,0.18867924528301888
3033,no_R,2026-W20,meme,5,56,0.08928571428571429
3033,no_R,2026-W20,mourning,14,56,0.25
3033,no_R,2026-W20,marketing,17,56,0.30357142857142855
3033,no_R,2026-W20,education,11,56,0.19642857142857142
3033,no_R,2026-W20,other,9,56,0.16071428571428573
3033,no_R,2026-W21,meme,13,62,0.20967741935483872
3033,no_R,2026-W21,mourning,10,62,0.16129032258064516
3033,no_R,2026-W21,marketing,19,62,0.3064516129032258
3033,no_R,2026-W21,education,12,62,0.1935483870967742
3033,no_R,2026-W21,other,8,62,0.12903225806451613
3033,no_R,2026-W22,meme,17,61,0.2786885245901639
3033,no_R,2026-W22,mourning,11,61,0.18032786885245902
3033,no_R,2026-W22,marketing,18,61,0.29508196721311475
3033,no_R,2026-W22,education,10,61,0.16393442622950818
3033,no_R,2026-W22,other,5,61,0.08196721311475409
3034,full,2026-W12,meme,0,26,0.0
3034,full,2026-W12,mourning,0,26,0.0
3034,full,2026-W12,marketing,19,26,0.7307692307692307
3034,full,2026-W12,education,7,26,0.2692307692307692
3034,full,2026-W12,other,0,26,0.0
3034,full,2026-W13,meme,0,40,0.0
3034,full,2026-W13,mourning,22,40,0.55
3034,full,2026-W13,marketing,10,40,0.25
3034,full,2026-W13,education,6,40,0.15
3034,full,2026-W13,other,2,40,0.05
3034,full,2026-W14,meme,0,34,0.0
3034,full,2026-W14,mourning,9,34,0.2647058823529412
3034,full,2026-W14,marketing,10,34,0.29411764705882354
3034,full,2026-W14,education,12,34,0.35294117647058826
3034,full,2026-W14,other,3,34,0.08823529411764706
3034,full,2026-W15,meme,0,24,0.0
3034,full,2026-W15,mourning,5,24,0.20833333333333334
3034,full,2026-W15,marketing,7,24,0.2916666666666667
3034,full,2026-W15,education,6,24,0.25
3034,full,2026-W15,other,6,24,0.25
3034,full,2026-W16,meme,0,19,0.0
3034,full,2026-W16,mourning,1,19,0.05263157894736842
3034,full,2026-W16,marketing,7,19,0.3684210526315789
3034,full,2026-W16,education,4,19,0.21052631578947367
3034,full,2026-W16,other,7,19,0.3684210526315789
3034,full,2026-W17,meme,0,11,0.0
3034,full,2026-W17,mourning,2,11,0.18181818181818182
3034,full,2026-W17,marketing,5,11,0.45454545454545453
3034,full,2026-W17,education,3,11,0.2727272727272727
3034,full,2026-W17,other,1,11,0.09090909090909091
3034,full,2026-W18,meme,0,8,0.0
3034,full,2026-W18,mourning,0,8,0.0
3034,full,2026-W18,marketing,4,8,0.5
3034,full,2026-W18,education,2,8,0.25
3034,full,2026-W18,other,2,8,0.25
3034,full,2026-W19,meme,0,5,0.0
3034,full,2026-W19,mourning,0,5,0.0
3034,full,2026-W19,marketing,3,5,0.6
3034,full,2026-W19,education,2,5,0.4
3034,full,2026-W19,other,0,5,0.0
3034,full,2026-W20,meme,9,12,0.75
3034,full,2026-W20,mourning,0,12,0.0
3034,full,2026-W20,marketing,3,12,0.25
3034,full,2026-W20,education,0,12,0.0
3034,full,2026-W20,other,0,12,0.0
3034,full,2026-W21,meme,18,21,0.8571428571428571
3034,full,2026-W21,mourning,0,21,0.0
3034,full,2026-W21,marketing,3,21,0.14285714285714285
3034,full,2026-W21,education,0,21,0.0
3034,full,2026-W21,other,0,21,0.0
3034,full,2026-W22,meme,17,20,0.85
3034,full,2026-W22,mourning,0,20,0.0
3034,full,2026-W22,marketing,3,20,0.15
3034,full,2026-W22,education,0,20,0.0
3034,full,2026-W22,other,0,20,0.0
3034,no_B,2026-W12,meme,0,26,0.0
3034,no_B,2026-W12,mourning,0,26,0.0
3034,no_B,2026-W12,marketing,19,26,0.7307692307692307
3034,no_B,2026-W12,education,7,26,0.2692307692307692
3034,no_B,2026-W12,other,0,26,0.0
3034,no_B,2026-W13,meme,0,25,0.0
3034,no_B,2026-W13,mourning,22,25,0.88
3034,no_B,2026-W13,marketing,0,25,0.0
3034,no_B,2026-W13,education,1,25,0.04
3034,no_B,2026-W13,other,2,25,0.08
3034,no_B,2026-W14,meme,0,2,0.0
3034,no_B,2026-W14,mourning,0,2,0.0
3034,no_B,2026-W14,marketing,0,2,0.0
3034,no_B,2026-W14,education,1,2,0.5
3034,no_B,2026-W14,other,1,2,0.5
3034,no_B,2026-W15,meme,0,1,0.0
3034,no_B,2026-W15,mourning,0,1,0.0
3034,no_B,2026-W15,marketing,0,1,0.0
3034,no_B,2026-W15,education,0,1,0.0
3034,no_B,2026-W15,other,1,1,1.0
3034,no_B,2026-W16,meme,0,1,0.0
3034,no_B,2026-W16,mourning,0,1,0.0
3034,no_B,2026-W16,marketing,0,1,0.0
3034,no_B,2026-W16,education,1,1,1.0
3034,no_B,2026-W16,other,0,1,0.0
3034,no_B,2026-W17,meme,0,0,0.0
3034,no_B,2026-W17,mourning,0,0,0.0
3034,no_B,2026-W17,marketing,0,0,0.0
3034,no_B,2026-W17,education,0,0,0.0
3034,no_B,2026-W17,other,0,0,0.0
3034,no_B,2026-W18,meme,0,0,0.0
3034,no_B,2026-W18,mourning,0,0,0.0
3034,no_B,2026-W18,marketing,0,0,0.0
3034,no_B,2026-W18,education,0,0,0.0
3034,no_B,2026-W18,other,0,0,0.0
3034,no_B,2026-W19,meme,0,0,0.0
3034,no_B,2026-W19,mourning,0,0,0.0
3034,no_B,2026-W19,marketing,0,0,0.0
3034,no_B,2026-W19,education,0,0,0.0
3034,no_B,2026-W19,other,0,0,0.0
3034,no_B,2026-W20,meme,9,9,1.0
3034,no_B,2026-W20,mourning,0,9,0.0
3034,no_B,2026-W20,marketing,0,9,0.0
3034,no_B,2026-W20,education,0,9,0.0
3034,no_B,2026-W20,other,0,9,0.0
3034,no_B,2026-W21,meme,14,14,1.0
3034,no_B,2026-W21,mourning,0,14,0.0
3034,no_B,2026-W21,marketing,0,14,0.0
3034,no_B,2026-W21,education,0,14,0.0
3034,no_B,2026-W21,other,0,14,0.0
3034,no_B,2026-W22,meme,1,1,1.0
3034,no_B,2026-W22,mourning,0,1,0.0
3034,no_B,2026-W22,marketing,0,1,0.0
3034,no_B,2026-W22,education,0,1,0.0
3034,no_B,2026-W22,other,0,1,0.0
3034,no_D,2026-W12,meme,12,63,0.19047619047619047
3034,no_D,2026-W12,mourning,12,63,0.19047619047619047
3034,no_D,2026-W12,marketing,15,63,0.23809523809523808
3034,no_D,2026-W12,education,9,63,0.14285714285714285
3034,no_D,2026-W12,other,15,63,0.23809523809523808
3034,no_D,2026-W13,meme,12,57,0.21052631578947367
3034,no_D,2026-W13,mourning,12,57,0.21052631578947367
3034,no_D,2026-W13,marketing,10,57,0.17543859649122806
3034,no_D,2026-W13,education,8,57,0.14035087719298245
3034,no_D,2026-W13,other,15,57,0.2631578947368421
3034,no_D,2026-W14,meme,9,38,0.23684210526315788
3034,no_D,2026-W14,mourning,3,38,0.07894736842105263
3034,no_D,2026-W14,marketing,9,38,0.23684210526315788
3034,no_D,2026-W14,education,6,38,0.15789473684210525
3034,no_D,2026-W14,other,11,38,0.2894736842105263
3034,no_D,2026-W15,meme,6,27,0.2222222222222222
3034,no_D,2026-W15,mourning,2,27,0.07407407407407407
3034,no_D,2026-W15,marketing,7,27,0.25925925925925924
3034,no_D,2026-W15,education,6,27,0.2222222222222222
3034,no_D,2026-W15,other,6,27,0.2222222222222222
3034,no_D,2026-W16,meme,5,17,0.29411764705882354
3034,no_D,2026-W16,mourning,1,17,0.058823529411764705
3034,no_D,2026-W16,marketing,6,17,0.35294117647058826
3034,no_D,2026-W16,education,4,17,0.23529411764705882
3034,no_D,2026-W16,other,1,17,0.058823529411764705
3034,no_D,2026-W17,meme,5,14,0.35714285714285715
3034,no_D,2026-W17,mourning,1,14,0.07142857142857142
3034,no_D,2026-W17,marketing,5,14,0.35714285714285715
3034,no_D,2026-W17,education,3,14,0.21428571428571427
3034,no_D,2026-W17,other,0,14,0.0
3034,no_D,2026-W18,meme,4,10,0.4
3034,no_D,2026-W18,mourning,1,10,0.1
3034,no_D,2026-W18,marketing,4,10,0.4
3034,no_D,2026-W18,education,1,10,0.1
3034,no_D,2026-W18,other,0,10,0.0
3034,no_D,2026-W19,meme,3,7,0.42857142857142855
3034,no_D,2026-W19,mourning,0,7,0.0
3034,no_D,2026-W19,marketing,3,7,0.42857142857142855
3034,no_D,2026-W19,education,1,7,0.14285714285714285
3034,no_D,2026-W19,other,0,7,0.0
3034,no_D,2026-W20,meme,2,5,0.4
3034,no_D,2026-W20,mourning,0,5,0.0
3034,no_D,2026-W20,marketing,3,5,0.6
3034,no_D,2026-W20,education,0,5,0.0
3034,no_D,2026-W20,other,0,5,0.0
3034,no_D,2026-W21,meme,2,5,0.4
3034,no_D,2026-W21,mourning,0,5,0.0
3034,no_D,2026-W21,marketing,3,5,0.6
3034,no_D,2026-W21,education,0,5,0.0
3034,no_D,2026-W21,other,0,5,0.0
3034,no_D,2026-W22,meme,1,4,0.25
3034,no_D,2026-W22,mourning,0,4,0.0
3034,no_D,2026-W22,marketing,3,4,0.75
3034,no_D,2026-W22,education,0,4,0.0
3034,no_D,2026-W22,other,0,4,0.0
3034,no_R,2026-W12,meme,0,26,0.0
3034,no_R,2026-W12,mourning,0,26,0.0
3034,no_R,2026-W12,marketing,19,26,0.7307692307692307
3034,no_R,2026-W12,education,7,26,0.2692307692307692
3034,no_R,2026-W12,other,0,26,0.0
3034,no_R,2026-W13,meme,0,46,0.0
3034,no_R,2026-W13,mourning,22,46,0.4782608695652174
3034,no_R,2026-W13,marketing,15,46,0.32608695652173914
3034,no_R,2026-W13,education,7,46,0.15217391304347827
3034,no_R,2026-W13,other,2,46,0.043478260869565216
3034,no_R,2026-W14,meme,0,54,0.0
3034,no_R,2026-W14,mourning,19,54,0.35185185185185186
3034,no_R,2026-W14,marketing,19,54,0.35185185185185186
3034,no_R,2026-W14,education,12,54,0.2222222222222222
3034,no_R,2026-W14,other,4,54,0.07407407407407407
3034,no_R,2026-W15,meme,0,53,0.0
3034,no_R,2026-W15,mourning,21,53,0.39622641509433965
3034,no_R,2026-W15,marketing,18,53,0.33962264150943394
3034,no_R,2026-W15,education,11,53,0.20754716981132076
3034,no_R,2026-W15,other,3,53,0.05660377358490566
3034,no_R,2026-W16,meme,0,54,0.0
3034,no_R,2026-W16,mourning,16,54,0.2962962962962963
3034,no_R,2026-W16,marketing,18,54,0.3333333333333333
3034,no_R,2026-W16,education,11,54,0.2037037037037037
3034,no_R,2026-W16,other,9,54,0.16666666666666666
3034,no_R,2026-W17,meme,0,56,0.0
3034,no_R,2026-W17,mourning,18,56,0.32142857142857145
3034,no_R,2026-W17,marketing,19,56,0.3392857142857143
3034,no_R,2026-W17,education,12,56,0.21428571428571427
3034,no_R,2026-W17,other,7,56,0.125
3034,no_R,2026-W18,meme,0,53,0.0
3034,no_R,2026-W18,mourning,15,53,0.2830188679245283
3034,no_R,2026-W18,marketing,19,53,0.3584905660377358
3034,no_R,2026-W18,education,13,53,0.24528301886792453
3034,no_R,2026-W18,other,6,53,0.11320754716981132
3034,no_R,2026-W19,meme,0,52,0.0
3034,no_R,2026-W19,mourning,17,52,0.3269230769230769
3034,no_R,2026-W19,marketing,16,52,0.3076923076923077
3034,no_R,2026-W19,education,12,52,0.23076923076923078
3034,no_R,2026-W19,other,7,52,0.1346153846153846
3034,no_R,2026-W20,meme,7,57,0.12280701754385964
3034,no_R,2026-W20,mourning,14,57,0.24561403508771928
3034,no_R,2026-W20,marketing,18,57,0.3157894736842105
3034,no_R,2026-W20,education,10,57,0.17543859649122806
3034,no_R,2026-W20,other,8,57,0.14035087719298245
3034,no_R,2026-W21,meme,13,63,0.20634920634920634
3034,no_R,2026-W21,mourning,17,63,0.2698412698412698
3034,no_R,2026-W21,marketing,17,63,0.2698412698412698
3034,no_R,2026-W21,education,9,63,0.14285714285714285
3034,no_R,2026-W21,other,7,63,0.1111111111111111
3034,no_R,2026-W22,meme,19,60,0.31666666666666665
3034,no_R,2026-W22,mourning,11,60,0.18333333333333332
3034,no_R,2026-W22,marketing,17,60,0.2833333333333333
3034,no_R,2026-W22,education,9,60,0.15
3034,no_R,2026-W22,other,4,60,0.06666666666666667
3035,full,2026-W12,meme,0,27,0.0
3035,full,2026-W12,mourning,0,27,0.0
3035,full,2026-W12,marketing,19,27,0.7037037037037037
3035,full,2026-W12,education,8,27,0.2962962962962963
3035,full,2026-W12,other,0,27,0.0
3035,full,2026-W13,meme,0,40,0.0
3035,full,2026-W13,mourning,22,40,0.55
3035,full,2026-W13,marketing,9,40,0.225
3035,full,2026-W13,education,6,40,0.15
3035,full,2026-W13,other,3,40,0.075
3035,full,2026-W14,meme,0,30,0.0
3035,full,2026-W14,mourning,6,30,0.2
3035,full,2026-W14,marketing,12,30,0.4
3035,full,2026-W14,education,6,30,0.2
3035,full,2026-W14,other,6,30,0.2
3035,full,2026-W15,meme,0,25,0.0
3035,full,2026-W15,mourning,5,25,0.2
3035,full,2026-W15,marketing,8,25,0.32
3035,full,2026-W15,education,5,25,0.2
3035,full,2026-W15,other,7,25,0.28
3035,full,2026-W16,meme,0,18,0.0
3035,full,2026-W16,mourning,2,18,0.1111111111111111
3035,full,2026-W16,marketing,7,18,0.3888888888888889
3035,full,2026-W16,education,5,18,0.2777777777777778
3035,full,2026-W16,other,4,18,0.2222222222222222
3035,full,2026-W17,meme,0,12,0.0
3035,full,2026-W17,mourning,1,12,0.08333333333333333
3035,full,2026-W17,marketing,5,12,0.4166666666666667
3035,full,2026-W17,education,4,12,0.3333333333333333
3035,full,2026-W17,other,2,12,0.16666666666666666
3035,full,2026-W18,meme,0,8,0.0
3035,full,2026-W18,mourning,1,8,0.125
3035,full,2026-W18,marketing,4,8,0.5
3035,full,2026-W18,education,3,8,0.375
3035,full,2026-W18,other,0,8,0.0
3035,full,2026-W19,meme,0,7,0.0
3035,full,2026-W19,mourning,0,7,0.0
3035,full,2026-W19,marketing,4,7,0.5714285714285714
3035,full,2026-W19,education,3,7,0.42857142857142855
3035,full,2026-W19,other,0,7,0.0
3035,full,2026-W20,meme,8,12,0.6666666666666666
3035,full,2026-W20,mourning,0,12,0.0
3035,full,2026-W20,marketing,3,12,0.25
3035,full,2026-W20,education,1,12,0.08333333333333333
3035,full,2026-W20,other,0,12,0.0
3035,full,2026-W21,meme,18,21,0.8571428571428571
3035,full,2026-W21,mourning,0,21,0.0
3035,full,2026-W21,marketing,3,21,0.14285714285714285
3035,full,2026-W21,education,0,21,0.0
3035,full,2026-W21,other,0,21,0.0
3035,full,2026-W22,meme,19,22,0.8636363636363636
3035,full,2026-W22,mourning,0,22,0.0
3035,full,2026-W22,marketing,3,22,0.13636363636363635
3035,full,2026-W22,education,0,22,0.0
3035,full,2026-W22,other,0,22,0.0
3035,no_B,2026-W12,meme,0,27,0.0
3035,no_B,2026-W12,mourning,0,27,0.0
3035,no_B,2026-W12,marketing,19,27,0.7037037037037037
3035,no_B,2026-W12,education,8,27,0.2962962962962963
3035,no_B,2026-W12,other,0,27,0.0
3035,no_B,2026-W13,meme,0,27,0.0
3035,no_B,2026-W13,mourning,22,27,0.8148148148148148
3035,no_B,2026-W13,marketing,0,27,0.0
3035,no_B,2026-W13,education,2,27,0.07407407407407407
3035,no_B,2026-W13,other,3,27,0.1111111111111111
3035,no_B,2026-W14,meme,0,4,0.0
3035,no_B,2026-W14,mourning,0,4,0.0
3035,no_B,2026-W14,marketing,0,4,0.0
3035,no_B,2026-W14,education,3,4,0.75
3035,no_B,2026-W14,other,1,4,0.25
3035,no_B,2026-W15,meme,0,2,0.0
3035,no_B,2026-W15,mourning,0,2,0.0
3035,no_B,2026-W15,marketing,0,2,0.0
3035,no_B,2026-W15,education,0,2,0.0
3035,no_B,2026-W15,other,2,2,1.0
3035,no_B,2026-W16,meme,0,0,0.0
3035,no_B,2026-W16,mourning,0,0,0.0
3035,no_B,2026-W16,marketing,0,0,0.0
3035,no_B,2026-W16,education,0,0,0.0
3035,no_B,2026-W16,other,0,0,0.0
3035,no_B,2026-W17,meme,0,0,0.0
3035,no_B,2026-W17,mourning,0,0,0.0
3035,no_B,2026-W17,marketing,0,0,0.0
3035,no_B,2026-W17,education,0,0,0.0
3035,no_B,2026-W17,other,0,0,0.0
3035,no_B,2026-W18,meme,0,0,0.0
3035,no_B,2026-W18,mourning,0,0,0.0
3035,no_B,2026-W18,marketing,0,0,0.0
3035,no_B,2026-W18,education,0,0,0.0
3035,no_B,2026-W18,other,0,0,0.0
3035,no_B,2026-W19,meme,0,0,0.0
3035,no_B,2026-W19,mourning,0,0,0.0
3035,no_B,2026-W19,marketing,0,0,0.0
3035,no_B,2026-W19,education,0,0,0.0
3035,no_B,2026-W19,other,0,0,0.0
3035,no_B,2026-W20,meme,9,9,1.0
3035,no_B,2026-W20,mourning,0,9,0.0
3035,no_B,2026-W20,marketing,0,9,0.0
3035,no_B,2026-W20,education,0,9,0.0
3035,no_B,2026-W20,other,0,9,0.0
3035,no_B,2026-W21,meme,14,14,1.0
3035,no_B,2026-W21,mourning,0,14,0.0
3035,no_B,2026-W21,marketing,0,14,0.0
3035,no_B,2026-W21,education,0,14,0.0
3035,no_B,2026-W21,other,0,14,0.0
3035,no_B,2026-W22,meme,1,1,1.0
3035,no_B,2026-W22,mourning,0,1,0.0
3035,no_B,2026-W22,marketing,0,1,0.0
3035,no_B,2026-W22,education,0,1,0.0
3035,no_B,2026-W22,other,0,1,0.0
3035,no_D,2026-W12,meme,12,63,0.19047619047619047
3035,no_D,2026-W12,mourning,12,63,0.19047619047619047
3035,no_D,2026-W12,marketing,15,63,0.23809523809523808
3035,no_D,2026-W12,education,9,63,0.14285714285714285
3035,no_D,2026-W12,other,15,63,0.23809523809523808
3035,no_D,2026-W13,meme,12,56,0.21428571428571427
3035,no_D,2026-W13,mourning,12,56,0.21428571428571427
3035,no_D,2026-W13,marketing,11,56,0.19642857142857142
3035,no_D,2026-W13,education,6,56,0.10714285714285714
3035,no_D,2026-W13,other,15,56,0.26785714285714285
3035,no_D,2026-W14,meme,11,43,0.2558139534883721
3035,no_D,2026-W14,mourning,3,43,0.06976744186046512
3035,no_D,2026-W14,marketing,9,43,0.20930232558139536
3035,no_D,2026-W14,education,6,43,0.13953488372093023
3035,no_D,2026-W14,other,14,43,0.32558139534883723
3035,no_D,2026-W15,meme,9,30,0.3
3035,no_D,2026-W15,mourning,3,30,0.1
3035,no_D,2026-W15,marketing,7,30,0.23333333333333334
3035,no_D,2026-W15,education,6,30,0.2
3035,no_D,2026-W15,other,5,30,0.16666666666666666
3035,no_D,2026-W16,meme,6,20,0.3
3035,no_D,2026-W16,mourning,1,20,0.05
3035,no_D,2026-W16,marketing,7,20,0.35
3035,no_D,2026-W16,education,4,20,0.2
3035,no_D,2026-W16,other,2,20,0.1
3035,no_D,2026-W17,meme,4,15,0.26666666666666666
3035,no_D,2026-W17,mourning,1,15,0.06666666666666667
3035,no_D,2026-W17,marketing,5,15,0.3333333333333333
3035,no_D,2026-W17,education,4,15,0.26666666666666666
3035,no_D,2026-W17,other,1,15,0.06666666666666667
3035,no_D,2026-W18,meme,4,13,0.3076923076923077
3035,no_D,2026-W18,mourning,1,13,0.07692307692307693
3035,no_D,2026-W18,marketing,4,13,0.3076923076923077
3035,no_D,2026-W18,education,4,13,0.3076923076923077
3035,no_D,2026-W18,other,0,13,0.0
3035,no_D,2026-W19,meme,4,11,0.36363636363636365
3035,no_D,2026-W19,mourning,1,11,0.09090909090909091
3035,no_D,2026-W19,marketing,4,11,0.36363636363636365
3035,no_D,2026-W19,education,2,11,0.18181818181818182
3035,no_D,2026-W19,other,0,11,0.0
3035,no_D,2026-W20,meme,2,7,0.2857142857142857
3035,no_D,2026-W20,mourning,1,7,0.14285714285714285
3035,no_D,2026-W20,marketing,3,7,0.42857142857142855
3035,no_D,2026-W20,education,1,7,0.14285714285714285
3035,no_D,2026-W20,other,0,7,0.0
3035,no_D,2026-W21,meme,1,6,0.16666666666666666
3035,no_D,2026-W21,mourning,1,6,0.16666666666666666
3035,no_D,2026-W21,marketing,3,6,0.5
3035,no_D,2026-W21,education,1,6,0.16666666666666666
3035,no_D,2026-W21,other,0,6,0.0
3035,no_D,2026-W22,meme,1,5,0.2
3035,no_D,2026-W22,mourning,0,5,0.0
3035,no_D,2026-W22,marketing,3,5,0.6
3035,no_D,2026-W22,education,1,5,0.2
3035,no_D,2026-W22,other,0,5,0.0
3035,no_R,2026-W12,meme,0,27,0.0
3035,no_R,2026-W12,mourning,0,27,0.0
3035,no_R,2026-W12,marketing,19,27,0.7037037037037037
3035,no_R,2026-W12,education,8,27,0.2962962962962963
3035,no_R,2026-W12,other,0,27,0.0
3035,no_R,2026-W13,meme,0,48,0.0
3035,no_R,2026-W13,mourning,22,48,0.4583333333333333
3035,no_R,2026-W13,marketing,16,48,0.3333333333333333
3035,no_R,2026-W13,education,7,48,0.14583333333333334
3035,no_R,2026-W13,other,3,48,0.0625
3035,no_R,2026-W14,meme,0,50,0.0
3035,no_R,2026-W14,mourning,16,50,0.32
3035,no_R,2026-W14,marketing,16,50,0.32
3035,no_R,2026-W14,education,12,50,0.24
3035,no_R,2026-W14,other,6,50,0.12
3035,no_R,2026-W15,meme,0,56,0.0
3035,no_R,2026-W15,mourning,18,56,0.32142857142857145
3035,no_R,2026-W15,marketing,17,56,0.30357142857142855
3035,no_R,2026-W15,education,11,56,0.19642857142857142
3035,no_R,2026-W15,other,10,56,0.17857142857142858
3035,no_R,2026-W16,meme,1,58,0.017241379310344827
3035,no_R,2026-W16,mourning,15,58,0.25862068965517243
3035,no_R,2026-W16,marketing,16,58,0.27586206896551724
3035,no_R,2026-W16,education,12,58,0.20689655172413793
3035,no_R,2026-W16,other,14,58,0.2413793103448276
3035,no_R,2026-W17,meme,0,61,0.0
3035,no_R,2026-W17,mourning,16,61,0.26229508196721313
3035,no_R,2026-W17,marketing,16,61,0.26229508196721313
3035,no_R,2026-W17,education,14,61,0.22950819672131148
3035,no_R,2026-W17,other,15,61,0.2459016393442623
3035,no_R,2026-W18,meme,0,55,0.0
3035,no_R,2026-W18,mourning,15,55,0.2727272727272727
3035,no_R,2026-W18,marketing,16,55,0.2909090909090909
3035,no_R,2026-W18,education,15,55,0.2727272727272727
3035,no_R,2026-W18,other,9,55,0.16363636363636364
3035,no_R,2026-W19,meme,0,54,0.0
3035,no_R,2026-W19,mourning,13,54,0.24074074074074073
3035,no_R,2026-W19,marketing,18,54,0.3333333333333333
3035,no_R,2026-W19,education,12,54,0.2222222222222222
3035,no_R,2026-W19,other,11,54,0.2037037037037037
3035,no_R,2026-W20,meme,3,55,0.05454545454545454
3035,no_R,2026-W20,mourning,7,55,0.12727272727272726
3035,no_R,2026-W20,marketing,18,55,0.32727272727272727
3035,no_R,2026-W20,education,13,55,0.23636363636363636
3035,no_R,2026-W20,other,14,55,0.2545454545454545
3035,no_R,2026-W21,meme,8,49,0.16326530612244897
3035,no_R,2026-W21,mourning,8,49,0.16326530612244897
3035,no_R,2026-W21,marketing,19,49,0.3877551020408163
3035,no_R,2026-W21,education,7,49,0.14285714285714285
3035,no_R,2026-W21,other,7,49,0.14285714285714285
3035,no_R,2026-W22,meme,17,56,0.30357142857142855
3035,no_R,2026-W22,mourning,6,56,0.10714285714285714
3035,no_R,2026-W22,marketing,18,56,0.32142857142857145
3035,no_R,2026-W22,education,11,56,0.19642857142857142
3035,no_R,2026-W22,other,4,56,0.07142857142857142
3036,full,2026-W12,meme,0,25,0.0
3036,full,2026-W12,mourning,0,25,0.0
3036,full,2026-W12,marketing,19,25,0.76
3036,full,2026-W12,education,6,25,0.24
3036,full,2026-W12,other,0,25,0.0
3036,full,2026-W13,meme,0,42,0.0
3036,full,2026-W13,mourning,22,42,0.5238095238095238
3036,full,2026-W13,marketing,9,42,0.21428571428571427
3036,full,2026-W13,education,6,42,0.14285714285714285
3036,full,2026-W13,other,5,42,0.11904761904761904
3036,full,2026-W14,meme,0,33,0.0
3036,full,2026-W14,mourning,9,33,0.2727272727272727
3036,full,2026-W14,marketing,12,33,0.36363636363636365
3036,full,2026-W14,education,7,33,0.21212121212121213
3036,full,2026-W14,other,5,33,0.15151515151515152
3036,full,2026-W15,meme,0,19,0.0
3036,full,2026-W15,mourning,4,19,0.21052631578947367
3036,full,2026-W15,marketing,7,19,0.3684210526315789
3036,full,2026-W15,education,4,19,0.21052631578947367
3036,full,2026-W15,other,4,19,0.21052631578947367
3036,full,2026-W16,meme,0,19,0.0
3036,full,2026-W16,mourning,2,19,0.10526315789473684
3036,full,2026-W16,marketing,7,19,0.3684210526315789
3036,full,2026-W16,education,6,19,0.3157894736842105
3036,full,2026-W16,other,4,19,0.21052631578947367
3036,full,2026-W17,meme,0,11,0.0
3036,full,2026-W17,mourning,0,11,0.0
3036,full,2026-W17,marketing,5,11,0.45454545454545453
3036,full,2026-W17,education,5,11,0.45454545454545453
3036,full,2026-W17,other,1,11,0.09090909090909091
3036,full,2026-W18,meme,0,10,0.0
3036,full,2026-W18,mourning,1,10,0.1
3036,full,2026-W18,marketing,4,10,0.4
3036,full,2026-W18,education,3,10,0.3
3036,full,2026-W18,other,2,10,0.2
3036,full,2026-W19,meme,0,6,0.0
3036,full,2026-W19,mourning,0,6,0.0
3036,full,2026-W19,marketing,4,6,0.6666666666666666
3036,full,2026-W19,education,1,6,0.16666666666666666
3036,full,2026-W19,other,1,6,0.16666666666666666
3036,full,2026-W20,meme,7,12,0.5833333333333334
3036,full,2026-W20,mourning,0,12,0.0
3036,full,2026-W20,marketing,4,12,0.3333333333333333
3036,full,2026-W20,education,1,12,0.08333333333333333
3036,full,2026-W20,other,0,12,0.0
3036,full,2026-W21,meme,19,23,0.8260869565217391
3036,full,2026-W21,mourning,0,23,0.0
3036,full,2026-W21,marketing,3,23,0.13043478260869565
3036,full,2026-W21,education,1,23,0.043478260869565216
3036,full,2026-W21,other,0,23,0.0
3036,full,2026-W22,meme,18,21,0.8571428571428571
3036,full,2026-W22,mourning,0,21,0.0
3036,full,2026-W22,marketing,3,21,0.14285714285714285
3036,full,2026-W22,education,0,21,0.0
3036,full,2026-W22,other,0,21,0.0
3036,no_B,2026-W12,meme,0,25,0.0
3036,no_B,2026-W12,mourning,0,25,0.0
3036,no_B,2026-W12,marketing,19,25,0.76
3036,no_B,2026-W12,education,6,25,0.24
3036,no_B,2026-W12,other,0,25,0.0
3036,no_B,2026-W13,meme,0,29,0.0
3036,no_B,2026-W13,mourning,22,29,0.7586206896551724
3036,no_B,2026-W13,marketing,0,29,0.0
3036,no_B,2026-W13,education,2,29,0.06896551724137931
3036,no_B,2026-W13,other,5,29,0.1724137931034483
3036,no_B,2026-W14,meme,0,7,0.0
3036,no_B,2026-W14,mourning,0,7,0.0
3036,no_B,2026-W14,marketing,0,7,0.0
3036,no_B,2026-W14,education,3,7,0.42857142857142855
3036,no_B,2026-W14,other,4,7,0.5714285714285714
3036,no_B,2026-W15,meme,0,5,0.0
3036,no_B,2026-W15,mourning,0,5,0.0
3036,no_B,2026-W15,marketing,0,5,0.0
3036,no_B,2026-W15,education,3,5,0.6
3036,no_B,2026-W15,other,2,5,0.4
3036,no_B,2026-W16,meme,0,0,0.0
3036,no_B,2026-W16,mourning,0,0,0.0
3036,no_B,2026-W16,marketing,0,0,0.0
3036,no_B,2026-W16,education,0,0,0.0
3036,no_B,2026-W16,other,0,0,0.0
3036,no_B,2026-W17,meme,0,0,0.0
3036,no_B,2026-W17,mourning,0,0,0.0
3036,no_B,2026-W17,marketing,0,0,0.0
3036,no_B,2026-W17,education,0,0,0.0
3036,no_B,2026-W17,other,0,0,0.0
3036,no_B,2026-W18,meme,0,0,0.0
3036,no_B,2026-W18,mourning,0,0,0.0
3036,no_B,2026-W18,marketing,0,0,0.0
3036,no_B,2026-W18,education,0,0,0.0
3036,no_B,2026-W18,other,0,0,0.0
3036,no_B,2026-W19,meme,0,0,0.0
3036,no_B,2026-W19,mourning,0,0,0.0
3036,no_B,2026-W19,marketing,0,0,0.0
3036,no_B,2026-W19,education,0,0,0.0
3036,no_B,2026-W19,other,0,0,0.0
3036,no_B,2026-W20,meme,7,7,1.0
3036,no_B,2026-W20,mourning,0,7,0.0
3036,no_B,2026-W20,marketing,0,7,0.0
3036,no_B,2026-W20,education,0,7,0.0
3036,no_B,2026-W20,other,0,7,0.0
3036,no_B,2026-W21,meme,16,16,1.0
3036,no_B,2026-W21,mourning,0,16,0.0
3036,no_B,2026-W21,marketing,0,16,0.0
3036,no_B,2026-W21,education,0,16,0.0
3036,no_B,2026-W21,other,0,16,0.0
3036,no_B,2026-W22,meme,3,3,1.0
3036,no_B,2026-W22,mourning,0,3,0.0
3036,no_B,2026-W22,marketing,0,3,0.0
3036,no_B,2026-W22,education,0,3,0.0
3036,no_B,2026-W22,other,0,3,0.0
3036,no_D,2026-W12,meme,12,63,0.19047619047619047
3036,no_D,2026-W12,mourning,12,63,0.19047619047619047
3036,no_D,2026-W12,marketing,15,63,0.23809523809523808
3036,no_D,2026-W12,education,9,63,0.14285714285714285
3036,no_D,2026-W12,other,15,63,0.23809523809523808
3036,no_D,2026-W13,meme,12,55,0.21818181818181817
3036,no_D,2026-W13,mourning,12,55,0.21818181818181817
3036,no_D,2026-W13,marketing,9,55,0.16363636363636364
3036,no_D,2026-W13,education,7,55,0.12727272727272726
3036,no_D,2026-W13,other,15,55,0.2727272727272727
3036,no_D,2026-W14,meme,11,45,0.24444444444444444
3036,no_D,2026-W14,mourning,4,45,0.08888888888888889
3036,no_D,2026-W14,marketing,9,45,0.2
3036,no_D,2026-W14,education,7,45,0.15555555555555556
3036,no_D,2026-W14,other,14,45,0.3111111111111111
3036,no_D,2026-W15,meme,7,28,0.25
3036,no_D,2026-W15,mourning,2,28,0.07142857142857142
3036,no_D,2026-W15,marketing,7,28,0.25
3036,no_D,2026-W15,education,6,28,0.21428571428571427
3036,no_D,2026-W15,other,6,28,0.21428571428571427
3036,no_D,2026-W16,meme,6,20,0.3
3036,no_D,2026-W16,mourning,1,20,0.05
3036,no_D,2026-W16,marketing,6,20,0.3
3036,no_D,2026-W16,education,4,20,0.2
3036,no_D,2026-W16,other,3,20,0.15
3036,no_D,2026-W17,meme,5,15,0.3333333333333333
3036,no_D,2026-W17,mourning,1,15,0.06666666666666667
3036,no_D,2026-W17,marketing,5,15,0.3333333333333333
3036,no_D,2026-W17,education,3,15,0.2
3036,no_D,2026-W17,other,1,15,0.06666666666666667
3036,no_D,2026-W18,meme,5,13,0.38461538461538464
3036,no_D,2026-W18,mourning,1,13,0.07692307692307693
3036,no_D,2026-W18,marketing,5,13,0.38461538461538464
3036,no_D,2026-W18,education,2,13,0.15384615384615385
3036,no_D,2026-W18,other,0,13,0.0
3036,no_D,2026-W19,meme,5,11,0.45454545454545453
3036,no_D,2026-W19,mourning,1,11,0.09090909090909091
3036,no_D,2026-W19,marketing,3,11,0.2727272727272727
3036,no_D,2026-W19,education,2,11,0.18181818181818182
3036,no_D,2026-W19,other,0,11,0.0
3036,no_D,2026-W20,meme,2,8,0.25
3036,no_D,2026-W20,mourning,1,8,0.125
3036,no_D,2026-W20,marketing,3,8,0.375
3036,no_D,2026-W20,education,2,8,0.25
3036,no_D,2026-W20,other,0,8,0.0
3036,no_D,2026-W21,meme,2,7,0.2857142857142857
3036,no_D,2026-W21,mourning,0,7,0.0
3036,no_D,2026-W21,marketing,3,7,0.42857142857142855
3036,no_D,2026-W21,education,2,7,0.2857142857142857
3036,no_D,2026-W21,other,0,7,0.0
3036,no_D,2026-W22,meme,1,5,0.2
3036,no_D,2026-W22,mourning,0,5,0.0
3036,no_D,2026-W22,marketing,3,5,0.6
3036,no_D,2026-W22,education,1,5,0.2
3036,no_D,2026-W22,other,0,5,0.0
3036,no_R,2026-W12,meme,0,25,0.0
3036,no_R,2026-W12,mourning,0,25,0.0
3036,no_R,2026-W12,marketing,19,25,0.76
3036,no_R,2026-W12,education,6,25,0.24
3036,no_R,2026-W12,other,0,25,0.0
3036,no_R,2026-W13,meme,0,48,0.0
3036,no_R,2026-W13,mourning,22,48,0.4583333333333333
3036,no_R,2026-W13,marketing,15,48,0.3125
3036,no_R,2026-W13,education,6,48,0.125
3036,no_R,2026-W13,other,5,48,0.10416666666666667
3036,no_R,2026-W14,meme,0,44,0.0
3036,no_R,2026-W14,mourning,14,44,0.3181818181818182
3036,no_R,2026-W14,marketing,18,44,0.4090909090909091
3036,no_R,2026-W14,education,9,44,0.20454545454545456
3036,no_R,2026-W14,other,3,44,0.06818181818181818
3036,no_R,2026-W15,meme,0,44,0.0
3036,no_R,2026-W15,mourning,20,44,0.45454545454545453
3036,no_R,2026-W15,marketing,15,44,0.3409090909090909
3036,no_R,2026-W15,education,8,44,0.18181818181818182
3036,no_R,2026-W15,other,1,44,0.022727272727272728
3036,no_R,2026-W16,meme,0,51,0.0
3036,no_R,2026-W16,mourning,20,51,0.39215686274509803
3036,no_R,2026-W16,marketing,18,51,0.35294117647058826
3036,no_R,2026-W16,education,10,51,0.19607843137254902
3036,no_R,2026-W16,other,3,51,0.058823529411764705
3036,no_R,2026-W17,meme,0,52,0.0
3036,no_R,2026-W17,mourning,17,52,0.3269230769230769
3036,no_R,2026-W17,marketing,17,52,0.3269230769230769
3036,no_R,2026-W17,education,14,52,0.2692307692307692
3036,no_R,2026-W17,other,4,52,0.07692307692307693
3036,no_R,2026-W18,meme,0,50,0.0
3036,no_R,2026-W18,mourning,16,50,0.32
3036,no_R,2026-W18,marketing,18,50,0.36
3036,no_R,2026-W18,education,13,50,0.26
3036,no_R,2026-W18,other,3,50,0.06
3036,no_R,2026-W19,meme,0,52,0.0
3036,no_R,2026-W19,mourning,18,52,0.34615384615384615
3036,no_R,2026-W19,marketing,18,52,0.34615384615384615
3036,no_R,2026-W19,education,13,52,0.25
3036,no_R,2026-W19,other,3,52,0.057692307692307696
3036,no_R,2026-W20,meme,2,51,0.0392156862745098
3036,no_R,2026-W20,mourning,16,51,0.3137254901960784
3036,no_R,2026-W20,marketing,17,51,0.3333333333333333
3036,no_R,2026-W20,education,14,51,0.27450980392156865
3036,no_R,2026-W20,other,2,51,0.0392156862745098
3036,no_R,2026-W21,meme,15,59,0.2542372881355932
3036,no_R,2026-W21,mourning,13,59,0.22033898305084745
3036,no_R,2026-W21,marketing,17,59,0.288135593220339
3036,no_R,2026-W21,education,12,59,0.2033898305084746
3036,no_R,2026-W21,other,2,59,0.03389830508474576
3036,no_R,2026-W22,meme,17,58,0.29310344827586204
3036,no_R,2026-W22,mourning,13,58,0.22413793103448276
3036,no_R,2026-W22,marketing,16,58,0.27586206896551724
3036,no_R,2026-W22,education,11,58,0.1896551724137931
3036,no_R,2026-W22,other,1,58,0.017241379310344827
3037,full,2026-W12,meme,0,25,0.0
3037,full,2026-W12,mourning,0,25,0.0
3037,full,2026-W12,marketing,19,25,0.76
3037,full,2026-W12,education,6,25,0.24
3037,full,2026-W12,other,0,25,0.0
3037,full,2026-W13,meme,0,41,0.0
3037,full,2026-W13,mourning,22,41,0.5365853658536586
3037,full,2026-W13,marketing,9,41,0.21951219512195122
3037,full,2026-W13,education,6,41,0.14634146341463414
3037,full,2026-W13,other,4,41,0.0975609756097561
3037,full,2026-W14,meme,0,36,0.0
3037,full,2026-W14,mourning,9,36,0.25
3037,full,2026-W14,marketing,12,36,0.3333333333333333
3037,full,2026-W14,education,11,36,0.3055555555555556
3037,full,2026-W14,other,4,36,0.1111111111111111
3037,full,2026-W15,meme,0,26,0.0
3037,full,2026-W15,mourning,4,26,0.15384615384615385
3037,full,2026-W15,marketing,8,26,0.3076923076923077
3037,full,2026-W15,education,7,26,0.2692307692307692
3037,full,2026-W15,other,7,26,0.2692307692307692
3037,full,2026-W16,meme,0,17,0.0
3037,full,2026-W16,mourning,1,17,0.058823529411764705
3037,full,2026-W16,marketing,6,17,0.35294117647058826
3037,full,2026-W16,education,4,17,0.23529411764705882
3037,full,2026-W16,other,6,17,0.35294117647058826
3037,full,2026-W17,meme,0,14,0.0
3037,full,2026-W17,mourning,1,14,0.07142857142857142
3037,full,2026-W17,marketing,4,14,0.2857142857142857
3037,full,2026-W17,education,4,14,0.2857142857142857
3037,full,2026-W17,other,5,14,0.35714285714285715
3037,full,2026-W18,meme,0,8,0.0
3037,full,2026-W18,mourning,0,8,0.0
3037,full,2026-W18,marketing,4,8,0.5
3037,full,2026-W18,education,2,8,0.25
3037,full,2026-W18,other,2,8,0.25
3037,full,2026-W19,meme,0,6,0.0
3037,full,2026-W19,mourning,0,6,0.0
3037,full,2026-W19,marketing,4,6,0.6666666666666666
3037,full,2026-W19,education,2,6,0.3333333333333333
3037,full,2026-W19,other,0,6,0.0
3037,full,2026-W20,meme,10,15,0.6666666666666666
3037,full,2026-W20,mourning,0,15,0.0
3037,full,2026-W20,marketing,3,15,0.2
3037,full,2026-W20,education,2,15,0.13333333333333333
3037,full,2026-W20,other,0,15,0.0
3037,full,2026-W21,meme,19,23,0.8260869565217391
3037,full,2026-W21,mourning,0,23,0.0
3037,full,2026-W21,marketing,3,23,0.13043478260869565
3037,full,2026-W21,education,1,23,0.043478260869565216
3037,full,2026-W21,other,0,23,0.0
3037,full,2026-W22,meme,18,21,0.8571428571428571
3037,full,2026-W22,mourning,0,21,0.0
3037,full,2026-W22,marketing,3,21,0.14285714285714285
3037,full,2026-W22,education,0,21,0.0
3037,full,2026-W22,other,0,21,0.0
3037,no_B,2026-W12,meme,0,25,0.0
3037,no_B,2026-W12,mourning,0,25,0.0
3037,no_B,2026-W12,marketing,19,25,0.76
3037,no_B,2026-W12,education,6,25,0.24
3037,no_B,2026-W12,other,0,25,0.0
3037,no_B,2026-W13,meme,0,28,0.0
3037,no_B,2026-W13,mourning,22,28,0.7857142857142857
3037,no_B,2026-W13,marketing,0,28,0.0
3037,no_B,2026-W13,education,2,28,0.07142857142857142
3037,no_B,2026-W13,other,4,28,0.14285714285714285
3037,no_B,2026-W14,meme,0,5,0.0
3037,no_B,2026-W14,mourning,0,5,0.0
3037,no_B,2026-W14,marketing,0,5,0.0
3037,no_B,2026-W14,education,4,5,0.8
3037,no_B,2026-W14,other,1,5,0.2
3037,no_B,2026-W15,meme,0,4,0.0
3037,no_B,2026-W15,mourning,0,4,0.0
3037,no_B,2026-W15,marketing,0,4,0.0
3037,no_B,2026-W15,education,3,4,0.75
3037,no_B,2026-W15,other,1,4,0.25
3037,no_B,2026-W16,meme,0,0,0.0
3037,no_B,2026-W16,mourning,0,0,0.0
3037,no_B,2026-W16,marketing,0,0,0.0
3037,no_B,2026-W16,education,0,0,0.0
3037,no_B,2026-W16,other,0,0,0.0
3037,no_B,2026-W17,meme,0,0,0.0
3037,no_B,2026-W17,mourning,0,0,0.0
3037,no_B,2026-W17,marketing,0,0,0.0
3037,no_B,2026-W17,education,0,0,0.0
3037,no_B,2026-W17,other,0,0,0.0
3037,no_B,2026-W18,meme,0,0,0.0
3037,no_B,2026-W18,mourning,0,0,0.0
3037,no_B,2026-W18,marketing,0,0,0.0
3037,no_B,2026-W18,education,0,0,0.0
3037,no_B,2026-W18,other,0,0,0.0
3037,no_B,2026-W19,meme,0,0,0.0
3037,no_B,2026-W19,mourning,0,0,0.0
3037,no_B,2026-W19,marketing,0,0,0.0
3037,no_B,2026-W19,education,0,0,0.0
3037,no_B,2026-W19,other,0,0,0.0
3037,no_B,2026-W20,meme,11,11,1.0
3037,no_B,2026-W20,mourning,0,11,0.0
3037,no_B,2026-W20,marketing,0,11,0.0
3037,no_B,2026-W20,education,0,11,0.0
3037,no_B,2026-W20,other,0,11,0.0
3037,no_B,2026-W21,meme,15,15,1.0
3037,no_B,2026-W21,mourning,0,15,0.0
3037,no_B,2026-W21,marketing,0,15,0.0
3037,no_B,2026-W21,education,0,15,0.0
3037,no_B,2026-W21,other,0,15,0.0
3037,no_B,2026-W22,meme,1,1,1.0
3037,no_B,2026-W22,mourning,0,1,0.0
3037,no_B,2026-W22,marketing,0,1,0.0
3037,no_B,2026-W22,education,0,1,0.0
3037,no_B,2026-W22,other,0,1,0.0
3037,no_D,2026-W12,meme,12,63,0.19047619047619047
3037,no_D,2026-W12,mourning,12,63,0.19047619047619047
3037,no_D,2026-W12,marketing,15,63,0.23809523809523808
3037,no_D,2026-W12,education,9,63,0.14285714285714285
3037,no_D,2026-W12,other,15,63,0.23809523809523808
3037,no_D,2026-W13,meme,12,58,0.20689655172413793
3037,no_D,2026-W13,mourning,12,58,0.20689655172413793
3037,no_D,2026-W13,marketing,11,58,0.1896551724137931
3037,no_D,2026-W13,education,8,58,0.13793103448275862
3037,no_D,2026-W13,other,15,58,0.25862068965517243
3037,no_D,2026-W14,meme,11,42,0.2619047619047619
3037,no_D,2026-W14,mourning,4,42,0.09523809523809523
3037,no_D,2026-W14,marketing,9,42,0.21428571428571427
3037,no_D,2026-W14,education,5,42,0.11904761904761904
3037,no_D,2026-W14,other,13,42,0.30952380952380953
3037,no_D,2026-W15,meme,7,29,0.2413793103448276
3037,no_D,2026-W15,mourning,2,29,0.06896551724137931
3037,no_D,2026-W15,marketing,8,29,0.27586206896551724
3037,no_D,2026-W15,education,5,29,0.1724137931034483
3037,no_D,2026-W15,other,7,29,0.2413793103448276
3037,no_D,2026-W16,meme,6,20,0.3
3037,no_D,2026-W16,mourning,1,20,0.05
3037,no_D,2026-W16,marketing,6,20,0.3
3037,no_D,2026-W16,education,4,20,0.2
3037,no_D,2026-W16,other,3,20,0.15
3037,no_D,2026-W17,meme,5,15,0.3333333333333333
3037,no_D,2026-W17,mourning,1,15,0.06666666666666667
3037,no_D,2026-W17,marketing,5,15,0.3333333333333333
3037,no_D,2026-W17,education,3,15,0.2
3037,no_D,2026-W17,other,1,15,0.06666666666666667
3037,no_D,2026-W18,meme,3,11,0.2727272727272727
3037,no_D,2026-W18,mourning,1,11,0.09090909090909091
3037,no_D,2026-W18,marketing,4,11,0.36363636363636365
3037,no_D,2026-W18,education,3,11,0.2727272727272727
3037,no_D,2026-W18,other,0,11,0.0
3037,no_D,2026-W19,meme,3,9,0.3333333333333333
3037,no_D,2026-W19,mourning,1,9,0.1111111111111111
3037,no_D,2026-W19,marketing,4,9,0.4444444444444444
3037,no_D,2026-W19,education,1,9,0.1111111111111111
3037,no_D,2026-W19,other,0,9,0.0
3037,no_D,2026-W20,meme,3,8,0.375
3037,no_D,2026-W20,mourning,1,8,0.125
3037,no_D,2026-W20,marketing,3,8,0.375
3037,no_D,2026-W20,education,1,8,0.125
3037,no_D,2026-W20,other,0,8,0.0
3037,no_D,2026-W21,meme,3,8,0.375
3037,no_D,2026-W21,mourning,1,8,0.125
3037,no_D,2026-W21,marketing,3,8,0.375
3037,no_D,2026-W21,education,1,8,0.125
3037,no_D,2026-W21,other,0,8,0.0
3037,no_D,2026-W22,meme,2,6,0.3333333333333333
3037,no_D,2026-W22,mourning,1,6,0.16666666666666666
3037,no_D,2026-W22,marketing,3,6,0.5
3037,no_D,2026-W22,education,0,6,0.0
3037,no_D,2026-W22,other,0,6,0.0
3037,no_R,2026-W12,meme,0,25,0.0
3037,no_R,2026-W12,mourning,0,25,0.0
3037,no_R,2026-W12,marketing,19,25,0.76
3037,no_R,2026-W12,education,6,25,0.24
3037,no_R,2026-W12,other,0,25,0.0
3037,no_R,2026-W13,meme,0,47,0.0
3037,no_R,2026-W13,mourning,22,47,0.46808510638297873
3037,no_R,2026-W13,marketing,15,47,0.3191489361702128
3037,no_R,2026-W13,education,6,47,0.1276595744680851
3037,no_R,2026-W13,other,4,47,0.0851063829787234
3037,no_R,2026-W14,meme,0,56,0.0
3037,no_R,2026-W14,mourning,19,56,0.3392857142857143
3037,no_R,2026-W14,marketing,17,56,0.30357142857142855
3037,no_R,2026-W14,education,12,56,0.21428571428571427
3037,no_R,2026-W14,other,8,56,0.14285714285714285
3037,no_R,2026-W15,meme,0,55,0.0
3037,no_R,2026-W15,mourning,20,55,0.36363636363636365
3037,no_R,2026-W15,marketing,17,55,0.3090909090909091
3037,no_R,2026-W15,education,11,55,0.2
3037,no_R,2026-W15,other,7,55,0.12727272727272726
3037,no_R,2026-W16,meme,0,53,0.0
3037,no_R,2026-W16,mourning,17,53,0.32075471698113206
3037,no_R,2026-W16,marketing,17,53,0.32075471698113206
3037,no_R,2026-W16,education,11,53,0.20754716981132076
3037,no_R,2026-W16,other,8,53,0.1509433962264151
3037,no_R,2026-W17,meme,1,55,0.01818181818181818
3037,no_R,2026-W17,mourning,15,55,0.2727272727272727
3037,no_R,2026-W17,marketing,17,55,0.3090909090909091
3037,no_R,2026-W17,education,12,55,0.21818181818181817
3037,no_R,2026-W17,other,10,55,0.18181818181818182
3037,no_R,2026-W18,meme,0,57,0.0
3037,no_R,2026-W18,mourning,15,57,0.2631578947368421
3037,no_R,2026-W18,marketing,19,57,0.3333333333333333
3037,no_R,2026-W18,education,13,57,0.22807017543859648
3037,no_R,2026-W18,other,10,57,0.17543859649122806
3037,no_R,2026-W19,meme,1,54,0.018518518518518517
3037,no_R,2026-W19,mourning,14,54,0.25925925925925924
3037,no_R,2026-W19,marketing,18,54,0.3333333333333333
3037,no_R,2026-W19,education,11,54,0.2037037037037037
3037,no_R,2026-W19,other,10,54,0.18518518518518517
3037,no_R,2026-W20,meme,4,51,0.0784313725490196
3037,no_R,2026-W20,mourning,13,51,0.2549019607843137
3037,no_R,2026-W20,marketing,17,51,0.3333333333333333
3037,no_R,2026-W20,education,12,51,0.23529411764705882
3037,no_R,2026-W20,other,5,51,0.09803921568627451
3037,no_R,2026-W21,meme,16,65,0.24615384615384617
3037,no_R,2026-W21,mourning,13,65,0.2
3037,no_R,2026-W21,marketing,17,65,0.26153846153846155
3037,no_R,2026-W21,education,11,65,0.16923076923076924
3037,no_R,2026-W21,other,8,65,0.12307692307692308
3037,no_R,2026-W22,meme,19,60,0.31666666666666665
3037,no_R,2026-W22,mourning,10,60,0.16666666666666666
3037,no_R,2026-W22,marketing,16,60,0.26666666666666666
3037,no_R,2026-W22,education,11,60,0.18333333333333332
3037,no_R,2026-W22,other,4,60,0.06666666666666667
3038,full,2026-W12,meme,0,24,0.0
3038,full,2026-W12,mourning,0,24,0.0
3038,full,2026-W12,marketing,19,24,0.7916666666666666
3038,full,2026-W12,education,5,24,0.20833333333333334
3038,full,2026-W12,other,0,24,0.0
3038,full,2026-W13,meme,0,40,0.0
3038,full,2026-W13,mourning,22,40,0.55
3038,full,2026-W13,marketing,9,40,0.225
3038,full,2026-W13,education,3,40,0.075
3038,full,2026-W13,other,6,40,0.15
3038,full,2026-W14,meme,0,32,0.0
3038,full,2026-W14,mourning,10,32,0.3125
3038,full,2026-W14,marketing,10,32,0.3125
3038,full,2026-W14,education,7,32,0.21875
3038,full,2026-W14,other,5,32,0.15625
3038,full,2026-W15,meme,0,22,0.0
3038,full,2026-W15,mourning,3,22,0.13636363636363635
3038,full,2026-W15,marketing,8,22,0.36363636363636365
3038,full,2026-W15,education,7,22,0.3181818181818182
3038,full,2026-W15,other,4,22,0.18181818181818182
3038,full,2026-W16,meme,1,20,0.05
3038,full,2026-W16,mourning,2,20,0.1
3038,full,2026-W16,marketing,7,20,0.35
3038,full,2026-W16,education,5,20,0.25
3038,full,2026-W16,other,5,20,0.25
3038,full,2026-W17,meme,0,10,0.0
3038,full,2026-W17,mourning,0,10,0.0
3038,full,2026-W17,marketing,5,10,0.5
3038,full,2026-W17,education,4,10,0.4
3038,full,2026-W17,other,1,10,0.1
3038,full,2026-W18,meme,0,8,0.0
3038,full,2026-W18,mourning,0,8,0.0
3038,full,2026-W18,marketing,5,8,0.625
3038,full,2026-W18,education,3,8,0.375
3038,full,2026-W18,other,0,8,0.0
3038,full,2026-W19,meme,0,6,0.0
3038,full,2026-W19,mourning,0,6,0.0
3038,full,2026-W19,marketing,4,6,0.6666666666666666
3038,full,2026-W19,education,2,6,0.3333333333333333
3038,full,2026-W19,other,0,6,0.0
3038,full,2026-W20,meme,7,10,0.7
3038,full,2026-W20,mourning,0,10,0.0
3038,full,2026-W20,marketing,3,10,0.3
3038,full,2026-W20,education,0,10,0.0
3038,full,2026-W20,other,0,10,0.0
3038,full,2026-W21,meme,19,22,0.8636363636363636
3038,full,2026-W21,mourning,0,22,0.0
3038,full,2026-W21,marketing,3,22,0.13636363636363635
3038,full,2026-W21,education,0,22,0.0
3038,full,2026-W21,other,0,22,0.0
3038,full,2026-W22,meme,18,21,0.8571428571428571
3038,full,2026-W22,mourning,0,21,0.0
3038,full,2026-W22,marketing,3,21,0.14285714285714285
3038,full,2026-W22,education,0,21,0.0
3038,full,2026-W22,other,0,21,0.0
3038,no_B,2026-W12,meme,0,24,0.0
3038,no_B,2026-W12,mourning,0,24,0.0
3038,no_B,2026-W12,marketing,19,24,0.7916666666666666
3038,no_B,2026-W12,education,5,24,0.20833333333333334
3038,no_B,2026-W12,other,0,24,0.0
3038,no_B,2026-W13,meme,0,30,0.0
3038,no_B,2026-W13,mourning,22,30,0.7333333333333333
3038,no_B,2026-W13,marketing,0,30,0.0
3038,no_B,2026-W13,education,2,30,0.06666666666666667
3038,no_B,2026-W13,other,6,30,0.2
3038,no_B,2026-W14,meme,0,8,0.0
3038,no_B,2026-W14,mourning,0,8,0.0
3038,no_B,2026-W14,marketing,0,8,0.0
3038,no_B,2026-W14,education,6,8,0.75
3038,no_B,2026-W14,other,2,8,0.25
3038,no_B,2026-W15,meme,0,0,0.0
3038,no_B,2026-W15,mourning,0,0,0.0
3038,no_B,2026-W15,marketing,0,0,0.0
3038,no_B,2026-W15,education,0,0,0.0
3038,no_B,2026-W15,other,0,0,0.0
3038,no_B,2026-W16,meme,0,0,0.0
3038,no_B,2026-W16,mourning,0,0,0.0
3038,no_B,2026-W16,marketing,0,0,0.0
3038,no_B,2026-W16,education,0,0,0.0
3038,no_B,2026-W16,other,0,0,0.0
3038,no_B,2026-W17,meme,1,1,1.0
3038,no_B,2026-W17,mourning,0,1,0.0
3038,no_B,2026-W17,marketing,0,1,0.0
3038,no_B,2026-W17,education,0,1,0.0
3038,no_B,2026-W17,other,0,1,0.0
3038,no_B,2026-W18,meme,0,0,0.0
3038,no_B,2026-W18,mourning,0,0,0.0
3038,no_B,2026-W18,marketing,0,0,0.0
3038,no_B,2026-W18,education,0,0,0.0
3038,no_B,2026-W18,other,0,0,0.0
3038,no_B,2026-W19,meme,1,1,1.0
3038,no_B,2026-W19,mourning,0,1,0.0
3038,no_B,2026-W19,marketing,0,1,0.0
3038,no_B,2026-W19,education,0,1,0.0
3038,no_B,2026-W19,other,0,1,0.0
3038,no_B,2026-W20,meme,7,7,1.0
3038,no_B,2026-W20,mourning,0,7,0.0
3038,no_B,2026-W20,marketing,0,7,0.0
3038,no_B,2026-W20,education,0,7,0.0
3038,no_B,2026-W20,other,0,7,0.0
3038,no_B,2026-W21,meme,15,15,1.0
3038,no_B,2026-W21,mourning,0,15,0.0
3038,no_B,2026-W21,marketing,0,15,0.0
3038,no_B,2026-W21,education,0,15,0.0
3038,no_B,2026-W21,other,0,15,0.0
3038,no_B,2026-W22,meme,2,2,1.0
3038,no_B,2026-W22,mourning,0,2,0.0
3038,no_B,2026-W22,marketing,0,2,0.0
3038,no_B,2026-W22,education,0,2,0.0
3038,no_B,2026-W22,other,0,2,0.0
3038,no_D,2026-W12,meme,12,63,0.19047619047619047
3038,no_D,2026-W12,mourning,12,63,0.19047619047619047
3038,no_D,2026-W12,marketing,15,63,0.23809523809523808
3038,no_D,2026-W12,education,9,63,0.14285714285714285
3038,no_D,2026-W12,other,15,63,0.23809523809523808
3038,no_D,2026-W13,meme,12,59,0.2033898305084746
3038,no_D,2026-W13,mourning,12,59,0.2033898305084746
3038,no_D,2026-W13,marketing,11,59,0.1864406779661017
3038,no_D,2026-W13,education,9,59,0.15254237288135594
3038,no_D,2026-W13,other,15,59,0.2542372881355932
3038,no_D,2026-W14,meme,11,45,0.24444444444444444
3038,no_D,2026-W14,mourning,4,45,0.08888888888888889
3038,no_D,2026-W14,marketing,10,45,0.2222222222222222
3038,no_D,2026-W14,education,8,45,0.17777777777777778
3038,no_D,2026-W14,other,12,45,0.26666666666666666
3038,no_D,2026-W15,meme,8,31,0.25806451612903225
3038,no_D,2026-W15,mourning,3,31,0.0967741935483871
3038,no_D,2026-W15,marketing,8,31,0.25806451612903225
3038,no_D,2026-W15,education,6,31,0.1935483870967742
3038,no_D,2026-W15,other,6,31,0.1935483870967742
3038,no_D,2026-W16,meme,6,22,0.2727272727272727
3038,no_D,2026-W16,mourning,1,22,0.045454545454545456
3038,no_D,2026-W16,marketing,6,22,0.2727272727272727
3038,no_D,2026-W16,education,5,22,0.22727272727272727
3038,no_D,2026-W16,other,4,22,0.18181818181818182
3038,no_D,2026-W17,meme,5,15,0.3333333333333333
3038,no_D,2026-W17,mourning,1,15,0.06666666666666667
3038,no_D,2026-W17,marketing,5,15,0.3333333333333333
3038,no_D,2026-W17,education,3,15,0.2
3038,no_D,2026-W17,other,1,15,0.06666666666666667
3038,no_D,2026-W18,meme,4,12,0.3333333333333333
3038,no_D,2026-W18,mourning,1,12,0.08333333333333333
3038,no_D,2026-W18,marketing,5,12,0.4166666666666667
3038,no_D,2026-W18,education,2,12,0.16666666666666666
3038,no_D,2026-W18,other,0,12,0.0
3038,no_D,2026-W19,meme,3,8,0.375
3038,no_D,2026-W19,mourning,0,8,0.0
3038,no_D,2026-W19,marketing,4,8,0.5
3038,no_D,2026-W19,education,1,8,0.125
3038,no_D,2026-W19,other,0,8,0.0
3038,no_D,2026-W20,meme,3,8,0.375
3038,no_D,2026-W20,mourning,0,8,0.0
3038,no_D,2026-W20,marketing,4,8,0.5
3038,no_D,2026-W20,education,1,8,0.125
3038,no_D,2026-W20,other,0,8,0.0
3038,no_D,2026-W21,meme,2,6,0.3333333333333333
3038,no_D,2026-W21,mourning,0,6,0.0
3038,no_D,2026-W21,marketing,3,6,0.5
3038,no_D,2026-W21,education,1,6,0.16666666666666666
3038,no_D,2026-W21,other,0,6,0.0
3038,no_D,2026-W22,meme,1,4,0.25
3038,no_D,2026-W22,mourning,0,4,0.0
3038,no_D,2026-W22,marketing,3,4,0.75
3038,no_D,2026-W22,education,0,4,0.0
3038,no_D,2026-W22,other,0,4,0.0
3038,no_R,2026-W12,meme,0,24,0.0
3038,no_R,2026-W12,mourning,0,24,0.0
3038,no_R,2026-W12,marketing,19,24,0.7916666666666666
3038,no_R,2026-W12,education,5,24,0.20833333333333334
3038,no_R,2026-W12,other,0,24,0.0
3038,no_R,2026-W13,meme,0,46,0.0
3038,no_R,2026-W13,mourning,22,46,0.4782608695652174
3038,no_R,2026-W13,marketing,15,46,0.32608695652173914
3038,no_R,2026-W13,education,3,46,0.06521739130434782
3038,no_R,2026-W13,other,6,46,0.13043478260869565
3038,no_R,2026-W14,meme,0,51,0.0
3038,no_R,2026-W14,mourning,18,51,0.35294117647058826
3038,no_R,2026-W14,marketing,18,51,0.35294117647058826
3038,no_R,2026-W14,education,7,51,0.13725490196078433
3038,no_R,2026-W14,other,8,51,0.1568627450980392
3038,no_R,2026-W15,meme,0,55,0.0
3038,no_R,2026-W15,mourning,17,55,0.3090909090909091
3038,no_R,2026-W15,marketing,18,55,0.32727272727272727
3038,no_R,2026-W15,education,8,55,0.14545454545454545
3038,no_R,2026-W15,other,12,55,0.21818181818181817
3038,no_R,2026-W16,meme,1,59,0.01694915254237288
3038,no_R,2026-W16,mourning,17,59,0.288135593220339
3038,no_R,2026-W16,marketing,18,59,0.3050847457627119
3038,no_R,2026-W16,education,14,59,0.23728813559322035
3038,no_R,2026-W16,other,9,59,0.15254237288135594
3038,no_R,2026-W17,meme,0,56,0.0
3038,no_R,2026-W17,mourning,15,56,0.26785714285714285
3038,no_R,2026-W17,marketing,17,56,0.30357142857142855
3038,no_R,2026-W17,education,12,56,0.21428571428571427
3038,no_R,2026-W17,other,12,56,0.21428571428571427
3038,no_R,2026-W18,meme,0,59,0.0
3038,no_R,2026-W18,mourning,19,59,0.3220338983050847
3038,no_R,2026-W18,marketing,18,59,0.3050847457627119
3038,no_R,2026-W18,education,13,59,0.22033898305084745
3038,no_R,2026-W18,other,9,59,0.15254237288135594
3038,no_R,2026-W19,meme,0,63,0.0
3038,no_R,2026-W19,mourning,18,63,0.2857142857142857
3038,no_R,2026-W19,marketing,18,63,0.2857142857142857
3038,no_R,2026-W19,education,15,63,0.23809523809523808
3038,no_R,2026-W19,other,12,63,0.19047619047619047
3038,no_R,2026-W20,meme,4,57,0.07017543859649122
3038,no_R,2026-W20,mourning,18,57,0.3157894736842105
3038,no_R,2026-W20,marketing,15,57,0.2631578947368421
3038,no_R,2026-W20,education,11,57,0.19298245614035087
3038,no_R,2026-W20,other,9,57,0.15789473684210525
3038,no_R,2026-W21,meme,13,55,0.23636363636363636
3038,no_R,2026-W21,mourning,12,55,0.21818181818181817
3038,no_R,2026-W21,marketing,15,55,0.2727272727272727
3038,no_R,2026-W21,education,10,55,0.18181818181818182
3038,no_R,2026-W21,other,5,55,0.09090909090909091
3038,no_R,2026-W22,meme,18,59,0.3050847457627119
3038,no_R,2026-W22,mourning,11,59,0.1864406779661017
3038,no_R,2026-W22,marketing,16,59,0.2711864406779661
3038,no_R,2026-W22,education,9,59,0.15254237288135594
3038,no_R,2026-W22,other,5,59,0.0847457627118644
3039,full,2026-W12,meme,0,27,0.0
3039,full,2026-W12,mourning,0,27,0.0
3039,full,2026-W12,marketing,19,27,0.7037037037037037
3039,full,2026-W12,education,8,27,0.2962962962962963
3039,full,2026-W12,other,0,27,0.0
3039,full,2026-W13,meme,0,41,0.0
3039,full,2026-W13,mourning,22,41,0.5365853658536586
3039,full,2026-W13,marketing,10,41,0.24390243902439024
3039,full,2026-W13,education,5,41,0.12195121951219512
3039,full,2026-W13,other,4,41,0.0975609756097561
3039,full,2026-W14,meme,0,31,0.0
3039,full,2026-W14,mourning,7,31,0.22580645161290322
3039,full,2026-W14,marketing,12,31,0.3870967741935484
3039,full,2026-W14,education,6,31,0.1935483870967742
3039,full,2026-W14,other,6,31,0.1935483870967742
3039,full,2026-W15,meme,0,23,0.0
3039,full,2026-W15,mourning,5,23,0.21739130434782608
3039,full,2026-W15,marketing,6,23,0.2608695652173913
3039,full,2026-W15,education,6,23,0.2608695652173913
3039,full,2026-W15,other,6,23,0.2608695652173913
3039,full,2026-W16,meme,0,18,0.0
3039,full,2026-W16,mourning,2,18,0.1111111111111111
3039,full,2026-W16,marketing,6,18,0.3333333333333333
3039,full,2026-W16,education,5,18,0.2777777777777778
3039,full,2026-W16,other,5,18,0.2777777777777778
3039,full,2026-W17,meme,0,10,0.0
3039,full,2026-W17,mourning,1,10,0.1
3039,full,2026-W17,marketing,5,10,0.5
3039,full,2026-W17,education,1,10,0.1
3039,full,2026-W17,other,3,10,0.3
3039,full,2026-W18,meme,0,8,0.0
3039,full,2026-W18,mourning,0,8,0.0
3039,full,2026-W18,marketing,4,8,0.5
3039,full,2026-W18,education,1,8,0.125
3039,full,2026-W18,other,3,8,0.375
3039,full,2026-W19,meme,0,6,0.0
3039,full,2026-W19,mourning,0,6,0.0
3039,full,2026-W19,marketing,3,6,0.5
3039,full,2026-W19,education,2,6,0.3333333333333333
3039,full,2026-W19,other,1,6,0.16666666666666666
3039,full,2026-W20,meme,11,16,0.6875
3039,full,2026-W20,mourning,0,16,0.0
3039,full,2026-W20,marketing,3,16,0.1875
3039,full,2026-W20,education,2,16,0.125
3039,full,2026-W20,other,0,16,0.0
3039,full,2026-W21,meme,19,23,0.8260869565217391
3039,full,2026-W21,mourning,0,23,0.0
3039,full,2026-W21,marketing,3,23,0.13043478260869565
3039,full,2026-W21,education,1,23,0.043478260869565216
3039,full,2026-W21,other,0,23,0.0
3039,full,2026-W22,meme,16,19,0.8421052631578947
3039,full,2026-W22,mourning,0,19,0.0
3039,full,2026-W22,marketing,3,19,0.15789473684210525
3039,full,2026-W22,education,0,19,0.0
3039,full,2026-W22,other,0,19,0.0
3039,no_B,2026-W12,meme,0,27,0.0
3039,no_B,2026-W12,mourning,0,27,0.0
3039,no_B,2026-W12,marketing,19,27,0.7037037037037037
3039,no_B,2026-W12,education,8,27,0.2962962962962963
3039,no_B,2026-W12,other,0,27,0.0
3039,no_B,2026-W13,meme,0,26,0.0
3039,no_B,2026-W13,mourning,22,26,0.8461538461538461
3039,no_B,2026-W13,marketing,0,26,0.0
3039,no_B,2026-W13,education,0,26,0.0
3039,no_B,2026-W13,other,4,26,0.15384615384615385
3039,no_B,2026-W14,meme,0,5,0.0
3039,no_B,2026-W14,mourning,0,5,0.0
3039,no_B,2026-W14,marketing,0,5,0.0
3039,no_B,2026-W14,education,3,5,0.6
3039,no_B,2026-W14,other,2,5,0.4
3039,no_B,2026-W15,meme,0,3,0.0
3039,no_B,2026-W15,mourning,0,3,0.0
3039,no_B,2026-W15,marketing,0,3,0.0
3039,no_B,2026-W15,education,1,3,0.3333333333333333
3039,no_B,2026-W15,other,2,3,0.6666666666666666
3039,no_B,2026-W16,meme,2,2,1.0
3039,no_B,2026-W16,mourning,0,2,0.0
3039,no_B,2026-W16,marketing,0,2,0.0
3039,no_B,2026-W16,education,0,2,0.0
3039,no_B,2026-W16,other,0,2,0.0
3039,no_B,2026-W17,meme,0,0,0.0
3039,no_B,2026-W17,mourning,0,0,0.0
3039,no_B,2026-W17,marketing,0,0,0.0
3039,no_B,2026-W17,education,0,0,0.0
3039,no_B,2026-W17,other,0,0,0.0
3039,no_B,2026-W18,meme,0,0,0.0
3039,no_B,2026-W18,mourning,0,0,0.0
3039,no_B,2026-W18,marketing,0,0,0.0
3039,no_B,2026-W18,education,0,0,0.0
3039,no_B,2026-W18,other,0,0,0.0
3039,no_B,2026-W19,meme,0,0,0.0
3039,no_B,2026-W19,mourning,0,0,0.0
3039,no_B,2026-W19,marketing,0,0,0.0
3039,no_B,2026-W19,education,0,0,0.0
3039,no_B,2026-W19,other,0,0,0.0
3039,no_B,2026-W20,meme,7,7,1.0
3039,no_B,2026-W20,mourning,0,7,0.0
3039,no_B,2026-W20,marketing,0,7,0.0
3039,no_B,2026-W20,education,0,7,0.0
3039,no_B,2026-W20,other,0,7,0.0
3039,no_B,2026-W21,meme,10,10,1.0
3039,no_B,2026-W21,mourning,0,10,0.0
3039,no_B,2026-W21,marketing,0,10,0.0
3039,no_B,2026-W21,education,0,10,0.0
3039,no_B,2026-W21,other,0,10,0.0
3039,no_B,2026-W22,meme,1,1,1.0
3039,no_B,2026-W22,mourning,0,1,0.0
3039,no_B,2026-W22,marketing,0,1,0.0
3039,no_B,2026-W22,education,0,1,0.0
3039,no_B,2026-W22,other,0,1,0.0
3039,no_D,2026-W12,meme,12,63,0.19047619047619047
3039,no_D,2026-W12,mourning,12,63,0.19047619047619047
3039,no_D,2026-W12,marketing,15,63,0.23809523809523808
3039,no_D,2026-W12,education,9,63,0.14285714285714285
3039,no_D,2026-W12,other,15,63,0.23809523809523808
3039,no_D,2026-W13,meme,12,57,0.21052631578947367
3039,no_D,2026-W13,mourning,12,57,0.21052631578947367
3039,no_D,2026-W13,marketing,11,57,0.19298245614035087
3039,no_D,2026-W13,education,7,57,0.12280701754385964
3039,no_D,2026-W13,other,15,57,0.2631578947368421
3039,no_D,2026-W14,meme,11,45,0.24444444444444444
3039,no_D,2026-W14,mourning,4,45,0.08888888888888889
3039,no_D,2026-W14,marketing,10,45,0.2222222222222222
3039,no_D,2026-W14,education,7,45,0.15555555555555556
3039,no_D,2026-W14,other,13,45,0.28888888888888886
3039,no_D,2026-W15,meme,8,25,0.32
3039,no_D,2026-W15,mourning,1,25,0.04
3039,no_D,2026-W15,marketing,7,25,0.28
3039,no_D,2026-W15,education,5,25,0.2
3039,no_D,2026-W15,other,4,25,0.16
3039,no_D,2026-W16,meme,7,20,0.35
3039,no_D,2026-W16,mourning,1,20,0.05
3039,no_D,2026-W16,marketing,5,20,0.25
3039,no_D,2026-W16,education,4,20,0.2
3039,no_D,2026-W16,other,3,20,0.15
3039,no_D,2026-W17,meme,5,14,0.35714285714285715
3039,no_D,2026-W17,mourning,1,14,0.07142857142857142
3039,no_D,2026-W17,marketing,5,14,0.35714285714285715
3039,no_D,2026-W17,education,3,14,0.21428571428571427
3039,no_D,2026-W17,other,0,14,0.0
3039,no_D,2026-W18,meme,5,14,0.35714285714285715
3039,no_D,2026-W18,mourning,1,14,0.07142857142857142
3039,no_D,2026-W18,marketing,5,14,0.35714285714285715
3039,no_D,2026-W18,education,3,14,0.21428571428571427
3039,no_D,2026-W18,other,0,14,0.0
3039,no_D,2026-W19,meme,4,10,0.4
3039,no_D,2026-W19,mourning,1,10,0.1
3039,no_D,2026-W19,marketing,3,10,0.3
3039,no_D,2026-W19,education,2,10,0.2
3039,no_D,2026-W19,other,0,10,0.0
3039,no_D,2026-W20,meme,3,8,0.375
3039,no_D,2026-W20,mourning,1,8,0.125
3039,no_D,2026-W20,marketing,3,8,0.375
3039,no_D,2026-W20,education,1,8,0.125
3039,no_D,2026-W20,other,0,8,0.0
3039,no_D,2026-W21,meme,2,6,0.3333333333333333
3039,no_D,2026-W21,mourning,0,6,0.0
3039,no_D,2026-W21,marketing,3,6,0.5
3039,no_D,2026-W21,education,1,6,0.16666666666666666
3039,no_D,2026-W21,other,0,6,0.0
3039,no_D,2026-W22,meme,1,4,0.25
3039,no_D,2026-W22,mourning,0,4,0.0
3039,no_D,2026-W22,marketing,3,4,0.75
3039,no_D,2026-W22,education,0,4,0.0
3039,no_D,2026-W22,other,0,4,0.0
3039,no_R,2026-W12,meme,0,27,0.0
3039,no_R,2026-W12,mourning,0,27,0.0
3039,no_R,2026-W12,marketing,19,27,0.7037037037037037
3039,no_R,2026-W12,education,8,27,0.2962962962962963
3039,no_R,2026-W12,other,0,27,0.0
3039,no_R,2026-W13,meme,0,49,0.0
3039,no_R,2026-W13,mourning,22,49,0.4489795918367347
3039,no_R,2026-W13,marketing,16,49,0.32653061224489793
3039,no_R,2026-W13,education,7,49,0.14285714285714285
3039,no_R,2026-W13,other,4,49,0.08163265306122448
3039,no_R,2026-W14,meme,0,55,0.0
3039,no_R,2026-W14,mourning,18,55,0.32727272727272727
3039,no_R,2026-W14,marketing,18,55,0.32727272727272727
3039,no_R,2026-W14,education,13,55,0.23636363636363636
3039,no_R,2026-W14,other,6,55,0.10909090909090909
3039,no_R,2026-W15,meme,0,54,0.0
3039,no_R,2026-W15,mourning,20,54,0.37037037037037035
3039,no_R,2026-W15,marketing,14,54,0.25925925925925924
3039,no_R,2026-W15,education,13,54,0.24074074074074073
3039,no_R,2026-W15,other,7,54,0.12962962962962962
3039,no_R,2026-W16,meme,0,53,0.0
3039,no_R,2026-W16,mourning,15,53,0.2830188679245283
3039,no_R,2026-W16,marketing,19,53,0.3584905660377358
3039,no_R,2026-W16,education,11,53,0.20754716981132076
3039,no_R,2026-W16,other,8,53,0.1509433962264151
3039,no_R,2026-W17,meme,1,53,0.018867924528301886
3039,no_R,2026-W17,mourning,15,53,0.2830188679245283
3039,no_R,2026-W17,marketing,17,53,0.32075471698113206
3039,no_R,2026-W17,education,14,53,0.2641509433962264
3039,no_R,2026-W17,other,6,53,0.11320754716981132
3039,no_R,2026-W18,meme,0,52,0.0
3039,no_R,2026-W18,mourning,11,52,0.21153846153846154
3039,no_R,2026-W18,marketing,18,52,0.34615384615384615
3039,no_R,2026-W18,education,14,52,0.2692307692307692
3039,no_R,2026-W18,other,9,52,0.17307692307692307
3039,no_R,2026-W19,meme,0,56,0.0
3039,no_R,2026-W19,mourning,13,56,0.23214285714285715
3039,no_R,2026-W19,marketing,19,56,0.3392857142857143
3039,no_R,2026-W19,education,14,56,0.25
3039,no_R,2026-W19,other,10,56,0.17857142857142858
3039,no_R,2026-W20,meme,5,54,0.09259259259259259
3039,no_R,2026-W20,mourning,10,54,0.18518518518518517
3039,no_R,2026-W20,marketing,16,54,0.2962962962962963
3039,no_R,2026-W20,education,13,54,0.24074074074074073
3039,no_R,2026-W20,other,10,54,0.18518518518518517
3039,no_R,2026-W21,meme,15,56,0.26785714285714285
3039,no_R,2026-W21,mourning,9,56,0.16071428571428573
3039,no_R,2026-W21,marketing,17,56,0.30357142857142855
3039,no_R,2026-W21,education,11,56,0.19642857142857142
3039,no_R,2026-W21,other,4,56,0.07142857142857142
3039,no_R,2026-W22,meme,18,56,0.32142857142857145
3039,no_R,2026-W22,mourning,6,56,0.10714285714285714
3039,no_R,2026-W22,marketing,17,56,0.30357142857142855
3039,no_R,2026-W22,education,12,56,0.21428571428571427
3039,no_R,2026-W22,other,3,56,0.05357142857142857
3040,full,2026-W12,meme,0,27,0.0
3040,full,2026-W12,mourning,0,27,0.0
3040,full,2026-W12,marketing,19,27,0.7037037037037037
3040,full,2026-W12,education,8,27,0.2962962962962963
3040,full,2026-W12,other,0,27,0.0
3040,full,2026-W13,meme,0,46,0.0
3040,full,2026-W13,mourning,22,46,0.4782608695652174
3040,full,2026-W13,marketing,11,46,0.2391304347826087
3040,full,2026-W13,education,5,46,0.10869565217391304
3040,full,2026-W13,other,8,46,0.17391304347826086
3040,full,2026-W14,meme,0,36,0.0
3040,full,2026-W14,mourning,7,36,0.19444444444444445
3040,full,2026-W14,marketing,12,36,0.3333333333333333
3040,full,2026-W14,education,11,36,0.3055555555555556
3040,full,2026-W14,other,6,36,0.16666666666666666
3040,full,2026-W15,meme,0,24,0.0
3040,full,2026-W15,mourning,5,24,0.20833333333333334
3040,full,2026-W15,marketing,7,24,0.2916666666666667
3040,full,2026-W15,education,7,24,0.2916666666666667
3040,full,2026-W15,other,5,24,0.20833333333333334
3040,full,2026-W16,meme,0,13,0.0
3040,full,2026-W16,mourning,2,13,0.15384615384615385
3040,full,2026-W16,marketing,6,13,0.46153846153846156
3040,full,2026-W16,education,4,13,0.3076923076923077
3040,full,2026-W16,other,1,13,0.07692307692307693
3040,full,2026-W17,meme,2,10,0.2
3040,full,2026-W17,mourning,1,10,0.1
3040,full,2026-W17,marketing,4,10,0.4
3040,full,2026-W17,education,3,10,0.3
3040,full,2026-W17,other,0,10,0.0
3040,full,2026-W18,meme,2,7,0.2857142857142857
3040,full,2026-W18,mourning,0,7,0.0
3040,full,2026-W18,marketing,3,7,0.42857142857142855
3040,full,2026-W18,education,2,7,0.2857142857142857
3040,full,2026-W18,other,0,7,0.0
3040,full,2026-W19,meme,7,13,0.5384615384615384
3040,full,2026-W19,mourning,0,13,0.0
3040,full,2026-W19,marketing,4,13,0.3076923076923077
3040,full,2026-W19,education,2,13,0.15384615384615385
3040,full,2026-W19,other,0,13,0.0
3040,full,2026-W20,meme,17,22,0.7727272727272727
3040,full,2026-W20,mourning,0,22,0.0
3040,full,2026-W20,marketing,4,22,0.18181818181818182
3040,full,2026-W20,education,1,22,0.045454545454545456
3040,full,2026-W20,other,0,22,0.0
3040,full,2026-W21,meme,19,22,0.8636363636363636
3040,full,2026-W21,mourning,0,22,0.0
3040,full,2026-W21,marketing,3,22,0.13636363636363635
3040,full,2026-W21,education,0,22,0.0
3040,full,2026-W21,other,0,22,0.0
3040,full,2026-W22,meme,12,15,0.8
3040,full,2026-W22,mourning,0,15,0.0
3040,full,2026-W22,marketing,3,15,0.2
3040,full,2026-W22,education,0,15,0.0
3040,full,2026-W22,other,0,15,0.0
3040,no_B,2026-W12,meme,0,27,0.0
3040,no_B,2026-W12,mourning,0,27,0.0
3040,no_B,2026-W12,marketing,19,27,0.7037037037037037
3040,no_B,2026-W12,education,8,27,0.2962962962962963
3040,no_B,2026-W12,other,0,27,0.0
3040,no_B,2026-W13,meme,0,32,0.0
3040,no_B,2026-W13,mourning,22,32,0.6875
3040,no_B,2026-W13,marketing,0,32,0.0
3040,no_B,2026-W13,education,2,32,0.0625
3040,no_B,2026-W13,other,8,32,0.25
3040,no_B,2026-W14,meme,0,7,0.0
3040,no_B,2026-W14,mourning,0,7,0.0
3040,no_B,2026-W14,marketing,0,7,0.0
3040,no_B,2026-W14,education,4,7,0.5714285714285714
3040,no_B,2026-W14,other,3,7,0.42857142857142855
3040,no_B,2026-W15,meme,0,1,0.0
3040,no_B,2026-W15,mourning,0,1,0.0
3040,no_B,2026-W15,marketing,0,1,0.0
3040,no_B,2026-W15,education,0,1,0.0
3040,no_B,2026-W15,other,1,1,1.0
3040,no_B,2026-W16,meme,0,0,0.0
3040,no_B,2026-W16,mourning,0,0,0.0
3040,no_B,2026-W16,marketing,0,0,0.0
3040,no_B,2026-W16,education,0,0,0.0
3040,no_B,2026-W16,other,0,0,0.0
3040,no_B,2026-W17,meme,0,0,0.0
3040,no_B,2026-W17,mourning,0,0,0.0
3040,no_B,2026-W17,marketing,0,0,0.0
3040,no_B,2026-W17,education,0,0,0.0
3040,no_B,2026-W17,other,0,0,0.0
3040,no_B,2026-W18,meme,0,0,0.0
3040,no_B,2026-W18,mourning,0,0,0.0
3040,no_B,2026-W18,marketing,0,0,0.0
3040,no_B,2026-W18,education,0,0,0.0
3040,no_B,2026-W18,other,0,0,0.0
3040,no_B,2026-W19,meme,0,0,0.0
3040,no_B,2026-W19,mourning,0,0,0.0
3040,no_B,2026-W19,marketing,0,0,0.0
3040,no_B,2026-W19,education,0,0,0.0
3040,no_B,2026-W19,other,0,0,0.0
3040,no_B,2026-W20,meme,9,9,1.0
3040,no_B,2026-W20,mourning,0,9,0.0
3040,no_B,2026-W20,marketing,0,9,0.0
3040,no_B,2026-W20,education,0,9,0.0
3040,no_B,2026-W20,other,0,9,0.0
3040,no_B,2026-W21,meme,12,12,1.0
3040,no_B,2026-W21,mourning,0,12,0.0
3040,no_B,2026-W21,marketing,0,12,0.0
3040,no_B,2026-W21,education,0,12,0.0
3040,no_B,2026-W21,other,0,12,0.0
3040,no_B,2026-W22,meme,3,3,1.0
3040,no_B,2026-W22,mourning,0,3,0.0
3040,no_B,2026-W22,marketing,0,3,0.0
3040,no_B,2026-W22,education,0,3,0.0
3040,no_B,2026-W22,other,0,3,0.0
3040,no_D,2026-W12,meme,12,63,0.19047619047619047
3040,no_D,2026-W12,mourning,12,63,0.19047619047619047
3040,no_D,2026-W12,marketing,15,63,0.23809523809523808
3040,no_D,2026-W12,education,9,63,0.14285714285714285
3040,no_D,2026-W12,other,15,63,0.23809523809523808
3040,no_D,2026-W13,meme,12,57,0.21052631578947367
3040,no_D,2026-W13,mourning,12,57,0.21052631578947367
3040,no_D,2026-W13,marketing,11,57,0.19298245614035087
3040,no_D,2026-W13,education,7,57,0.12280701754385964
3040,no_D,2026-W13,other,15,57,0.2631578947368421
3040,no_D,2026-W14,meme,11,42,0.2619047619047619
3040,no_D,2026-W14,mourning,4,42,0.09523809523809523
3040,no_D,2026-W14,marketing,11,42,0.2619047619047619
3040,no_D,2026-W14,education,5,42,0.11904761904761904
3040,no_D,2026-W14,other,11,42,0.2619047619047619
3040,no_D,2026-W15,meme,8,26,0.3076923076923077
3040,no_D,2026-W15,mourning,2,26,0.07692307692307693
3040,no_D,2026-W15,marketing,7,26,0.2692307692307692
3040,no_D,2026-W15,education,5,26,0.19230769230769232
3040,no_D,2026-W15,other,4,26,0.15384615384615385
3040,no_D,2026-W16,meme,6,21,0.2857142857142857
3040,no_D,2026-W16,mourning,2,21,0.09523809523809523
3040,no_D,2026-W16,marketing,6,21,0.2857142857142857
3040,no_D,2026-W16,education,5,21,0.23809523809523808
3040,no_D,2026-W16,other,2,21,0.09523809523809523
3040,no_D,2026-W17,meme,5,16,0.3125
3040,no_D,2026-W17,mourning,2,16,0.125
3040,no_D,2026-W17,marketing,6,16,0.375
3040,no_D,2026-W17,education,3,16,0.1875
3040,no_D,2026-W17,other,0,16,0.0
3040,no_D,2026-W18,meme,4,11,0.36363636363636365
3040,no_D,2026-W18,mourning,1,11,0.09090909090909091
3040,no_D,2026-W18,marketing,4,11,0.36363636363636365
3040,no_D,2026-W18,education,2,11,0.18181818181818182
3040,no_D,2026-W18,other,0,11,0.0
3040,no_D,2026-W19,meme,3,10,0.3
3040,no_D,2026-W19,mourning,1,10,0.1
3040,no_D,2026-W19,marketing,4,10,0.4
3040,no_D,2026-W19,education,2,10,0.2
3040,no_D,2026-W19,other,0,10,0.0
3040,no_D,2026-W20,meme,2,8,0.25
3040,no_D,2026-W20,mourning,1,8,0.125
3040,no_D,2026-W20,marketing,3,8,0.375
3040,no_D,2026-W20,education,2,8,0.25
3040,no_D,2026-W20,other,0,8,0.0
3040,no_D,2026-W21,meme,2,8,0.25
3040,no_D,2026-W21,mourning,1,8,0.125
3040,no_D,2026-W21,marketing,3,8,0.375
3040,no_D,2026-W21,education,2,8,0.25
3040,no_D,2026-W21,other,0,8,0.0
3040,no_D,2026-W22,meme,2,8,0.25
3040,no_D,2026-W22,mourning,1,8,0.125
3040,no_D,2026-W22,marketing,3,8,0.375
3040,no_D,2026-W22,education,2,8,0.25
3040,no_D,2026-W22,other,0,8,0.0
3040,no_R,2026-W12,meme,0,27,0.0
3040,no_R,2026-W12,mourning,0,27,0.0
3040,no_R,2026-W12,marketing,19,27,0.7037037037037037
3040,no_R,2026-W12,education,8,27,0.2962962962962963
3040,no_R,2026-W12,other,0,27,0.0
3040,no_R,2026-W13,meme,0,52,0.0
3040,no_R,2026-W13,mourning,22,52,0.4230769230769231
3040,no_R,2026-W13,marketing,17,52,0.3269230769230769
3040,no_R,2026-W13,education,5,52,0.09615384615384616
3040,no_R,2026-W13,other,8,52,0.15384615384615385
3040,no_R,2026-W14,meme,0,60,0.0
3040,no_R,2026-W14,mourning,19,60,0.31666666666666665
3040,no_R,2026-W14,marketing,18,60,0.3
3040,no_R,2026-W14,education,12,60,0.2
3040,no_R,2026-W14,other,11,60,0.18333333333333332
3040,no_R,2026-W15,meme,0,49,0.0
3040,no_R,2026-W15,mourning,17,49,0.3469387755102041
3040,no_R,2026-W15,marketing,16,49,0.32653061224489793
3040,no_R,2026-W15,education,11,49,0.22448979591836735
3040,no_R,2026-W15,other,5,49,0.10204081632653061
3040,no_R,2026-W16,meme,0,59,0.0
3040,no_R,2026-W16,mourning,19,59,0.3220338983050847
3040,no_R,2026-W16,marketing,17,59,0.288135593220339
3040,no_R,2026-W16,education,13,59,0.22033898305084745
3040,no_R,2026-W16,other,10,59,0.1694915254237288
3040,no_R,2026-W17,meme,0,51,0.0
3040,no_R,2026-W17,mourning,17,51,0.3333333333333333
3040,no_R,2026-W17,marketing,16,51,0.3137254901960784
3040,no_R,2026-W17,education,13,51,0.2549019607843137
3040,no_R,2026-W17,other,5,51,0.09803921568627451
3040,no_R,2026-W18,meme,0,53,0.0
3040,no_R,2026-W18,mourning,13,53,0.24528301886792453
3040,no_R,2026-W18,marketing,16,53,0.3018867924528302
3040,no_R,2026-W18,education,14,53,0.2641509433962264
3040,no_R,2026-W18,other,10,53,0.18867924528301888
3040,no_R,2026-W19,meme,0,54,0.0
3040,no_R,2026-W19,mourning,16,54,0.2962962962962963
3040,no_R,2026-W19,marketing,15,54,0.2777777777777778
3040,no_R,2026-W19,education,14,54,0.25925925925925924
3040,no_R,2026-W19,other,9,54,0.16666666666666666
3040,no_R,2026-W20,meme,7,60,0.11666666666666667
3040,no_R,2026-W20,mourning,13,60,0.21666666666666667
3040,no_R,2026-W20,marketing,16,60,0.26666666666666666
3040,no_R,2026-W20,education,14,60,0.23333333333333334
3040,no_R,2026-W20,other,10,60,0.16666666666666666
3040,no_R,2026-W21,meme,13,60,0.21666666666666667
3040,no_R,2026-W21,mourning,12,60,0.2
3040,no_R,2026-W21,marketing,14,60,0.23333333333333334
3040,no_R,2026-W21,education,14,60,0.23333333333333334
3040,no_R,2026-W21,other,7,60,0.11666666666666667
3040,no_R,2026-W22,meme,19,56,0.3392857142857143
3040,no_R,2026-W22,mourning,10,56,0.17857142857142858
3040,no_R,2026-W22,marketing,15,56,0.26785714285714285
3040,no_R,2026-W22,education,10,56,0.17857142857142858
3040,no_R,2026-W22,other,2,56,0.03571428571428571
3041,full,2026-W12,meme,0,28,0.0
3041,full,2026-W12,mourning,0,28,0.0
3041,full,2026-W12,marketing,19,28,0.6785714285714286
3041,full,2026-W12,education,9,28,0.32142857142857145
3041,full,2026-W12,other,0,28,0.0
3041,full,2026-W13,meme,0,42,0.0
3041,full,2026-W13,mourning,22,42,0.5238095238095238
3041,full,2026-W13,marketing,11,42,0.2619047619047619
3041,full,2026-W13,education,5,42,0.11904761904761904
3041,full,2026-W13,other,4,42,0.09523809523809523
3041,full,2026-W14,meme,0,35,0.0
3041,full,2026-W14,mourning,10,35,0.2857142857142857
3041,full,2026-W14,marketing,11,35,0.3142857142857143
3041,full,2026-W14,education,9,35,0.2571428571428571
3041,full,2026-W14,other,5,35,0.14285714285714285
3041,full,2026-W15,meme,0,24,0.0
3041,full,2026-W15,mourning,7,24,0.2916666666666667
3041,full,2026-W15,marketing,6,24,0.25
3041,full,2026-W15,education,7,24,0.2916666666666667
3041,full,2026-W15,other,4,24,0.16666666666666666
3041,full,2026-W16,meme,0,23,0.0
3041,full,2026-W16,mourning,3,23,0.13043478260869565
3041,full,2026-W16,marketing,7,23,0.30434782608695654
3041,full,2026-W16,education,6,23,0.2608695652173913
3041,full,2026-W16,other,7,23,0.30434782608695654
3041,full,2026-W17,meme,0,9,0.0
3041,full,2026-W17,mourning,0,9,0.0
3041,full,2026-W17,marketing,4,9,0.4444444444444444
3041,full,2026-W17,education,4,9,0.4444444444444444
3041,full,2026-W17,other,1,9,0.1111111111111111
3041,full,2026-W18,meme,0,12,0.0
3041,full,2026-W18,mourning,1,12,0.08333333333333333
3041,full,2026-W18,marketing,4,12,0.3333333333333333
3041,full,2026-W18,education,2,12,0.16666666666666666
3041,full,2026-W18,other,5,12,0.4166666666666667
3041,full,2026-W19,meme,0,7,0.0
3041,full,2026-W19,mourning,0,7,0.0
3041,full,2026-W19,marketing,4,7,0.5714285714285714
3041,full,2026-W19,education,1,7,0.14285714285714285
3041,full,2026-W19,other,2,7,0.2857142857142857
3041,full,2026-W20,meme,10,13,0.7692307692307693
3041,full,2026-W20,mourning,0,13,0.0
3041,full,2026-W20,marketing,3,13,0.23076923076923078
3041,full,2026-W20,education,0,13,0.0
3041,full,2026-W20,other,0,13,0.0
3041,full,2026-W21,meme,19,22,0.8636363636363636
3041,full,2026-W21,mourning,0,22,0.0
3041,full,2026-W21,marketing,3,22,0.13636363636363635
3041,full,2026-W21,education,0,22,0.0
3041,full,2026-W21,other,0,22,0.0
3041,full,2026-W22,meme,18,22,0.8181818181818182
3041,full,2026-W22,mourning,0,22,0.0
3041,full,2026-W22,marketing,3,22,0.13636363636363635
3041,full,2026-W22,education,1,22,0.045454545454545456
3041,full,2026-W22,other,0,22,0.0
3041,no_B,2026-W12,meme,0,28,0.0
3041,no_B,2026-W12,mourning,0,28,0.0
3041,no_B,2026-W12,marketing,19,28,0.6785714285714286
3041,no_B,2026-W12,education,9,28,0.32142857142857145
3041,no_B,2026-W12,other,0,28,0.0
3041,no_B,2026-W13,meme,0,27,0.0
3041,no_B,2026-W13,mourning,22,27,0.8148148148148148
3041,no_B,2026-W13,marketing,0,27,0.0
3041,no_B,2026-W13,education,1,27,0.037037037037037035
3041,no_B,2026-W13,other,4,27,0.14814814814814814
3041,no_B,2026-W14,meme,0,4,0.0
3041,no_B,2026-W14,mourning,0,4,0.0
3041,no_B,2026-W14,marketing,0,4,0.0
3041,no_B,2026-W14,education,3,4,0.75
3041,no_B,2026-W14,other,1,4,0.25
3041,no_B,2026-W15,meme,0,0,0.0
3041,no_B,2026-W15,mourning,0,0,0.0
3041,no_B,2026-W15,marketing,0,0,0.0
3041,no_B,2026-W15,education,0,0,0.0
3041,no_B,2026-W15,other,0,0,0.0
3041,no_B,2026-W16,meme,0,0,0.0
3041,no_B,2026-W16,mourning,0,0,0.0
3041,no_B,2026-W16,marketing,0,0,0.0
3041,no_B,2026-W16,education,0,0,0.0
3041,no_B,2026-W16,other,0,0,0.0
3041,no_B,2026-W17,meme,0,0,0.0
3041,no_B,2026-W17,mourning,0,0,0.0
3041,no_B,2026-W17,marketing,0,0,0.0
3041,no_B,2026-W17,education,0,0,0.0
3041,no_B,2026-W17,other,0,0,0.0
3041,no_B,2026-W18,meme,0,0,0.0
3041,no_B,2026-W18,mourning,0,0,0.0
3041,no_B,2026-W18,marketing,0,0,0.0
3041,no_B,2026-W18,education,0,0,0.0
3041,no_B,2026-W18,other,0,0,0.0
3041,no_B,2026-W19,meme,0,0,0.0
3041,no_B,2026-W19,mourning,0,0,0.0
3041,no_B,2026-W19,marketing,0,0,0.0
3041,no_B,2026-W19,education,0,0,0.0
3041,no_B,2026-W19,other,0,0,0.0
3041,no_B,2026-W20,meme,6,6,1.0
3041,no_B,2026-W20,mourning,0,6,0.0
3041,no_B,2026-W20,marketing,0,6,0.0
3041,no_B,2026-W20,education,0,6,0.0
3041,no_B,2026-W20,other,0,6,0.0
3041,no_B,2026-W21,meme,17,17,1.0
3041,no_B,2026-W21,mourning,0,17,0.0
3041,no_B,2026-W21,marketing,0,17,0.0
3041,no_B,2026-W21,education,0,17,0.0
3041,no_B,2026-W21,other,0,17,0.0
3041,no_B,2026-W22,meme,2,2,1.0
3041,no_B,2026-W22,mourning,0,2,0.0
3041,no_B,2026-W22,marketing,0,2,0.0
3041,no_B,2026-W22,education,0,2,0.0
3041,no_B,2026-W22,other,0,2,0.0
3041,no_D,2026-W12,meme,12,63,0.19047619047619047
3041,no_D,2026-W12,mourning,12,63,0.19047619047619047
3041,no_D,2026-W12,marketing,15,63,0.23809523809523808
3041,no_D,2026-W12,education,9,63,0.14285714285714285
3041,no_D,2026-W12,other,15,63,0.23809523809523808
3041,no_D,2026-W13,meme,12,56,0.21428571428571427
3041,no_D,2026-W13,mourning,12,56,0.21428571428571427
3041,no_D,2026-W13,marketing,11,56,0.19642857142857142
3041,no_D,2026-W13,education,6,56,0.10714285714285714
3041,no_D,2026-W13,other,15,56,0.26785714285714285
3041,no_D,2026-W14,meme,11,41,0.2682926829268293
3041,no_D,2026-W14,mourning,4,41,0.0975609756097561
3041,no_D,2026-W14,marketing,10,41,0.24390243902439024
3041,no_D,2026-W14,education,5,41,0.12195121951219512
3041,no_D,2026-W14,other,11,41,0.2682926829268293
3041,no_D,2026-W15,meme,9,29,0.3103448275862069
3041,no_D,2026-W15,mourning,3,29,0.10344827586206896
3041,no_D,2026-W15,marketing,7,29,0.2413793103448276
3041,no_D,2026-W15,education,5,29,0.1724137931034483
3041,no_D,2026-W15,other,5,29,0.1724137931034483
3041,no_D,2026-W16,meme,5,18,0.2777777777777778
3041,no_D,2026-W16,mourning,1,18,0.05555555555555555
3041,no_D,2026-W16,marketing,6,18,0.3333333333333333
3041,no_D,2026-W16,education,5,18,0.2777777777777778
3041,no_D,2026-W16,other,1,18,0.05555555555555555
3041,no_D,2026-W17,meme,5,14,0.35714285714285715
3041,no_D,2026-W17,mourning,1,14,0.07142857142857142
3041,no_D,2026-W17,marketing,5,14,0.35714285714285715
3041,no_D,2026-W17,education,3,14,0.21428571428571427
3041,no_D,2026-W17,other,0,14,0.0
3041,no_D,2026-W18,meme,5,12,0.4166666666666667
3041,no_D,2026-W18,mourning,0,12,0.0
3041,no_D,2026-W18,marketing,4,12,0.3333333333333333
3041,no_D,2026-W18,education,3,12,0.25
3041,no_D,2026-W18,other,0,12,0.0
3041,no_D,2026-W19,meme,5,10,0.5
3041,no_D,2026-W19,mourning,0,10,0.0
3041,no_D,2026-W19,marketing,4,10,0.4
3041,no_D,2026-W19,education,1,10,0.1
3041,no_D,2026-W19,other,0,10,0.0
3041,no_D,2026-W20,meme,4,9,0.4444444444444444
3041,no_D,2026-W20,mourning,0,9,0.0
3041,no_D,2026-W20,marketing,4,9,0.4444444444444444
3041,no_D,2026-W20,education,1,9,0.1111111111111111
3041,no_D,2026-W20,other,0,9,0.0
3041,no_D,2026-W21,meme,2,6,0.3333333333333333
3041,no_D,2026-W21,mourning,0,6,0.0
3041,no_D,2026-W21,marketing,3,6,0.5
3041,no_D,2026-W21,education,1,6,0.16666666666666666
3041,no_D,2026-W21,other,0,6,0.0
3041,no_D,2026-W22,meme,2,6,0.3333333333333333
3041,no_D,2026-W22,mourning,0,6,0.0
3041,no_D,2026-W22,marketing,3,6,0.5
3041,no_D,2026-W22,education,1,6,0.16666666666666666
3041,no_D,2026-W22,other,0,6,0.0
3041,no_R,2026-W12,meme,0,28,0.0
3041,no_R,2026-W12,mourning,0,28,0.0
3041,no_R,2026-W12,marketing,19,28,0.6785714285714286
3041,no_R,2026-W12,education,9,28,0.32142857142857145
3041,no_R,2026-W12,other,0,28,0.0
3041,no_R,2026-W13,meme,0,44,0.0
3041,no_R,2026-W13,mourning,22,44,0.5
3041,no_R,2026-W13,marketing,12,44,0.2727272727272727
3041,no_R,2026-W13,education,6,44,0.13636363636363635
3041,no_R,2026-W13,other,4,44,0.09090909090909091
3041,no_R,2026-W14,meme,0,49,0.0
3041,no_R,2026-W14,mourning,15,49,0.30612244897959184
3041,no_R,2026-W14,marketing,18,49,0.3673469387755102
3041,no_R,2026-W14,education,8,49,0.16326530612244897
3041,no_R,2026-W14,other,8,49,0.16326530612244897
3041,no_R,2026-W15,meme,0,56,0.0
3041,no_R,2026-W15,mourning,20,56,0.35714285714285715
3041,no_R,2026-W15,marketing,16,56,0.2857142857142857
3041,no_R,2026-W15,education,10,56,0.17857142857142858
3041,no_R,2026-W15,other,10,56,0.17857142857142858
3041,no_R,2026-W16,meme,1,54,0.018518518518518517
3041,no_R,2026-W16,mourning,18,54,0.3333333333333333
3041,no_R,2026-W16,marketing,15,54,0.2777777777777778
3041,no_R,2026-W16,education,13,54,0.24074074074074073
3041,no_R,2026-W16,other,7,54,0.12962962962962962
3041,no_R,2026-W17,meme,0,59,0.0
3041,no_R,2026-W17,mourning,18,59,0.3050847457627119
3041,no_R,2026-W17,marketing,18,59,0.3050847457627119
3041,no_R,2026-W17,education,13,59,0.22033898305084745
3041,no_R,2026-W17,other,10,59,0.1694915254237288
3041,no_R,2026-W18,meme,0,58,0.0
3041,no_R,2026-W18,mourning,19,58,0.3275862068965517
3041,no_R,2026-W18,marketing,16,58,0.27586206896551724
3041,no_R,2026-W18,education,13,58,0.22413793103448276
3041,no_R,2026-W18,other,10,58,0.1724137931034483
3041,no_R,2026-W19,meme,0,48,0.0
3041,no_R,2026-W19,mourning,16,48,0.3333333333333333
3041,no_R,2026-W19,marketing,17,48,0.3541666666666667
3041,no_R,2026-W19,education,12,48,0.25
3041,no_R,2026-W19,other,3,48,0.0625
3041,no_R,2026-W20,meme,4,54,0.07407407407407407
3041,no_R,2026-W20,mourning,16,54,0.2962962962962963
3041,no_R,2026-W20,marketing,17,54,0.3148148148148148
3041,no_R,2026-W20,education,13,54,0.24074074074074073
3041,no_R,2026-W20,other,4,54,0.07407407407407407
3041,no_R,2026-W21,meme,14,58,0.2413793103448276
3041,no_R,2026-W21,mourning,12,58,0.20689655172413793
3041,no_R,2026-W21,marketing,18,58,0.3103448275862069
3041,no_R,2026-W21,education,14,58,0.2413793103448276
3041,no_R,2026-W21,other,0,58,0.0
3041,no_R,2026-W22,meme,18,61,0.29508196721311475
3041,no_R,2026-W22,mourning,15,61,0.2459016393442623
3041,no_R,2026-W22,marketing,17,61,0.2786885245901639
3041,no_R,2026-W22,education,11,61,0.18032786885245902
3041,no_R,2026-W22,other,0,61,0.0
3042,full,2026-W12,meme,0,28,0.0
3042,full,2026-W12,mourning,0,28,0.0
3042,full,2026-W12,marketing,19,28,0.6785714285714286
3042,full,2026-W12,education,9,28,0.32142857142857145
3042,full,2026-W12,other,0,28,0.0
3042,full,2026-W13,meme,0,42,0.0
3042,full,2026-W13,mourning,22,42,0.5238095238095238
3042,full,2026-W13,marketing,10,42,0.23809523809523808
3042,full,2026-W13,education,5,42,0.11904761904761904
3042,full,2026-W13,other,5,42,0.11904761904761904
3042,full,2026-W14,meme,0,35,0.0
3042,full,2026-W14,mourning,10,35,0.2857142857142857
3042,full,2026-W14,marketing,11,35,0.3142857142857143
3042,full,2026-W14,education,6,35,0.17142857142857143
3042,full,2026-W14,other,8,35,0.22857142857142856
3042,full,2026-W15,meme,0,23,0.0
3042,full,2026-W15,mourning,3,23,0.13043478260869565
3042,full,2026-W15,marketing,8,23,0.34782608695652173
3042,full,2026-W15,education,5,23,0.21739130434782608
3042,full,2026-W15,other,7,23,0.30434782608695654
3042,full,2026-W16,meme,0,18,0.0
3042,full,2026-W16,mourning,1,18,0.05555555555555555
3042,full,2026-W16,marketing,7,18,0.3888888888888889
3042,full,2026-W16,education,6,18,0.3333333333333333
3042,full,2026-W16,other,4,18,0.2222222222222222
3042,full,2026-W17,meme,0,11,0.0
3042,full,2026-W17,mourning,1,11,0.09090909090909091
3042,full,2026-W17,marketing,5,11,0.45454545454545453
3042,full,2026-W17,education,3,11,0.2727272727272727
3042,full,2026-W17,other,2,11,0.18181818181818182
3042,full,2026-W18,meme,0,7,0.0
3042,full,2026-W18,mourning,0,7,0.0
3042,full,2026-W18,marketing,5,7,0.7142857142857143
3042,full,2026-W18,education,1,7,0.14285714285714285
3042,full,2026-W18,other,1,7,0.14285714285714285
3042,full,2026-W19,meme,0,6,0.0
3042,full,2026-W19,mourning,1,6,0.16666666666666666
3042,full,2026-W19,marketing,4,6,0.6666666666666666
3042,full,2026-W19,education,0,6,0.0
3042,full,2026-W19,other,1,6,0.16666666666666666
3042,full,2026-W20,meme,12,15,0.8
3042,full,2026-W20,mourning,0,15,0.0
3042,full,2026-W20,marketing,3,15,0.2
3042,full,2026-W20,education,0,15,0.0
3042,full,2026-W20,other,0,15,0.0
3042,full,2026-W21,meme,19,22,0.8636363636363636
3042,full,2026-W21,mourning,0,22,0.0
3042,full,2026-W21,marketing,3,22,0.13636363636363635
3042,full,2026-W21,education,0,22,0.0
3042,full,2026-W21,other,0,22,0.0
3042,full,2026-W22,meme,18,21,0.8571428571428571
3042,full,2026-W22,mourning,0,21,0.0
3042,full,2026-W22,marketing,3,21,0.14285714285714285
3042,full,2026-W22,education,0,21,0.0
3042,full,2026-W22,other,0,21,0.0
3042,no_B,2026-W12,meme,0,28,0.0
3042,no_B,2026-W12,mourning,0,28,0.0
3042,no_B,2026-W12,marketing,19,28,0.6785714285714286
3042,no_B,2026-W12,education,9,28,0.32142857142857145
3042,no_B,2026-W12,other,0,28,0.0
3042,no_B,2026-W13,meme,0,28,0.0
3042,no_B,2026-W13,mourning,22,28,0.7857142857142857
3042,no_B,2026-W13,marketing,0,28,0.0
3042,no_B,2026-W13,education,1,28,0.03571428571428571
3042,no_B,2026-W13,other,5,28,0.17857142857142858
3042,no_B,2026-W14,meme,0,4,0.0
3042,no_B,2026-W14,mourning,0,4,0.0
3042,no_B,2026-W14,marketing,0,4,0.0
3042,no_B,2026-W14,education,3,4,0.75
3042,no_B,2026-W14,other,1,4,0.25
3042,no_B,2026-W15,meme,0,2,0.0
3042,no_B,2026-W15,mourning,0,2,0.0
3042,no_B,2026-W15,marketing,0,2,0.0
3042,no_B,2026-W15,education,0,2,0.0
3042,no_B,2026-W15,other,2,2,1.0
3042,no_B,2026-W16,meme,1,1,1.0
3042,no_B,2026-W16,mourning,0,1,0.0
3042,no_B,2026-W16,marketing,0,1,0.0
3042,no_B,2026-W16,education,0,1,0.0
3042,no_B,2026-W16,other,0,1,0.0
3042,no_B,2026-W17,meme,0,0,0.0
3042,no_B,2026-W17,mourning,0,0,0.0
3042,no_B,2026-W17,marketing,0,0,0.0
3042,no_B,2026-W17,education,0,0,0.0
3042,no_B,2026-W17,other,0,0,0.0
3042,no_B,2026-W18,meme,2,2,1.0
3042,no_B,2026-W18,mourning,0,2,0.0
3042,no_B,2026-W18,marketing,0,2,0.0
3042,no_B,2026-W18,education,0,2,0.0
3042,no_B,2026-W18,other,0,2,0.0
3042,no_B,2026-W19,meme,2,2,1.0
3042,no_B,2026-W19,mourning,0,2,0.0
3042,no_B,2026-W19,marketing,0,2,0.0
3042,no_B,2026-W19,education,0,2,0.0
3042,no_B,2026-W19,other,0,2,0.0
3042,no_B,2026-W20,meme,14,14,1.0
3042,no_B,2026-W20,mourning,0,14,0.0
3042,no_B,2026-W20,marketing,0,14,0.0
3042,no_B,2026-W20,education,0,14,0.0
3042,no_B,2026-W20,other,0,14,0.0
3042,no_B,2026-W21,meme,9,9,1.0
3042,no_B,2026-W21,mourning,0,9,0.0
3042,no_B,2026-W21,marketing,0,9,0.0
3042,no_B,2026-W21,education,0,9,0.0
3042,no_B,2026-W21,other,0,9,0.0
3042,no_B,2026-W22,meme,0,0,0.0
3042,no_B,2026-W22,mourning,0,0,0.0
3042,no_B,2026-W22,marketing,0,0,0.0
3042,no_B,2026-W22,education,0,0,0.0
3042,no_B,2026-W22,other,0,0,0.0
3042,no_D,2026-W12,meme,12,63,0.19047619047619047
3042,no_D,2026-W12,mourning,12,63,0.19047619047619047
3042,no_D,2026-W12,marketing,15,63,0.23809523809523808
3042,no_D,2026-W12,education,9,63,0.14285714285714285
3042,no_D,2026-W12,other,15,63,0.23809523809523808
3042,no_D,2026-W13,meme,12,54,0.2222222222222222
3042,no_D,2026-W13,mourning,12,54,0.2222222222222222
3042,no_D,2026-W13,marketing,9,54,0.16666666666666666
3042,no_D,2026-W13,education,6,54,0.1111111111111111
3042,no_D,2026-W13,other,15,54,0.2777777777777778
3042,no_D,2026-W14,meme,12,39,0.3076923076923077
3042,no_D,2026-W14,mourning,4,39,0.10256410256410256
3042,no_D,2026-W14,marketing,7,39,0.1794871794871795
3042,no_D,2026-W14,education,6,39,0.15384615384615385
3042,no_D,2026-W14,other,10,39,0.2564102564102564
3042,no_D,2026-W15,meme,8,28,0.2857142857142857
3042,no_D,2026-W15,mourning,3,28,0.10714285714285714
3042,no_D,2026-W15,marketing,7,28,0.25
3042,no_D,2026-W15,education,5,28,0.17857142857142858
3042,no_D,2026-W15,other,5,28,0.17857142857142858
3042,no_D,2026-W16,meme,7,19,0.3684210526315789
3042,no_D,2026-W16,mourning,1,19,0.05263157894736842
3042,no_D,2026-W16,marketing,7,19,0.3684210526315789
3042,no_D,2026-W16,education,3,19,0.15789473684210525
3042,no_D,2026-W16,other,1,19,0.05263157894736842
3042,no_D,2026-W17,meme,5,14,0.35714285714285715
3042,no_D,2026-W17,mourning,1,14,0.07142857142857142
3042,no_D,2026-W17,marketing,6,14,0.42857142857142855
3042,no_D,2026-W17,education,2,14,0.14285714285714285
3042,no_D,2026-W17,other,0,14,0.0
3042,no_D,2026-W18,meme,4,11,0.36363636363636365
3042,no_D,2026-W18,mourning,1,11,0.09090909090909091
3042,no_D,2026-W18,marketing,4,11,0.36363636363636365
3042,no_D,2026-W18,education,2,11,0.18181818181818182
3042,no_D,2026-W18,other,0,11,0.0
3042,no_D,2026-W19,meme,3,9,0.3333333333333333
3042,no_D,2026-W19,mourning,0,9,0.0
3042,no_D,2026-W19,marketing,4,9,0.4444444444444444
3042,no_D,2026-W19,education,2,9,0.2222222222222222
3042,no_D,2026-W19,other,0,9,0.0
3042,no_D,2026-W20,meme,3,7,0.42857142857142855
3042,no_D,2026-W20,mourning,0,7,0.0
3042,no_D,2026-W20,marketing,3,7,0.42857142857142855
3042,no_D,2026-W20,education,1,7,0.14285714285714285
3042,no_D,2026-W20,other,0,7,0.0
3042,no_D,2026-W21,meme,1,5,0.2
3042,no_D,2026-W21,mourning,0,5,0.0
3042,no_D,2026-W21,marketing,3,5,0.6
3042,no_D,2026-W21,education,1,5,0.2
3042,no_D,2026-W21,other,0,5,0.0
3042,no_D,2026-W22,meme,1,4,0.25
3042,no_D,2026-W22,mourning,0,4,0.0
3042,no_D,2026-W22,marketing,3,4,0.75
3042,no_D,2026-W22,education,0,4,0.0
3042,no_D,2026-W22,other,0,4,0.0
3042,no_R,2026-W12,meme,0,28,0.0
3042,no_R,2026-W12,mourning,0,28,0.0
3042,no_R,2026-W12,marketing,19,28,0.6785714285714286
3042,no_R,2026-W12,education,9,28,0.32142857142857145
3042,no_R,2026-W12,other,0,28,0.0
3042,no_R,2026-W13,meme,0,47,0.0
3042,no_R,2026-W13,mourning,22,47,0.46808510638297873
3042,no_R,2026-W13,marketing,13,47,0.2765957446808511
3042,no_R,2026-W13,education,7,47,0.14893617021276595
3042,no_R,2026-W13,other,5,47,0.10638297872340426
3042,no_R,2026-W14,meme,0,52,0.0
3042,no_R,2026-W14,mourning,19,52,0.36538461538461536
3042,no_R,2026-W14,marketing,18,52,0.34615384615384615
3042,no_R,2026-W14,education,10,52,0.19230769230769232
3042,no_R,2026-W14,other,5,52,0.09615384615384616
3042,no_R,2026-W15,meme,0,56,0.0
3042,no_R,2026-W15,mourning,21,56,0.375
3042,no_R,2026-W15,marketing,17,56,0.30357142857142855
3042,no_R,2026-W15,education,9,56,0.16071428571428573
3042,no_R,2026-W15,other,9,56,0.16071428571428573
3042,no_R,2026-W16,meme,0,54,0.0
3042,no_R,2026-W16,mourning,18,54,0.3333333333333333
3042,no_R,2026-W16,marketing,18,54,0.3333333333333333
3042,no_R,2026-W16,education,12,54,0.2222222222222222
3042,no_R,2026-W16,other,6,54,0.1111111111111111
3042,no_R,2026-W17,meme,0,50,0.0
3042,no_R,2026-W17,mourning,14,50,0.28
3042,no_R,2026-W17,marketing,17,50,0.34
3042,no_R,2026-W17,education,12,50,0.24
3042,no_R,2026-W17,other,7,50,0.14
3042,no_R,2026-W18,meme,0,58,0.0
3042,no_R,2026-W18,mourning,19,58,0.3275862068965517
3042,no_R,2026-W18,marketing,17,58,0.29310344827586204
3042,no_R,2026-W18,education,10,58,0.1724137931034483
3042,no_R,2026-W18,other,12,58,0.20689655172413793
3042,no_R,2026-W19,meme,0,49,0.0
3042,no_R,2026-W19,mourning,11,49,0.22448979591836735
3042,no_R,2026-W19,marketing,17,49,0.3469387755102041
3042,no_R,2026-W19,education,9,49,0.1836734693877551
3042,no_R,2026-W19,other,12,49,0.24489795918367346
3042,no_R,2026-W20,meme,4,57,0.07017543859649122
3042,no_R,2026-W20,mourning,15,57,0.2631578947368421
3042,no_R,2026-W20,marketing,17,57,0.2982456140350877
3042,no_R,2026-W20,education,11,57,0.19298245614035087
3042,no_R,2026-W20,other,10,57,0.17543859649122806
3042,no_R,2026-W21,meme,11,60,0.18333333333333332
3042,no_R,2026-W21,mourning,18,60,0.3
3042,no_R,2026-W21,marketing,15,60,0.25
3042,no_R,2026-W21,education,12,60,0.2
3042,no_R,2026-W21,other,4,60,0.06666666666666667
3042,no_R,2026-W22,meme,17,59,0.288135593220339
3042,no_R,2026-W22,mourning,14,59,0.23728813559322035
3042,no_R,2026-W22,marketing,15,59,0.2542372881355932
3042,no_R,2026-W22,education,11,59,0.1864406779661017
3042,no_R,2026-W22,other,2,59,0.03389830508474576
3043,full,2026-W12,meme,0,25,0.0
3043,full,2026-W12,mourning,0,25,0.0
3043,full,2026-W12,marketing,19,25,0.76
3043,full,2026-W12,education,6,25,0.24
3043,full,2026-W12,other,0,25,0.0
3043,full,2026-W13,meme,0,40,0.0
3043,full,2026-W13,mourning,22,40,0.55
3043,full,2026-W13,marketing,11,40,0.275
3043,full,2026-W13,education,4,40,0.1
3043,full,2026-W13,other,3,40,0.075
3043,full,2026-W14,meme,0,32,0.0
3043,full,2026-W14,mourning,11,32,0.34375
3043,full,2026-W14,marketing,11,32,0.34375
3043,full,2026-W14,education,5,32,0.15625
3043,full,2026-W14,other,5,32,0.15625
3043,full,2026-W15,meme,0,25,0.0
3043,full,2026-W15,mourning,7,25,0.28
3043,full,2026-W15,marketing,6,25,0.24
3043,full,2026-W15,education,7,25,0.28
3043,full,2026-W15,other,5,25,0.2
3043,full,2026-W16,meme,0,20,0.0
3043,full,2026-W16,mourning,2,20,0.1
3043,full,2026-W16,marketing,7,20,0.35
3043,full,2026-W16,education,6,20,0.3
3043,full,2026-W16,other,5,20,0.25
3043,full,2026-W17,meme,0,12,0.0
3043,full,2026-W17,mourning,0,12,0.0
3043,full,2026-W17,marketing,5,12,0.4166666666666667
3043,full,2026-W17,education,3,12,0.25
3043,full,2026-W17,other,4,12,0.3333333333333333
3043,full,2026-W18,meme,0,8,0.0
3043,full,2026-W18,mourning,1,8,0.125
3043,full,2026-W18,marketing,4,8,0.5
3043,full,2026-W18,education,2,8,0.25
3043,full,2026-W18,other,1,8,0.125
3043,full,2026-W19,meme,0,5,0.0
3043,full,2026-W19,mourning,0,5,0.0
3043,full,2026-W19,marketing,3,5,0.6
3043,full,2026-W19,education,1,5,0.2
3043,full,2026-W19,other,1,5,0.2
3043,full,2026-W20,meme,10,15,0.6666666666666666
3043,full,2026-W20,mourning,0,15,0.0
3043,full,2026-W20,marketing,3,15,0.2
3043,full,2026-W20,education,2,15,0.13333333333333333
3043,full,2026-W20,other,0,15,0.0
3043,full,2026-W21,meme,19,23,0.8260869565217391
3043,full,2026-W21,mourning,0,23,0.0
3043,full,2026-W21,marketing,3,23,0.13043478260869565
3043,full,2026-W21,education,1,23,0.043478260869565216
3043,full,2026-W21,other,0,23,0.0
3043,full,2026-W22,meme,19,22,0.8636363636363636
3043,full,2026-W22,mourning,0,22,0.0
3043,full,2026-W22,marketing,3,22,0.13636363636363635
3043,full,2026-W22,education,0,22,0.0
3043,full,2026-W22,other,0,22,0.0
3043,no_B,2026-W12,meme,0,25,0.0
3043,no_B,2026-W12,mourning,0,25,0.0
3043,no_B,2026-W12,marketing,19,25,0.76
3043,no_B,2026-W12,education,6,25,0.24
3043,no_B,2026-W12,other,0,25,0.0
3043,no_B,2026-W13,meme,0,26,0.0
3043,no_B,2026-W13,mourning,22,26,0.8461538461538461
3043,no_B,2026-W13,marketing,0,26,0.0
3043,no_B,2026-W13,education,1,26,0.038461538461538464
3043,no_B,2026-W13,other,3,26,0.11538461538461539
3043,no_B,2026-W14,meme,0,3,0.0
3043,no_B,2026-W14,mourning,0,3,0.0
3043,no_B,2026-W14,marketing,0,3,0.0
3043,no_B,2026-W14,education,2,3,0.6666666666666666
3043,no_B,2026-W14,other,1,3,0.3333333333333333
3043,no_B,2026-W15,meme,1,3,0.3333333333333333
3043,no_B,2026-W15,mourning,0,3,0.0
3043,no_B,2026-W15,marketing,0,3,0.0
3043,no_B,2026-W15,education,1,3,0.3333333333333333
3043,no_B,2026-W15,other,1,3,0.3333333333333333
3043,no_B,2026-W16,meme,1,1,1.0
3043,no_B,2026-W16,mourning,0,1,0.0
3043,no_B,2026-W16,marketing,0,1,0.0
3043,no_B,2026-W16,education,0,1,0.0
3043,no_B,2026-W16,other,0,1,0.0
3043,no_B,2026-W17,meme,2,2,1.0
3043,no_B,2026-W17,mourning,0,2,0.0
3043,no_B,2026-W17,marketing,0,2,0.0
3043,no_B,2026-W17,education,0,2,0.0
3043,no_B,2026-W17,other,0,2,0.0
3043,no_B,2026-W18,meme,2,2,1.0
3043,no_B,2026-W18,mourning,0,2,0.0
3043,no_B,2026-W18,marketing,0,2,0.0
3043,no_B,2026-W18,education,0,2,0.0
3043,no_B,2026-W18,other,0,2,0.0
3043,no_B,2026-W19,meme,4,4,1.0
3043,no_B,2026-W19,mourning,0,4,0.0
3043,no_B,2026-W19,marketing,0,4,0.0
3043,no_B,2026-W19,education,0,4,0.0
3043,no_B,2026-W19,other,0,4,0.0
3043,no_B,2026-W20,meme,10,10,1.0
3043,no_B,2026-W20,mourning,0,10,0.0
3043,no_B,2026-W20,marketing,0,10,0.0
3043,no_B,2026-W20,education,0,10,0.0
3043,no_B,2026-W20,other,0,10,0.0
3043,no_B,2026-W21,meme,5,5,1.0
3043,no_B,2026-W21,mourning,0,5,0.0
3043,no_B,2026-W21,marketing,0,5,0.0
3043,no_B,2026-W21,education,0,5,0.0
3043,no_B,2026-W21,other,0,5,0.0
3043,no_B,2026-W22,meme,0,0,0.0
3043,no_B,2026-W22,mourning,0,0,0.0
3043,no_B,2026-W22,marketing,0,0,0.0
3043,no_B,2026-W22,education,0,0,0.0
3043,no_B,2026-W22,other,0,0,0.0
3043,no_D,2026-W12,meme,12,63,0.19047619047619047
3043,no_D,2026-W12,mourning,12,63,0.19047619047619047
3043,no_D,2026-W12,marketing,15,63,0.23809523809523808
3043,no_D,2026-W12,education,9,63,0.14285714285714285
3043,no_D,2026-W12,other,15,63,0.23809523809523808
3043,no_D,2026-W13,meme,12,56,0.21428571428571427
3043,no_D,2026-W13,mourning,12,56,0.21428571428571427
3043,no_D,2026-W13,marketing,10,56,0.17857142857142858
3043,no_D,2026-W13,education,7,56,0.125
3043,no_D,2026-W13,other,15,56,0.26785714285714285
3043,no_D,2026-W14,meme,10,42,0.23809523809523808
3043,no_D,2026-W14,mourning,4,42,0.09523809523809523
3043,no_D,2026-W14,marketing,10,42,0.23809523809523808
3043,no_D,2026-W14,education,6,42,0.14285714285714285
3043,no_D,2026-W14,other,12,42,0.2857142857142857
3043,no_D,2026-W15,meme,8,33,0.24242424242424243
3043,no_D,2026-W15,mourning,3,33,0.09090909090909091
3043,no_D,2026-W15,marketing,7,33,0.21212121212121213
3043,no_D,2026-W15,education,6,33,0.18181818181818182
3043,no_D,2026-W15,other,9,33,0.2727272727272727
3043,no_D,2026-W16,meme,6,20,0.3
3043,no_D,2026-W16,mourning,1,20,0.05
3043,no_D,2026-W16,marketing,6,20,0.3
3043,no_D,2026-W16,education,4,20,0.2
3043,no_D,2026-W16,other,3,20,0.15
3043,no_D,2026-W17,meme,5,15,0.3333333333333333
3043,no_D,2026-W17,mourning,1,15,0.06666666666666667
3043,no_D,2026-W17,marketing,5,15,0.3333333333333333
3043,no_D,2026-W17,education,4,15,0.26666666666666666
3043,no_D,2026-W17,other,0,15,0.0
3043,no_D,2026-W18,meme,4,11,0.36363636363636365
3043,no_D,2026-W18,mourning,1,11,0.09090909090909091
3043,no_D,2026-W18,marketing,4,11,0.36363636363636365
3043,no_D,2026-W18,education,2,11,0.18181818181818182
3043,no_D,2026-W18,other,0,11,0.0
3043,no_D,2026-W19,meme,2,8,0.25
3043,no_D,2026-W19,mourning,1,8,0.125
3043,no_D,2026-W19,marketing,3,8,0.375
3043,no_D,2026-W19,education,2,8,0.25
3043,no_D,2026-W19,other,0,8,0.0
3043,no_D,2026-W20,meme,2,8,0.25
3043,no_D,2026-W20,mourning,1,8,0.125
3043,no_D,2026-W20,marketing,3,8,0.375
3043,no_D,2026-W20,education,2,8,0.25
3043,no_D,2026-W20,other,0,8,0.0
3043,no_D,2026-W21,meme,2,8,0.25
3043,no_D,2026-W21,mourning,1,8,0.125
3043,no_D,2026-W21,marketing,3,8,0.375
3043,no_D,2026-W21,education,2,8,0.25
3043,no_D,2026-W21,other,0,8,0.0
3043,no_D,2026-W22,meme,1,7,0.14285714285714285
3043,no_D,2026-W22,mourning,1,7,0.14285714285714285
3043,no_D,2026-W22,marketing,3,7,0.42857142857142855
3043,no_D,2026-W22,education,2,7,0.2857142857142857
3043,no_D,2026-W22,other,0,7,0.0
3043,no_R,2026-W12,meme,0,25,0.0
3043,no_R,2026-W12,mourning,0,25,0.0
3043,no_R,2026-W12,marketing,19,25,0.76
3043,no_R,2026-W12,education,6,25,0.24
3043,no_R,2026-W12,other,0,25,0.0
3043,no_R,2026-W13,meme,0,43,0.0
3043,no_R,2026-W13,mourning,22,43,0.5116279069767442
3043,no_R,2026-W13,marketing,14,43,0.32558139534883723
3043,no_R,2026-W13,education,4,43,0.09302325581395349
3043,no_R,2026-W13,other,3,43,0.06976744186046512
3043,no_R,2026-W14,meme,0,53,0.0
3043,no_R,2026-W14,mourning,21,53,0.39622641509433965
3043,no_R,2026-W14,marketing,18,53,0.33962264150943394
3043,no_R,2026-W14,education,9,53,0.16981132075471697
3043,no_R,2026-W14,other,5,53,0.09433962264150944
3043,no_R,2026-W15,meme,0,52,0.0
3043,no_R,2026-W15,mourning,21,52,0.40384615384615385
3043,no_R,2026-W15,marketing,17,52,0.3269230769230769
3043,no_R,2026-W15,education,8,52,0.15384615384615385
3043,no_R,2026-W15,other,6,52,0.11538461538461539
3043,no_R,2026-W16,meme,0,56,0.0
3043,no_R,2026-W16,mourning,19,56,0.3392857142857143
3043,no_R,2026-W16,marketing,15,56,0.26785714285714285
3043,no_R,2026-W16,education,11,56,0.19642857142857142
3043,no_R,2026-W16,other,11,56,0.19642857142857142
3043,no_R,2026-W17,meme,0,57,0.0
3043,no_R,2026-W17,mourning,17,57,0.2982456140350877
3043,no_R,2026-W17,marketing,16,57,0.2807017543859649
3043,no_R,2026-W17,education,14,57,0.24561403508771928
3043,no_R,2026-W17,other,10,57,0.17543859649122806
3043,no_R,2026-W18,meme,0,53,0.0
3043,no_R,2026-W18,mourning,16,53,0.3018867924528302
3043,no_R,2026-W18,marketing,17,53,0.32075471698113206
3043,no_R,2026-W18,education,12,53,0.22641509433962265
3043,no_R,2026-W18,other,8,53,0.1509433962264151
3043,no_R,2026-W19,meme,0,52,0.0
3043,no_R,2026-W19,mourning,14,52,0.2692307692307692
3043,no_R,2026-W19,marketing,17,52,0.3269230769230769
3043,no_R,2026-W19,education,13,52,0.25
3043,no_R,2026-W19,other,8,52,0.15384615384615385
3043,no_R,2026-W20,meme,4,50,0.08
3043,no_R,2026-W20,mourning,12,50,0.24
3043,no_R,2026-W20,marketing,19,50,0.38
3043,no_R,2026-W20,education,10,50,0.2
3043,no_R,2026-W20,other,5,50,0.1
3043,no_R,2026-W21,meme,12,60,0.2
3043,no_R,2026-W21,mourning,11,60,0.18333333333333332
3043,no_R,2026-W21,marketing,18,60,0.3
3043,no_R,2026-W21,education,13,60,0.21666666666666667
3043,no_R,2026-W21,other,6,60,0.1
3043,no_R,2026-W22,meme,19,59,0.3220338983050847
3043,no_R,2026-W22,mourning,10,59,0.1694915254237288
3043,no_R,2026-W22,marketing,17,59,0.288135593220339
3043,no_R,2026-W22,education,11,59,0.1864406779661017
3043,no_R,2026-W22,other,2,59,0.03389830508474576
3044,full,2026-W12,meme,0,26,0.0
3044,full,2026-W12,mourning,0,26,0.0
3044,full,2026-W12,marketing,19,26,0.7307692307692307
3044,full,2026-W12,education,7,26,0.2692307692307692
3044,full,2026-W12,other,0,26,0.0
3044,full,2026-W13,meme,0,41,0.0
3044,full,2026-W13,mourning,22,41,0.5365853658536586
3044,full,2026-W13,marketing,12,41,0.2926829268292683
3044,full,2026-W13,education,4,41,0.0975609756097561
3044,full,2026-W13,other,3,41,0.07317073170731707
3044,full,2026-W14,meme,0,36,0.0
3044,full,2026-W14,mourning,10,36,0.2777777777777778
3044,full,2026-W14,marketing,12,36,0.3333333333333333
3044,full,2026-W14,education,8,36,0.2222222222222222
3044,full,2026-W14,other,6,36,0.16666666666666666
3044,full,2026-W15,meme,0,19,0.0
3044,full,2026-W15,mourning,6,19,0.3157894736842105
3044,full,2026-W15,marketing,5,19,0.2631578947368421
3044,full,2026-W15,education,5,19,0.2631578947368421
3044,full,2026-W15,other,3,19,0.15789473684210525
3044,full,2026-W16,meme,0,14,0.0
3044,full,2026-W16,mourning,1,14,0.07142857142857142
3044,full,2026-W16,marketing,7,14,0.5
3044,full,2026-W16,education,3,14,0.21428571428571427
3044,full,2026-W16,other,3,14,0.21428571428571427
3044,full,2026-W17,meme,0,12,0.0
3044,full,2026-W17,mourning,0,12,0.0
3044,full,2026-W17,marketing,5,12,0.4166666666666667
3044,full,2026-W17,education,4,12,0.3333333333333333
3044,full,2026-W17,other,3,12,0.25
3044,full,2026-W18,meme,0,11,0.0
3044,full,2026-W18,mourning,0,11,0.0
3044,full,2026-W18,marketing,5,11,0.45454545454545453
3044,full,2026-W18,education,3,11,0.2727272727272727
3044,full,2026-W18,other,3,11,0.2727272727272727
3044,full,2026-W19,meme,0,7,0.0
3044,full,2026-W19,mourning,0,7,0.0
3044,full,2026-W19,marketing,4,7,0.5714285714285714
3044,full,2026-W19,education,2,7,0.2857142857142857
3044,full,2026-W19,other,1,7,0.14285714285714285
3044,full,2026-W20,meme,12,17,0.7058823529411765
3044,full,2026-W20,mourning,0,17,0.0
3044,full,2026-W20,marketing,4,17,0.23529411764705882
3044,full,2026-W20,education,1,17,0.058823529411764705
3044,full,2026-W20,other,0,17,0.0
3044,full,2026-W21,meme,19,22,0.8636363636363636
3044,full,2026-W21,mourning,0,22,0.0
3044,full,2026-W21,marketing,3,22,0.13636363636363635
3044,full,2026-W21,education,0,22,0.0
3044,full,2026-W21,other,0,22,0.0
3044,full,2026-W22,meme,19,22,0.8636363636363636
3044,full,2026-W22,mourning,0,22,0.0
3044,full,2026-W22,marketing,3,22,0.13636363636363635
3044,full,2026-W22,education,0,22,0.0
3044,full,2026-W22,other,0,22,0.0
3044,no_B,2026-W12,meme,0,26,0.0
3044,no_B,2026-W12,mourning,0,26,0.0
3044,no_B,2026-W12,marketing,19,26,0.7307692307692307
3044,no_B,2026-W12,education,7,26,0.2692307692307692
3044,no_B,2026-W12,other,0,26,0.0
3044,no_B,2026-W13,meme,0,27,0.0
3044,no_B,2026-W13,mourning,22,27,0.8148148148148148
3044,no_B,2026-W13,marketing,0,27,0.0
3044,no_B,2026-W13,education,2,27,0.07407407407407407
3044,no_B,2026-W13,other,3,27,0.1111111111111111
3044,no_B,2026-W14,meme,0,4,0.0
3044,no_B,2026-W14,mourning,0,4,0.0
3044,no_B,2026-W14,marketing,0,4,0.0
3044,no_B,2026-W14,education,4,4,1.0
3044,no_B,2026-W14,other,0,4,0.0
3044,no_B,2026-W15,meme,0,1,0.0
3044,no_B,2026-W15,mourning,0,1,0.0
3044,no_B,2026-W15,marketing,0,1,0.0
3044,no_B,2026-W15,education,0,1,0.0
3044,no_B,2026-W15,other,1,1,1.0
3044,no_B,2026-W16,meme,0,0,0.0
3044,no_B,2026-W16,mourning,0,0,0.0
3044,no_B,2026-W16,marketing,0,0,0.0
3044,no_B,2026-W16,education,0,0,0.0
3044,no_B,2026-W16,other,0,0,0.0
3044,no_B,2026-W17,meme,0,0,0.0
3044,no_B,2026-W17,mourning,0,0,0.0
3044,no_B,2026-W17,marketing,0,0,0.0
3044,no_B,2026-W17,education,0,0,0.0
3044,no_B,2026-W17,other,0,0,0.0
3044,no_B,2026-W18,meme,0,0,0.0
3044,no_B,2026-W18,mourning,0,0,0.0
3044,no_B,2026-W18,marketing,0,0,0.0
3044,no_B,2026-W18,education,0,0,0.0
3044,no_B,2026-W18,other,0,0,0.0
3044,no_B,2026-W19,meme,0,0,0.0
3044,no_B,2026-W19,mourning,0,0,0.0
3044,no_B,2026-W19,marketing,0,0,0.0
3044,no_B,2026-W19,education,0,0,0.0
3044,no_B,2026-W19,other,0,0,0.0
3044,no_B,2026-W20,meme,12,12,1.0
3044,no_B,2026-W20,mourning,0,12,0.0
3044,no_B,2026-W20,marketing,0,12,0.0
3044,no_B,2026-W20,education,0,12,0.0
3044,no_B,2026-W20,other,0,12,0.0
3044,no_B,2026-W21,meme,14,14,1.0
3044,no_B,2026-W21,mourning,0,14,0.0
3044,no_B,2026-W21,marketing,0,14,0.0
3044,no_B,2026-W21,education,0,14,0.0
3044,no_B,2026-W21,other,0,14,0.0
3044,no_B,2026-W22,meme,1,1,1.0
3044,no_B,2026-W22,mourning,0,1,0.0
3044,no_B,2026-W22,marketing,0,1,0.0
3044,no_B,2026-W22,education,0,1,0.0
3044,no_B,2026-W22,other,0,1,0.0
3044,no_D,2026-W12,meme,12,63,0.19047619047619047
3044,no_D,2026-W12,mourning,12,63,0.19047619047619047
3044,no_D,2026-W12,marketing,15,63,0.23809523809523808
3044,no_D,2026-W12,education,9,63,0.14285714285714285
3044,no_D,2026-W12,other,15,63,0.23809523809523808
3044,no_D,2026-W13,meme,12,56,0.21428571428571427
3044,no_D,2026-W13,mourning,12,56,0.21428571428571427
3044,no_D,2026-W13,marketing,11,56,0.19642857142857142
3044,no_D,2026-W13,education,6,56,0.10714285714285714
3044,no_D,2026-W13,other,15,56,0.26785714285714285
3044,no_D,2026-W14,meme,10,42,0.23809523809523808
3044,no_D,2026-W14,mourning,4,42,0.09523809523809523
3044,no_D,2026-W14,marketing,10,42,0.23809523809523808
3044,no_D,2026-W14,education,6,42,0.14285714285714285
3044,no_D,2026-W14,other,12,42,0.2857142857142857
3044,no_D,2026-W15,meme,9,27,0.3333333333333333
3044,no_D,2026-W15,mourning,2,27,0.07407407407407407
3044,no_D,2026-W15,marketing,7,27,0.25925925925925924
3044,no_D,2026-W15,education,5,27,0.18518518518518517
3044,no_D,2026-W15,other,4,27,0.14814814814814814
3044,no_D,2026-W16,meme,6,20,0.3
3044,no_D,2026-W16,mourning,1,20,0.05
3044,no_D,2026-W16,marketing,7,20,0.35
3044,no_D,2026-W16,education,4,20,0.2
3044,no_D,2026-W16,other,2,20,0.1
3044,no_D,2026-W17,meme,5,13,0.38461538461538464
3044,no_D,2026-W17,mourning,1,13,0.07692307692307693
3044,no_D,2026-W17,marketing,5,13,0.38461538461538464
3044,no_D,2026-W17,education,2,13,0.15384615384615385
3044,no_D,2026-W17,other,0,13,0.0
3044,no_D,2026-W18,meme,4,11,0.36363636363636365
3044,no_D,2026-W18,mourning,1,11,0.09090909090909091
3044,no_D,2026-W18,marketing,4,11,0.36363636363636365
3044,no_D,2026-W18,education,2,11,0.18181818181818182
3044,no_D,2026-W18,other,0,11,0.0
3044,no_D,2026-W19,meme,3,9,0.3333333333333333
3044,no_D,2026-W19,mourning,1,9,0.1111111111111111
3044,no_D,2026-W19,marketing,4,9,0.4444444444444444
3044,no_D,2026-W19,education,1,9,0.1111111111111111
3044,no_D,2026-W19,other,0,9,0.0
3044,no_D,2026-W20,meme,3,9,0.3333333333333333
3044,no_D,2026-W20,mourning,1,9,0.1111111111111111
3044,no_D,2026-W20,marketing,4,9,0.4444444444444444
3044,no_D,2026-W20,education,1,9,0.1111111111111111
3044,no_D,2026-W20,other,0,9,0.0
3044,no_D,2026-W21,meme,2,6,0.3333333333333333
3044,no_D,2026-W21,mourning,0,6,0.0
3044,no_D,2026-W21,marketing,4,6,0.6666666666666666
3044,no_D,2026-W21,education,0,6,0.0
3044,no_D,2026-W21,other,0,6,0.0
3044,no_D,2026-W22,meme,2,5,0.4
3044,no_D,2026-W22,mourning,0,5,0.0
3044,no_D,2026-W22,marketing,3,5,0.6
3044,no_D,2026-W22,education,0,5,0.0
3044,no_D,2026-W22,other,0,5,0.0
3044,no_R,2026-W12,meme,0,26,0.0
3044,no_R,2026-W12,mourning,0,26,0.0
3044,no_R,2026-W12,marketing,19,26,0.7307692307692307
3044,no_R,2026-W12,education,7,26,0.2692307692307692
3044,no_R,2026-W12,other,0,26,0.0
3044,no_R,2026-W13,meme,0,46,0.0
3044,no_R,2026-W13,mourning,22,46,0.4782608695652174
3044,no_R,2026-W13,marketing,16,46,0.34782608695652173
3044,no_R,2026-W13,education,5,46,0.10869565217391304
3044,no_R,2026-W13,other,3,46,0.06521739130434782
3044,no_R,2026-W14,meme,0,51,0.0
3044,no_R,2026-W14,mourning,17,51,0.3333333333333333
3044,no_R,2026-W14,marketing,19,51,0.37254901960784315
3044,no_R,2026-W14,education,8,51,0.1568627450980392
3044,no_R,2026-W14,other,7,51,0.13725490196078433
3044,no_R,2026-W15,meme,0,53,0.0
3044,no_R,2026-W15,mourning,21,53,0.39622641509433965
3044,no_R,2026-W15,marketing,15,53,0.2830188679245283
3044,no_R,2026-W15,education,11,53,0.20754716981132076
3044,no_R,2026-W15,other,6,53,0.11320754716981132
3044,no_R,2026-W16,meme,0,66,0.0
3044,no_R,2026-W16,mourning,19,66,0.2878787878787879
3044,no_R,2026-W16,marketing,17,66,0.25757575757575757
3044,no_R,2026-W16,education,13,66,0.19696969696969696
3044,no_R,2026-W16,other,17,66,0.25757575757575757
3044,no_R,2026-W17,meme,0,58,0.0
3044,no_R,2026-W17,mourning,19,58,0.3275862068965517
3044,no_R,2026-W17,marketing,15,58,0.25862068965517243
3044,no_R,2026-W17,education,13,58,0.22413793103448276
3044,no_R,2026-W17,other,11,58,0.1896551724137931
3044,no_R,2026-W18,meme,0,60,0.0
3044,no_R,2026-W18,mourning,18,60,0.3
3044,no_R,2026-W18,marketing,18,60,0.3
3044,no_R,2026-W18,education,13,60,0.21666666666666667
3044,no_R,2026-W18,other,11,60,0.18333333333333332
3044,no_R,2026-W19,meme,0,55,0.0
3044,no_R,2026-W19,mourning,17,55,0.3090909090909091
3044,no_R,2026-W19,marketing,18,55,0.32727272727272727
3044,no_R,2026-W19,education,11,55,0.2
3044,no_R,2026-W19,other,9,55,0.16363636363636364
3044,no_R,2026-W20,meme,5,60,0.08333333333333333
3044,no_R,2026-W20,mourning,18,60,0.3
3044,no_R,2026-W20,marketing,16,60,0.26666666666666666
3044,no_R,2026-W20,education,11,60,0.18333333333333332
3044,no_R,2026-W20,other,10,60,0.16666666666666666
3044,no_R,2026-W21,meme,16,61,0.26229508196721313
3044,no_R,2026-W21,mourning,17,61,0.2786885245901639
3044,no_R,2026-W21,marketing,16,61,0.26229508196721313
3044,no_R,2026-W21,education,9,61,0.14754098360655737
3044,no_R,2026-W21,other,3,61,0.04918032786885246
3044,no_R,2026-W22,meme,18,53,0.33962264150943394
3044,no_R,2026-W22,mourning,13,53,0.24528301886792453
3044,no_R,2026-W22,marketing,15,53,0.2830188679245283
3044,no_R,2026-W22,education,7,53,0.1320754716981132
3044,no_R,2026-W22,other,0,53,0.0
3045,full,2026-W12,meme,0,28,0.0
3045,full,2026-W12,mourning,0,28,0.0
3045,full,2026-W12,marketing,19,28,0.6785714285714286
3045,full,2026-W12,education,9,28,0.32142857142857145
3045,full,2026-W12,other,0,28,0.0
3045,full,2026-W13,meme,0,48,0.0
3045,full,2026-W13,mourning,22,48,0.4583333333333333
3045,full,2026-W13,marketing,13,48,0.2708333333333333
3045,full,2026-W13,education,9,48,0.1875
3045,full,2026-W13,other,4,48,0.08333333333333333
3045,full,2026-W14,meme,0,32,0.0
3045,full,2026-W14,mourning,9,32,0.28125
3045,full,2026-W14,marketing,11,32,0.34375
3045,full,2026-W14,education,8,32,0.25
3045,full,2026-W14,other,4,32,0.125
3045,full,2026-W15,meme,0,21,0.0
3045,full,2026-W15,mourning,4,21,0.19047619047619047
3045,full,2026-W15,marketing,7,21,0.3333333333333333
3045,full,2026-W15,education,4,21,0.19047619047619047
3045,full,2026-W15,other,6,21,0.2857142857142857
3045,full,2026-W16,meme,1,22,0.045454545454545456
3045,full,2026-W16,mourning,2,22,0.09090909090909091
3045,full,2026-W16,marketing,7,22,0.3181818181818182
3045,full,2026-W16,education,6,22,0.2727272727272727
3045,full,2026-W16,other,6,22,0.2727272727272727
3045,full,2026-W17,meme,0,11,0.0
3045,full,2026-W17,mourning,1,11,0.09090909090909091
3045,full,2026-W17,marketing,6,11,0.5454545454545454
3045,full,2026-W17,education,2,11,0.18181818181818182
3045,full,2026-W17,other,2,11,0.18181818181818182
3045,full,2026-W18,meme,0,7,0.0
3045,full,2026-W18,mourning,0,7,0.0
3045,full,2026-W18,marketing,4,7,0.5714285714285714
3045,full,2026-W18,education,2,7,0.2857142857142857
3045,full,2026-W18,other,1,7,0.14285714285714285
3045,full,2026-W19,meme,0,5,0.0
3045,full,2026-W19,mourning,0,5,0.0
3045,full,2026-W19,marketing,4,5,0.8
3045,full,2026-W19,education,1,5,0.2
3045,full,2026-W19,other,0,5,0.0
3045,full,2026-W20,meme,10,14,0.7142857142857143
3045,full,2026-W20,mourning,0,14,0.0
3045,full,2026-W20,marketing,3,14,0.21428571428571427
3045,full,2026-W20,education,1,14,0.07142857142857142
3045,full,2026-W20,other,0,14,0.0
3045,full,2026-W21,meme,18,23,0.782608695652174
3045,full,2026-W21,mourning,0,23,0.0
3045,full,2026-W21,marketing,3,23,0.13043478260869565
3045,full,2026-W21,education,2,23,0.08695652173913043
3045,full,2026-W21,other,0,23,0.0
3045,full,2026-W22,meme,17,21,0.8095238095238095
3045,full,2026-W22,mourning,0,21,0.0
3045,full,2026-W22,marketing,3,21,0.14285714285714285
3045,full,2026-W22,education,1,21,0.047619047619047616
3045,full,2026-W22,other,0,21,0.0
3045,no_B,2026-W12,meme,0,28,0.0
3045,no_B,2026-W12,mourning,0,28,0.0
3045,no_B,2026-W12,marketing,19,28,0.6785714285714286
3045,no_B,2026-W12,education,9,28,0.32142857142857145
3045,no_B,2026-W12,other,0,28,0.0
3045,no_B,2026-W13,meme,0,28,0.0
3045,no_B,2026-W13,mourning,22,28,0.7857142857142857
3045,no_B,2026-W13,marketing,0,28,0.0
3045,no_B,2026-W13,education,2,28,0.07142857142857142
3045,no_B,2026-W13,other,4,28,0.14285714285714285
3045,no_B,2026-W14,meme,0,4,0.0
3045,no_B,2026-W14,mourning,0,4,0.0
3045,no_B,2026-W14,marketing,0,4,0.0
3045,no_B,2026-W14,education,2,4,0.5
3045,no_B,2026-W14,other,2,4,0.5
3045,no_B,2026-W15,meme,0,1,0.0
3045,no_B,2026-W15,mourning,0,1,0.0
3045,no_B,2026-W15,marketing,0,1,0.0
3045,no_B,2026-W15,education,0,1,0.0
3045,no_B,2026-W15,other,1,1,1.0
3045,no_B,2026-W16,meme,0,1,0.0
3045,no_B,2026-W16,mourning,0,1,0.0
3045,no_B,2026-W16,marketing,0,1,0.0
3045,no_B,2026-W16,education,0,1,0.0
3045,no_B,2026-W16,other,1,1,1.0
3045,no_B,2026-W17,meme,3,3,1.0
3045,no_B,2026-W17,mourning,0,3,0.0
3045,no_B,2026-W17,marketing,0,3,0.0
3045,no_B,2026-W17,education,0,3,0.0
3045,no_B,2026-W17,other,0,3,0.0
3045,no_B,2026-W18,meme,1,1,1.0
3045,no_B,2026-W18,mourning,0,1,0.0
3045,no_B,2026-W18,marketing,0,1,0.0
3045,no_B,2026-W18,education,0,1,0.0
3045,no_B,2026-W18,other,0,1,0.0
3045,no_B,2026-W19,meme,4,4,1.0
3045,no_B,2026-W19,mourning,0,4,0.0
3045,no_B,2026-W19,marketing,0,4,0.0
3045,no_B,2026-W19,education,0,4,0.0
3045,no_B,2026-W19,other,0,4,0.0
3045,no_B,2026-W20,meme,11,11,1.0
3045,no_B,2026-W20,mourning,0,11,0.0
3045,no_B,2026-W20,marketing,0,11,0.0
3045,no_B,2026-W20,education,0,11,0.0
3045,no_B,2026-W20,other,0,11,0.0
3045,no_B,2026-W21,meme,5,5,1.0
3045,no_B,2026-W21,mourning,0,5,0.0
3045,no_B,2026-W21,marketing,0,5,0.0
3045,no_B,2026-W21,education,0,5,0.0
3045,no_B,2026-W21,other,0,5,0.0
3045,no_B,2026-W22,meme,0,0,0.0
3045,no_B,2026-W22,mourning,0,0,0.0
3045,no_B,2026-W22,marketing,0,0,0.0
3045,no_B,2026-W22,education,0,0,0.0
3045,no_B,2026-W22,other,0,0,0.0
3045,no_D,2026-W12,meme,12,63,0.19047619047619047
3045,no_D,2026-W12,mourning,12,63,0.19047619047619047
3045,no_D,2026-W12,marketing,15,63,0.23809523809523808
3045,no_D,2026-W12,education,9,63,0.14285714285714285
3045,no_D,2026-W12,other,15,63,0.23809523809523808
3045,no_D,2026-W13,meme,12,56,0.21428571428571427
3045,no_D,2026-W13,mourning,12,56,0.21428571428571427
3045,no_D,2026-W13,marketing,11,56,0.19642857142857142
3045,no_D,2026-W13,education,6,56,0.10714285714285714
3045,no_D,2026-W13,other,15,56,0.26785714285714285
3045,no_D,2026-W14,meme,10,42,0.23809523809523808
3045,no_D,2026-W14,mourning,4,42,0.09523809523809523
3045,no_D,2026-W14,marketing,10,42,0.23809523809523808
3045,no_D,2026-W14,education,6,42,0.14285714285714285
3045,no_D,2026-W14,other,12,42,0.2857142857142857
3045,no_D,2026-W15,meme,8,29,0.27586206896551724
3045,no_D,2026-W15,mourning,1,29,0.034482758620689655
3045,no_D,2026-W15,marketing,7,29,0.2413793103448276
3045,no_D,2026-W15,education,6,29,0.20689655172413793
3045,no_D,2026-W15,other,7,29,0.2413793103448276
3045,no_D,2026-W16,meme,7,19,0.3684210526315789
3045,no_D,2026-W16,mourning,1,19,0.05263157894736842
3045,no_D,2026-W16,marketing,5,19,0.2631578947368421
3045,no_D,2026-W16,education,4,19,0.21052631578947367
3045,no_D,2026-W16,other,2,19,0.10526315789473684
3045,no_D,2026-W17,meme,6,15,0.4
3045,no_D,2026-W17,mourning,1,15,0.06666666666666667
3045,no_D,2026-W17,marketing,5,15,0.3333333333333333
3045,no_D,2026-W17,education,3,15,0.2
3045,no_D,2026-W17,other,0,15,0.0
3045,no_D,2026-W18,meme,2,9,0.2222222222222222
3045,no_D,2026-W18,mourning,1,9,0.1111111111111111
3045,no_D,2026-W18,marketing,4,9,0.4444444444444444
3045,no_D,2026-W18,education,2,9,0.2222222222222222
3045,no_D,2026-W18,other,0,9,0.0
3045,no_D,2026-W19,meme,2,8,0.25
3045,no_D,2026-W19,mourning,1,8,0.125
3045,no_D,2026-W19,marketing,3,8,0.375
3045,no_D,2026-W19,education,2,8,0.25
3045,no_D,2026-W19,other,0,8,0.0
3045,no_D,2026-W20,meme,2,7,0.2857142857142857
3045,no_D,2026-W20,mourning,1,7,0.14285714285714285
3045,no_D,2026-W20,marketing,3,7,0.42857142857142855
3045,no_D,2026-W20,education,1,7,0.14285714285714285
3045,no_D,2026-W20,other,0,7,0.0
3045,no_D,2026-W21,meme,2,7,0.2857142857142857
3045,no_D,2026-W21,mourning,1,7,0.14285714285714285
3045,no_D,2026-W21,marketing,3,7,0.42857142857142855
3045,no_D,2026-W21,education,1,7,0.14285714285714285
3045,no_D,2026-W21,other,0,7,0.0
3045,no_D,2026-W22,meme,2,6,0.3333333333333333
3045,no_D,2026-W22,mourning,1,6,0.16666666666666666
3045,no_D,2026-W22,marketing,3,6,0.5
3045,no_D,2026-W22,education,0,6,0.0
3045,no_D,2026-W22,other,0,6,0.0
3045,no_R,2026-W12,meme,0,28,0.0
3045,no_R,2026-W12,mourning,0,28,0.0
3045,no_R,2026-W12,marketing,19,28,0.6785714285714286
3045,no_R,2026-W12,education,9,28,0.32142857142857145
3045,no_R,2026-W12,other,0,28,0.0
3045,no_R,2026-W13,meme,0,51,0.0
3045,no_R,2026-W13,mourning,22,51,0.43137254901960786
3045,no_R,2026-W13,marketing,15,51,0.29411764705882354
3045,no_R,2026-W13,education,10,51,0.19607843137254902
3045,no_R,2026-W13,other,4,51,0.0784313725490196
3045,no_R,2026-W14,meme,0,53,0.0
3045,no_R,2026-W14,mourning,19,53,0.3584905660377358
3045,no_R,2026-W14,marketing,18,53,0.33962264150943394
3045,no_R,2026-W14,education,12,53,0.22641509433962265
3045,no_R,2026-W14,other,4,53,0.07547169811320754
3045,no_R,2026-W15,meme,0,55,0.0
3045,no_R,2026-W15,mourning,20,55,0.36363636363636365
3045,no_R,2026-W15,marketing,14,55,0.2545454545454545
3045,no_R,2026-W15,education,14,55,0.2545454545454545
3045,no_R,2026-W15,other,7,55,0.12727272727272726
3045,no_R,2026-W16,meme,0,58,0.0
3045,no_R,2026-W16,mourning,19,58,0.3275862068965517
3045,no_R,2026-W16,marketing,17,58,0.29310344827586204
3045,no_R,2026-W16,education,14,58,0.2413793103448276
3045,no_R,2026-W16,other,8,58,0.13793103448275862
3045,no_R,2026-W17,meme,0,54,0.0
3045,no_R,2026-W17,mourning,18,54,0.3333333333333333
3045,no_R,2026-W17,marketing,17,54,0.3148148148148148
3045,no_R,2026-W17,education,13,54,0.24074074074074073
3045,no_R,2026-W17,other,6,54,0.1111111111111111
3045,no_R,2026-W18,meme,0,52,0.0
3045,no_R,2026-W18,mourning,16,52,0.3076923076923077
3045,no_R,2026-W18,marketing,17,52,0.3269230769230769
3045,no_R,2026-W18,education,14,52,0.2692307692307692
3045,no_R,2026-W18,other,5,52,0.09615384615384616
3045,no_R,2026-W19,meme,0,53,0.0
3045,no_R,2026-W19,mourning,16,53,0.3018867924528302
3045,no_R,2026-W19,marketing,17,53,0.32075471698113206
3045,no_R,2026-W19,education,14,53,0.2641509433962264
3045,no_R,2026-W19,other,6,53,0.11320754716981132
3045,no_R,2026-W20,meme,5,52,0.09615384615384616
3045,no_R,2026-W20,mourning,12,52,0.23076923076923078
3045,no_R,2026-W20,marketing,18,52,0.34615384615384615
3045,no_R,2026-W20,education,14,52,0.2692307692307692
3045,no_R,2026-W20,other,3,52,0.057692307692307696
3045,no_R,2026-W21,meme,15,59,0.2542372881355932
3045,no_R,2026-W21,mourning,15,59,0.2542372881355932
3045,no_R,2026-W21,marketing,16,59,0.2711864406779661
3045,no_R,2026-W21,education,10,59,0.1694915254237288
3045,no_R,2026-W21,other,3,59,0.05084745762711865
3045,no_R,2026-W22,meme,17,57,0.2982456140350877
3045,no_R,2026-W22,mourning,11,57,0.19298245614035087
3045,no_R,2026-W22,marketing,18,57,0.3157894736842105
3045,no_R,2026-W22,education,10,57,0.17543859649122806
3045,no_R,2026-W22,other,1,57,0.017543859649122806
3046,full,2026-W12,meme,0,26,0.0
3046,full,2026-W12,mourning,0,26,0.0
3046,full,2026-W12,marketing,19,26,0.7307692307692307
3046,full,2026-W12,education,7,26,0.2692307692307692
3046,full,2026-W12,other,0,26,0.0
3046,full,2026-W13,meme,0,43,0.0
3046,full,2026-W13,mourning,22,43,0.5116279069767442
3046,full,2026-W13,marketing,11,43,0.2558139534883721
3046,full,2026-W13,education,6,43,0.13953488372093023
3046,full,2026-W13,other,4,43,0.09302325581395349
3046,full,2026-W14,meme,0,33,0.0
3046,full,2026-W14,mourning,9,33,0.2727272727272727
3046,full,2026-W14,marketing,11,33,0.3333333333333333
3046,full,2026-W14,education,10,33,0.30303030303030304
3046,full,2026-W14,other,3,33,0.09090909090909091
3046,full,2026-W15,meme,0,24,0.0
3046,full,2026-W15,mourning,6,24,0.25
3046,full,2026-W15,marketing,8,24,0.3333333333333333
3046,full,2026-W15,education,4,24,0.16666666666666666
3046,full,2026-W15,other,6,24,0.25
3046,full,2026-W16,meme,0,16,0.0
3046,full,2026-W16,mourning,2,16,0.125
3046,full,2026-W16,marketing,6,16,0.375
3046,full,2026-W16,education,5,16,0.3125
3046,full,2026-W16,other,3,16,0.1875
3046,full,2026-W17,meme,0,12,0.0
3046,full,2026-W17,mourning,1,12,0.08333333333333333
3046,full,2026-W17,marketing,5,12,0.4166666666666667
3046,full,2026-W17,education,4,12,0.3333333333333333
3046,full,2026-W17,other,2,12,0.16666666666666666
3046,full,2026-W18,meme,0,10,0.0
3046,full,2026-W18,mourning,0,10,0.0
3046,full,2026-W18,marketing,6,10,0.6
3046,full,2026-W18,education,2,10,0.2
3046,full,2026-W18,other,2,10,0.2
3046,full,2026-W19,meme,0,5,0.0
3046,full,2026-W19,mourning,0,5,0.0
3046,full,2026-W19,marketing,4,5,0.8
3046,full,2026-W19,education,1,5,0.2
3046,full,2026-W19,other,0,5,0.0
3046,full,2026-W20,meme,11,15,0.7333333333333333
3046,full,2026-W20,mourning,0,15,0.0
3046,full,2026-W20,marketing,4,15,0.26666666666666666
3046,full,2026-W20,education,0,15,0.0
3046,full,2026-W20,other,0,15,0.0
3046,full,2026-W21,meme,19,22,0.8636363636363636
3046,full,2026-W21,mourning,0,22,0.0
3046,full,2026-W21,marketing,3,22,0.13636363636363635
3046,full,2026-W21,education,0,22,0.0
3046,full,2026-W21,other,0,22,0.0
3046,full,2026-W22,meme,18,21,0.8571428571428571
3046,full,2026-W22,mourning,0,21,0.0
3046,full,2026-W22,marketing,3,21,0.14285714285714285
3046,full,2026-W22,education,0,21,0.0
3046,full,2026-W22,other,0,21,0.0
3046,no_B,2026-W12,meme,0,26,0.0
3046,no_B,2026-W12,mourning,0,26,0.0
3046,no_B,2026-W12,marketing,19,26,0.7307692307692307
3046,no_B,2026-W12,education,7,26,0.2692307692307692
3046,no_B,2026-W12,other,0,26,0.0
3046,no_B,2026-W13,meme,0,29,0.0
3046,no_B,2026-W13,mourning,22,29,0.7586206896551724
3046,no_B,2026-W13,marketing,0,29,0.0
3046,no_B,2026-W13,education,3,29,0.10344827586206896
3046,no_B,2026-W13,other,4,29,0.13793103448275862
3046,no_B,2026-W14,meme,0,3,0.0
3046,no_B,2026-W14,mourning,0,3,0.0
3046,no_B,2026-W14,marketing,0,3,0.0
3046,no_B,2026-W14,education,2,3,0.6666666666666666
3046,no_B,2026-W14,other,1,3,0.3333333333333333
3046,no_B,2026-W15,meme,0,1,0.0
3046,no_B,2026-W15,mourning,0,1,0.0
3046,no_B,2026-W15,marketing,0,1,0.0
3046,no_B,2026-W15,education,0,1,0.0
3046,no_B,2026-W15,other,1,1,1.0
3046,no_B,2026-W16,meme,2,2,1.0
3046,no_B,2026-W16,mourning,0,2,0.0
3046,no_B,2026-W16,marketing,0,2,0.0
3046,no_B,2026-W16,education,0,2,0.0
3046,no_B,2026-W16,other,0,2,0.0
3046,no_B,2026-W17,meme,0,0,0.0
3046,no_B,2026-W17,mourning,0,0,0.0
3046,no_B,2026-W17,marketing,0,0,0.0
3046,no_B,2026-W17,education,0,0,0.0
3046,no_B,2026-W17,other,0,0,0.0
3046,no_B,2026-W18,meme,0,0,0.0
3046,no_B,2026-W18,mourning,0,0,0.0
3046,no_B,2026-W18,marketing,0,0,0.0
3046,no_B,2026-W18,education,0,0,0.0
3046,no_B,2026-W18,other,0,0,0.0
3046,no_B,2026-W19,meme,0,0,0.0
3046,no_B,2026-W19,mourning,0,0,0.0
3046,no_B,2026-W19,marketing,0,0,0.0
3046,no_B,2026-W19,education,0,0,0.0
3046,no_B,2026-W19,other,0,0,0.0
3046,no_B,2026-W20,meme,9,9,1.0
3046,no_B,2026-W20,mourning,0,9,0.0
3046,no_B,2026-W20,marketing,0,9,0.0
3046,no_B,2026-W20,education,0,9,0.0
3046,no_B,2026-W20,other,0,9,0.0
3046,no_B,2026-W21,meme,11,11,1.0
3046,no_B,2026-W21,mourning,0,11,0.0
3046,no_B,2026-W21,marketing,0,11,0.0
3046,no_B,2026-W21,education,0,11,0.0
3046,no_B,2026-W21,other,0,11,0.0
3046,no_B,2026-W22,meme,2,2,1.0
3046,no_B,2026-W22,mourning,0,2,0.0
3046,no_B,2026-W22,marketing,0,2,0.0
3046,no_B,2026-W22,education,0,2,0.0
3046,no_B,2026-W22,other,0,2,0.0
3046,no_D,2026-W12,meme,12,63,0.19047619047619047
3046,no_D,2026-W12,mourning,12,63,0.19047619047619047
3046,no_D,2026-W12,marketing,15,63,0.23809523809523808
3046,no_D,2026-W12,education,9,63,0.14285714285714285
3046,no_D,2026-W12,other,15,63,0.23809523809523808
3046,no_D,2026-W13,meme,12,57,0.21052631578947367
3046,no_D,2026-W13,mourning,12,57,0.21052631578947367
3046,no_D,2026-W13,marketing,11,57,0.19298245614035087
3046,no_D,2026-W13,education,7,57,0.12280701754385964
3046,no_D,2026-W13,other,15,57,0.2631578947368421
3046,no_D,2026-W14,meme,11,41,0.2682926829268293
3046,no_D,2026-W14,mourning,4,41,0.0975609756097561
3046,no_D,2026-W14,marketing,10,41,0.24390243902439024
3046,no_D,2026-W14,education,6,41,0.14634146341463414
3046,no_D,2026-W14,other,10,41,0.24390243902439024
3046,no_D,2026-W15,meme,9,29,0.3103448275862069
3046,no_D,2026-W15,mourning,2,29,0.06896551724137931
3046,no_D,2026-W15,marketing,6,29,0.20689655172413793
3046,no_D,2026-W15,education,4,29,0.13793103448275862
3046,no_D,2026-W15,other,8,29,0.27586206896551724
3046,no_D,2026-W16,meme,7,19,0.3684210526315789
3046,no_D,2026-W16,mourning,2,19,0.10526315789473684
3046,no_D,2026-W16,marketing,5,19,0.2631578947368421
3046,no_D,2026-W16,education,4,19,0.21052631578947367
3046,no_D,2026-W16,other,1,19,0.05263157894736842
3046,no_D,2026-W17,meme,5,15,0.3333333333333333
3046,no_D,2026-W17,mourning,2,15,0.13333333333333333
3046,no_D,2026-W17,marketing,5,15,0.3333333333333333
3046,no_D,2026-W17,education,3,15,0.2
3046,no_D,2026-W17,other,0,15,0.0
3046,no_D,2026-W18,meme,3,12,0.25
3046,no_D,2026-W18,mourning,2,12,0.16666666666666666
3046,no_D,2026-W18,marketing,5,12,0.4166666666666667
3046,no_D,2026-W18,education,2,12,0.16666666666666666
3046,no_D,2026-W18,other,0,12,0.0
3046,no_D,2026-W19,meme,2,9,0.2222222222222222
3046,no_D,2026-W19,mourning,1,9,0.1111111111111111
3046,no_D,2026-W19,marketing,4,9,0.4444444444444444
3046,no_D,2026-W19,education,2,9,0.2222222222222222
3046,no_D,2026-W19,other,0,9,0.0
3046,no_D,2026-W20,meme,2,8,0.25
3046,no_D,2026-W20,mourning,1,8,0.125
3046,no_D,2026-W20,marketing,4,8,0.5
3046,no_D,2026-W20,education,1,8,0.125
3046,no_D,2026-W20,other,0,8,0.0
3046,no_D,2026-W21,meme,1,5,0.2
3046,no_D,2026-W21,mourning,1,5,0.2
3046,no_D,2026-W21,marketing,3,5,0.6
3046,no_D,2026-W21,education,0,5,0.0
3046,no_D,2026-W21,other,0,5,0.0
3046,no_D,2026-W22,meme,1,5,0.2
3046,no_D,2026-W22,mourning,1,5,0.2
3046,no_D,2026-W22,marketing,3,5,0.6
3046,no_D,2026-W22,education,0,5,0.0
3046,no_D,2026-W22,other,0,5,0.0
3046,no_R,2026-W12,meme,0,26,0.0
3046,no_R,2026-W12,mourning,0,26,0.0
3046,no_R,2026-W12,marketing,19,26,0.7307692307692307
3046,no_R,2026-W12,education,7,26,0.2692307692307692
3046,no_R,2026-W12,other,0,26,0.0
3046,no_R,2026-W13,meme,0,49,0.0
3046,no_R,2026-W13,mourning,22,49,0.4489795918367347
3046,no_R,2026-W13,marketing,17,49,0.3469387755102041
3046,no_R,2026-W13,education,6,49,0.12244897959183673
3046,no_R,2026-W13,other,4,49,0.08163265306122448
3046,no_R,2026-W14,meme,0,50,0.0
3046,no_R,2026-W14,mourning,18,50,0.36
3046,no_R,2026-W14,marketing,17,50,0.34
3046,no_R,2026-W14,education,10,50,0.2
3046,no_R,2026-W14,other,5,50,0.1
3046,no_R,2026-W15,meme,0,50,0.0
3046,no_R,2026-W15,mourning,19,50,0.38
3046,no_R,2026-W15,marketing,16,50,0.32
3046,no_R,2026-W15,education,9,50,0.18
3046,no_R,2026-W15,other,6,50,0.12
3046,no_R,2026-W16,meme,0,57,0.0
3046,no_R,2026-W16,mourning,19,57,0.3333333333333333
3046,no_R,2026-W16,marketing,18,57,0.3157894736842105
3046,no_R,2026-W16,education,9,57,0.15789473684210525
3046,no_R,2026-W16,other,11,57,0.19298245614035087
3046,no_R,2026-W17,meme,0,57,0.0
3046,no_R,2026-W17,mourning,16,57,0.2807017543859649
3046,no_R,2026-W17,marketing,17,57,0.2982456140350877
3046,no_R,2026-W17,education,13,57,0.22807017543859648
3046,no_R,2026-W17,other,11,57,0.19298245614035087
3046,no_R,2026-W18,meme,0,60,0.0
3046,no_R,2026-W18,mourning,17,60,0.2833333333333333
3046,no_R,2026-W18,marketing,17,60,0.2833333333333333
3046,no_R,2026-W18,education,12,60,0.2
3046,no_R,2026-W18,other,14,60,0.23333333333333334
3046,no_R,2026-W19,meme,0,59,0.0
3046,no_R,2026-W19,mourning,15,59,0.2542372881355932
3046,no_R,2026-W19,marketing,19,59,0.3220338983050847
3046,no_R,2026-W19,education,14,59,0.23728813559322035
3046,no_R,2026-W19,other,11,59,0.1864406779661017
3046,no_R,2026-W20,meme,3,52,0.057692307692307696
3046,no_R,2026-W20,mourning,13,52,0.25
3046,no_R,2026-W20,marketing,17,52,0.3269230769230769
3046,no_R,2026-W20,education,8,52,0.15384615384615385
3046,no_R,2026-W20,other,11,52,0.21153846153846154
3046,no_R,2026-W21,meme,12,66,0.18181818181818182
3046,no_R,2026-W21,mourning,11,66,0.16666666666666666
3046,no_R,2026-W21,marketing,18,66,0.2727272727272727
3046,no_R,2026-W21,education,13,66,0.19696969696969696
3046,no_R,2026-W21,other,12,66,0.18181818181818182
3046,no_R,2026-W22,meme,19,64,0.296875
3046,no_R,2026-W22,mourning,12,64,0.1875
3046,no_R,2026-W22,marketing,16,64,0.25
3046,no_R,2026-W22,education,11,64,0.171875
3046,no_R,2026-W22,other,6,64,0.09375
3047,full,2026-W12,meme,0,27,0.0
3047,full,2026-W12,mourning,0,27,0.0
3047,full,2026-W12,marketing,19,27,0.7037037037037037
3047,full,2026-W12,education,8,27,0.2962962962962963
3047,full,2026-W12,other,0,27,0.0
3047,full,2026-W13,meme,0,42,0.0
3047,full,2026-W13,mourning,22,42,0.5238095238095238
3047,full,2026-W13,marketing,11,42,0.2619047619047619
3047,full,2026-W13,education,6,42,0.14285714285714285
3047,full,2026-W13,other,3,42,0.07142857142857142
3047,full,2026-W14,meme,0,33,0.0
3047,full,2026-W14,mourning,8,33,0.24242424242424243
3047,full,2026-W14,marketing,11,33,0.3333333333333333
3047,full,2026-W14,education,10,33,0.30303030303030304
3047,full,2026-W14,other,4,33,0.12121212121212122
3047,full,2026-W15,meme,0,29,0.0
3047,full,2026-W15,mourning,5,29,0.1724137931034483
3047,full,2026-W15,marketing,9,29,0.3103448275862069
3047,full,2026-W15,education,7,29,0.2413793103448276
3047,full,2026-W15,other,8,29,0.27586206896551724
3047,full,2026-W16,meme,0,21,0.0
3047,full,2026-W16,mourning,3,21,0.14285714285714285
3047,full,2026-W16,marketing,5,21,0.23809523809523808
3047,full,2026-W16,education,6,21,0.2857142857142857
3047,full,2026-W16,other,7,21,0.3333333333333333
3047,full,2026-W17,meme,0,12,0.0
3047,full,2026-W17,mourning,1,12,0.08333333333333333
3047,full,2026-W17,marketing,6,12,0.5
3047,full,2026-W17,education,2,12,0.16666666666666666
3047,full,2026-W17,other,3,12,0.25
3047,full,2026-W18,meme,0,7,0.0
3047,full,2026-W18,mourning,0,7,0.0
3047,full,2026-W18,marketing,5,7,0.7142857142857143
3047,full,2026-W18,education,2,7,0.2857142857142857
3047,full,2026-W18,other,0,7,0.0
3047,full,2026-W19,meme,0,6,0.0
3047,full,2026-W19,mourning,0,6,0.0
3047,full,2026-W19,marketing,4,6,0.6666666666666666
3047,full,2026-W19,education,2,6,0.3333333333333333
3047,full,2026-W19,other,0,6,0.0
3047,full,2026-W20,meme,10,13,0.7692307692307693
3047,full,2026-W20,mourning,0,13,0.0
3047,full,2026-W20,marketing,3,13,0.23076923076923078
3047,full,2026-W20,education,0,13,0.0
3047,full,2026-W20,other,0,13,0.0
3047,full,2026-W21,meme,19,23,0.8260869565217391
3047,full,2026-W21,mourning,0,23,0.0
3047,full,2026-W21,marketing,4,23,0.17391304347826086
3047,full,2026-W21,education,0,23,0.0
3047,full,2026-W21,other,0,23,0.0
3047,full,2026-W22,meme,17,20,0.85
3047,full,2026-W22,mourning,0,20,0.0
3047,full,2026-W22,marketing,3,20,0.15
3047,full,2026-W22,education,0,20,0.0
3047,full,2026-W22,other,0,20,0.0
3047,no_B,2026-W12,meme,0,27,0.0
3047,no_B,2026-W12,mourning,0,27,0.0
3047,no_B,2026-W12,marketing,19,27,0.7037037037037037
3047,no_B,2026-W12,education,8,27,0.2962962962962963
3047,no_B,2026-W12,other,0,27,0.0
3047,no_B,2026-W13,meme,0,27,0.0
3047,no_B,2026-W13,mourning,22,27,0.8148148148148148
3047,no_B,2026-W13,marketing,0,27,0.0
3047,no_B,2026-W13,education,2,27,0.07407407407407407
3047,no_B,2026-W13,other,3,27,0.1111111111111111
3047,no_B,2026-W14,meme,0,4,0.0
3047,no_B,2026-W14,mourning,0,4,0.0
3047,no_B,2026-W14,marketing,0,4,0.0
3047,no_B,2026-W14,education,1,4,0.25
3047,no_B,2026-W14,other,3,4,0.75
3047,no_B,2026-W15,meme,0,2,0.0
3047,no_B,2026-W15,mourning,0,2,0.0
3047,no_B,2026-W15,marketing,0,2,0.0
3047,no_B,2026-W15,education,1,2,0.5
3047,no_B,2026-W15,other,1,2,0.5
3047,no_B,2026-W16,meme,0,0,0.0
3047,no_B,2026-W16,mourning,0,0,0.0
3047,no_B,2026-W16,marketing,0,0,0.0
3047,no_B,2026-W16,education,0,0,0.0
3047,no_B,2026-W16,other,0,0,0.0
3047,no_B,2026-W17,meme,0,0,0.0
3047,no_B,2026-W17,mourning,0,0,0.0
3047,no_B,2026-W17,marketing,0,0,0.0
3047,no_B,2026-W17,education,0,0,0.0
3047,no_B,2026-W17,other,0,0,0.0
3047,no_B,2026-W18,meme,0,0,0.0
3047,no_B,2026-W18,mourning,0,0,0.0
3047,no_B,2026-W18,marketing,0,0,0.0
3047,no_B,2026-W18,education,0,0,0.0
3047,no_B,2026-W18,other,0,0,0.0
3047,no_B,2026-W19,meme,0,0,0.0
3047,no_B,2026-W19,mourning,0,0,0.0
3047,no_B,2026-W19,marketing,0,0,0.0
3047,no_B,2026-W19,education,0,0,0.0
3047,no_B,2026-W19,other,0,0,0.0
3047,no_B,2026-W20,meme,9,9,1.0
3047,no_B,2026-W20,mourning,0,9,0.0
3047,no_B,2026-W20,marketing,0,9,0.0
3047,no_B,2026-W20,education,0,9,0.0
3047,no_B,2026-W20,other,0,9,0.0
3047,no_B,2026-W21,meme,16,16,1.0
3047,no_B,2026-W21,mourning,0,16,0.0
3047,no_B,2026-W21,marketing,0,16,0.0
3047,no_B,2026-W21,education,0,16,0.0
3047,no_B,2026-W21,other,0,16,0.0
3047,no_B,2026-W22,meme,1,1,1.0
3047,no_B,2026-W22,mourning,0,1,0.0
3047,no_B,2026-W22,marketing,0,1,0.0
3047,no_B,2026-W22,education,0,1,0.0
3047,no_B,2026-W22,other,0,1,0.0
3047,no_D,2026-W12,meme,12,63,0.19047619047619047
3047,no_D,2026-W12,mourning,12,63,0.19047619047619047
3047,no_D,2026-W12,marketing,15,63,0.23809523809523808
3047,no_D,2026-W12,education,9,63,0.14285714285714285
3047,no_D,2026-W12,other,15,63,0.23809523809523808
3047,no_D,2026-W13,meme,12,56,0.21428571428571427
3047,no_D,2026-W13,mourning,12,56,0.21428571428571427
3047,no_D,2026-W13,marketing,10,56,0.17857142857142858
3047,no_D,2026-W13,education,7,56,0.125
3047,no_D,2026-W13,other,15,56,0.26785714285714285
3047,no_D,2026-W14,meme,10,43,0.23255813953488372
3047,no_D,2026-W14,mourning,4,43,0.09302325581395349
3047,no_D,2026-W14,marketing,9,43,0.20930232558139536
3047,no_D,2026-W14,education,6,43,0.13953488372093023
3047,no_D,2026-W14,other,14,43,0.32558139534883723
3047,no_D,2026-W15,meme,8,27,0.2962962962962963
3047,no_D,2026-W15,mourning,2,27,0.07407407407407407
3047,no_D,2026-W15,marketing,6,27,0.2222222222222222
3047,no_D,2026-W15,education,5,27,0.18518518518518517
3047,no_D,2026-W15,other,6,27,0.2222222222222222
3047,no_D,2026-W16,meme,7,22,0.3181818181818182
3047,no_D,2026-W16,mourning,2,22,0.09090909090909091
3047,no_D,2026-W16,marketing,6,22,0.2727272727272727
3047,no_D,2026-W16,education,4,22,0.18181818181818182
3047,no_D,2026-W16,other,3,22,0.13636363636363635
3047,no_D,2026-W17,meme,4,16,0.25
3047,no_D,2026-W17,mourning,2,16,0.125
3047,no_D,2026-W17,marketing,5,16,0.3125
3047,no_D,2026-W17,education,4,16,0.25
3047,no_D,2026-W17,other,1,16,0.0625
3047,no_D,2026-W18,meme,3,11,0.2727272727272727
3047,no_D,2026-W18,mourning,1,11,0.09090909090909091
3047,no_D,2026-W18,marketing,5,11,0.45454545454545453
3047,no_D,2026-W18,education,2,11,0.18181818181818182
3047,no_D,2026-W18,other,0,11,0.0
3047,no_D,2026-W19,meme,2,8,0.25
3047,no_D,2026-W19,mourning,1,8,0.125
3047,no_D,2026-W19,marketing,4,8,0.5
3047,no_D,2026-W19,education,1,8,0.125
3047,no_D,2026-W19,other,0,8,0.0
3047,no_D,2026-W20,meme,2,8,0.25
3047,no_D,2026-W20,mourning,1,8,0.125
3047,no_D,2026-W20,marketing,4,8,0.5
3047,no_D,2026-W20,education,1,8,0.125
3047,no_D,2026-W20,other,0,8,0.0
3047,no_D,2026-W21,meme,1,7,0.14285714285714285
3047,no_D,2026-W21,mourning,1,7,0.14285714285714285
3047,no_D,2026-W21,marketing,4,7,0.5714285714285714
3047,no_D,2026-W21,education,1,7,0.14285714285714285
3047,no_D,2026-W21,other,0,7,0.0
3047,no_D,2026-W22,meme,1,5,0.2
3047,no_D,2026-W22,mourning,1,5,0.2
3047,no_D,2026-W22,marketing,3,5,0.6
3047,no_D,2026-W22,education,0,5,0.0
3047,no_D,2026-W22,other,0,5,0.0
3047,no_R,2026-W12,meme,0,27,0.0
3047,no_R,2026-W12,mourning,0,27,0.0
3047,no_R,2026-W12,marketing,19,27,0.7037037037037037
3047,no_R,2026-W12,education,8,27,0.2962962962962963
3047,no_R,2026-W12,other,0,27,0.0
3047,no_R,2026-W13,meme,0,48,0.0
3047,no_R,2026-W13,mourning,22,48,0.4583333333333333
3047,no_R,2026-W13,marketing,16,48,0.3333333333333333
3047,no_R,2026-W13,education,7,48,0.14583333333333334
3047,no_R,2026-W13,other,3,48,0.0625
3047,no_R,2026-W14,meme,0,54,0.0
3047,no_R,2026-W14,mourning,17,54,0.3148148148148148
3047,no_R,2026-W14,marketing,18,54,0.3333333333333333
3047,no_R,2026-W14,education,12,54,0.2222222222222222
3047,no_R,2026-W14,other,7,54,0.12962962962962962
3047,no_R,2026-W15,meme,0,56,0.0
3047,no_R,2026-W15,mourning,19,56,0.3392857142857143
3047,no_R,2026-W15,marketing,15,56,0.26785714285714285
3047,no_R,2026-W15,education,10,56,0.17857142857142858
3047,no_R,2026-W15,other,12,56,0.21428571428571427
3047,no_R,2026-W16,meme,0,56,0.0
3047,no_R,2026-W16,mourning,16,56,0.2857142857142857
3047,no_R,2026-W16,marketing,17,56,0.30357142857142855
3047,no_R,2026-W16,education,13,56,0.23214285714285715
3047,no_R,2026-W16,other,10,56,0.17857142857142858
3047,no_R,2026-W17,meme,0,57,0.0
3047,no_R,2026-W17,mourning,15,57,0.2631578947368421
3047,no_R,2026-W17,marketing,17,57,0.2982456140350877
3047,no_R,2026-W17,education,14,57,0.24561403508771928
3047,no_R,2026-W17,other,11,57,0.19298245614035087
3047,no_R,2026-W18,meme,0,52,0.0
3047,no_R,2026-W18,mourning,12,52,0.23076923076923078
3047,no_R,2026-W18,marketing,16,52,0.3076923076923077
3047,no_R,2026-W18,education,14,52,0.2692307692307692
3047,no_R,2026-W18,other,10,52,0.19230769230769232
3047,no_R,2026-W19,meme,0,49,0.0
3047,no_R,2026-W19,mourning,13,49,0.2653061224489796
3047,no_R,2026-W19,marketing,17,49,0.3469387755102041
3047,no_R,2026-W19,education,11,49,0.22448979591836735
3047,no_R,2026-W19,other,8,49,0.16326530612244897
3047,no_R,2026-W20,meme,2,54,0.037037037037037035
3047,no_R,2026-W20,mourning,11,54,0.2037037037037037
3047,no_R,2026-W20,marketing,18,54,0.3333333333333333
3047,no_R,2026-W20,education,13,54,0.24074074074074073
3047,no_R,2026-W20,other,10,54,0.18518518518518517
3047,no_R,2026-W21,meme,14,64,0.21875
3047,no_R,2026-W21,mourning,12,64,0.1875
3047,no_R,2026-W21,marketing,17,64,0.265625
3047,no_R,2026-W21,education,11,64,0.171875
3047,no_R,2026-W21,other,10,64,0.15625
3047,no_R,2026-W22,meme,19,63,0.30158730158730157
3047,no_R,2026-W22,mourning,12,63,0.19047619047619047
3047,no_R,2026-W22,marketing,17,63,0.2698412698412698
3047,no_R,2026-W22,education,10,63,0.15873015873015872
3047,no_R,2026-W22,other,5,63,0.07936507936507936
3048,full,2026-W12,meme,0,26,0.0
3048,full,2026-W12,mourning,0,26,0.0
3048,full,2026-W12,marketing,19,26,0.7307692307692307
3048,full,2026-W12,education,7,26,0.2692307692307692
3048,full,2026-W12,other,0,26,0.0
3048,full,2026-W13,meme,0,44,0.0
3048,full,2026-W13,mourning,22,44,0.5
3048,full,2026-W13,marketing,11,44,0.25
3048,full,2026-W13,education,5,44,0.11363636363636363
3048,full,2026-W13,other,6,44,0.13636363636363635
3048,full,2026-W14,meme,0,36,0.0
3048,full,2026-W14,mourning,11,36,0.3055555555555556
3048,full,2026-W14,marketing,12,36,0.3333333333333333
3048,full,2026-W14,education,8,36,0.2222222222222222
3048,full,2026-W14,other,5,36,0.1388888888888889
3048,full,2026-W15,meme,0,25,0.0
3048,full,2026-W15,mourning,7,25,0.28
3048,full,2026-W15,marketing,7,25,0.28
3048,full,2026-W15,education,6,25,0.24
3048,full,2026-W15,other,5,25,0.2
3048,full,2026-W16,meme,1,15,0.06666666666666667
3048,full,2026-W16,mourning,1,15,0.06666666666666667
3048,full,2026-W16,marketing,5,15,0.3333333333333333
3048,full,2026-W16,education,5,15,0.3333333333333333
3048,full,2026-W16,other,3,15,0.2
3048,full,2026-W17,meme,0,10,0.0
3048,full,2026-W17,mourning,1,10,0.1
3048,full,2026-W17,marketing,4,10,0.4
3048,full,2026-W17,education,4,10,0.4
3048,full,2026-W17,other,1,10,0.1
3048,full,2026-W18,meme,0,7,0.0
3048,full,2026-W18,mourning,0,7,0.0
3048,full,2026-W18,marketing,4,7,0.5714285714285714
3048,full,2026-W18,education,2,7,0.2857142857142857
3048,full,2026-W18,other,1,7,0.14285714285714285
3048,full,2026-W19,meme,0,7,0.0
3048,full,2026-W19,mourning,1,7,0.14285714285714285
3048,full,2026-W19,marketing,4,7,0.5714285714285714
3048,full,2026-W19,education,2,7,0.2857142857142857
3048,full,2026-W19,other,0,7,0.0
3048,full,2026-W20,meme,11,16,0.6875
3048,full,2026-W20,mourning,0,16,0.0
3048,full,2026-W20,marketing,3,16,0.1875
3048,full,2026-W20,education,2,16,0.125
3048,full,2026-W20,other,0,16,0.0
3048,full,2026-W21,meme,19,22,0.8636363636363636
3048,full,2026-W21,mourning,0,22,0.0
3048,full,2026-W21,marketing,3,22,0.13636363636363635
3048,full,2026-W21,education,0,22,0.0
3048,full,2026-W21,other,0,22,0.0
3048,full,2026-W22,meme,17,20,0.85
3048,full,2026-W22,mourning,0,20,0.0
3048,full,2026-W22,marketing,3,20,0.15
3048,full,2026-W22,education,0,20,0.0
3048,full,2026-W22,other,0,20,0.0
3048,no_B,2026-W12,meme,0,26,0.0
3048,no_B,2026-W12,mourning,0,26,0.0
3048,no_B,2026-W12,marketing,19,26,0.7307692307692307
3048,no_B,2026-W12,education,7,26,0.2692307692307692
3048,no_B,2026-W12,other,0,26,0.0
3048,no_B,2026-W13,meme,0,30,0.0
3048,no_B,2026-W13,mourning,22,30,0.7333333333333333
3048,no_B,2026-W13,marketing,0,30,0.0
3048,no_B,2026-W13,education,2,30,0.06666666666666667
3048,no_B,2026-W13,other,6,30,0.2
3048,no_B,2026-W14,meme,0,8,0.0
3048,no_B,2026-W14,mourning,0,8,0.0
3048,no_B,2026-W14,marketing,0,8,0.0
3048,no_B,2026-W14,education,3,8,0.375
3048,no_B,2026-W14,other,5,8,0.625
3048,no_B,2026-W15,meme,0,1,0.0
3048,no_B,2026-W15,mourning,0,1,0.0
3048,no_B,2026-W15,marketing,0,1,0.0
3048,no_B,2026-W15,education,0,1,0.0
3048,no_B,2026-W15,other,1,1,1.0
3048,no_B,2026-W16,meme,0,0,0.0
3048,no_B,2026-W16,mourning,0,0,0.0
3048,no_B,2026-W16,marketing,0,0,0.0
3048,no_B,2026-W16,education,0,0,0.0
3048,no_B,2026-W16,other,0,0,0.0
3048,no_B,2026-W17,meme,0,0,0.0
3048,no_B,2026-W17,mourning,0,0,0.0
3048,no_B,2026-W17,marketing,0,0,0.0
3048,no_B,2026-W17,education,0,0,0.0
3048,no_B,2026-W17,other,0,0,0.0
3048,no_B,2026-W18,meme,0,0,0.0
3048,no_B,2026-W18,mourning,0,0,0.0
3048,no_B,2026-W18,marketing,0,0,0.0
3048,no_B,2026-W18,education,0,0,0.0
3048,no_B,2026-W18,other,0,0,0.0
3048,no_B,2026-W19,meme,0,0,0.0
3048,no_B,2026-W19,mourning,0,0,0.0
3048,no_B,2026-W19,marketing,0,0,0.0
3048,no_B,2026-W19,education,0,0,0.0
3048,no_B,2026-W19,other,0,0,0.0
3048,no_B,2026-W20,meme,10,10,1.0
3048,no_B,2026-W20,mourning,0,10,0.0
3048,no_B,2026-W20,marketing,0,10,0.0
3048,no_B,2026-W20,education,0,10,0.0
3048,no_B,2026-W20,other,0,10,0.0
3048,no_B,2026-W21,meme,17,17,1.0
3048,no_B,2026-W21,mourning,0,17,0.0
3048,no_B,2026-W21,marketing,0,17,0.0
3048,no_B,2026-W21,education,0,17,0.0
3048,no_B,2026-W21,other,0,17,0.0
3048,no_B,2026-W22,meme,2,2,1.0
3048,no_B,2026-W22,mourning,0,2,0.0
3048,no_B,2026-W22,marketing,0,2,0.0
3048,no_B,2026-W22,education,0,2,0.0
3048,no_B,2026-W22,other,0,2,0.0
3048,no_D,2026-W12,meme,12,63,0.19047619047619047
3048,no_D,2026-W12,mourning,12,63,0.19047619047619047
3048,no_D,2026-W12,marketing,15,63,0.23809523809523808
3048,no_D,2026-W12,education,9,63,0.14285714285714285
3048,no_D,2026-W12,other,15,63,0.23809523809523808
3048,no_D,2026-W13,meme,12,59,0.2033898305084746
3048,no_D,2026-W13,mourning,12,59,0.2033898305084746
3048,no_D,2026-W13,marketing,12,59,0.2033898305084746
3048,no_D,2026-W13,education,8,59,0.13559322033898305
3048,no_D,2026-W13,other,15,59,0.2542372881355932
3048,no_D,2026-W14,meme,11,45,0.24444444444444444
3048,no_D,2026-W14,mourning,4,45,0.08888888888888889
3048,no_D,2026-W14,marketing,8,45,0.17777777777777778
3048,no_D,2026-W14,education,8,45,0.17777777777777778
3048,no_D,2026-W14,other,14,45,0.3111111111111111
3048,no_D,2026-W15,meme,6,27,0.2222222222222222
3048,no_D,2026-W15,mourning,3,27,0.1111111111111111
3048,no_D,2026-W15,marketing,7,27,0.25925925925925924
3048,no_D,2026-W15,education,5,27,0.18518518518518517
3048,no_D,2026-W15,other,6,27,0.2222222222222222
3048,no_D,2026-W16,meme,5,18,0.2777777777777778
3048,no_D,2026-W16,mourning,2,18,0.1111111111111111
3048,no_D,2026-W16,marketing,5,18,0.2777777777777778
3048,no_D,2026-W16,education,4,18,0.2222222222222222
3048,no_D,2026-W16,other,2,18,0.1111111111111111
3048,no_D,2026-W17,meme,5,14,0.35714285714285715
3048,no_D,2026-W17,mourning,2,14,0.14285714285714285
3048,no_D,2026-W17,marketing,4,14,0.2857142857142857
3048,no_D,2026-W17,education,3,14,0.21428571428571427
3048,no_D,2026-W17,other,0,14,0.0
3048,no_D,2026-W18,meme,5,12,0.4166666666666667
3048,no_D,2026-W18,mourning,1,12,0.08333333333333333
3048,no_D,2026-W18,marketing,4,12,0.3333333333333333
3048,no_D,2026-W18,education,2,12,0.16666666666666666
3048,no_D,2026-W18,other,0,12,0.0
3048,no_D,2026-W19,meme,2,8,0.25
3048,no_D,2026-W19,mourning,1,8,0.125
3048,no_D,2026-W19,marketing,4,8,0.5
3048,no_D,2026-W19,education,1,8,0.125
3048,no_D,2026-W19,other,0,8,0.0
3048,no_D,2026-W20,meme,2,6,0.3333333333333333
3048,no_D,2026-W20,mourning,1,6,0.16666666666666666
3048,no_D,2026-W20,marketing,3,6,0.5
3048,no_D,2026-W20,education,0,6,0.0
3048,no_D,2026-W20,other,0,6,0.0
3048,no_D,2026-W21,meme,2,5,0.4
3048,no_D,2026-W21,mourning,0,5,0.0
3048,no_D,2026-W21,marketing,3,5,0.6
3048,no_D,2026-W21,education,0,5,0.0
3048,no_D,2026-W21,other,0,5,0.0
3048,no_D,2026-W22,meme,1,4,0.25
3048,no_D,2026-W22,mourning,0,4,0.0
3048,no_D,2026-W22,marketing,3,4,0.75
3048,no_D,2026-W22,education,0,4,0.0
3048,no_D,2026-W22,other,0,4,0.0
3048,no_R,2026-W12,meme,0,26,0.0
3048,no_R,2026-W12,mourning,0,26,0.0
3048,no_R,2026-W12,marketing,19,26,0.7307692307692307
3048,no_R,2026-W12,education,7,26,0.2692307692307692
3048,no_R,2026-W12,other,0,26,0.0
3048,no_R,2026-W13,meme,0,51,0.0
3048,no_R,2026-W13,mourning,22,51,0.43137254901960786
3048,no_R,2026-W13,marketing,17,51,0.3333333333333333
3048,no_R,2026-W13,education,6,51,0.11764705882352941
3048,no_R,2026-W13,other,6,51,0.11764705882352941
3048,no_R,2026-W14,meme,0,54,0.0
3048,no_R,2026-W14,mourning,17,54,0.3148148148148148
3048,no_R,2026-W14,marketing,19,54,0.35185185185185186
3048,no_R,2026-W14,education,13,54,0.24074074074074073
3048,no_R,2026-W14,other,5,54,0.09259259259259259
3048,no_R,2026-W15,meme,0,57,0.0
3048,no_R,2026-W15,mourning,20,57,0.3508771929824561
3048,no_R,2026-W15,marketing,16,57,0.2807017543859649
3048,no_R,2026-W15,education,13,57,0.22807017543859648
3048,no_R,2026-W15,other,8,57,0.14035087719298245
3048,no_R,2026-W16,meme,0,58,0.0
3048,no_R,2026-W16,mourning,17,58,0.29310344827586204
3048,no_R,2026-W16,marketing,16,58,0.27586206896551724
3048,no_R,2026-W16,education,15,58,0.25862068965517243
3048,no_R,2026-W16,other,10,58,0.1724137931034483
3048,no_R,2026-W17,meme,0,57,0.0
3048,no_R,2026-W17,mourning,15,57,0.2631578947368421
3048,no_R,2026-W17,marketing,16,57,0.2807017543859649
3048,no_R,2026-W17,education,14,57,0.24561403508771928
3048,no_R,2026-W17,other,12,57,0.21052631578947367
3048,no_R,2026-W18,meme,0,49,0.0
3048,no_R,2026-W18,mourning,13,49,0.2653061224489796
3048,no_R,2026-W18,marketing,18,49,0.3673469387755102
3048,no_R,2026-W18,education,11,49,0.22448979591836735
3048,no_R,2026-W18,other,7,49,0.14285714285714285
3048,no_R,2026-W19,meme,0,54,0.0
3048,no_R,2026-W19,mourning,13,54,0.24074074074074073
3048,no_R,2026-W19,marketing,19,54,0.35185185185185186
3048,no_R,2026-W19,education,12,54,0.2222222222222222
3048,no_R,2026-W19,other,10,54,0.18518518518518517
3048,no_R,2026-W20,meme,7,53,0.1320754716981132
3048,no_R,2026-W20,mourning,11,53,0.20754716981132076
3048,no_R,2026-W20,marketing,17,53,0.32075471698113206
3048,no_R,2026-W20,education,11,53,0.20754716981132076
3048,no_R,2026-W20,other,7,53,0.1320754716981132
3048,no_R,2026-W21,meme,14,58,0.2413793103448276
3048,no_R,2026-W21,mourning,12,58,0.20689655172413793
3048,no_R,2026-W21,marketing,17,58,0.29310344827586204
3048,no_R,2026-W21,education,9,58,0.15517241379310345
3048,no_R,2026-W21,other,6,58,0.10344827586206896
3048,no_R,2026-W22,meme,17,56,0.30357142857142855
3048,no_R,2026-W22,mourning,9,56,0.16071428571428573
3048,no_R,2026-W22,marketing,18,56,0.32142857142857145
3048,no_R,2026-W22,education,9,56,0.16071428571428573
3048,no_R,2026-W22,other,3,56,0.05357142857142857
3049,full,2026-W12,meme,0,26,0.0
3049,full,2026-W12,mourning,0,26,0.0
3049,full,2026-W12,marketing,19,26,0.7307692307692307
3049,full,2026-W12,education,7,26,0.2692307692307692
3049,full,2026-W12,other,0,26,0.0
3049,full,2026-W13,meme,0,47,0.0
3049,full,2026-W13,mourning,22,47,0.46808510638297873
3049,full,2026-W13,marketing,11,47,0.23404255319148937
3049,full,2026-W13,education,6,47,0.1276595744680851
3049,full,2026-W13,other,8,47,0.1702127659574468
3049,full,2026-W14,meme,0,42,0.0
3049,full,2026-W14,mourning,10,42,0.23809523809523808
3049,full,2026-W14,marketing,12,42,0.2857142857142857
3049,full,2026-W14,education,12,42,0.2857142857142857
3049,full,2026-W14,other,8,42,0.19047619047619047
3049,full,2026-W15,meme,0,26,0.0
3049,full,2026-W15,mourning,3,26,0.11538461538461539
3049,full,2026-W15,marketing,8,26,0.3076923076923077
3049,full,2026-W15,education,7,26,0.2692307692307692
3049,full,2026-W15,other,8,26,0.3076923076923077
3049,full,2026-W16,meme,0,16,0.0
3049,full,2026-W16,mourning,3,16,0.1875
3049,full,2026-W16,marketing,5,16,0.3125
3049,full,2026-W16,education,4,16,0.25
3049,full,2026-W16,other,4,16,0.25
3049,full,2026-W17,meme,0,12,0.0
3049,full,2026-W17,mourning,0,12,0.0
3049,full,2026-W17,marketing,5,12,0.4166666666666667
3049,full,2026-W17,education,4,12,0.3333333333333333
3049,full,2026-W17,other,3,12,0.25
3049,full,2026-W18,meme,0,7,0.0
3049,full,2026-W18,mourning,0,7,0.0
3049,full,2026-W18,marketing,4,7,0.5714285714285714
3049,full,2026-W18,education,3,7,0.42857142857142855
3049,full,2026-W18,other,0,7,0.0
3049,full,2026-W19,meme,0,6,0.0
3049,full,2026-W19,mourning,0,6,0.0
3049,full,2026-W19,marketing,4,6,0.6666666666666666
3049,full,2026-W19,education,2,6,0.3333333333333333
3049,full,2026-W19,other,0,6,0.0
3049,full,2026-W20,meme,10,13,0.7692307692307693
3049,full,2026-W20,mourning,0,13,0.0
3049,full,2026-W20,marketing,3,13,0.23076923076923078
3049,full,2026-W20,education,0,13,0.0
3049,full,2026-W20,other,0,13,0.0
3049,full,2026-W21,meme,19,23,0.8260869565217391
3049,full,2026-W21,mourning,1,23,0.043478260869565216
3049,full,2026-W21,marketing,3,23,0.13043478260869565
3049,full,2026-W21,education,0,23,0.0
3049,full,2026-W21,other,0,23,0.0
3049,full,2026-W22,meme,18,21,0.8571428571428571
3049,full,2026-W22,mourning,0,21,0.0
3049,full,2026-W22,marketing,3,21,0.14285714285714285
3049,full,2026-W22,education,0,21,0.0
3049,full,2026-W22,other,0,21,0.0
3049,no_B,2026-W12,meme,0,26,0.0
3049,no_B,2026-W12,mourning,0,26,0.0
3049,no_B,2026-W12,marketing,19,26,0.7307692307692307
3049,no_B,2026-W12,education,7,26,0.2692307692307692
3049,no_B,2026-W12,other,0,26,0.0
3049,no_B,2026-W13,meme,0,32,0.0
3049,no_B,2026-W13,mourning,22,32,0.6875
3049,no_B,2026-W13,marketing,0,32,0.0
3049,no_B,2026-W13,education,2,32,0.0625
3049,no_B,2026-W13,other,8,32,0.25
3049,no_B,2026-W14,meme,0,4,0.0
3049,no_B,2026-W14,mourning,0,4,0.0
3049,no_B,2026-W14,marketing,0,4,0.0
3049,no_B,2026-W14,education,1,4,0.25
3049,no_B,2026-W14,other,3,4,0.75
3049,no_B,2026-W15,meme,0,2,0.0
3049,no_B,2026-W15,mourning,0,2,0.0
3049,no_B,2026-W15,marketing,0,2,0.0
3049,no_B,2026-W15,education,1,2,0.5
3049,no_B,2026-W15,other,1,2,0.5
3049,no_B,2026-W16,meme,1,1,1.0
3049,no_B,2026-W16,mourning,0,1,0.0
3049,no_B,2026-W16,marketing,0,1,0.0
3049,no_B,2026-W16,education,0,1,0.0
3049,no_B,2026-W16,other,0,1,0.0
3049,no_B,2026-W17,meme,1,1,1.0
3049,no_B,2026-W17,mourning,0,1,0.0
3049,no_B,2026-W17,marketing,0,1,0.0
3049,no_B,2026-W17,education,0,1,0.0
3049,no_B,2026-W17,other,0,1,0.0
3049,no_B,2026-W18,meme,0,0,0.0
3049,no_B,2026-W18,mourning,0,0,0.0
3049,no_B,2026-W18,marketing,0,0,0.0
3049,no_B,2026-W18,education,0,0,0.0
3049,no_B,2026-W18,other,0,0,0.0
3049,no_B,2026-W19,meme,0,0,0.0
3049,no_B,2026-W19,mourning,0,0,0.0
3049,no_B,2026-W19,marketing,0,0,0.0
3049,no_B,2026-W19,education,0,0,0.0
3049,no_B,2026-W19,other,0,0,0.0
3049,no_B,2026-W20,meme,8,8,1.0
3049,no_B,2026-W20,mourning,0,8,0.0
3049,no_B,2026-W20,marketing,0,8,0.0
3049,no_B,2026-W20,education,0,8,0.0
3049,no_B,2026-W20,other,0,8,0.0
3049,no_B,2026-W21,meme,9,9,1.0
3049,no_B,2026-W21,mourning,0,9,0.0
3049,no_B,2026-W21,marketing,0,9,0.0
3049,no_B,2026-W21,education,0,9,0.0
3049,no_B,2026-W21,other,0,9,0.0
3049,no_B,2026-W22,meme,3,3,1.0
3049,no_B,2026-W22,mourning,0,3,0.0
3049,no_B,2026-W22,marketing,0,3,0.0
3049,no_B,2026-W22,education,0,3,0.0
3049,no_B,2026-W22,other,0,3,0.0
3049,no_D,2026-W12,meme,12,63,0.19047619047619047
3049,no_D,2026-W12,mourning,12,63,0.19047619047619047
3049,no_D,2026-W12,marketing,15,63,0.23809523809523808
3049,no_D,2026-W12,education,9,63,0.14285714285714285
3049,no_D,2026-W12,other,15,63,0.23809523809523808
3049,no_D,2026-W13,meme,12,56,0.21428571428571427
3049,no_D,2026-W13,mourning,12,56,0.21428571428571427
3049,no_D,2026-W13,marketing,10,56,0.17857142857142858
3049,no_D,2026-W13,education,7,56,0.125
3049,no_D,2026-W13,other,15,56,0.26785714285714285
3049,no_D,2026-W14,meme,12,44,0.2727272727272727
3049,no_D,2026-W14,mourning,4,44,0.09090909090909091
3049,no_D,2026-W14,marketing,8,44,0.18181818181818182
3049,no_D,2026-W14,education,7,44,0.1590909090909091
3049,no_D,2026-W14,other,13,44,0.29545454545454547
3049,no_D,2026-W15,meme,9,29,0.3103448275862069
3049,no_D,2026-W15,mourning,2,29,0.06896551724137931
3049,no_D,2026-W15,marketing,6,29,0.20689655172413793
3049,no_D,2026-W15,education,6,29,0.20689655172413793
3049,no_D,2026-W15,other,6,29,0.20689655172413793
3049,no_D,2026-W16,meme,6,20,0.3
3049,no_D,2026-W16,mourning,2,20,0.1
3049,no_D,2026-W16,marketing,6,20,0.3
3049,no_D,2026-W16,education,5,20,0.25
3049,no_D,2026-W16,other,1,20,0.05
3049,no_D,2026-W17,meme,6,15,0.4
3049,no_D,2026-W17,mourning,2,15,0.13333333333333333
3049,no_D,2026-W17,marketing,4,15,0.26666666666666666
3049,no_D,2026-W17,education,3,15,0.2
3049,no_D,2026-W17,other,0,15,0.0
3049,no_D,2026-W18,meme,4,12,0.3333333333333333
3049,no_D,2026-W18,mourning,2,12,0.16666666666666666
3049,no_D,2026-W18,marketing,4,12,0.3333333333333333
3049,no_D,2026-W18,education,2,12,0.16666666666666666
3049,no_D,2026-W18,other,0,12,0.0
3049,no_D,2026-W19,meme,3,10,0.3
3049,no_D,2026-W19,mourning,2,10,0.2
3049,no_D,2026-W19,marketing,3,10,0.3
3049,no_D,2026-W19,education,2,10,0.2
3049,no_D,2026-W19,other,0,10,0.0
3049,no_D,2026-W20,meme,3,8,0.375
3049,no_D,2026-W20,mourning,2,8,0.25
3049,no_D,2026-W20,marketing,3,8,0.375
3049,no_D,2026-W20,education,0,8,0.0
3049,no_D,2026-W20,other,0,8,0.0
3049,no_D,2026-W21,meme,2,6,0.3333333333333333
3049,no_D,2026-W21,mourning,1,6,0.16666666666666666
3049,no_D,2026-W21,marketing,3,6,0.5
3049,no_D,2026-W21,education,0,6,0.0
3049,no_D,2026-W21,other,0,6,0.0
3049,no_D,2026-W22,meme,2,6,0.3333333333333333
3049,no_D,2026-W22,mourning,1,6,0.16666666666666666
3049,no_D,2026-W22,marketing,3,6,0.5
3049,no_D,2026-W22,education,0,6,0.0
3049,no_D,2026-W22,other,0,6,0.0
3049,no_R,2026-W12,meme,0,26,0.0
3049,no_R,2026-W12,mourning,0,26,0.0
3049,no_R,2026-W12,marketing,19,26,0.7307692307692307
3049,no_R,2026-W12,education,7,26,0.2692307692307692
3049,no_R,2026-W12,other,0,26,0.0
3049,no_R,2026-W13,meme,0,51,0.0
3049,no_R,2026-W13,mourning,22,51,0.43137254901960786
3049,no_R,2026-W13,marketing,15,51,0.29411764705882354
3049,no_R,2026-W13,education,6,51,0.11764705882352941
3049,no_R,2026-W13,other,8,51,0.1568627450980392
3049,no_R,2026-W14,meme,0,46,0.0
3049,no_R,2026-W14,mourning,11,46,0.2391304347826087
3049,no_R,2026-W14,marketing,18,46,0.391304347826087
3049,no_R,2026-W14,education,10,46,0.21739130434782608
3049,no_R,2026-W14,other,7,46,0.15217391304347827
3049,no_R,2026-W15,meme,0,61,0.0
3049,no_R,2026-W15,mourning,19,61,0.3114754098360656
3049,no_R,2026-W15,marketing,17,61,0.2786885245901639
3049,no_R,2026-W15,education,10,61,0.16393442622950818
3049,no_R,2026-W15,other,15,61,0.2459016393442623
3049,no_R,2026-W16,meme,1,59,0.01694915254237288
3049,no_R,2026-W16,mourning,17,59,0.288135593220339
3049,no_R,2026-W16,marketing,16,59,0.2711864406779661
3049,no_R,2026-W16,education,14,59,0.23728813559322035
3049,no_R,2026-W16,other,11,59,0.1864406779661017
3049,no_R,2026-W17,meme,0,58,0.0
3049,no_R,2026-W17,mourning,16,58,0.27586206896551724
3049,no_R,2026-W17,marketing,16,58,0.27586206896551724
3049,no_R,2026-W17,education,12,58,0.20689655172413793
3049,no_R,2026-W17,other,14,58,0.2413793103448276
3049,no_R,2026-W18,meme,0,55,0.0
3049,no_R,2026-W18,mourning,12,55,0.21818181818181817
3049,no_R,2026-W18,marketing,18,55,0.32727272727272727
3049,no_R,2026-W18,education,12,55,0.21818181818181817
3049,no_R,2026-W18,other,13,55,0.23636363636363636
3049,no_R,2026-W19,meme,0,60,0.0
3049,no_R,2026-W19,mourning,18,60,0.3
3049,no_R,2026-W19,marketing,16,60,0.26666666666666666
3049,no_R,2026-W19,education,13,60,0.21666666666666667
3049,no_R,2026-W19,other,13,60,0.21666666666666667
3049,no_R,2026-W20,meme,5,57,0.08771929824561403
3049,no_R,2026-W20,mourning,15,57,0.2631578947368421
3049,no_R,2026-W20,marketing,16,57,0.2807017543859649
3049,no_R,2026-W20,education,10,57,0.17543859649122806
3049,no_R,2026-W20,other,11,57,0.19298245614035087
3049,no_R,2026-W21,meme,12,65,0.18461538461538463
3049,no_R,2026-W21,mourning,17,65,0.26153846153846155
3049,no_R,2026-W21,marketing,16,65,0.24615384615384617
3049,no_R,2026-W21,education,11,65,0.16923076923076924
3049,no_R,2026-W21,other,9,65,0.13846153846153847
3049,no_R,2026-W22,meme,18,70,0.2571428571428571
3049,no_R,2026-W22,mourning,16,70,0.22857142857142856
3049,no_R,2026-W22,marketing,17,70,0.24285714285714285
3049,no_R,2026-W22,education,11,70,0.15714285714285714
3049,no_R,2026-W22,other,8,70,0.11428571428571428
3050,full,2026-W12,meme,0,25,0.0
3050,full,2026-W12,mourning,0,25,0.0
3050,full,2026-W12,marketing,19,25,0.76
3050,full,2026-W12,education,6,25,0.24
3050,full,2026-W12,other,0,25,0.0
3050,full,2026-W13,meme,0,43,0.0
3050,full,2026-W13,mourning,22,43,0.5116279069767442
3050,full,2026-W13,marketing,10,43,0.23255813953488372
3050,full,2026-W13,education,6,43,0.13953488372093023
3050,full,2026-W13,other,5,43,0.11627906976744186
3050,full,2026-W14,meme,0,36,0.0
3050,full,2026-W14,mourning,12,36,0.3333333333333333
3050,full,2026-W14,marketing,11,36,0.3055555555555556
3050,full,2026-W14,education,8,36,0.2222222222222222
3050,full,2026-W14,other,5,36,0.1388888888888889
3050,full,2026-W15,meme,0,28,0.0
3050,full,2026-W15,mourning,7,28,0.25
3050,full,2026-W15,marketing,10,28,0.35714285714285715
3050,full,2026-W15,education,7,28,0.25
3050,full,2026-W15,other,4,28,0.14285714285714285
3050,full,2026-W16,meme,0,17,0.0
3050,full,2026-W16,mourning,1,17,0.058823529411764705
3050,full,2026-W16,marketing,7,17,0.4117647058823529
3050,full,2026-W16,education,4,17,0.23529411764705882
3050,full,2026-W16,other,5,17,0.29411764705882354
3050,full,2026-W17,meme,0,11,0.0
3050,full,2026-W17,mourning,3,11,0.2727272727272727
3050,full,2026-W17,marketing,4,11,0.36363636363636365
3050,full,2026-W17,education,1,11,0.09090909090909091
3050,full,2026-W17,other,3,11,0.2727272727272727
3050,full,2026-W18,meme,0,8,0.0
3050,full,2026-W18,mourning,0,8,0.0
3050,full,2026-W18,marketing,4,8,0.5
3050,full,2026-W18,education,3,8,0.375
3050,full,2026-W18,other,1,8,0.125
3050,full,2026-W19,meme,0,5,0.0
3050,full,2026-W19,mourning,1,5,0.2
3050,full,2026-W19,marketing,3,5,0.6
3050,full,2026-W19,education,0,5,0.0
3050,full,2026-W19,other,1,5,0.2
3050,full,2026-W20,meme,9,12,0.75
3050,full,2026-W20,mourning,0,12,0.0
3050,full,2026-W20,marketing,3,12,0.25
3050,full,2026-W20,education,0,12,0.0
3050,full,2026-W20,other,0,12,0.0
3050,full,2026-W21,meme,18,21,0.8571428571428571
3050,full,2026-W21,mourning,0,21,0.0
3050,full,2026-W21,marketing,3,21,0.14285714285714285
3050,full,2026-W21,education,0,21,0.0
3050,full,2026-W21,other,0,21,0.0
3050,full,2026-W22,meme,19,22,0.8636363636363636
3050,full,2026-W22,mourning,0,22,0.0
3050,full,2026-W22,marketing,3,22,0.13636363636363635
3050,full,2026-W22,education,0,22,0.0
3050,full,2026-W22,other,0,22,0.0
3050,no_B,2026-W12,meme,0,25,0.0
3050,no_B,2026-W12,mourning,0,25,0.0
3050,no_B,2026-W12,marketing,19,25,0.76
3050,no_B,2026-W12,education,6,25,0.24
3050,no_B,2026-W12,other,0,25,0.0
3050,no_B,2026-W13,meme,0,29,0.0
3050,no_B,2026-W13,mourning,22,29,0.7586206896551724
3050,no_B,2026-W13,marketing,0,29,0.0
3050,no_B,2026-W13,education,2,29,0.06896551724137931
3050,no_B,2026-W13,other,5,29,0.1724137931034483
3050,no_B,2026-W14,meme,0,4,0.0
3050,no_B,2026-W14,mourning,0,4,0.0
3050,no_B,2026-W14,marketing,0,4,0.0
3050,no_B,2026-W14,education,2,4,0.5
3050,no_B,2026-W14,other,2,4,0.5
3050,no_B,2026-W15,meme,0,1,0.0
3050,no_B,2026-W15,mourning,0,1,0.0
3050,no_B,2026-W15,marketing,0,1,0.0
3050,no_B,2026-W15,education,1,1,1.0
3050,no_B,2026-W15,other,0,1,0.0
3050,no_B,2026-W16,meme,2,2,1.0
3050,no_B,2026-W16,mourning,0,2,0.0
3050,no_B,2026-W16,marketing,0,2,0.0
3050,no_B,2026-W16,education,0,2,0.0
3050,no_B,2026-W16,other,0,2,0.0
3050,no_B,2026-W17,meme,2,2,1.0
3050,no_B,2026-W17,mourning,0,2,0.0
3050,no_B,2026-W17,marketing,0,2,0.0
3050,no_B,2026-W17,education,0,2,0.0
3050,no_B,2026-W17,other,0,2,0.0
3050,no_B,2026-W18,meme,3,3,1.0
3050,no_B,2026-W18,mourning,0,3,0.0
3050,no_B,2026-W18,marketing,0,3,0.0
3050,no_B,2026-W18,education,0,3,0.0
3050,no_B,2026-W18,other,0,3,0.0
3050,no_B,2026-W19,meme,5,5,1.0
3050,no_B,2026-W19,mourning,0,5,0.0
3050,no_B,2026-W19,marketing,0,5,0.0
3050,no_B,2026-W19,education,0,5,0.0
3050,no_B,2026-W19,other,0,5,0.0
3050,no_B,2026-W20,meme,10,10,1.0
3050,no_B,2026-W20,mourning,0,10,0.0
3050,no_B,2026-W20,marketing,0,10,0.0
3050,no_B,2026-W20,education,0,10,0.0
3050,no_B,2026-W20,other,0,10,0.0
3050,no_B,2026-W21,meme,4,4,1.0
3050,no_B,2026-W21,mourning,0,4,0.0
3050,no_B,2026-W21,marketing,0,4,0.0
3050,no_B,2026-W21,education,0,4,0.0
3050,no_B,2026-W21,other,0,4,0.0
3050,no_B,2026-W22,meme,0,0,0.0
3050,no_B,2026-W22,mourning,0,0,0.0
3050,no_B,2026-W22,marketing,0,0,0.0
3050,no_B,2026-W22,education,0,0,0.0
3050,no_B,2026-W22,other,0,0,0.0
3050,no_D,2026-W12,meme,12,63,0.19047619047619047
3050,no_D,2026-W12,mourning,12,63,0.19047619047619047
3050,no_D,2026-W12,marketing,15,63,0.23809523809523808
3050,no_D,2026-W12,education,9,63,0.14285714285714285
3050,no_D,2026-W12,other,15,63,0.23809523809523808
3050,no_D,2026-W13,meme,12,58,0.20689655172413793
3050,no_D,2026-W13,mourning,12,58,0.20689655172413793
3050,no_D,2026-W13,marketing,12,58,0.20689655172413793
3050,no_D,2026-W13,education,7,58,0.1206896551724138
3050,no_D,2026-W13,other,15,58,0.25862068965517243
3050,no_D,2026-W14,meme,11,44,0.25
3050,no_D,2026-W14,mourning,4,44,0.09090909090909091
3050,no_D,2026-W14,marketing,10,44,0.22727272727272727
3050,no_D,2026-W14,education,7,44,0.1590909090909091
3050,no_D,2026-W14,other,12,44,0.2727272727272727
3050,no_D,2026-W15,meme,8,29,0.27586206896551724
3050,no_D,2026-W15,mourning,3,29,0.10344827586206896
3050,no_D,2026-W15,marketing,6,29,0.20689655172413793
3050,no_D,2026-W15,education,5,29,0.1724137931034483
3050,no_D,2026-W15,other,7,29,0.2413793103448276
3050,no_D,2026-W16,meme,6,19,0.3157894736842105
3050,no_D,2026-W16,mourning,2,19,0.10526315789473684
3050,no_D,2026-W16,marketing,5,19,0.2631578947368421
3050,no_D,2026-W16,education,4,19,0.21052631578947367
3050,no_D,2026-W16,other,2,19,0.10526315789473684
3050,no_D,2026-W17,meme,4,13,0.3076923076923077
3050,no_D,2026-W17,mourning,2,13,0.15384615384615385
3050,no_D,2026-W17,marketing,4,13,0.3076923076923077
3050,no_D,2026-W17,education,3,13,0.23076923076923078
3050,no_D,2026-W17,other,0,13,0.0
3050,no_D,2026-W18,meme,3,10,0.3
3050,no_D,2026-W18,mourning,2,10,0.2
3050,no_D,2026-W18,marketing,3,10,0.3
3050,no_D,2026-W18,education,2,10,0.2
3050,no_D,2026-W18,other,0,10,0.0
3050,no_D,2026-W19,meme,3,8,0.375
3050,no_D,2026-W19,mourning,0,8,0.0
3050,no_D,2026-W19,marketing,3,8,0.375
3050,no_D,2026-W19,education,2,8,0.25
3050,no_D,2026-W19,other,0,8,0.0
3050,no_D,2026-W20,meme,3,8,0.375
3050,no_D,2026-W20,mourning,0,8,0.0
3050,no_D,2026-W20,marketing,3,8,0.375
3050,no_D,2026-W20,education,2,8,0.25
3050,no_D,2026-W20,other,0,8,0.0
3050,no_D,2026-W21,meme,2,7,0.2857142857142857
3050,no_D,2026-W21,mourning,0,7,0.0
3050,no_D,2026-W21,marketing,3,7,0.42857142857142855
3050,no_D,2026-W21,education,2,7,0.2857142857142857
3050,no_D,2026-W21,other,0,7,0.0
3050,no_D,2026-W22,meme,2,5,0.4
3050,no_D,2026-W22,mourning,0,5,0.0
3050,no_D,2026-W22,marketing,3,5,0.6
3050,no_D,2026-W22,education,0,5,0.0
3050,no_D,2026-W22,other,0,5,0.0
3050,no_R,2026-W12,meme,0,25,0.0
3050,no_R,2026-W12,mourning,0,25,0.0
3050,no_R,2026-W12,marketing,19,25,0.76
3050,no_R,2026-W12,education,6,25,0.24
3050,no_R,2026-W12,other,0,25,0.0
3050,no_R,2026-W13,meme,0,46,0.0
3050,no_R,2026-W13,mourning,22,46,0.4782608695652174
3050,no_R,2026-W13,marketing,13,46,0.2826086956521739
3050,no_R,2026-W13,education,6,46,0.13043478260869565
3050,no_R,2026-W13,other,5,46,0.10869565217391304
3050,no_R,2026-W14,meme,0,54,0.0
3050,no_R,2026-W14,mourning,19,54,0.35185185185185186
3050,no_R,2026-W14,marketing,19,54,0.35185185185185186
3050,no_R,2026-W14,education,11,54,0.2037037037037037
3050,no_R,2026-W14,other,5,54,0.09259259259259259
3050,no_R,2026-W15,meme,1,57,0.017543859649122806
3050,no_R,2026-W15,mourning,19,57,0.3333333333333333
3050,no_R,2026-W15,marketing,18,57,0.3157894736842105
3050,no_R,2026-W15,education,12,57,0.21052631578947367
3050,no_R,2026-W15,other,7,57,0.12280701754385964
3050,no_R,2026-W16,meme,1,56,0.017857142857142856
3050,no_R,2026-W16,mourning,18,56,0.32142857142857145
3050,no_R,2026-W16,marketing,18,56,0.32142857142857145
3050,no_R,2026-W16,education,12,56,0.21428571428571427
3050,no_R,2026-W16,other,7,56,0.125
3050,no_R,2026-W17,meme,0,49,0.0
3050,no_R,2026-W17,mourning,15,49,0.30612244897959184
3050,no_R,2026-W17,marketing,18,49,0.3673469387755102
3050,no_R,2026-W17,education,10,49,0.20408163265306123
3050,no_R,2026-W17,other,6,49,0.12244897959183673
3050,no_R,2026-W18,meme,0,56,0.0
3050,no_R,2026-W18,mourning,17,56,0.30357142857142855
3050,no_R,2026-W18,marketing,18,56,0.32142857142857145
3050,no_R,2026-W18,education,14,56,0.25
3050,no_R,2026-W18,other,7,56,0.125
3050,no_R,2026-W19,meme,0,52,0.0
3050,no_R,2026-W19,mourning,16,52,0.3076923076923077
3050,no_R,2026-W19,marketing,17,52,0.3269230769230769
3050,no_R,2026-W19,education,11,52,0.21153846153846154
3050,no_R,2026-W19,other,8,52,0.15384615384615385
3050,no_R,2026-W20,meme,1,51,0.0196078431372549
3050,no_R,2026-W20,mourning,16,51,0.3137254901960784
3050,no_R,2026-W20,marketing,19,51,0.37254901960784315
3050,no_R,2026-W20,education,11,51,0.21568627450980393
3050,no_R,2026-W20,other,4,51,0.0784313725490196
3050,no_R,2026-W21,meme,14,63,0.2222222222222222
3050,no_R,2026-W21,mourning,16,63,0.25396825396825395
3050,no_R,2026-W21,marketing,17,63,0.2698412698412698
3050,no_R,2026-W21,education,12,63,0.19047619047619047
3050,no_R,2026-W21,other,4,63,0.06349206349206349
3050,no_R,2026-W22,meme,17,58,0.29310344827586204
3050,no_R,2026-W22,mourning,15,58,0.25862068965517243
3050,no_R,2026-W22,marketing,17,58,0.29310344827586204
3050,no_R,2026-W22,education,9,58,0.15517241379310345
3050,no_R,2026-W22,other,0,58,0.0
3051,full,2026-W12,meme,0,26,0.0
3051,full,2026-W12,mourning,0,26,0.0
3051,full,2026-W12,marketing,19,26,0.7307692307692307
3051,full,2026-W12,education,7,26,0.2692307692307692
3051,full,2026-W12,other,0,26,0.0
3051,full,2026-W13,meme,0,46,0.0
3051,full,2026-W13,mourning,22,46,0.4782608695652174
3051,full,2026-W13,marketing,12,46,0.2608695652173913
3051,full,2026-W13,education,8,46,0.17391304347826086
3051,full,2026-W13,other,4,46,0.08695652173913043
3051,full,2026-W14,meme,0,30,0.0
3051,full,2026-W14,mourning,7,30,0.23333333333333334
3051,full,2026-W14,marketing,11,30,0.36666666666666664
3051,full,2026-W14,education,9,30,0.3
3051,full,2026-W14,other,3,30,0.1
3051,full,2026-W15,meme,1,29,0.034482758620689655
3051,full,2026-W15,mourning,6,29,0.20689655172413793
3051,full,2026-W15,marketing,10,29,0.3448275862068966
3051,full,2026-W15,education,6,29,0.20689655172413793
3051,full,2026-W15,other,6,29,0.20689655172413793
3051,full,2026-W16,meme,0,17,0.0
3051,full,2026-W16,mourning,0,17,0.0
3051,full,2026-W16,marketing,6,17,0.35294117647058826
3051,full,2026-W16,education,4,17,0.23529411764705882
3051,full,2026-W16,other,7,17,0.4117647058823529
3051,full,2026-W17,meme,1,14,0.07142857142857142
3051,full,2026-W17,mourning,1,14,0.07142857142857142
3051,full,2026-W17,marketing,4,14,0.2857142857142857
3051,full,2026-W17,education,4,14,0.2857142857142857
3051,full,2026-W17,other,4,14,0.2857142857142857
3051,full,2026-W18,meme,1,8,0.125
3051,full,2026-W18,mourning,0,8,0.0
3051,full,2026-W18,marketing,3,8,0.375
3051,full,2026-W18,education,3,8,0.375
3051,full,2026-W18,other,1,8,0.125
3051,full,2026-W19,meme,0,6,0.0
3051,full,2026-W19,mourning,0,6,0.0
3051,full,2026-W19,marketing,4,6,0.6666666666666666
3051,full,2026-W19,education,2,6,0.3333333333333333
3051,full,2026-W19,other,0,6,0.0
3051,full,2026-W20,meme,8,12,0.6666666666666666
3051,full,2026-W20,mourning,0,12,0.0
3051,full,2026-W20,marketing,3,12,0.25
3051,full,2026-W20,education,1,12,0.08333333333333333
3051,full,2026-W20,other,0,12,0.0
3051,full,2026-W21,meme,19,22,0.8636363636363636
3051,full,2026-W21,mourning,0,22,0.0
3051,full,2026-W21,marketing,3,22,0.13636363636363635
3051,full,2026-W21,education,0,22,0.0
3051,full,2026-W21,other,0,22,0.0
3051,full,2026-W22,meme,15,18,0.8333333333333334
3051,full,2026-W22,mourning,0,18,0.0
3051,full,2026-W22,marketing,3,18,0.16666666666666666
3051,full,2026-W22,education,0,18,0.0
3051,full,2026-W22,other,0,18,0.0
3051,no_B,2026-W12,meme,0,26,0.0
3051,no_B,2026-W12,mourning,0,26,0.0
3051,no_B,2026-W12,marketing,19,26,0.7307692307692307
3051,no_B,2026-W12,education,7,26,0.2692307692307692
3051,no_B,2026-W12,other,0,26,0.0
3051,no_B,2026-W13,meme,0,30,0.0
3051,no_B,2026-W13,mourning,22,30,0.7333333333333333
3051,no_B,2026-W13,marketing,0,30,0.0
3051,no_B,2026-W13,education,4,30,0.13333333333333333
3051,no_B,2026-W13,other,4,30,0.13333333333333333
3051,no_B,2026-W14,meme,0,6,0.0
3051,no_B,2026-W14,mourning,0,6,0.0
3051,no_B,2026-W14,marketing,0,6,0.0
3051,no_B,2026-W14,education,4,6,0.6666666666666666
3051,no_B,2026-W14,other,2,6,0.3333333333333333
3051,no_B,2026-W15,meme,0,2,0.0
3051,no_B,2026-W15,mourning,0,2,0.0
3051,no_B,2026-W15,marketing,0,2,0.0
3051,no_B,2026-W15,education,1,2,0.5
3051,no_B,2026-W15,other,1,2,0.5
3051,no_B,2026-W16,meme,0,0,0.0
3051,no_B,2026-W16,mourning,0,0,0.0
3051,no_B,2026-W16,marketing,0,0,0.0
3051,no_B,2026-W16,education,0,0,0.0
3051,no_B,2026-W16,other,0,0,0.0
3051,no_B,2026-W17,meme,0,0,0.0
3051,no_B,2026-W17,mourning,0,0,0.0
3051,no_B,2026-W17,marketing,0,0,0.0
3051,no_B,2026-W17,education,0,0,0.0
3051,no_B,2026-W17,other,0,0,0.0
3051,no_B,2026-W18,meme,0,0,0.0
3051,no_B,2026-W18,mourning,0,0,0.0
3051,no_B,2026-W18,marketing,0,0,0.0
3051,no_B,2026-W18,education,0,0,0.0
3051,no_B,2026-W18,other,0,0,0.0
3051,no_B,2026-W19,meme,0,0,0.0
3051,no_B,2026-W19,mourning,0,0,0.0
3051,no_B,2026-W19,marketing,0,0,0.0
3051,no_B,2026-W19,education,0,0,0.0
3051,no_B,2026-W19,other,0,0,0.0
3051,no_B,2026-W20,meme,8,8,1.0
3051,no_B,2026-W20,mourning,0,8,0.0
3051,no_B,2026-W20,marketing,0,8,0.0
3051,no_B,2026-W20,education,0,8,0.0
3051,no_B,2026-W20,other,0,8,0.0
3051,no_B,2026-W21,meme,17,17,1.0
3051,no_B,2026-W21,mourning,0,17,0.0
3051,no_B,2026-W21,marketing,0,17,0.0
3051,no_B,2026-W21,education,0,17,0.0
3051,no_B,2026-W21,other,0,17,0.0
3051,no_B,2026-W22,meme,1,1,1.0
3051,no_B,2026-W22,mourning,0,1,0.0
3051,no_B,2026-W22,marketing,0,1,0.0
3051,no_B,2026-W22,education,0,1,0.0
3051,no_B,2026-W22,other,0,1,0.0
3051,no_D,2026-W12,meme,12,63,0.19047619047619047
3051,no_D,2026-W12,mourning,12,63,0.19047619047619047
3051,no_D,2026-W12,marketing,15,63,0.23809523809523808
3051,no_D,2026-W12,education,9,63,0.14285714285714285
3051,no_D,2026-W12,other,15,63,0.23809523809523808
3051,no_D,2026-W13,meme,12,57,0.21052631578947367
3051,no_D,2026-W13,mourning,12,57,0.21052631578947367
3051,no_D,2026-W13,marketing,12,57,0.21052631578947367
3051,no_D,2026-W13,education,6,57,0.10526315789473684
3051,no_D,2026-W13,other,15,57,0.2631578947368421
3051,no_D,2026-W14,meme,10,43,0.23255813953488372
3051,no_D,2026-W14,mourning,4,43,0.09302325581395349
3051,no_D,2026-W14,marketing,10,43,0.23255813953488372
3051,no_D,2026-W14,education,5,43,0.11627906976744186
3051,no_D,2026-W14,other,14,43,0.32558139534883723
3051,no_D,2026-W15,meme,9,32,0.28125
3051,no_D,2026-W15,mourning,3,32,0.09375
3051,no_D,2026-W15,marketing,8,32,0.25
3051,no_D,2026-W15,education,5,32,0.15625
3051,no_D,2026-W15,other,7,32,0.21875
3051,no_D,2026-W16,meme,7,24,0.2916666666666667
3051,no_D,2026-W16,mourning,2,24,0.08333333333333333
3051,no_D,2026-W16,marketing,6,24,0.25
3051,no_D,2026-W16,education,5,24,0.20833333333333334
3051,no_D,2026-W16,other,4,24,0.16666666666666666
3051,no_D,2026-W17,meme,7,21,0.3333333333333333
3051,no_D,2026-W17,mourning,2,21,0.09523809523809523
3051,no_D,2026-W17,marketing,5,21,0.23809523809523808
3051,no_D,2026-W17,education,5,21,0.23809523809523808
3051,no_D,2026-W17,other,2,21,0.09523809523809523
3051,no_D,2026-W18,meme,4,13,0.3076923076923077
3051,no_D,2026-W18,mourning,1,13,0.07692307692307693
3051,no_D,2026-W18,marketing,5,13,0.38461538461538464
3051,no_D,2026-W18,education,3,13,0.23076923076923078
3051,no_D,2026-W18,other,0,13,0.0
3051,no_D,2026-W19,meme,3,10,0.3
3051,no_D,2026-W19,mourning,1,10,0.1
3051,no_D,2026-W19,marketing,4,10,0.4
3051,no_D,2026-W19,education,2,10,0.2
3051,no_D,2026-W19,other,0,10,0.0
3051,no_D,2026-W20,meme,2,7,0.2857142857142857
3051,no_D,2026-W20,mourning,1,7,0.14285714285714285
3051,no_D,2026-W20,marketing,4,7,0.5714285714285714
3051,no_D,2026-W20,education,0,7,0.0
3051,no_D,2026-W20,other,0,7,0.0
3051,no_D,2026-W21,meme,1,5,0.2
3051,no_D,2026-W21,mourning,1,5,0.2
3051,no_D,2026-W21,marketing,3,5,0.6
3051,no_D,2026-W21,education,0,5,0.0
3051,no_D,2026-W21,other,0,5,0.0
3051,no_D,2026-W22,meme,1,5,0.2
3051,no_D,2026-W22,mourning,1,5,0.2
3051,no_D,2026-W22,marketing,3,5,0.6
3051,no_D,2026-W22,education,0,5,0.0
3051,no_D,2026-W22,other,0,5,0.0
3051,no_R,2026-W12,meme,0,26,0.0
3051,no_R,2026-W12,mourning,0,26,0.0
3051,no_R,2026-W12,marketing,19,26,0.7307692307692307
3051,no_R,2026-W12,education,7,26,0.2692307692307692
3051,no_R,2026-W12,other,0,26,0.0
3051,no_R,2026-W13,meme,0,48,0.0
3051,no_R,2026-W13,mourning,22,48,0.4583333333333333
3051,no_R,2026-W13,marketing,14,48,0.2916666666666667
3051,no_R,2026-W13,education,8,48,0.16666666666666666
3051,no_R,2026-W13,other,4,48,0.08333333333333333
3051,no_R,2026-W14,meme,0,53,0.0
3051,no_R,2026-W14,mourning,15,53,0.2830188679245283
3051,no_R,2026-W14,marketing,18,53,0.33962264150943394
3051,no_R,2026-W14,education,13,53,0.24528301886792453
3051,no_R,2026-W14,other,7,53,0.1320754716981132
3051,no_R,2026-W15,meme,0,56,0.0
3051,no_R,2026-W15,mourning,17,56,0.30357142857142855
3051,no_R,2026-W15,marketing,18,56,0.32142857142857145
3051,no_R,2026-W15,education,10,56,0.17857142857142858
3051,no_R,2026-W15,other,11,56,0.19642857142857142
3051,no_R,2026-W16,meme,0,58,0.0
3051,no_R,2026-W16,mourning,17,58,0.29310344827586204
3051,no_R,2026-W16,marketing,18,58,0.3103448275862069
3051,no_R,2026-W16,education,11,58,0.1896551724137931
3051,no_R,2026-W16,other,12,58,0.20689655172413793
3051,no_R,2026-W17,meme,0,57,0.0
3051,no_R,2026-W17,mourning,17,57,0.2982456140350877
3051,no_R,2026-W17,marketing,18,57,0.3157894736842105
3051,no_R,2026-W17,education,15,57,0.2631578947368421
3051,no_R,2026-W17,other,7,57,0.12280701754385964
3051,no_R,2026-W18,meme,0,52,0.0
3051,no_R,2026-W18,mourning,12,52,0.23076923076923078
3051,no_R,2026-W18,marketing,18,52,0.34615384615384615
3051,no_R,2026-W18,education,12,52,0.23076923076923078
3051,no_R,2026-W18,other,10,52,0.19230769230769232
3051,no_R,2026-W19,meme,0,53,0.0
3051,no_R,2026-W19,mourning,15,53,0.2830188679245283
3051,no_R,2026-W19,marketing,18,53,0.33962264150943394
3051,no_R,2026-W19,education,13,53,0.24528301886792453
3051,no_R,2026-W19,other,7,53,0.1320754716981132
3051,no_R,2026-W20,meme,3,55,0.05454545454545454
3051,no_R,2026-W20,mourning,13,55,0.23636363636363636
3051,no_R,2026-W20,marketing,17,55,0.3090909090909091
3051,no_R,2026-W20,education,15,55,0.2727272727272727
3051,no_R,2026-W20,other,7,55,0.12727272727272726
3051,no_R,2026-W21,meme,16,60,0.26666666666666666
3051,no_R,2026-W21,mourning,12,60,0.2
3051,no_R,2026-W21,marketing,18,60,0.3
3051,no_R,2026-W21,education,11,60,0.18333333333333332
3051,no_R,2026-W21,other,3,60,0.05
3051,no_R,2026-W22,meme,19,56,0.3392857142857143
3051,no_R,2026-W22,mourning,11,56,0.19642857142857142
3051,no_R,2026-W22,marketing,15,56,0.26785714285714285
3051,no_R,2026-W22,education,10,56,0.17857142857142858
3051,no_R,2026-W22,other,1,56,0.017857142857142856
3052,full,2026-W12,meme,0,24,0.0
3052,full,2026-W12,mourning,0,24,0.0
3052,full,2026-W12,marketing,19,24,0.7916666666666666
3052,full,2026-W12,education,5,24,0.20833333333333334
3052,full,2026-W12,other,0,24,0.0
3052,full,2026-W13,meme,0,46,0.0
3052,full,2026-W13,mourning,22,46,0.4782608695652174
3052,full,2026-W13,marketing,11,46,0.2391304347826087
3052,full,2026-W13,education,7,46,0.15217391304347827
3052,full,2026-W13,other,6,46,0.13043478260869565
3052,full,2026-W14,meme,0,37,0.0
3052,full,2026-W14,mourning,10,37,0.2702702702702703
3052,full,2026-W14,marketing,12,37,0.32432432432432434
3052,full,2026-W14,education,9,37,0.24324324324324326
3052,full,2026-W14,other,6,37,0.16216216216216217
3052,full,2026-W15,meme,0,20,0.0
3052,full,2026-W15,mourning,5,20,0.25
3052,full,2026-W15,marketing,7,20,0.35
3052,full,2026-W15,education,7,20,0.35
3052,full,2026-W15,other,1,20,0.05
3052,full,2026-W16,meme,0,12,0.0
3052,full,2026-W16,mourning,2,12,0.16666666666666666
3052,full,2026-W16,marketing,4,12,0.3333333333333333
3052,full,2026-W16,education,4,12,0.3333333333333333
3052,full,2026-W16,other,2,12,0.16666666666666666
3052,full,2026-W17,meme,1,15,0.06666666666666667
3052,full,2026-W17,mourning,1,15,0.06666666666666667
3052,full,2026-W17,marketing,5,15,0.3333333333333333
3052,full,2026-W17,education,6,15,0.4
3052,full,2026-W17,other,2,15,0.13333333333333333
3052,full,2026-W18,meme,0,7,0.0
3052,full,2026-W18,mourning,0,7,0.0
3052,full,2026-W18,marketing,3,7,0.42857142857142855
3052,full,2026-W18,education,3,7,0.42857142857142855
3052,full,2026-W18,other,1,7,0.14285714285714285
3052,full,2026-W19,meme,0,5,0.0
3052,full,2026-W19,mourning,0,5,0.0
3052,full,2026-W19,marketing,4,5,0.8
3052,full,2026-W19,education,1,5,0.2
3052,full,2026-W19,other,0,5,0.0
3052,full,2026-W20,meme,6,10,0.6
3052,full,2026-W20,mourning,0,10,0.0
3052,full,2026-W20,marketing,4,10,0.4
3052,full,2026-W20,education,0,10,0.0
3052,full,2026-W20,other,0,10,0.0
3052,full,2026-W21,meme,19,22,0.8636363636363636
3052,full,2026-W21,mourning,0,22,0.0
3052,full,2026-W21,marketing,3,22,0.13636363636363635
3052,full,2026-W21,education,0,22,0.0
3052,full,2026-W21,other,0,22,0.0
3052,full,2026-W22,meme,16,19,0.8421052631578947
3052,full,2026-W22,mourning,0,19,0.0
3052,full,2026-W22,marketing,3,19,0.15789473684210525
3052,full,2026-W22,education,0,19,0.0
3052,full,2026-W22,other,0,19,0.0
3052,no_B,2026-W12,meme,0,24,0.0
3052,no_B,2026-W12,mourning,0,24,0.0
3052,no_B,2026-W12,marketing,19,24,0.7916666666666666
3052,no_B,2026-W12,education,5,24,0.20833333333333334
3052,no_B,2026-W12,other,0,24,0.0
3052,no_B,2026-W13,meme,0,31,0.0
3052,no_B,2026-W13,mourning,22,31,0.7096774193548387
3052,no_B,2026-W13,marketing,0,31,0.0
3052,no_B,2026-W13,education,3,31,0.0967741935483871
3052,no_B,2026-W13,other,6,31,0.1935483870967742
3052,no_B,2026-W14,meme,0,5,0.0
3052,no_B,2026-W14,mourning,0,5,0.0
3052,no_B,2026-W14,marketing,0,5,0.0
3052,no_B,2026-W14,education,2,5,0.4
3052,no_B,2026-W14,other,3,5,0.6
3052,no_B,2026-W15,meme,0,2,0.0
3052,no_B,2026-W15,mourning,0,2,0.0
3052,no_B,2026-W15,marketing,0,2,0.0
3052,no_B,2026-W15,education,0,2,0.0
3052,no_B,2026-W15,other,2,2,1.0
3052,no_B,2026-W16,meme,2,2,1.0
3052,no_B,2026-W16,mourning,0,2,0.0
3052,no_B,2026-W16,marketing,0,2,0.0
3052,no_B,2026-W16,education,0,2,0.0
3052,no_B,2026-W16,other,0,2,0.0
3052,no_B,2026-W17,meme,4,4,1.0
3052,no_B,2026-W17,mourning,0,4,0.0
3052,no_B,2026-W17,marketing,0,4,0.0
3052,no_B,2026-W17,education,0,4,0.0
3052,no_B,2026-W17,other,0,4,0.0
3052,no_B,2026-W18,meme,4,4,1.0
3052,no_B,2026-W18,mourning,0,4,0.0
3052,no_B,2026-W18,marketing,0,4,0.0
3052,no_B,2026-W18,education,0,4,0.0
3052,no_B,2026-W18,other,0,4,0.0
3052,no_B,2026-W19,meme,6,6,1.0
3052,no_B,2026-W19,mourning,0,6,0.0
3052,no_B,2026-W19,marketing,0,6,0.0
3052,no_B,2026-W19,education,0,6,0.0
3052,no_B,2026-W19,other,0,6,0.0
3052,no_B,2026-W20,meme,5,5,1.0
3052,no_B,2026-W20,mourning,0,5,0.0
3052,no_B,2026-W20,marketing,0,5,0.0
3052,no_B,2026-W20,education,0,5,0.0
3052,no_B,2026-W20,other,0,5,0.0
3052,no_B,2026-W21,meme,3,3,1.0
3052,no_B,2026-W21,mourning,0,3,0.0
3052,no_B,2026-W21,marketing,0,3,0.0
3052,no_B,2026-W21,education,0,3,0.0
3052,no_B,2026-W21,other,0,3,0.0
3052,no_B,2026-W22,meme,0,0,0.0
3052,no_B,2026-W22,mourning,0,0,0.0
3052,no_B,2026-W22,marketing,0,0,0.0
3052,no_B,2026-W22,education,0,0,0.0
3052,no_B,2026-W22,other,0,0,0.0
3052,no_D,2026-W12,meme,12,63,0.19047619047619047
3052,no_D,2026-W12,mourning,12,63,0.19047619047619047
3052,no_D,2026-W12,marketing,15,63,0.23809523809523808
3052,no_D,2026-W12,education,9,63,0.14285714285714285
3052,no_D,2026-W12,other,15,63,0.23809523809523808
3052,no_D,2026-W13,meme,12,57,0.21052631578947367
3052,no_D,2026-W13,mourning,12,57,0.21052631578947367
3052,no_D,2026-W13,marketing,11,57,0.19298245614035087
3052,no_D,2026-W13,education,7,57,0.12280701754385964
3052,no_D,2026-W13,other,15,57,0.2631578947368421
3052,no_D,2026-W14,meme,11,39,0.28205128205128205
3052,no_D,2026-W14,mourning,4,39,0.10256410256410256
3052,no_D,2026-W14,marketing,8,39,0.20512820512820512
3052,no_D,2026-W14,education,6,39,0.15384615384615385
3052,no_D,2026-W14,other,10,39,0.2564102564102564
3052,no_D,2026-W15,meme,7,25,0.28
3052,no_D,2026-W15,mourning,2,25,0.08
3052,no_D,2026-W15,marketing,6,25,0.24
3052,no_D,2026-W15,education,5,25,0.2
3052,no_D,2026-W15,other,5,25,0.2
3052,no_D,2026-W16,meme,5,18,0.2777777777777778
3052,no_D,2026-W16,mourning,2,18,0.1111111111111111
3052,no_D,2026-W16,marketing,6,18,0.3333333333333333
3052,no_D,2026-W16,education,4,18,0.2222222222222222
3052,no_D,2026-W16,other,1,18,0.05555555555555555
3052,no_D,2026-W17,meme,5,15,0.3333333333333333
3052,no_D,2026-W17,mourning,2,15,0.13333333333333333
3052,no_D,2026-W17,marketing,5,15,0.3333333333333333
3052,no_D,2026-W17,education,2,15,0.13333333333333333
3052,no_D,2026-W17,other,1,15,0.06666666666666667
3052,no_D,2026-W18,meme,4,12,0.3333333333333333
3052,no_D,2026-W18,mourning,1,12,0.08333333333333333
3052,no_D,2026-W18,marketing,4,12,0.3333333333333333
3052,no_D,2026-W18,education,2,12,0.16666666666666666
3052,no_D,2026-W18,other,1,12,0.08333333333333333
3052,no_D,2026-W19,meme,3,8,0.375
3052,no_D,2026-W19,mourning,1,8,0.125
3052,no_D,2026-W19,marketing,3,8,0.375
3052,no_D,2026-W19,education,1,8,0.125
3052,no_D,2026-W19,other,0,8,0.0
3052,no_D,2026-W20,meme,3,6,0.5
3052,no_D,2026-W20,mourning,0,6,0.0
3052,no_D,2026-W20,marketing,3,6,0.5
3052,no_D,2026-W20,education,0,6,0.0
3052,no_D,2026-W20,other,0,6,0.0
3052,no_D,2026-W21,meme,2,5,0.4
3052,no_D,2026-W21,mourning,0,5,0.0
3052,no_D,2026-W21,marketing,3,5,0.6
3052,no_D,2026-W21,education,0,5,0.0
3052,no_D,2026-W21,other,0,5,0.0
3052,no_D,2026-W22,meme,2,5,0.4
3052,no_D,2026-W22,mourning,0,5,0.0
3052,no_D,2026-W22,marketing,3,5,0.6
3052,no_D,2026-W22,education,0,5,0.0
3052,no_D,2026-W22,other,0,5,0.0
3052,no_R,2026-W12,meme,0,24,0.0
3052,no_R,2026-W12,mourning,0,24,0.0
3052,no_R,2026-W12,marketing,19,24,0.7916666666666666
3052,no_R,2026-W12,education,5,24,0.20833333333333334
3052,no_R,2026-W12,other,0,24,0.0
3052,no_R,2026-W13,meme,0,49,0.0
3052,no_R,2026-W13,mourning,22,49,0.4489795918367347
3052,no_R,2026-W13,marketing,14,49,0.2857142857142857
3052,no_R,2026-W13,education,7,49,0.14285714285714285
3052,no_R,2026-W13,other,6,49,0.12244897959183673
3052,no_R,2026-W14,meme,0,51,0.0
3052,no_R,2026-W14,mourning,18,51,0.35294117647058826
3052,no_R,2026-W14,marketing,17,51,0.3333333333333333
3052,no_R,2026-W14,education,9,51,0.17647058823529413
3052,no_R,2026-W14,other,7,51,0.13725490196078433
3052,no_R,2026-W15,meme,0,56,0.0
3052,no_R,2026-W15,mourning,19,56,0.3392857142857143
3052,no_R,2026-W15,marketing,18,56,0.32142857142857145
3052,no_R,2026-W15,education,12,56,0.21428571428571427
3052,no_R,2026-W15,other,7,56,0.125
3052,no_R,2026-W16,meme,0,57,0.0
3052,no_R,2026-W16,mourning,18,57,0.3157894736842105
3052,no_R,2026-W16,marketing,17,57,0.2982456140350877
3052,no_R,2026-W16,education,12,57,0.21052631578947367
3052,no_R,2026-W16,other,10,57,0.17543859649122806
3052,no_R,2026-W17,meme,0,56,0.0
3052,no_R,2026-W17,mourning,19,56,0.3392857142857143
3052,no_R,2026-W17,marketing,16,56,0.2857142857142857
3052,no_R,2026-W17,education,11,56,0.19642857142857142
3052,no_R,2026-W17,other,10,56,0.17857142857142858
3052,no_R,2026-W18,meme,0,56,0.0
3052,no_R,2026-W18,mourning,19,56,0.3392857142857143
3052,no_R,2026-W18,marketing,14,56,0.25
3052,no_R,2026-W18,education,11,56,0.19642857142857142
3052,no_R,2026-W18,other,12,56,0.21428571428571427
3052,no_R,2026-W19,meme,0,57,0.0
3052,no_R,2026-W19,mourning,19,57,0.3333333333333333
3052,no_R,2026-W19,marketing,17,57,0.2982456140350877
3052,no_R,2026-W19,education,13,57,0.22807017543859648
3052,no_R,2026-W19,other,8,57,0.14035087719298245
3052,no_R,2026-W20,meme,3,51,0.058823529411764705
3052,no_R,2026-W20,mourning,11,51,0.21568627450980393
3052,no_R,2026-W20,marketing,16,51,0.3137254901960784
3052,no_R,2026-W20,education,10,51,0.19607843137254902
3052,no_R,2026-W20,other,11,51,0.21568627450980393
3052,no_R,2026-W21,meme,15,66,0.22727272727272727
3052,no_R,2026-W21,mourning,13,66,0.19696969696969696
3052,no_R,2026-W21,marketing,17,66,0.25757575757575757
3052,no_R,2026-W21,education,15,66,0.22727272727272727
3052,no_R,2026-W21,other,6,66,0.09090909090909091
3052,no_R,2026-W22,meme,18,55,0.32727272727272727
3052,no_R,2026-W22,mourning,9,55,0.16363636363636364
3052,no_R,2026-W22,marketing,18,55,0.32727272727272727
3052,no_R,2026-W22,education,8,55,0.14545454545454545
3052,no_R,2026-W22,other,2,55,0.03636363636363636
3053,full,2026-W12,meme,0,25,0.0
3053,full,2026-W12,mourning,0,25,0.0
3053,full,2026-W12,marketing,19,25,0.76
3053,full,2026-W12,education,6,25,0.24
3053,full,2026-W12,other,0,25,0.0
3053,full,2026-W13,meme,0,42,0.0
3053,full,2026-W13,mourning,22,42,0.5238095238095238
3053,full,2026-W13,marketing,11,42,0.2619047619047619
3053,full,2026-W13,education,4,42,0.09523809523809523
3053,full,2026-W13,other,5,42,0.11904761904761904
3053,full,2026-W14,meme,0,33,0.0
3053,full,2026-W14,mourning,7,33,0.21212121212121213
3053,full,2026-W14,marketing,12,33,0.36363636363636365
3053,full,2026-W14,education,8,33,0.24242424242424243
3053,full,2026-W14,other,6,33,0.18181818181818182
3053,full,2026-W15,meme,0,23,0.0
3053,full,2026-W15,mourning,6,23,0.2608695652173913
3053,full,2026-W15,marketing,7,23,0.30434782608695654
3053,full,2026-W15,education,5,23,0.21739130434782608
3053,full,2026-W15,other,5,23,0.21739130434782608
3053,full,2026-W16,meme,1,22,0.045454545454545456
3053,full,2026-W16,mourning,3,22,0.13636363636363635
3053,full,2026-W16,marketing,7,22,0.3181818181818182
3053,full,2026-W16,education,6,22,0.2727272727272727
3053,full,2026-W16,other,5,22,0.22727272727272727
3053,full,2026-W17,meme,1,16,0.0625
3053,full,2026-W17,mourning,2,16,0.125
3053,full,2026-W17,marketing,5,16,0.3125
3053,full,2026-W17,education,5,16,0.3125
3053,full,2026-W17,other,3,16,0.1875
3053,full,2026-W18,meme,1,7,0.14285714285714285
3053,full,2026-W18,mourning,0,7,0.0
3053,full,2026-W18,marketing,4,7,0.5714285714285714
3053,full,2026-W18,education,2,7,0.2857142857142857
3053,full,2026-W18,other,0,7,0.0
3053,full,2026-W19,meme,2,9,0.2222222222222222
3053,full,2026-W19,mourning,1,9,0.1111111111111111
3053,full,2026-W19,marketing,4,9,0.4444444444444444
3053,full,2026-W19,education,2,9,0.2222222222222222
3053,full,2026-W19,other,0,9,0.0
3053,full,2026-W20,meme,12,16,0.75
3053,full,2026-W20,mourning,0,16,0.0
3053,full,2026-W20,marketing,3,16,0.1875
3053,full,2026-W20,education,1,16,0.0625
3053,full,2026-W20,other,0,16,0.0
3053,full,2026-W21,meme,19,22,0.8636363636363636
3053,full,2026-W21,mourning,0,22,0.0
3053,full,2026-W21,marketing,3,22,0.13636363636363635
3053,full,2026-W21,education,0,22,0.0
3053,full,2026-W21,other,0,22,0.0
3053,full,2026-W22,meme,16,19,0.8421052631578947
3053,full,2026-W22,mourning,0,19,0.0
3053,full,2026-W22,marketing,3,19,0.15789473684210525
3053,full,2026-W22,education,0,19,0.0
3053,full,2026-W22,other,0,19,0.0
3053,no_B,2026-W12,meme,0,25,0.0
3053,no_B,2026-W12,mourning,0,25,0.0
3053,no_B,2026-W12,marketing,19,25,0.76
3053,no_B,2026-W12,education,6,25,0.24
3053,no_B,2026-W12,other,0,25,0.0
3053,no_B,2026-W13,meme,0,28,0.0
3053,no_B,2026-W13,mourning,22,28,0.7857142857142857
3053,no_B,2026-W13,marketing,0,28,0.0
3053,no_B,2026-W13,education,1,28,0.03571428571428571
3053,no_B,2026-W13,other,5,28,0.17857142857142858
3053,no_B,2026-W14,meme,0,4,0.0
3053,no_B,2026-W14,mourning,0,4,0.0
3053,no_B,2026-W14,marketing,0,4,0.0
3053,no_B,2026-W14,education,2,4,0.5
3053,no_B,2026-W14,other,2,4,0.5
3053,no_B,2026-W15,meme,1,3,0.3333333333333333
3053,no_B,2026-W15,mourning,0,3,0.0
3053,no_B,2026-W15,marketing,0,3,0.0
3053,no_B,2026-W15,education,2,3,0.6666666666666666
3053,no_B,2026-W15,other,0,3,0.0
3053,no_B,2026-W16,meme,3,4,0.75
3053,no_B,2026-W16,mourning,0,4,0.0
3053,no_B,2026-W16,marketing,0,4,0.0
3053,no_B,2026-W16,education,0,4,0.0
3053,no_B,2026-W16,other,1,4,0.25
3053,no_B,2026-W17,meme,4,4,1.0
3053,no_B,2026-W17,mourning,0,4,0.0
3053,no_B,2026-W17,marketing,0,4,0.0
3053,no_B,2026-W17,education,0,4,0.0
3053,no_B,2026-W17,other,0,4,0.0
3053,no_B,2026-W18,meme,6,6,1.0
3053,no_B,2026-W18,mourning,0,6,0.0
3053,no_B,2026-W18,marketing,0,6,0.0
3053,no_B,2026-W18,education,0,6,0.0
3053,no_B,2026-W18,other,0,6,0.0
3053,no_B,2026-W19,meme,4,4,1.0
3053,no_B,2026-W19,mourning,0,4,0.0
3053,no_B,2026-W19,marketing,0,4,0.0
3053,no_B,2026-W19,education,0,4,0.0
3053,no_B,2026-W19,other,0,4,0.0
3053,no_B,2026-W20,meme,3,3,1.0
3053,no_B,2026-W20,mourning,0,3,0.0
3053,no_B,2026-W20,marketing,0,3,0.0
3053,no_B,2026-W20,education,0,3,0.0
3053,no_B,2026-W20,other,0,3,0.0
3053,no_B,2026-W21,meme,1,1,1.0
3053,no_B,2026-W21,mourning,0,1,0.0
3053,no_B,2026-W21,marketing,0,1,0.0
3053,no_B,2026-W21,education,0,1,0.0
3053,no_B,2026-W21,other,0,1,0.0
3053,no_B,2026-W22,meme,0,0,0.0
3053,no_B,2026-W22,mourning,0,0,0.0
3053,no_B,2026-W22,marketing,0,0,0.0
3053,no_B,2026-W22,education,0,0,0.0
3053,no_B,2026-W22,other,0,0,0.0
3053,no_D,2026-W12,meme,12,63,0.19047619047619047
3053,no_D,2026-W12,mourning,12,63,0.19047619047619047
3053,no_D,2026-W12,marketing,15,63,0.23809523809523808
3053,no_D,2026-W12,education,9,63,0.14285714285714285
3053,no_D,2026-W12,other,15,63,0.23809523809523808
3053,no_D,2026-W13,meme,12,56,0.21428571428571427
3053,no_D,2026-W13,mourning,12,56,0.21428571428571427
3053,no_D,2026-W13,marketing,10,56,0.17857142857142858
3053,no_D,2026-W13,education,7,56,0.125
3053,no_D,2026-W13,other,15,56,0.26785714285714285
3053,no_D,2026-W14,meme,11,42,0.2619047619047619
3053,no_D,2026-W14,mourning,4,42,0.09523809523809523
3053,no_D,2026-W14,marketing,9,42,0.21428571428571427
3053,no_D,2026-W14,education,6,42,0.14285714285714285
3053,no_D,2026-W14,other,12,42,0.2857142857142857
3053,no_D,2026-W15,meme,9,30,0.3
3053,no_D,2026-W15,mourning,2,30,0.06666666666666667
3053,no_D,2026-W15,marketing,8,30,0.26666666666666666
3053,no_D,2026-W15,education,6,30,0.2
3053,no_D,2026-W15,other,5,30,0.16666666666666666
3053,no_D,2026-W16,meme,7,19,0.3684210526315789
3053,no_D,2026-W16,mourning,1,19,0.05263157894736842
3053,no_D,2026-W16,marketing,5,19,0.2631578947368421
3053,no_D,2026-W16,education,5,19,0.2631578947368421
3053,no_D,2026-W16,other,1,19,0.05263157894736842
3053,no_D,2026-W17,meme,4,13,0.3076923076923077
3053,no_D,2026-W17,mourning,1,13,0.07692307692307693
3053,no_D,2026-W17,marketing,5,13,0.38461538461538464
3053,no_D,2026-W17,education,2,13,0.15384615384615385
3053,no_D,2026-W17,other,1,13,0.07692307692307693
3053,no_D,2026-W18,meme,3,12,0.25
3053,no_D,2026-W18,mourning,1,12,0.08333333333333333
3053,no_D,2026-W18,marketing,5,12,0.4166666666666667
3053,no_D,2026-W18,education,2,12,0.16666666666666666
3053,no_D,2026-W18,other,1,12,0.08333333333333333
3053,no_D,2026-W19,meme,3,10,0.3
3053,no_D,2026-W19,mourning,1,10,0.1
3053,no_D,2026-W19,marketing,4,10,0.4
3053,no_D,2026-W19,education,2,10,0.2
3053,no_D,2026-W19,other,0,10,0.0
3053,no_D,2026-W20,meme,3,9,0.3333333333333333
3053,no_D,2026-W20,mourning,1,9,0.1111111111111111
3053,no_D,2026-W20,marketing,3,9,0.3333333333333333
3053,no_D,2026-W20,education,2,9,0.2222222222222222
3053,no_D,2026-W20,other,0,9,0.0
3053,no_D,2026-W21,meme,1,7,0.14285714285714285
3053,no_D,2026-W21,mourning,1,7,0.14285714285714285
3053,no_D,2026-W21,marketing,3,7,0.42857142857142855
3053,no_D,2026-W21,education,2,7,0.2857142857142857
3053,no_D,2026-W21,other,0,7,0.0
3053,no_D,2026-W22,meme,1,5,0.2
3053,no_D,2026-W22,mourning,1,5,0.2
3053,no_D,2026-W22,marketing,3,5,0.6
3053,no_D,2026-W22,education,0,5,0.0
3053,no_D,2026-W22,other,0,5,0.0
3053,no_R,2026-W12,meme,0,25,0.0
3053,no_R,2026-W12,mourning,0,25,0.0
3053,no_R,2026-W12,marketing,19,25,0.76
3053,no_R,2026-W12,education,6,25,0.24
3053,no_R,2026-W12,other,0,25,0.0
3053,no_R,2026-W13,meme,0,46,0.0
3053,no_R,2026-W13,mourning,22,46,0.4782608695652174
3053,no_R,2026-W13,marketing,14,46,0.30434782608695654
3053,no_R,2026-W13,education,5,46,0.10869565217391304
3053,no_R,2026-W13,other,5,46,0.10869565217391304
3053,no_R,2026-W14,meme,0,47,0.0
3053,no_R,2026-W14,mourning,15,47,0.3191489361702128
3053,no_R,2026-W14,marketing,18,47,0.3829787234042553
3053,no_R,2026-W14,education,10,47,0.2127659574468085
3053,no_R,2026-W14,other,4,47,0.0851063829787234
3053,no_R,2026-W15,meme,0,49,0.0
3053,no_R,2026-W15,mourning,20,49,0.40816326530612246
3053,no_R,2026-W15,marketing,15,49,0.30612244897959184
3053,no_R,2026-W15,education,11,49,0.22448979591836735
3053,no_R,2026-W15,other,3,49,0.061224489795918366
3053,no_R,2026-W16,meme,0,54,0.0
3053,no_R,2026-W16,mourning,17,54,0.3148148148148148
3053,no_R,2026-W16,marketing,17,54,0.3148148148148148
3053,no_R,2026-W16,education,11,54,0.2037037037037037
3053,no_R,2026-W16,other,9,54,0.16666666666666666
3053,no_R,2026-W17,meme,0,51,0.0
3053,no_R,2026-W17,mourning,15,51,0.29411764705882354
3053,no_R,2026-W17,marketing,18,51,0.35294117647058826
3053,no_R,2026-W17,education,10,51,0.19607843137254902
3053,no_R,2026-W17,other,8,51,0.1568627450980392
3053,no_R,2026-W18,meme,0,56,0.0
3053,no_R,2026-W18,mourning,15,56,0.26785714285714285
3053,no_R,2026-W18,marketing,18,56,0.32142857142857145
3053,no_R,2026-W18,education,13,56,0.23214285714285715
3053,no_R,2026-W18,other,10,56,0.17857142857142858
3053,no_R,2026-W19,meme,0,51,0.0
3053,no_R,2026-W19,mourning,16,51,0.3137254901960784
3053,no_R,2026-W19,marketing,18,51,0.35294117647058826
3053,no_R,2026-W19,education,10,51,0.19607843137254902
3053,no_R,2026-W19,other,7,51,0.13725490196078433
3053,no_R,2026-W20,meme,6,61,0.09836065573770492
3053,no_R,2026-W20,mourning,16,61,0.26229508196721313
3053,no_R,2026-W20,marketing,17,61,0.2786885245901639
3053,no_R,2026-W20,education,14,61,0.22950819672131148
3053,no_R,2026-W20,other,8,61,0.13114754098360656
3053,no_R,2026-W21,meme,17,64,0.265625
3053,no_R,2026-W21,mourning,12,64,0.1875
3053,no_R,2026-W21,marketing,19,64,0.296875
3053,no_R,2026-W21,education,12,64,0.1875
3053,no_R,2026-W21,other,4,64,0.0625
3053,no_R,2026-W22,meme,19,60,0.31666666666666665
3053,no_R,2026-W22,mourning,11,60,0.18333333333333332
3053,no_R,2026-W22,marketing,16,60,0.26666666666666666
3053,no_R,2026-W22,education,11,60,0.18333333333333332
3053,no_R,2026-W22,other,3,60,0.05
3054,full,2026-W12,meme,0,29,0.0
3054,full,2026-W12,mourning,0,29,0.0
3054,full,2026-W12,marketing,19,29,0.6551724137931034
3054,full,2026-W12,education,10,29,0.3448275862068966
3054,full,2026-W12,other,0,29,0.0
3054,full,2026-W13,meme,0,44,0.0
3054,full,2026-W13,mourning,22,44,0.5
3054,full,2026-W13,marketing,9,44,0.20454545454545456
3054,full,2026-W13,education,6,44,0.13636363636363635
3054,full,2026-W13,other,7,44,0.1590909090909091
3054,full,2026-W14,meme,0,32,0.0
3054,full,2026-W14,mourning,11,32,0.34375
3054,full,2026-W14,marketing,11,32,0.34375
3054,full,2026-W14,education,6,32,0.1875
3054,full,2026-W14,other,4,32,0.125
3054,full,2026-W15,meme,0,23,0.0
3054,full,2026-W15,mourning,3,23,0.13043478260869565
3054,full,2026-W15,marketing,7,23,0.30434782608695654
3054,full,2026-W15,education,6,23,0.2608695652173913
3054,full,2026-W15,other,7,23,0.30434782608695654
3054,full,2026-W16,meme,0,16,0.0
3054,full,2026-W16,mourning,0,16,0.0
3054,full,2026-W16,marketing,7,16,0.4375
3054,full,2026-W16,education,5,16,0.3125
3054,full,2026-W16,other,4,16,0.25
3054,full,2026-W17,meme,0,10,0.0
3054,full,2026-W17,mourning,1,10,0.1
3054,full,2026-W17,marketing,6,10,0.6
3054,full,2026-W17,education,3,10,0.3
3054,full,2026-W17,other,0,10,0.0
3054,full,2026-W18,meme,0,8,0.0
3054,full,2026-W18,mourning,0,8,0.0
3054,full,2026-W18,marketing,4,8,0.5
3054,full,2026-W18,education,3,8,0.375
3054,full,2026-W18,other,1,8,0.125
3054,full,2026-W19,meme,0,5,0.0
3054,full,2026-W19,mourning,0,5,0.0
3054,full,2026-W19,marketing,3,5,0.6
3054,full,2026-W19,education,2,5,0.4
3054,full,2026-W19,other,0,5,0.0
3054,full,2026-W20,meme,8,12,0.6666666666666666
3054,full,2026-W20,mourning,0,12,0.0
3054,full,2026-W20,marketing,3,12,0.25
3054,full,2026-W20,education,1,12,0.08333333333333333
3054,full,2026-W20,other,0,12,0.0
3054,full,2026-W21,meme,18,22,0.8181818181818182
3054,full,2026-W21,mourning,0,22,0.0
3054,full,2026-W21,marketing,3,22,0.13636363636363635
3054,full,2026-W21,education,1,22,0.045454545454545456
3054,full,2026-W21,other,0,22,0.0
3054,full,2026-W22,meme,18,21,0.8571428571428571
3054,full,2026-W22,mourning,0,21,0.0
3054,full,2026-W22,marketing,3,21,0.14285714285714285
3054,full,2026-W22,education,0,21,0.0
3054,full,2026-W22,other,0,21,0.0
3054,no_B,2026-W12,meme,0,29,0.0
3054,no_B,2026-W12,mourning,0,29,0.0
3054,no_B,2026-W12,marketing,19,29,0.6551724137931034
3054,no_B,2026-W12,education,10,29,0.3448275862068966
3054,no_B,2026-W12,other,0,29,0.0
3054,no_B,2026-W13,meme,0,32,0.0
3054,no_B,2026-W13,mourning,22,32,0.6875
3054,no_B,2026-W13,marketing,0,32,0.0
3054,no_B,2026-W13,education,3,32,0.09375
3054,no_B,2026-W13,other,7,32,0.21875
3054,no_B,2026-W14,meme,0,6,0.0
3054,no_B,2026-W14,mourning,0,6,0.0
3054,no_B,2026-W14,marketing,0,6,0.0
3054,no_B,2026-W14,education,3,6,0.5
3054,no_B,2026-W14,other,3,6,0.5
3054,no_B,2026-W15,meme,1,2,0.5
3054,no_B,2026-W15,mourning,0,2,0.0
3054,no_B,2026-W15,marketing,0,2,0.0
3054,no_B,2026-W15,education,0,2,0.0
3054,no_B,2026-W15,other,1,2,0.5
3054,no_B,2026-W16,meme,2,2,1.0
3054,no_B,2026-W16,mourning,0,2,0.0
3054,no_B,2026-W16,marketing,0,2,0.0
3054,no_B,2026-W16,education,0,2,0.0
3054,no_B,2026-W16,other,0,2,0.0
3054,no_B,2026-W17,meme,3,3,1.0
3054,no_B,2026-W17,mourning,0,3,0.0
3054,no_B,2026-W17,marketing,0,3,0.0
3054,no_B,2026-W17,education,0,3,0.0
3054,no_B,2026-W17,other,0,3,0.0
3054,no_B,2026-W18,meme,6,6,1.0
3054,no_B,2026-W18,mourning,0,6,0.0
3054,no_B,2026-W18,marketing,0,6,0.0
3054,no_B,2026-W18,education,0,6,0.0
3054,no_B,2026-W18,other,0,6,0.0
3054,no_B,2026-W19,meme,8,8,1.0
3054,no_B,2026-W19,mourning,0,8,0.0
3054,no_B,2026-W19,marketing,0,8,0.0
3054,no_B,2026-W19,education,0,8,0.0
3054,no_B,2026-W19,other,0,8,0.0
3054,no_B,2026-W20,meme,4,4,1.0
3054,no_B,2026-W20,mourning,0,4,0.0
3054,no_B,2026-W20,marketing,0,4,0.0
3054,no_B,2026-W20,education,0,4,0.0
3054,no_B,2026-W20,other,0,4,0.0
3054,no_B,2026-W21,meme,0,0,0.0
3054,no_B,2026-W21,mourning,0,0,0.0
3054,no_B,2026-W21,marketing,0,0,0.0
3054,no_B,2026-W21,education,0,0,0.0
3054,no_B,2026-W21,other,0,0,0.0
3054,no_B,2026-W22,meme,0,0,0.0
3054,no_B,2026-W22,mourning,0,0,0.0
3054,no_B,2026-W22,marketing,0,0,0.0
3054,no_B,2026-W22,education,0,0,0.0
3054,no_B,2026-W22,other,0,0,0.0
3054,no_D,2026-W12,meme,12,63,0.19047619047619047
3054,no_D,2026-W12,mourning,12,63,0.19047619047619047
3054,no_D,2026-W12,marketing,15,63,0.23809523809523808
3054,no_D,2026-W12,education,9,63,0.14285714285714285
3054,no_D,2026-W12,other,15,63,0.23809523809523808
3054,no_D,2026-W13,meme,12,54,0.2222222222222222
3054,no_D,2026-W13,mourning,12,54,0.2222222222222222
3054,no_D,2026-W13,marketing,9,54,0.16666666666666666
3054,no_D,2026-W13,education,6,54,0.1111111111111111
3054,no_D,2026-W13,other,15,54,0.2777777777777778
3054,no_D,2026-W14,meme,11,44,0.25
3054,no_D,2026-W14,mourning,4,44,0.09090909090909091
3054,no_D,2026-W14,marketing,9,44,0.20454545454545456
3054,no_D,2026-W14,education,6,44,0.13636363636363635
3054,no_D,2026-W14,other,14,44,0.3181818181818182
3054,no_D,2026-W15,meme,7,29,0.2413793103448276
3054,no_D,2026-W15,mourning,2,29,0.06896551724137931
3054,no_D,2026-W15,marketing,8,29,0.27586206896551724
3054,no_D,2026-W15,education,5,29,0.1724137931034483
3054,no_D,2026-W15,other,7,29,0.2413793103448276
3054,no_D,2026-W16,meme,5,18,0.2777777777777778
3054,no_D,2026-W16,mourning,1,18,0.05555555555555555
3054,no_D,2026-W16,marketing,6,18,0.3333333333333333
3054,no_D,2026-W16,education,4,18,0.2222222222222222
3054,no_D,2026-W16,other,2,18,0.1111111111111111
3054,no_D,2026-W17,meme,5,16,0.3125
3054,no_D,2026-W17,mourning,1,16,0.0625
3054,no_D,2026-W17,marketing,5,16,0.3125
3054,no_D,2026-W17,education,3,16,0.1875
3054,no_D,2026-W17,other,2,16,0.125
3054,no_D,2026-W18,meme,5,14,0.35714285714285715
3054,no_D,2026-W18,mourning,1,14,0.07142857142857142
3054,no_D,2026-W18,marketing,4,14,0.2857142857142857
3054,no_D,2026-W18,education,2,14,0.14285714285714285
3054,no_D,2026-W18,other,2,14,0.14285714285714285
3054,no_D,2026-W19,meme,5,11,0.45454545454545453
3054,no_D,2026-W19,mourning,1,11,0.09090909090909091
3054,no_D,2026-W19,marketing,3,11,0.2727272727272727
3054,no_D,2026-W19,education,2,11,0.18181818181818182
3054,no_D,2026-W19,other,0,11,0.0
3054,no_D,2026-W20,meme,3,8,0.375
3054,no_D,2026-W20,mourning,1,8,0.125
3054,no_D,2026-W20,marketing,3,8,0.375
3054,no_D,2026-W20,education,1,8,0.125
3054,no_D,2026-W20,other,0,8,0.0
3054,no_D,2026-W21,meme,2,7,0.2857142857142857
3054,no_D,2026-W21,mourning,1,7,0.14285714285714285
3054,no_D,2026-W21,marketing,3,7,0.42857142857142855
3054,no_D,2026-W21,education,1,7,0.14285714285714285
3054,no_D,2026-W21,other,0,7,0.0
3054,no_D,2026-W22,meme,1,6,0.16666666666666666
3054,no_D,2026-W22,mourning,1,6,0.16666666666666666
3054,no_D,2026-W22,marketing,3,6,0.5
3054,no_D,2026-W22,education,1,6,0.16666666666666666
3054,no_D,2026-W22,other,0,6,0.0
3054,no_R,2026-W12,meme,0,29,0.0
3054,no_R,2026-W12,mourning,0,29,0.0
3054,no_R,2026-W12,marketing,19,29,0.6551724137931034
3054,no_R,2026-W12,education,10,29,0.3448275862068966
3054,no_R,2026-W12,other,0,29,0.0
3054,no_R,2026-W13,meme,0,51,0.0
3054,no_R,2026-W13,mourning,22,51,0.43137254901960786
3054,no_R,2026-W13,marketing,16,51,0.3137254901960784
3054,no_R,2026-W13,education,6,51,0.11764705882352941
3054,no_R,2026-W13,other,7,51,0.13725490196078433
3054,no_R,2026-W14,meme,0,49,0.0
3054,no_R,2026-W14,mourning,17,49,0.3469387755102041
3054,no_R,2026-W14,marketing,18,49,0.3673469387755102
3054,no_R,2026-W14,education,11,49,0.22448979591836735
3054,no_R,2026-W14,other,3,49,0.061224489795918366
3054,no_R,2026-W15,meme,1,53,0.018867924528301886
3054,no_R,2026-W15,mourning,17,53,0.32075471698113206
3054,no_R,2026-W15,marketing,17,53,0.32075471698113206
3054,no_R,2026-W15,education,11,53,0.20754716981132076
3054,no_R,2026-W15,other,7,53,0.1320754716981132
3054,no_R,2026-W16,meme,0,47,0.0
3054,no_R,2026-W16,mourning,15,47,0.3191489361702128
3054,no_R,2026-W16,marketing,16,47,0.3404255319148936
3054,no_R,2026-W16,education,10,47,0.2127659574468085
3054,no_R,2026-W16,other,6,47,0.1276595744680851
3054,no_R,2026-W17,meme,1,54,0.018518518518518517
3054,no_R,2026-W17,mourning,17,54,0.3148148148148148
3054,no_R,2026-W17,marketing,18,54,0.3333333333333333
3054,no_R,2026-W17,education,11,54,0.2037037037037037
3054,no_R,2026-W17,other,7,54,0.12962962962962962
3054,no_R,2026-W18,meme,0,53,0.0
3054,no_R,2026-W18,mourning,13,53,0.24528301886792453
3054,no_R,2026-W18,marketing,18,53,0.33962264150943394
3054,no_R,2026-W18,education,12,53,0.22641509433962265
3054,no_R,2026-W18,other,10,53,0.18867924528301888
3054,no_R,2026-W19,meme,1,55,0.01818181818181818
3054,no_R,2026-W19,mourning,13,55,0.23636363636363636
3054,no_R,2026-W19,marketing,18,55,0.32727272727272727
3054,no_R,2026-W19,education,13,55,0.23636363636363636
3054,no_R,2026-W19,other,10,55,0.18181818181818182
3054,no_R,2026-W20,meme,4,57,0.07017543859649122
3054,no_R,2026-W20,mourning,13,57,0.22807017543859648
3054,no_R,2026-W20,marketing,18,57,0.3157894736842105
3054,no_R,2026-W20,education,14,57,0.24561403508771928
3054,no_R,2026-W20,other,8,57,0.14035087719298245
3054,no_R,2026-W21,meme,14,61,0.22950819672131148
3054,no_R,2026-W21,mourning,12,61,0.19672131147540983
3054,no_R,2026-W21,marketing,17,61,0.2786885245901639
3054,no_R,2026-W21,education,12,61,0.19672131147540983
3054,no_R,2026-W21,other,6,61,0.09836065573770492
3054,no_R,2026-W22,meme,18,63,0.2857142857142857
3054,no_R,2026-W22,mourning,11,63,0.1746031746031746
3054,no_R,2026-W22,marketing,17,63,0.2698412698412698
3054,no_R,2026-W22,education,12,63,0.19047619047619047
3054,no_R,2026-W22,other,5,63,0.07936507936507936
3055,full,2026-W12,meme,0,27,0.0
3055,full,2026-W12,mourning,0,27,0.0
3055,full,2026-W12,marketing,19,27,0.7037037037037037
3055,full,2026-W12,education,8,27,0.2962962962962963
3055,full,2026-W12,other,0,27,0.0
3055,full,2026-W13,meme,0,42,0.0
3055,full,2026-W13,mourning,22,42,0.5238095238095238
3055,full,2026-W13,marketing,12,42,0.2857142857142857
3055,full,2026-W13,education,5,42,0.11904761904761904
3055,full,2026-W13,other,3,42,0.07142857142857142
3055,full,2026-W14,meme,0,33,0.0
3055,full,2026-W14,mourning,10,33,0.30303030303030304
3055,full,2026-W14,marketing,11,33,0.3333333333333333
3055,full,2026-W14,education,8,33,0.24242424242424243
3055,full,2026-W14,other,4,33,0.12121212121212122
3055,full,2026-W15,meme,0,20,0.0
3055,full,2026-W15,mourning,4,20,0.2
3055,full,2026-W15,marketing,5,20,0.25
3055,full,2026-W15,education,5,20,0.25
3055,full,2026-W15,other,6,20,0.3
3055,full,2026-W16,meme,2,20,0.1
3055,full,2026-W16,mourning,3,20,0.15
3055,full,2026-W16,marketing,6,20,0.3
3055,full,2026-W16,education,5,20,0.25
3055,full,2026-W16,other,4,20,0.2
3055,full,2026-W17,meme,3,15,0.2
3055,full,2026-W17,mourning,0,15,0.0
3055,full,2026-W17,marketing,6,15,0.4
3055,full,2026-W17,education,3,15,0.2
3055,full,2026-W17,other,3,15,0.2
3055,full,2026-W18,meme,4,13,0.3076923076923077
3055,full,2026-W18,mourning,0,13,0.0
3055,full,2026-W18,marketing,5,13,0.38461538461538464
3055,full,2026-W18,education,3,13,0.23076923076923078
3055,full,2026-W18,other,1,13,0.07692307692307693
3055,full,2026-W19,meme,9,16,0.5625
3055,full,2026-W19,mourning,0,16,0.0
3055,full,2026-W19,marketing,3,16,0.1875
3055,full,2026-W19,education,3,16,0.1875
3055,full,2026-W19,other,1,16,0.0625
3055,full,2026-W20,meme,17,20,0.85
3055,full,2026-W20,mourning,0,20,0.0
3055,full,2026-W20,marketing,3,20,0.15
3055,full,2026-W20,education,0,20,0.0
3055,full,2026-W20,other,0,20,0.0
3055,full,2026-W21,meme,18,21,0.8571428571428571
3055,full,2026-W21,mourning,0,21,0.0
3055,full,2026-W21,marketing,3,21,0.14285714285714285
3055,full,2026-W21,education,0,21,0.0
3055,full,2026-W21,other,0,21,0.0
3055,full,2026-W22,meme,10,13,0.7692307692307693
3055,full,2026-W22,mourning,0,13,0.0
3055,full,2026-W22,marketing,3,13,0.23076923076923078
3055,full,2026-W22,education,0,13,0.0
3055,full,2026-W22,other,0,13,0.0
3055,no_B,2026-W12,meme,0,27,0.0
3055,no_B,2026-W12,mourning,0,27,0.0
3055,no_B,2026-W12,marketing,19,27,0.7037037037037037
3055,no_B,2026-W12,education,8,27,0.2962962962962963
3055,no_B,2026-W12,other,0,27,0.0
3055,no_B,2026-W13,meme,0,27,0.0
3055,no_B,2026-W13,mourning,22,27,0.8148148148148148
3055,no_B,2026-W13,marketing,0,27,0.0
3055,no_B,2026-W13,education,2,27,0.07407407407407407
3055,no_B,2026-W13,other,3,27,0.1111111111111111
3055,no_B,2026-W14,meme,0,3,0.0
3055,no_B,2026-W14,mourning,0,3,0.0
3055,no_B,2026-W14,marketing,0,3,0.0
3055,no_B,2026-W14,education,2,3,0.6666666666666666
3055,no_B,2026-W14,other,1,3,0.3333333333333333
3055,no_B,2026-W15,meme,0,2,0.0
3055,no_B,2026-W15,mourning,0,2,0.0
3055,no_B,2026-W15,marketing,0,2,0.0
3055,no_B,2026-W15,education,0,2,0.0
3055,no_B,2026-W15,other,2,2,1.0
3055,no_B,2026-W16,meme,0,0,0.0
3055,no_B,2026-W16,mourning,0,0,0.0
3055,no_B,2026-W16,marketing,0,0,0.0
3055,no_B,2026-W16,education,0,0,0.0
3055,no_B,2026-W16,other,0,0,0.0
3055,no_B,2026-W17,meme,0,0,0.0
3055,no_B,2026-W17,mourning,0,0,0.0
3055,no_B,2026-W17,marketing,0,0,0.0
3055,no_B,2026-W17,education,0,0,0.0
3055,no_B,2026-W17,other,0,0,0.0
3055,no_B,2026-W18,meme,0,0,0.0
3055,no_B,2026-W18,mourning,0,0,0.0
3055,no_B,2026-W18,marketing,0,0,0.0
3055,no_B,2026-W18,education,0,0,0.0
3055,no_B,2026-W18,other,0,0,0.0
3055,no_B,2026-W19,meme,0,0,0.0
3055,no_B,2026-W19,mourning,0,0,0.0
3055,no_B,2026-W19,marketing,0,0,0.0
3055,no_B,2026-W19,education,0,0,0.0
3055,no_B,2026-W19,other,0,0,0.0
3055,no_B,2026-W20,meme,11,11,1.0
3055,no_B,2026-W20,mourning,0,11,0.0
3055,no_B,2026-W20,marketing,0,11,0.0
3055,no_B,2026-W20,education,0,11,0.0
3055,no_B,2026-W20,other,0,11,0.0
3055,no_B,2026-W21,meme,18,18,1.0
3055,no_B,2026-W21,mourning,0,18,0.0
3055,no_B,2026-W21,marketing,0,18,0.0
3055,no_B,2026-W21,education,0,18,0.0
3055,no_B,2026-W21,other,0,18,0.0
3055,no_B,2026-W22,meme,2,2,1.0
3055,no_B,2026-W22,mourning,0,2,0.0
3055,no_B,2026-W22,marketing,0,2,0.0
3055,no_B,2026-W22,education,0,2,0.0
3055,no_B,2026-W22,other,0,2,0.0
3055,no_D,2026-W12,meme,12,63,0.19047619047619047
3055,no_D,2026-W12,mourning,12,63,0.19047619047619047
3055,no_D,2026-W12,marketing,15,63,0.23809523809523808
3055,no_D,2026-W12,education,9,63,0.14285714285714285
3055,no_D,2026-W12,other,15,63,0.23809523809523808
3055,no_D,2026-W13,meme,12,56,0.21428571428571427
3055,no_D,2026-W13,mourning,12,56,0.21428571428571427
3055,no_D,2026-W13,marketing,10,56,0.17857142857142858
3055,no_D,2026-W13,education,7,56,0.125
3055,no_D,2026-W13,other,15,56,0.26785714285714285
3055,no_D,2026-W14,meme,11,43,0.2558139534883721
3055,no_D,2026-W14,mourning,4,43,0.09302325581395349
3055,no_D,2026-W14,marketing,8,43,0.18604651162790697
3055,no_D,2026-W14,education,7,43,0.16279069767441862
3055,no_D,2026-W14,other,13,43,0.3023255813953488
3055,no_D,2026-W15,meme,9,30,0.3
3055,no_D,2026-W15,mourning,2,30,0.06666666666666667
3055,no_D,2026-W15,marketing,7,30,0.23333333333333334
3055,no_D,2026-W15,education,6,30,0.2
3055,no_D,2026-W15,other,6,30,0.2
3055,no_D,2026-W16,meme,8,23,0.34782608695652173
3055,no_D,2026-W16,mourning,2,23,0.08695652173913043
3055,no_D,2026-W16,marketing,6,23,0.2608695652173913
3055,no_D,2026-W16,education,4,23,0.17391304347826086
3055,no_D,2026-W16,other,3,23,0.13043478260869565
3055,no_D,2026-W17,meme,4,14,0.2857142857142857
3055,no_D,2026-W17,mourning,2,14,0.14285714285714285
3055,no_D,2026-W17,marketing,5,14,0.35714285714285715
3055,no_D,2026-W17,education,3,14,0.21428571428571427
3055,no_D,2026-W17,other,0,14,0.0
3055,no_D,2026-W18,meme,3,12,0.25
3055,no_D,2026-W18,mourning,2,12,0.16666666666666666
3055,no_D,2026-W18,marketing,4,12,0.3333333333333333
3055,no_D,2026-W18,education,3,12,0.25
3055,no_D,2026-W18,other,0,12,0.0
3055,no_D,2026-W19,meme,3,9,0.3333333333333333
3055,no_D,2026-W19,mourning,2,9,0.2222222222222222
3055,no_D,2026-W19,marketing,3,9,0.3333333333333333
3055,no_D,2026-W19,education,1,9,0.1111111111111111
3055,no_D,2026-W19,other,0,9,0.0
3055,no_D,2026-W20,meme,2,6,0.3333333333333333
3055,no_D,2026-W20,mourning,1,6,0.16666666666666666
3055,no_D,2026-W20,marketing,3,6,0.5
3055,no_D,2026-W20,education,0,6,0.0
3055,no_D,2026-W20,other,0,6,0.0
3055,no_D,2026-W21,meme,2,6,0.3333333333333333
3055,no_D,2026-W21,mourning,1,6,0.16666666666666666
3055,no_D,2026-W21,marketing,3,6,0.5
3055,no_D,2026-W21,education,0,6,0.0
3055,no_D,2026-W21,other,0,6,0.0
3055,no_D,2026-W22,meme,1,4,0.25
3055,no_D,2026-W22,mourning,0,4,0.0
3055,no_D,2026-W22,marketing,3,4,0.75
3055,no_D,2026-W22,education,0,4,0.0
3055,no_D,2026-W22,other,0,4,0.0
3055,no_R,2026-W12,meme,0,27,0.0
3055,no_R,2026-W12,mourning,0,27,0.0
3055,no_R,2026-W12,marketing,19,27,0.7037037037037037
3055,no_R,2026-W12,education,8,27,0.2962962962962963
3055,no_R,2026-W12,other,0,27,0.0
3055,no_R,2026-W13,meme,0,45,0.0
3055,no_R,2026-W13,mourning,22,45,0.4888888888888889
3055,no_R,2026-W13,marketing,15,45,0.3333333333333333
3055,no_R,2026-W13,education,5,45,0.1111111111111111
3055,no_R,2026-W13,other,3,45,0.06666666666666667
3055,no_R,2026-W14,meme,0,49,0.0
3055,no_R,2026-W14,mourning,18,49,0.3673469387755102
3055,no_R,2026-W14,marketing,17,49,0.3469387755102041
3055,no_R,2026-W14,education,9,49,0.1836734693877551
3055,no_R,2026-W14,other,5,49,0.10204081632653061
3055,no_R,2026-W15,meme,0,55,0.0
3055,no_R,2026-W15,mourning,19,55,0.34545454545454546
3055,no_R,2026-W15,marketing,18,55,0.32727272727272727
3055,no_R,2026-W15,education,9,55,0.16363636363636364
3055,no_R,2026-W15,other,9,55,0.16363636363636364
3055,no_R,2026-W16,meme,0,60,0.0
3055,no_R,2026-W16,mourning,21,60,0.35
3055,no_R,2026-W16,marketing,17,60,0.2833333333333333
3055,no_R,2026-W16,education,10,60,0.16666666666666666
3055,no_R,2026-W16,other,12,60,0.2
3055,no_R,2026-W17,meme,0,52,0.0
3055,no_R,2026-W17,mourning,17,52,0.3269230769230769
3055,no_R,2026-W17,marketing,16,52,0.3076923076923077
3055,no_R,2026-W17,education,11,52,0.21153846153846154
3055,no_R,2026-W17,other,8,52,0.15384615384615385
3055,no_R,2026-W18,meme,0,59,0.0
3055,no_R,2026-W18,mourning,19,59,0.3220338983050847
3055,no_R,2026-W18,marketing,16,59,0.2711864406779661
3055,no_R,2026-W18,education,13,59,0.22033898305084745
3055,no_R,2026-W18,other,11,59,0.1864406779661017
3055,no_R,2026-W19,meme,0,51,0.0
3055,no_R,2026-W19,mourning,18,51,0.35294117647058826
3055,no_R,2026-W19,marketing,17,51,0.3333333333333333
3055,no_R,2026-W19,education,10,51,0.19607843137254902
3055,no_R,2026-W19,other,6,51,0.11764705882352941
3055,no_R,2026-W20,meme,5,57,0.08771929824561403
3055,no_R,2026-W20,mourning,17,57,0.2982456140350877
3055,no_R,2026-W20,marketing,16,57,0.2807017543859649
3055,no_R,2026-W20,education,12,57,0.21052631578947367
3055,no_R,2026-W20,other,7,57,0.12280701754385964
3055,no_R,2026-W21,meme,11,58,0.1896551724137931
3055,no_R,2026-W21,mourning,12,58,0.20689655172413793
3055,no_R,2026-W21,marketing,18,58,0.3103448275862069
3055,no_R,2026-W21,education,13,58,0.22413793103448276
3055,no_R,2026-W21,other,4,58,0.06896551724137931
3055,no_R,2026-W22,meme,19,69,0.2753623188405797
3055,no_R,2026-W22,mourning,14,69,0.2028985507246377
3055,no_R,2026-W22,marketing,18,69,0.2608695652173913
3055,no_R,2026-W22,education,13,69,0.18840579710144928
3055,no_R,2026-W22,other,5,69,0.07246376811594203
3056,full,2026-W12,meme,0,26,0.0
3056,full,2026-W12,mourning,0,26,0.0
3056,full,2026-W12,marketing,19,26,0.7307692307692307
3056,full,2026-W12,education,7,26,0.2692307692307692
3056,full,2026-W12,other,0,26,0.0
3056,full,2026-W13,meme,0,42,0.0
3056,full,2026-W13,mourning,22,42,0.5238095238095238
3056,full,2026-W13,marketing,9,42,0.21428571428571427
3056,full,2026-W13,education,6,42,0.14285714285714285
3056,full,2026-W13,other,5,42,0.11904761904761904
3056,full,2026-W14,meme,0,28,0.0
3056,full,2026-W14,mourning,6,28,0.21428571428571427
3056,full,2026-W14,marketing,11,28,0.39285714285714285
3056,full,2026-W14,education,9,28,0.32142857142857145
3056,full,2026-W14,other,2,28,0.07142857142857142
3056,full,2026-W15,meme,1,24,0.041666666666666664
3056,full,2026-W15,mourning,3,24,0.125
3056,full,2026-W15,marketing,9,24,0.375
3056,full,2026-W15,education,5,24,0.20833333333333334
3056,full,2026-W15,other,6,24,0.25
3056,full,2026-W16,meme,0,20,0.0
3056,full,2026-W16,mourning,1,20,0.05
3056,full,2026-W16,marketing,8,20,0.4
3056,full,2026-W16,education,5,20,0.25
3056,full,2026-W16,other,6,20,0.3
3056,full,2026-W17,meme,1,14,0.07142857142857142
3056,full,2026-W17,mourning,0,14,0.0
3056,full,2026-W17,marketing,5,14,0.35714285714285715
3056,full,2026-W17,education,2,14,0.14285714285714285
3056,full,2026-W17,other,6,14,0.42857142857142855
3056,full,2026-W18,meme,0,7,0.0
3056,full,2026-W18,mourning,0,7,0.0
3056,full,2026-W18,marketing,4,7,0.5714285714285714
3056,full,2026-W18,education,2,7,0.2857142857142857
3056,full,2026-W18,other,1,7,0.14285714285714285
3056,full,2026-W19,meme,0,5,0.0
3056,full,2026-W19,mourning,0,5,0.0
3056,full,2026-W19,marketing,3,5,0.6
3056,full,2026-W19,education,2,5,0.4
3056,full,2026-W19,other,0,5,0.0
3056,full,2026-W20,meme,8,12,0.6666666666666666
3056,full,2026-W20,mourning,0,12,0.0
3056,full,2026-W20,marketing,3,12,0.25
3056,full,2026-W20,education,1,12,0.08333333333333333
3056,full,2026-W20,other,0,12,0.0
3056,full,2026-W21,meme,18,21,0.8571428571428571
3056,full,2026-W21,mourning,0,21,0.0
3056,full,2026-W21,marketing,3,21,0.14285714285714285
3056,full,2026-W21,education,0,21,0.0
3056,full,2026-W21,other,0,21,0.0
3056,full,2026-W22,meme,19,22,0.8636363636363636
3056,full,2026-W22,mourning,0,22,0.0
3056,full,2026-W22,marketing,3,22,0.13636363636363635
3056,full,2026-W22,education,0,22,0.0
3056,full,2026-W22,other,0,22,0.0
3056,no_B,2026-W12,meme,0,26,0.0
3056,no_B,2026-W12,mourning,0,26,0.0
3056,no_B,2026-W12,marketing,19,26,0.7307692307692307
3056,no_B,2026-W12,education,7,26,0.2692307692307692
3056,no_B,2026-W12,other,0,26,0.0
3056,no_B,2026-W13,meme,0,28,0.0
3056,no_B,2026-W13,mourning,22,28,0.7857142857142857
3056,no_B,2026-W13,marketing,0,28,0.0
3056,no_B,2026-W13,education,1,28,0.03571428571428571
3056,no_B,2026-W13,other,5,28,0.17857142857142858
3056,no_B,2026-W14,meme,0,3,0.0
3056,no_B,2026-W14,mourning,0,3,0.0
3056,no_B,2026-W14,marketing,0,3,0.0
3056,no_B,2026-W14,education,2,3,0.6666666666666666
3056,no_B,2026-W14,other,1,3,0.3333333333333333
3056,no_B,2026-W15,meme,0,1,0.0
3056,no_B,2026-W15,mourning,0,1,0.0
3056,no_B,2026-W15,marketing,0,1,0.0
3056,no_B,2026-W15,education,0,1,0.0
3056,no_B,2026-W15,other,1,1,1.0
3056,no_B,2026-W16,meme,0,1,0.0
3056,no_B,2026-W16,mourning,0,1,0.0
3056,no_B,2026-W16,marketing,0,1,0.0
3056,no_B,2026-W16,education,1,1,1.0
3056,no_B,2026-W16,other,0,1,0.0
3056,no_B,2026-W17,meme,0,0,0.0
3056,no_B,2026-W17,mourning,0,0,0.0
3056,no_B,2026-W17,marketing,0,0,0.0
3056,no_B,2026-W17,education,0,0,0.0
3056,no_B,2026-W17,other,0,0,0.0
3056,no_B,2026-W18,meme,0,0,0.0
3056,no_B,2026-W18,mourning,0,0,0.0
3056,no_B,2026-W18,marketing,0,0,0.0
3056,no_B,2026-W18,education,0,0,0.0
3056,no_B,2026-W18,other,0,0,0.0
3056,no_B,2026-W19,meme,0,0,0.0
3056,no_B,2026-W19,mourning,0,0,0.0
3056,no_B,2026-W19,marketing,0,0,0.0
3056,no_B,2026-W19,education,0,0,0.0
3056,no_B,2026-W19,other,0,0,0.0
3056,no_B,2026-W20,meme,9,9,1.0
3056,no_B,2026-W20,mourning,0,9,0.0
3056,no_B,2026-W20,marketing,0,9,0.0
3056,no_B,2026-W20,education,0,9,0.0
3056,no_B,2026-W20,other,0,9,0.0
3056,no_B,2026-W21,meme,16,16,1.0
3056,no_B,2026-W21,mourning,0,16,0.0
3056,no_B,2026-W21,marketing,0,16,0.0
3056,no_B,2026-W21,education,0,16,0.0
3056,no_B,2026-W21,other,0,16,0.0
3056,no_B,2026-W22,meme,2,2,1.0
3056,no_B,2026-W22,mourning,0,2,0.0
3056,no_B,2026-W22,marketing,0,2,0.0
3056,no_B,2026-W22,education,0,2,0.0
3056,no_B,2026-W22,other,0,2,0.0
3056,no_D,2026-W12,meme,12,63,0.19047619047619047
3056,no_D,2026-W12,mourning,12,63,0.19047619047619047
3056,no_D,2026-W12,marketing,15,63,0.23809523809523808
3056,no_D,2026-W12,education,9,63,0.14285714285714285
3056,no_D,2026-W12,other,15,63,0.23809523809523808
3056,no_D,2026-W13,meme,12,57,0.21052631578947367
3056,no_D,2026-W13,mourning,12,57,0.21052631578947367
3056,no_D,2026-W13,marketing,11,57,0.19298245614035087
3056,no_D,2026-W13,education,7,57,0.12280701754385964
3056,no_D,2026-W13,other,15,57,0.2631578947368421
3056,no_D,2026-W14,meme,10,44,0.22727272727272727
3056,no_D,2026-W14,mourning,4,44,0.09090909090909091
3056,no_D,2026-W14,marketing,9,44,0.20454545454545456
3056,no_D,2026-W14,education,7,44,0.1590909090909091
3056,no_D,2026-W14,other,14,44,0.3181818181818182
3056,no_D,2026-W15,meme,6,25,0.24
3056,no_D,2026-W15,mourning,2,25,0.08
3056,no_D,2026-W15,marketing,7,25,0.28
3056,no_D,2026-W15,education,4,25,0.16
3056,no_D,2026-W15,other,6,25,0.24
3056,no_D,2026-W16,meme,6,17,0.35294117647058826
3056,no_D,2026-W16,mourning,0,17,0.0
3056,no_D,2026-W16,marketing,6,17,0.35294117647058826
3056,no_D,2026-W16,education,4,17,0.23529411764705882
3056,no_D,2026-W16,other,1,17,0.058823529411764705
3056,no_D,2026-W17,meme,5,13,0.38461538461538464
3056,no_D,2026-W17,mourning,0,13,0.0
3056,no_D,2026-W17,marketing,5,13,0.38461538461538464
3056,no_D,2026-W17,education,3,13,0.23076923076923078
3056,no_D,2026-W17,other,0,13,0.0
3056,no_D,2026-W18,meme,4,9,0.4444444444444444
3056,no_D,2026-W18,mourning,0,9,0.0
3056,no_D,2026-W18,marketing,3,9,0.3333333333333333
3056,no_D,2026-W18,education,2,9,0.2222222222222222
3056,no_D,2026-W18,other,0,9,0.0
3056,no_D,2026-W19,meme,3,8,0.375
3056,no_D,2026-W19,mourning,0,8,0.0
3056,no_D,2026-W19,marketing,3,8,0.375
3056,no_D,2026-W19,education,2,8,0.25
3056,no_D,2026-W19,other,0,8,0.0
3056,no_D,2026-W20,meme,3,8,0.375
3056,no_D,2026-W20,mourning,0,8,0.0
3056,no_D,2026-W20,marketing,3,8,0.375
3056,no_D,2026-W20,education,2,8,0.25
3056,no_D,2026-W20,other,0,8,0.0
3056,no_D,2026-W21,meme,2,5,0.4
3056,no_D,2026-W21,mourning,0,5,0.0
3056,no_D,2026-W21,marketing,3,5,0.6
3056,no_D,2026-W21,education,0,5,0.0
3056,no_D,2026-W21,other,0,5,0.0
3056,no_D,2026-W22,meme,2,5,0.4
3056,no_D,2026-W22,mourning,0,5,0.0
3056,no_D,2026-W22,marketing,3,5,0.6
3056,no_D,2026-W22,education,0,5,0.0
3056,no_D,2026-W22,other,0,5,0.0
3056,no_R,2026-W12,meme,0,26,0.0
3056,no_R,2026-W12,mourning,0,26,0.0
3056,no_R,2026-W12,marketing,19,26,0.7307692307692307
3056,no_R,2026-W12,education,7,26,0.2692307692307692
3056,no_R,2026-W12,other,0,26,0.0
3056,no_R,2026-W13,meme,0,50,0.0
3056,no_R,2026-W13,mourning,22,50,0.44
3056,no_R,2026-W13,marketing,16,50,0.32
3056,no_R,2026-W13,education,7,50,0.14
3056,no_R,2026-W13,other,5,50,0.1
3056,no_R,2026-W14,meme,0,48,0.0
3056,no_R,2026-W14,mourning,13,48,0.2708333333333333
3056,no_R,2026-W14,marketing,18,48,0.375
3056,no_R,2026-W14,education,12,48,0.25
3056,no_R,2026-W14,other,5,48,0.10416666666666667
3056,no_R,2026-W15,meme,0,56,0.0
3056,no_R,2026-W15,mourning,17,56,0.30357142857142855
3056,no_R,2026-W15,marketing,17,56,0.30357142857142855
3056,no_R,2026-W15,education,12,56,0.21428571428571427
3056,no_R,2026-W15,other,10,56,0.17857142857142858
3056,no_R,2026-W16,meme,0,61,0.0
3056,no_R,2026-W16,mourning,16,61,0.26229508196721313
3056,no_R,2026-W16,marketing,18,61,0.29508196721311475
3056,no_R,2026-W16,education,14,61,0.22950819672131148
3056,no_R,2026-W16,other,13,61,0.21311475409836064
3056,no_R,2026-W17,meme,0,56,0.0
3056,no_R,2026-W17,mourning,15,56,0.26785714285714285
3056,no_R,2026-W17,marketing,18,56,0.32142857142857145
3056,no_R,2026-W17,education,14,56,0.25
3056,no_R,2026-W17,other,9,56,0.16071428571428573
3056,no_R,2026-W18,meme,0,53,0.0
3056,no_R,2026-W18,mourning,16,53,0.3018867924528302
3056,no_R,2026-W18,marketing,16,53,0.3018867924528302
3056,no_R,2026-W18,education,12,53,0.22641509433962265
3056,no_R,2026-W18,other,9,53,0.16981132075471697
3056,no_R,2026-W19,meme,0,54,0.0
3056,no_R,2026-W19,mourning,17,54,0.3148148148148148
3056,no_R,2026-W19,marketing,19,54,0.35185185185185186
3056,no_R,2026-W19,education,12,54,0.2222222222222222
3056,no_R,2026-W19,other,6,54,0.1111111111111111
3056,no_R,2026-W20,meme,2,48,0.041666666666666664
3056,no_R,2026-W20,mourning,12,48,0.25
3056,no_R,2026-W20,marketing,18,48,0.375
3056,no_R,2026-W20,education,13,48,0.2708333333333333
3056,no_R,2026-W20,other,3,48,0.0625
3056,no_R,2026-W21,meme,10,55,0.18181818181818182
3056,no_R,2026-W21,mourning,10,55,0.18181818181818182
3056,no_R,2026-W21,marketing,19,55,0.34545454545454546
3056,no_R,2026-W21,education,13,55,0.23636363636363636
3056,no_R,2026-W21,other,3,55,0.05454545454545454
3056,no_R,2026-W22,meme,19,58,0.3275862068965517
3056,no_R,2026-W22,mourning,8,58,0.13793103448275862
3056,no_R,2026-W22,marketing,18,58,0.3103448275862069
3056,no_R,2026-W22,education,12,58,0.20689655172413793
3056,no_R,2026-W22,other,1,58,0.017241379310344827
3057,full,2026-W12,meme,0,28,0.0
3057,full,2026-W12,mourning,0,28,0.0
3057,full,2026-W12,marketing,19,28,0.6785714285714286
3057,full,2026-W12,education,9,28,0.32142857142857145
3057,full,2026-W12,other,0,28,0.0
3057,full,2026-W13,meme,0,47,0.0
3057,full,2026-W13,mourning,22,47,0.46808510638297873
3057,full,2026-W13,marketing,11,47,0.23404255319148937
3057,full,2026-W13,education,9,47,0.19148936170212766
3057,full,2026-W13,other,5,47,0.10638297872340426
3057,full,2026-W14,meme,0,32,0.0
3057,full,2026-W14,mourning,7,32,0.21875
3057,full,2026-W14,marketing,10,32,0.3125
3057,full,2026-W14,education,8,32,0.25
3057,full,2026-W14,other,7,32,0.21875
3057,full,2026-W15,meme,0,27,0.0
3057,full,2026-W15,mourning,7,27,0.25925925925925924
3057,full,2026-W15,marketing,8,27,0.2962962962962963
3057,full,2026-W15,education,5,27,0.18518518518518517
3057,full,2026-W15,other,7,27,0.25925925925925924
3057,full,2026-W16,meme,0,17,0.0
3057,full,2026-W16,mourning,3,17,0.17647058823529413
3057,full,2026-W16,marketing,6,17,0.35294117647058826
3057,full,2026-W16,education,5,17,0.29411764705882354
3057,full,2026-W16,other,3,17,0.17647058823529413
3057,full,2026-W17,meme,0,11,0.0
3057,full,2026-W17,mourning,1,11,0.09090909090909091
3057,full,2026-W17,marketing,5,11,0.45454545454545453
3057,full,2026-W17,education,4,11,0.36363636363636365
3057,full,2026-W17,other,1,11,0.09090909090909091
3057,full,2026-W18,meme,0,9,0.0
3057,full,2026-W18,mourning,0,9,0.0
3057,full,2026-W18,marketing,4,9,0.4444444444444444
3057,full,2026-W18,education,3,9,0.3333333333333333
3057,full,2026-W18,other,2,9,0.2222222222222222
3057,full,2026-W19,meme,0,6,0.0
3057,full,2026-W19,mourning,0,6,0.0
3057,full,2026-W19,marketing,4,6,0.6666666666666666
3057,full,2026-W19,education,2,6,0.3333333333333333
3057,full,2026-W19,other,0,6,0.0
3057,full,2026-W20,meme,12,15,0.8
3057,full,2026-W20,mourning,0,15,0.0
3057,full,2026-W20,marketing,3,15,0.2
3057,full,2026-W20,education,0,15,0.0
3057,full,2026-W20,other,0,15,0.0
3057,full,2026-W21,meme,19,22,0.8636363636363636
3057,full,2026-W21,mourning,0,22,0.0
3057,full,2026-W21,marketing,3,22,0.13636363636363635
3057,full,2026-W21,education,0,22,0.0
3057,full,2026-W21,other,0,22,0.0
3057,full,2026-W22,meme,17,20,0.85
3057,full,2026-W22,mourning,0,20,0.0
3057,full,2026-W22,marketing,3,20,0.15
3057,full,2026-W22,education,0,20,0.0
3057,full,2026-W22,other,0,20,0.0
3057,no_B,2026-W12,meme,0,28,0.0
3057,no_B,2026-W12,mourning,0,28,0.0
3057,no_B,2026-W12,marketing,19,28,0.6785714285714286
3057,no_B,2026-W12,education,9,28,0.32142857142857145
3057,no_B,2026-W12,other,0,28,0.0
3057,no_B,2026-W13,meme,0,31,0.0
3057,no_B,2026-W13,mourning,22,31,0.7096774193548387
3057,no_B,2026-W13,marketing,0,31,0.0
3057,no_B,2026-W13,education,4,31,0.12903225806451613
3057,no_B,2026-W13,other,5,31,0.16129032258064516
3057,no_B,2026-W14,meme,0,4,0.0
3057,no_B,2026-W14,mourning,0,4,0.0
3057,no_B,2026-W14,marketing,0,4,0.0
3057,no_B,2026-W14,education,2,4,0.5
3057,no_B,2026-W14,other,2,4,0.5
3057,no_B,2026-W15,meme,0,1,0.0
3057,no_B,2026-W15,mourning,0,1,0.0
3057,no_B,2026-W15,marketing,0,1,0.0
3057,no_B,2026-W15,education,1,1,1.0
3057,no_B,2026-W15,other,0,1,0.0
3057,no_B,2026-W16,meme,0,0,0.0
3057,no_B,2026-W16,mourning,0,0,0.0
3057,no_B,2026-W16,marketing,0,0,0.0
3057,no_B,2026-W16,education,0,0,0.0
3057,no_B,2026-W16,other,0,0,0.0
3057,no_B,2026-W17,meme,0,0,0.0
3057,no_B,2026-W17,mourning,0,0,0.0
3057,no_B,2026-W17,marketing,0,0,0.0
3057,no_B,2026-W17,education,0,0,0.0
3057,no_B,2026-W17,other,0,0,0.0
3057,no_B,2026-W18,meme,0,0,0.0
3057,no_B,2026-W18,mourning,0,0,0.0
3057,no_B,2026-W18,marketing,0,0,0.0
3057,no_B,2026-W18,education,0,0,0.0
3057,no_B,2026-W18,other,0,0,0.0
3057,no_B,2026-W19,meme,0,0,0.0
3057,no_B,2026-W19,mourning,0,0,0.0
3057,no_B,2026-W19,marketing,0,0,0.0
3057,no_B,2026-W19,education,0,0,0.0
3057,no_B,2026-W19,other,0,0,0.0
3057,no_B,2026-W20,meme,10,10,1.0
3057,no_B,2026-W20,mourning,0,10,0.0
3057,no_B,2026-W20,marketing,0,10,0.0
3057,no_B,2026-W20,education,0,10,0.0
3057,no_B,2026-W20,other,0,10,0.0
3057,no_B,2026-W21,meme,15,15,1.0
3057,no_B,2026-W21,mourning,0,15,0.0
3057,no_B,2026-W21,marketing,0,15,0.0
3057,no_B,2026-W21,education,0,15,0.0
3057,no_B,2026-W21,other,0,15,0.0
3057,no_B,2026-W22,meme,0,0,0.0
3057,no_B,2026-W22,mourning,0,0,0.0
3057,no_B,2026-W22,marketing,0,0,0.0
3057,no_B,2026-W22,education,0,0,0.0
3057,no_B,2026-W22,other,0,0,0.0
3057,no_D,2026-W12,meme,12,63,0.19047619047619047
3057,no_D,2026-W12,mourning,12,63,0.19047619047619047
3057,no_D,2026-W12,marketing,15,63,0.23809523809523808
3057,no_D,2026-W12,education,9,63,0.14285714285714285
3057,no_D,2026-W12,other,15,63,0.23809523809523808
3057,no_D,2026-W13,meme,12,56,0.21428571428571427
3057,no_D,2026-W13,mourning,12,56,0.21428571428571427
3057,no_D,2026-W13,marketing,10,56,0.17857142857142858
3057,no_D,2026-W13,education,7,56,0.125
3057,no_D,2026-W13,other,15,56,0.26785714285714285
3057,no_D,2026-W14,meme,11,44,0.25
3057,no_D,2026-W14,mourning,4,44,0.09090909090909091
3057,no_D,2026-W14,marketing,9,44,0.20454545454545456
3057,no_D,2026-W14,education,6,44,0.13636363636363635
3057,no_D,2026-W14,other,14,44,0.3181818181818182
3057,no_D,2026-W15,meme,7,25,0.28
3057,no_D,2026-W15,mourning,2,25,0.08
3057,no_D,2026-W15,marketing,6,25,0.24
3057,no_D,2026-W15,education,5,25,0.2
3057,no_D,2026-W15,other,5,25,0.2
3057,no_D,2026-W16,meme,6,19,0.3157894736842105
3057,no_D,2026-W16,mourning,1,19,0.05263157894736842
3057,no_D,2026-W16,marketing,5,19,0.2631578947368421
3057,no_D,2026-W16,education,4,19,0.21052631578947367
3057,no_D,2026-W16,other,3,19,0.15789473684210525
3057,no_D,2026-W17,meme,4,14,0.2857142857142857
3057,no_D,2026-W17,mourning,1,14,0.07142857142857142
3057,no_D,2026-W17,marketing,5,14,0.35714285714285715
3057,no_D,2026-W17,education,4,14,0.2857142857142857
3057,no_D,2026-W17,other,0,14,0.0
3057,no_D,2026-W18,meme,4,12,0.3333333333333333
3057,no_D,2026-W18,mourning,0,12,0.0
3057,no_D,2026-W18,marketing,5,12,0.4166666666666667
3057,no_D,2026-W18,education,3,12,0.25
3057,no_D,2026-W18,other,0,12,0.0
3057,no_D,2026-W19,meme,4,10,0.4
3057,no_D,2026-W19,mourning,0,10,0.0
3057,no_D,2026-W19,marketing,3,10,0.3
3057,no_D,2026-W19,education,3,10,0.3
3057,no_D,2026-W19,other,0,10,0.0
3057,no_D,2026-W20,meme,2,6,0.3333333333333333
3057,no_D,2026-W20,mourning,0,6,0.0
3057,no_D,2026-W20,marketing,3,6,0.5
3057,no_D,2026-W20,education,1,6,0.16666666666666666
3057,no_D,2026-W20,other,0,6,0.0
3057,no_D,2026-W21,meme,2,5,0.4
3057,no_D,2026-W21,mourning,0,5,0.0
3057,no_D,2026-W21,marketing,3,5,0.6
3057,no_D,2026-W21,education,0,5,0.0
3057,no_D,2026-W21,other,0,5,0.0
3057,no_D,2026-W22,meme,2,5,0.4
3057,no_D,2026-W22,mourning,0,5,0.0
3057,no_D,2026-W22,marketing,3,5,0.6
3057,no_D,2026-W22,education,0,5,0.0
3057,no_D,2026-W22,other,0,5,0.0
3057,no_R,2026-W12,meme,0,28,0.0
3057,no_R,2026-W12,mourning,0,28,0.0
3057,no_R,2026-W12,marketing,19,28,0.6785714285714286
3057,no_R,2026-W12,education,9,28,0.32142857142857145
3057,no_R,2026-W12,other,0,28,0.0
3057,no_R,2026-W13,meme,0,54,0.0
3057,no_R,2026-W13,mourning,22,54,0.4074074074074074
3057,no_R,2026-W13,marketing,16,54,0.2962962962962963
3057,no_R,2026-W13,education,11,54,0.2037037037037037
3057,no_R,2026-W13,other,5,54,0.09259259259259259
3057,no_R,2026-W14,meme,0,47,0.0
3057,no_R,2026-W14,mourning,15,47,0.3191489361702128
3057,no_R,2026-W14,marketing,16,47,0.3404255319148936
3057,no_R,2026-W14,education,10,47,0.2127659574468085
3057,no_R,2026-W14,other,6,47,0.1276595744680851
3057,no_R,2026-W15,meme,0,57,0.0
3057,no_R,2026-W15,mourning,19,57,0.3333333333333333
3057,no_R,2026-W15,marketing,16,57,0.2807017543859649
3057,no_R,2026-W15,education,11,57,0.19298245614035087
3057,no_R,2026-W15,other,11,57,0.19298245614035087
3057,no_R,2026-W16,meme,0,57,0.0
3057,no_R,2026-W16,mourning,17,57,0.2982456140350877
3057,no_R,2026-W16,marketing,16,57,0.2807017543859649
3057,no_R,2026-W16,education,12,57,0.21052631578947367
3057,no_R,2026-W16,other,12,57,0.21052631578947367
3057,no_R,2026-W17,meme,0,61,0.0
3057,no_R,2026-W17,mourning,18,61,0.29508196721311475
3057,no_R,2026-W17,marketing,17,61,0.2786885245901639
3057,no_R,2026-W17,education,14,61,0.22950819672131148
3057,no_R,2026-W17,other,12,61,0.19672131147540983
3057,no_R,2026-W18,meme,0,52,0.0
3057,no_R,2026-W18,mourning,15,52,0.28846153846153844
3057,no_R,2026-W18,marketing,16,52,0.3076923076923077
3057,no_R,2026-W18,education,12,52,0.23076923076923078
3057,no_R,2026-W18,other,9,52,0.17307692307692307
3057,no_R,2026-W19,meme,0,51,0.0
3057,no_R,2026-W19,mourning,18,51,0.35294117647058826
3057,no_R,2026-W19,marketing,16,51,0.3137254901960784
3057,no_R,2026-W19,education,11,51,0.21568627450980393
3057,no_R,2026-W19,other,6,51,0.11764705882352941
3057,no_R,2026-W20,meme,2,55,0.03636363636363636
3057,no_R,2026-W20,mourning,13,55,0.23636363636363636
3057,no_R,2026-W20,marketing,16,55,0.2909090909090909
3057,no_R,2026-W20,education,13,55,0.23636363636363636
3057,no_R,2026-W20,other,11,55,0.2
3057,no_R,2026-W21,meme,10,54,0.18518518518518517
3057,no_R,2026-W21,mourning,10,54,0.18518518518518517
3057,no_R,2026-W21,marketing,17,54,0.3148148148148148
3057,no_R,2026-W21,education,12,54,0.2222222222222222
3057,no_R,2026-W21,other,5,54,0.09259259259259259
3057,no_R,2026-W22,meme,17,66,0.25757575757575757
3057,no_R,2026-W22,mourning,15,66,0.22727272727272727
3057,no_R,2026-W22,marketing,17,66,0.25757575757575757
3057,no_R,2026-W22,education,11,66,0.16666666666666666
3057,no_R,2026-W22,other,6,66,0.09090909090909091
3058,full,2026-W12,meme,0,30,0.0
3058,full,2026-W12,mourning,0,30,0.0
3058,full,2026-W12,marketing,19,30,0.6333333333333333
3058,full,2026-W12,education,11,30,0.36666666666666664
3058,full,2026-W12,other,0,30,0.0
3058,full,2026-W13,meme,0,42,0.0
3058,full,2026-W13,mourning,22,42,0.5238095238095238
3058,full,2026-W13,marketing,11,42,0.2619047619047619
3058,full,2026-W13,education,6,42,0.14285714285714285
3058,full,2026-W13,other,3,42,0.07142857142857142
3058,full,2026-W14,meme,0,28,0.0
3058,full,2026-W14,mourning,6,28,0.21428571428571427
3058,full,2026-W14,marketing,12,28,0.42857142857142855
3058,full,2026-W14,education,7,28,0.25
3058,full,2026-W14,other,3,28,0.10714285714285714
3058,full,2026-W15,meme,0,29,0.0
3058,full,2026-W15,mourning,7,29,0.2413793103448276
3058,full,2026-W15,marketing,9,29,0.3103448275862069
3058,full,2026-W15,education,5,29,0.1724137931034483
3058,full,2026-W15,other,8,29,0.27586206896551724
3058,full,2026-W16,meme,1,17,0.058823529411764705
3058,full,2026-W16,mourning,2,17,0.11764705882352941
3058,full,2026-W16,marketing,8,17,0.47058823529411764
3058,full,2026-W16,education,3,17,0.17647058823529413
3058,full,2026-W16,other,3,17,0.17647058823529413
3058,full,2026-W17,meme,0,9,0.0
3058,full,2026-W17,mourning,0,9,0.0
3058,full,2026-W17,marketing,4,9,0.4444444444444444
3058,full,2026-W17,education,2,9,0.2222222222222222
3058,full,2026-W17,other,3,9,0.3333333333333333
3058,full,2026-W18,meme,1,11,0.09090909090909091
3058,full,2026-W18,mourning,0,11,0.0
3058,full,2026-W18,marketing,5,11,0.45454545454545453
3058,full,2026-W18,education,2,11,0.18181818181818182
3058,full,2026-W18,other,3,11,0.2727272727272727
3058,full,2026-W19,meme,1,9,0.1111111111111111
3058,full,2026-W19,mourning,0,9,0.0
3058,full,2026-W19,marketing,4,9,0.4444444444444444
3058,full,2026-W19,education,3,9,0.3333333333333333
3058,full,2026-W19,other,1,9,0.1111111111111111
3058,full,2026-W20,meme,9,14,0.6428571428571429
3058,full,2026-W20,mourning,0,14,0.0
3058,full,2026-W20,marketing,3,14,0.21428571428571427
3058,full,2026-W20,education,2,14,0.14285714285714285
3058,full,2026-W20,other,0,14,0.0
3058,full,2026-W21,meme,19,23,0.8260869565217391
3058,full,2026-W21,mourning,0,23,0.0
3058,full,2026-W21,marketing,3,23,0.13043478260869565
3058,full,2026-W21,education,1,23,0.043478260869565216
3058,full,2026-W21,other,0,23,0.0
3058,full,2026-W22,meme,18,22,0.8181818181818182
3058,full,2026-W22,mourning,0,22,0.0
3058,full,2026-W22,marketing,3,22,0.13636363636363635
3058,full,2026-W22,education,1,22,0.045454545454545456
3058,full,2026-W22,other,0,22,0.0
3058,no_B,2026-W12,meme,0,30,0.0
3058,no_B,2026-W12,mourning,0,30,0.0
3058,no_B,2026-W12,marketing,19,30,0.6333333333333333
3058,no_B,2026-W12,education,11,30,0.36666666666666664
3058,no_B,2026-W12,other,0,30,0.0
3058,no_B,2026-W13,meme,0,28,0.0
3058,no_B,2026-W13,mourning,22,28,0.7857142857142857
3058,no_B,2026-W13,marketing,0,28,0.0
3058,no_B,2026-W13,education,3,28,0.10714285714285714
3058,no_B,2026-W13,other,3,28,0.10714285714285714
3058,no_B,2026-W14,meme,0,7,0.0
3058,no_B,2026-W14,mourning,0,7,0.0
3058,no_B,2026-W14,marketing,0,7,0.0
3058,no_B,2026-W14,education,2,7,0.2857142857142857
3058,no_B,2026-W14,other,5,7,0.7142857142857143
3058,no_B,2026-W15,meme,0,4,0.0
3058,no_B,2026-W15,mourning,0,4,0.0
3058,no_B,2026-W15,marketing,0,4,0.0
3058,no_B,2026-W15,education,1,4,0.25
3058,no_B,2026-W15,other,3,4,0.75
3058,no_B,2026-W16,meme,2,2,1.0
3058,no_B,2026-W16,mourning,0,2,0.0
3058,no_B,2026-W16,marketing,0,2,0.0
3058,no_B,2026-W16,education,0,2,0.0
3058,no_B,2026-W16,other,0,2,0.0
3058,no_B,2026-W17,meme,2,2,1.0
3058,no_B,2026-W17,mourning,0,2,0.0
3058,no_B,2026-W17,marketing,0,2,0.0
3058,no_B,2026-W17,education,0,2,0.0
3058,no_B,2026-W17,other,0,2,0.0
3058,no_B,2026-W18,meme,2,2,1.0
3058,no_B,2026-W18,mourning,0,2,0.0
3058,no_B,2026-W18,marketing,0,2,0.0
3058,no_B,2026-W18,education,0,2,0.0
3058,no_B,2026-W18,other,0,2,0.0
3058,no_B,2026-W19,meme,2,2,1.0
3058,no_B,2026-W19,mourning,0,2,0.0
3058,no_B,2026-W19,marketing,0,2,0.0
3058,no_B,2026-W19,education,0,2,0.0
3058,no_B,2026-W19,other,0,2,0.0
3058,no_B,2026-W20,meme,9,9,1.0
3058,no_B,2026-W20,mourning,0,9,0.0
3058,no_B,2026-W20,marketing,0,9,0.0
3058,no_B,2026-W20,education,0,9,0.0
3058,no_B,2026-W20,other,0,9,0.0
3058,no_B,2026-W21,meme,5,5,1.0
3058,no_B,2026-W21,mourning,0,5,0.0
3058,no_B,2026-W21,marketing,0,5,0.0
3058,no_B,2026-W21,education,0,5,0.0
3058,no_B,2026-W21,other,0,5,0.0
3058,no_B,2026-W22,meme,1,1,1.0
3058,no_B,2026-W22,mourning,0,1,0.0
3058,no_B,2026-W22,marketing,0,1,0.0
3058,no_B,2026-W22,education,0,1,0.0
3058,no_B,2026-W22,other,0,1,0.0
3058,no_D,2026-W12,meme,12,63,0.19047619047619047
3058,no_D,2026-W12,mourning,12,63,0.19047619047619047
3058,no_D,2026-W12,marketing,15,63,0.23809523809523808
3058,no_D,2026-W12,education,9,63,0.14285714285714285
3058,no_D,2026-W12,other,15,63,0.23809523809523808
3058,no_D,2026-W13,meme,12,55,0.21818181818181817
3058,no_D,2026-W13,mourning,12,55,0.21818181818181817
3058,no_D,2026-W13,marketing,10,55,0.18181818181818182
3058,no_D,2026-W13,education,6,55,0.10909090909090909
3058,no_D,2026-W13,other,15,55,0.2727272727272727
3058,no_D,2026-W14,meme,11,43,0.2558139534883721
3058,no_D,2026-W14,mourning,4,43,0.09302325581395349
3058,no_D,2026-W14,marketing,10,43,0.23255813953488372
3058,no_D,2026-W14,education,6,43,0.13953488372093023
3058,no_D,2026-W14,other,12,43,0.27906976744186046
3058,no_D,2026-W15,meme,8,31,0.25806451612903225
3058,no_D,2026-W15,mourning,3,31,0.0967741935483871
3058,no_D,2026-W15,marketing,7,31,0.22580645161290322
3058,no_D,2026-W15,education,6,31,0.1935483870967742
3058,no_D,2026-W15,other,7,31,0.22580645161290322
3058,no_D,2026-W16,meme,6,21,0.2857142857142857
3058,no_D,2026-W16,mourning,2,21,0.09523809523809523
3058,no_D,2026-W16,marketing,6,21,0.2857142857142857
3058,no_D,2026-W16,education,4,21,0.19047619047619047
3058,no_D,2026-W16,other,3,21,0.14285714285714285
3058,no_D,2026-W17,meme,5,17,0.29411764705882354
3058,no_D,2026-W17,mourning,2,17,0.11764705882352941
3058,no_D,2026-W17,marketing,6,17,0.35294117647058826
3058,no_D,2026-W17,education,3,17,0.17647058823529413
3058,no_D,2026-W17,other,1,17,0.058823529411764705
3058,no_D,2026-W18,meme,5,13,0.38461538461538464
3058,no_D,2026-W18,mourning,1,13,0.07692307692307693
3058,no_D,2026-W18,marketing,5,13,0.38461538461538464
3058,no_D,2026-W18,education,2,13,0.15384615384615385
3058,no_D,2026-W18,other,0,13,0.0
3058,no_D,2026-W19,meme,5,11,0.45454545454545453
3058,no_D,2026-W19,mourning,0,11,0.0
3058,no_D,2026-W19,marketing,4,11,0.36363636363636365
3058,no_D,2026-W19,education,2,11,0.18181818181818182
3058,no_D,2026-W19,other,0,11,0.0
3058,no_D,2026-W20,meme,3,7,0.42857142857142855
3058,no_D,2026-W20,mourning,0,7,0.0
3058,no_D,2026-W20,marketing,3,7,0.42857142857142855
3058,no_D,2026-W20,education,1,7,0.14285714285714285
3058,no_D,2026-W20,other,0,7,0.0
3058,no_D,2026-W21,meme,2,5,0.4
3058,no_D,2026-W21,mourning,0,5,0.0
3058,no_D,2026-W21,marketing,3,5,0.6
3058,no_D,2026-W21,education,0,5,0.0
3058,no_D,2026-W21,other,0,5,0.0
3058,no_D,2026-W22,meme,1,4,0.25
3058,no_D,2026-W22,mourning,0,4,0.0
3058,no_D,2026-W22,marketing,3,4,0.75
3058,no_D,2026-W22,education,0,4,0.0
3058,no_D,2026-W22,other,0,4,0.0
3058,no_R,2026-W12,meme,0,30,0.0
3058,no_R,2026-W12,mourning,0,30,0.0
3058,no_R,2026-W12,marketing,19,30,0.6333333333333333
3058,no_R,2026-W12,education,11,30,0.36666666666666664
3058,no_R,2026-W12,other,0,30,0.0
3058,no_R,2026-W13,meme,0,49,0.0
3058,no_R,2026-W13,mourning,22,49,0.4489795918367347
3058,no_R,2026-W13,marketing,16,49,0.32653061224489793
3058,no_R,2026-W13,education,8,49,0.16326530612244897
3058,no_R,2026-W13,other,3,49,0.061224489795918366
3058,no_R,2026-W14,meme,0,50,0.0
3058,no_R,2026-W14,mourning,14,50,0.28
3058,no_R,2026-W14,marketing,17,50,0.34
3058,no_R,2026-W14,education,12,50,0.24
3058,no_R,2026-W14,other,7,50,0.14
3058,no_R,2026-W15,meme,0,53,0.0
3058,no_R,2026-W15,mourning,17,53,0.32075471698113206
3058,no_R,2026-W15,marketing,15,53,0.2830188679245283
3058,no_R,2026-W15,education,12,53,0.22641509433962265
3058,no_R,2026-W15,other,9,53,0.16981132075471697
3058,no_R,2026-W16,meme,0,57,0.0
3058,no_R,2026-W16,mourning,17,57,0.2982456140350877
3058,no_R,2026-W16,marketing,17,57,0.2982456140350877
3058,no_R,2026-W16,education,12,57,0.21052631578947367
3058,no_R,2026-W16,other,11,57,0.19298245614035087
3058,no_R,2026-W17,meme,0,56,0.0
3058,no_R,2026-W17,mourning,13,56,0.23214285714285715
3058,no_R,2026-W17,marketing,18,56,0.32142857142857145
3058,no_R,2026-W17,education,12,56,0.21428571428571427
3058,no_R,2026-W17,other,13,56,0.23214285714285715
3058,no_R,2026-W18,meme,0,54,0.0
3058,no_R,2026-W18,mourning,15,54,0.2777777777777778
3058,no_R,2026-W18,marketing,16,54,0.2962962962962963
3058,no_R,2026-W18,education,11,54,0.2037037037037037
3058,no_R,2026-W18,other,12,54,0.2222222222222222
3058,no_R,2026-W19,meme,0,60,0.0
3058,no_R,2026-W19,mourning,16,60,0.26666666666666666
3058,no_R,2026-W19,marketing,18,60,0.3
3058,no_R,2026-W19,education,10,60,0.16666666666666666
3058,no_R,2026-W19,other,16,60,0.26666666666666666
3058,no_R,2026-W20,meme,4,54,0.07407407407407407
3058,no_R,2026-W20,mourning,12,54,0.2222222222222222
3058,no_R,2026-W20,marketing,18,54,0.3333333333333333
3058,no_R,2026-W20,education,12,54,0.2222222222222222
3058,no_R,2026-W20,other,8,54,0.14814814814814814
3058,no_R,2026-W21,meme,14,69,0.2028985507246377
3058,no_R,2026-W21,mourning,16,69,0.2318840579710145
3058,no_R,2026-W21,marketing,18,69,0.2608695652173913
3058,no_R,2026-W21,education,10,69,0.14492753623188406
3058,no_R,2026-W21,other,11,69,0.15942028985507245
3058,no_R,2026-W22,meme,19,70,0.2714285714285714
3058,no_R,2026-W22,mourning,15,70,0.21428571428571427
3058,no_R,2026-W22,marketing,16,70,0.22857142857142856
3058,no_R,2026-W22,education,12,70,0.17142857142857143
3058,no_R,2026-W22,other,8,70,0.11428571428571428
3059,full,2026-W12,meme,0,30,0.0
3059,full,2026-W12,mourning,0,30,0.0
3059,full,2026-W12,marketing,19,30,0.6333333333333333
3059,full,2026-W12,education,11,30,0.36666666666666664
3059,full,2026-W12,other,0,30,0.0
3059,full,2026-W13,meme,0,45,0.0
3059,full,2026-W13,mourning,22,45,0.4888888888888889
3059,full,2026-W13,marketing,12,45,0.26666666666666666
3059,full,2026-W13,education,7,45,0.15555555555555556
3059,full,2026-W13,other,4,45,0.08888888888888889
3059,full,2026-W14,meme,0,34,0.0
3059,full,2026-W14,mourning,10,34,0.29411764705882354
3059,full,2026-W14,marketing,11,34,0.3235294117647059
3059,full,2026-W14,education,7,34,0.20588235294117646
3059,full,2026-W14,other,6,34,0.17647058823529413
3059,full,2026-W15,meme,0,24,0.0
3059,full,2026-W15,mourning,6,24,0.25
3059,full,2026-W15,marketing,7,24,0.2916666666666667
3059,full,2026-W15,education,5,24,0.20833333333333334
3059,full,2026-W15,other,6,24,0.25
3059,full,2026-W16,meme,1,17,0.058823529411764705
3059,full,2026-W16,mourning,2,17,0.11764705882352941
3059,full,2026-W16,marketing,6,17,0.35294117647058826
3059,full,2026-W16,education,4,17,0.23529411764705882
3059,full,2026-W16,other,4,17,0.23529411764705882
3059,full,2026-W17,meme,0,15,0.0
3059,full,2026-W17,mourning,1,15,0.06666666666666667
3059,full,2026-W17,marketing,5,15,0.3333333333333333
3059,full,2026-W17,education,4,15,0.26666666666666666
3059,full,2026-W17,other,5,15,0.3333333333333333
3059,full,2026-W18,meme,0,7,0.0
3059,full,2026-W18,mourning,0,7,0.0
3059,full,2026-W18,marketing,3,7,0.42857142857142855
3059,full,2026-W18,education,3,7,0.42857142857142855
3059,full,2026-W18,other,1,7,0.14285714285714285
3059,full,2026-W19,meme,0,8,0.0
3059,full,2026-W19,mourning,0,8,0.0
3059,full,2026-W19,marketing,5,8,0.625
3059,full,2026-W19,education,3,8,0.375
3059,full,2026-W19,other,0,8,0.0
3059,full,2026-W20,meme,14,18,0.7777777777777778
3059,full,2026-W20,mourning,0,18,0.0
3059,full,2026-W20,marketing,3,18,0.16666666666666666
3059,full,2026-W20,education,1,18,0.05555555555555555
3059,full,2026-W20,other,0,18,0.0
3059,full,2026-W21,meme,19,23,0.8260869565217391
3059,full,2026-W21,mourning,0,23,0.0
3059,full,2026-W21,marketing,3,23,0.13043478260869565
3059,full,2026-W21,education,1,23,0.043478260869565216
3059,full,2026-W21,other,0,23,0.0
3059,full,2026-W22,meme,17,20,0.85
3059,full,2026-W22,mourning,0,20,0.0
3059,full,2026-W22,marketing,3,20,0.15
3059,full,2026-W22,education,0,20,0.0
3059,full,2026-W22,other,0,20,0.0
3059,no_B,2026-W12,meme,0,30,0.0
3059,no_B,2026-W12,mourning,0,30,0.0
3059,no_B,2026-W12,marketing,19,30,0.6333333333333333
3059,no_B,2026-W12,education,11,30,0.36666666666666664
3059,no_B,2026-W12,other,0,30,0.0
3059,no_B,2026-W13,meme,0,28,0.0
3059,no_B,2026-W13,mourning,22,28,0.7857142857142857
3059,no_B,2026-W13,marketing,0,28,0.0
3059,no_B,2026-W13,education,2,28,0.07142857142857142
3059,no_B,2026-W13,other,4,28,0.14285714285714285
3059,no_B,2026-W14,meme,0,3,0.0
3059,no_B,2026-W14,mourning,0,3,0.0
3059,no_B,2026-W14,marketing,0,3,0.0
3059,no_B,2026-W14,education,2,3,0.6666666666666666
3059,no_B,2026-W14,other,1,3,0.3333333333333333
3059,no_B,2026-W15,meme,0,1,0.0
3059,no_B,2026-W15,mourning,0,1,0.0
3059,no_B,2026-W15,marketing,0,1,0.0
3059,no_B,2026-W15,education,1,1,1.0
3059,no_B,2026-W15,other,0,1,0.0
3059,no_B,2026-W16,meme,1,1,1.0
3059,no_B,2026-W16,mourning,0,1,0.0
3059,no_B,2026-W16,marketing,0,1,0.0
3059,no_B,2026-W16,education,0,1,0.0
3059,no_B,2026-W16,other,0,1,0.0
3059,no_B,2026-W17,meme,3,4,0.75
3059,no_B,2026-W17,mourning,0,4,0.0
3059,no_B,2026-W17,marketing,0,4,0.0
3059,no_B,2026-W17,education,0,4,0.0
3059,no_B,2026-W17,other,1,4,0.25
3059,no_B,2026-W18,meme,3,3,1.0
3059,no_B,2026-W18,mourning,0,3,0.0
3059,no_B,2026-W18,marketing,0,3,0.0
3059,no_B,2026-W18,education,0,3,0.0
3059,no_B,2026-W18,other,0,3,0.0
3059,no_B,2026-W19,meme,6,6,1.0
3059,no_B,2026-W19,mourning,0,6,0.0
3059,no_B,2026-W19,marketing,0,6,0.0
3059,no_B,2026-W19,education,0,6,0.0
3059,no_B,2026-W19,other,0,6,0.0
3059,no_B,2026-W20,meme,11,11,1.0
3059,no_B,2026-W20,mourning,0,11,0.0
3059,no_B,2026-W20,marketing,0,11,0.0
3059,no_B,2026-W20,education,0,11,0.0
3059,no_B,2026-W20,other,0,11,0.0
3059,no_B,2026-W21,meme,3,3,1.0
3059,no_B,2026-W21,mourning,0,3,0.0
3059,no_B,2026-W21,marketing,0,3,0.0
3059,no_B,2026-W21,education,0,3,0.0
3059,no_B,2026-W21,other,0,3,0.0
3059,no_B,2026-W22,meme,0,0,0.0
3059,no_B,2026-W22,mourning,0,0,0.0
3059,no_B,2026-W22,marketing,0,0,0.0
3059,no_B,2026-W22,education,0,0,0.0
3059,no_B,2026-W22,other,0,0,0.0
3059,no_D,2026-W12,meme,12,63,0.19047619047619047
3059,no_D,2026-W12,mourning,12,63,0.19047619047619047
3059,no_D,2026-W12,marketing,15,63,0.23809523809523808
3059,no_D,2026-W12,education,9,63,0.14285714285714285
3059,no_D,2026-W12,other,15,63,0.23809523809523808
3059,no_D,2026-W13,meme,12,55,0.21818181818181817
3059,no_D,2026-W13,mourning,12,55,0.21818181818181817
3059,no_D,2026-W13,marketing,10,55,0.18181818181818182
3059,no_D,2026-W13,education,6,55,0.10909090909090909
3059,no_D,2026-W13,other,15,55,0.2727272727272727
3059,no_D,2026-W14,meme,11,43,0.2558139534883721
3059,no_D,2026-W14,mourning,4,43,0.09302325581395349
3059,no_D,2026-W14,marketing,10,43,0.23255813953488372
3059,no_D,2026-W14,education,6,43,0.13953488372093023
3059,no_D,2026-W14,other,12,43,0.27906976744186046
3059,no_D,2026-W15,meme,8,31,0.25806451612903225
3059,no_D,2026-W15,mourning,2,31,0.06451612903225806
3059,no_D,2026-W15,marketing,8,31,0.25806451612903225
3059,no_D,2026-W15,education,6,31,0.1935483870967742
3059,no_D,2026-W15,other,7,31,0.22580645161290322
3059,no_D,2026-W16,meme,6,20,0.3
3059,no_D,2026-W16,mourning,2,20,0.1
3059,no_D,2026-W16,marketing,7,20,0.35
3059,no_D,2026-W16,education,4,20,0.2
3059,no_D,2026-W16,other,1,20,0.05
3059,no_D,2026-W17,meme,5,13,0.38461538461538464
3059,no_D,2026-W17,mourning,0,13,0.0
3059,no_D,2026-W17,marketing,5,13,0.38461538461538464
3059,no_D,2026-W17,education,3,13,0.23076923076923078
3059,no_D,2026-W17,other,0,13,0.0
3059,no_D,2026-W18,meme,4,10,0.4
3059,no_D,2026-W18,mourning,0,10,0.0
3059,no_D,2026-W18,marketing,4,10,0.4
3059,no_D,2026-W18,education,2,10,0.2
3059,no_D,2026-W18,other,0,10,0.0
3059,no_D,2026-W19,meme,3,9,0.3333333333333333
3059,no_D,2026-W19,mourning,0,9,0.0
3059,no_D,2026-W19,marketing,4,9,0.4444444444444444
3059,no_D,2026-W19,education,2,9,0.2222222222222222
3059,no_D,2026-W19,other,0,9,0.0
3059,no_D,2026-W20,meme,3,8,0.375
3059,no_D,2026-W20,mourning,0,8,0.0
3059,no_D,2026-W20,marketing,3,8,0.375
3059,no_D,2026-W20,education,2,8,0.25
3059,no_D,2026-W20,other,0,8,0.0
3059,no_D,2026-W21,meme,1,5,0.2
3059,no_D,2026-W21,mourning,0,5,0.0
3059,no_D,2026-W21,marketing,3,5,0.6
3059,no_D,2026-W21,education,1,5,0.2
3059,no_D,2026-W21,other,0,5,0.0
3059,no_D,2026-W22,meme,1,4,0.25
3059,no_D,2026-W22,mourning,0,4,0.0
3059,no_D,2026-W22,marketing,3,4,0.75
3059,no_D,2026-W22,education,0,4,0.0
3059,no_D,2026-W22,other,0,4,0.0
3059,no_R,2026-W12,meme,0,30,0.0
3059,no_R,2026-W12,mourning,0,30,0.0
3059,no_R,2026-W12,marketing,19,30,0.6333333333333333
3059,no_R,2026-W12,education,11,30,0.36666666666666664
3059,no_R,2026-W12,other,0,30,0.0
3059,no_R,2026-W13,meme,0,48,0.0
3059,no_R,2026-W13,mourning,22,48,0.4583333333333333
3059,no_R,2026-W13,marketing,14,48,0.2916666666666667
3059,no_R,2026-W13,education,8,48,0.16666666666666666
3059,no_R,2026-W13,other,4,48,0.08333333333333333
3059,no_R,2026-W14,meme,0,47,0.0
3059,no_R,2026-W14,mourning,16,47,0.3404255319148936
3059,no_R,2026-W14,marketing,18,47,0.3829787234042553
3059,no_R,2026-W14,education,9,47,0.19148936170212766
3059,no_R,2026-W14,other,4,47,0.0851063829787234
3059,no_R,2026-W15,meme,0,58,0.0
3059,no_R,2026-W15,mourning,19,58,0.3275862068965517
3059,no_R,2026-W15,marketing,17,58,0.29310344827586204
3059,no_R,2026-W15,education,12,58,0.20689655172413793
3059,no_R,2026-W15,other,10,58,0.1724137931034483
3059,no_R,2026-W16,meme,1,53,0.018867924528301886
3059,no_R,2026-W16,mourning,16,53,0.3018867924528302
3059,no_R,2026-W16,marketing,17,53,0.32075471698113206
3059,no_R,2026-W16,education,14,53,0.2641509433962264
3059,no_R,2026-W16,other,5,53,0.09433962264150944
3059,no_R,2026-W17,meme,0,52,0.0
3059,no_R,2026-W17,mourning,15,52,0.28846153846153844
3059,no_R,2026-W17,marketing,17,52,0.3269230769230769
3059,no_R,2026-W17,education,11,52,0.21153846153846154
3059,no_R,2026-W17,other,9,52,0.17307692307692307
3059,no_R,2026-W18,meme,0,56,0.0
3059,no_R,2026-W18,mourning,13,56,0.23214285714285715
3059,no_R,2026-W18,marketing,17,56,0.30357142857142855
3059,no_R,2026-W18,education,14,56,0.25
3059,no_R,2026-W18,other,12,56,0.21428571428571427
3059,no_R,2026-W19,meme,0,47,0.0
3059,no_R,2026-W19,mourning,13,47,0.2765957446808511
3059,no_R,2026-W19,marketing,16,47,0.3404255319148936
3059,no_R,2026-W19,education,12,47,0.2553191489361702
3059,no_R,2026-W19,other,6,47,0.1276595744680851
3059,no_R,2026-W20,meme,3,58,0.05172413793103448
3059,no_R,2026-W20,mourning,10,58,0.1724137931034483
3059,no_R,2026-W20,marketing,19,58,0.3275862068965517
3059,no_R,2026-W20,education,14,58,0.2413793103448276
3059,no_R,2026-W20,other,12,58,0.20689655172413793
3059,no_R,2026-W21,meme,14,58,0.2413793103448276
3059,no_R,2026-W21,mourning,9,58,0.15517241379310345
3059,no_R,2026-W21,marketing,16,58,0.27586206896551724
3059,no_R,2026-W21,education,11,58,0.1896551724137931
3059,no_R,2026-W21,other,8,58,0.13793103448275862
3059,no_R,2026-W22,meme,17,53,0.32075471698113206
3059,no_R,2026-W22,mourning,7,53,0.1320754716981132
3059,no_R,2026-W22,marketing,15,53,0.2830188679245283
3059,no_R,2026-W22,education,9,53,0.16981132075471697
3059,no_R,2026-W22,other,5,53,0.09433962264150944
3060,full,2026-W12,meme,0,27,0.0
3060,full,2026-W12,mourning,0,27,0.0
3060,full,2026-W12,marketing,19,27,0.7037037037037037
3060,full,2026-W12,education,8,27,0.2962962962962963
3060,full,2026-W12,other,0,27,0.0
3060,full,2026-W13,meme,0,44,0.0
3060,full,2026-W13,mourning,22,44,0.5
3060,full,2026-W13,marketing,11,44,0.25
3060,full,2026-W13,education,5,44,0.11363636363636363
3060,full,2026-W13,other,6,44,0.13636363636363635
3060,full,2026-W14,meme,0,29,0.0
3060,full,2026-W14,mourning,7,29,0.2413793103448276
3060,full,2026-W14,marketing,8,29,0.27586206896551724
3060,full,2026-W14,education,7,29,0.2413793103448276
3060,full,2026-W14,other,7,29,0.2413793103448276
3060,full,2026-W15,meme,0,21,0.0
3060,full,2026-W15,mourning,5,21,0.23809523809523808
3060,full,2026-W15,marketing,7,21,0.3333333333333333
3060,full,2026-W15,education,4,21,0.19047619047619047
3060,full,2026-W15,other,5,21,0.23809523809523808
3060,full,2026-W16,meme,0,17,0.0
3060,full,2026-W16,mourning,3,17,0.17647058823529413
3060,full,2026-W16,marketing,6,17,0.35294117647058826
3060,full,2026-W16,education,6,17,0.35294117647058826
3060,full,2026-W16,other,2,17,0.11764705882352941
3060,full,2026-W17,meme,0,11,0.0
3060,full,2026-W17,mourning,1,11,0.09090909090909091
3060,full,2026-W17,marketing,5,11,0.45454545454545453
3060,full,2026-W17,education,5,11,0.45454545454545453
3060,full,2026-W17,other,0,11,0.0
3060,full,2026-W18,meme,0,7,0.0
3060,full,2026-W18,mourning,0,7,0.0
3060,full,2026-W18,marketing,4,7,0.5714285714285714
3060,full,2026-W18,education,3,7,0.42857142857142855
3060,full,2026-W18,other,0,7,0.0
3060,full,2026-W19,meme,0,8,0.0
3060,full,2026-W19,mourning,1,8,0.125
3060,full,2026-W19,marketing,5,8,0.625
3060,full,2026-W19,education,2,8,0.25
3060,full,2026-W19,other,0,8,0.0
3060,full,2026-W20,meme,10,14,0.7142857142857143
3060,full,2026-W20,mourning,0,14,0.0
3060,full,2026-W20,marketing,3,14,0.21428571428571427
3060,full,2026-W20,education,1,14,0.07142857142857142
3060,full,2026-W20,other,0,14,0.0
3060,full,2026-W21,meme,18,22,0.8181818181818182
3060,full,2026-W21,mourning,0,22,0.0
3060,full,2026-W21,marketing,3,22,0.13636363636363635
3060,full,2026-W21,education,1,22,0.045454545454545456
3060,full,2026-W21,other,0,22,0.0
3060,full,2026-W22,meme,18,21,0.8571428571428571
3060,full,2026-W22,mourning,0,21,0.0
3060,full,2026-W22,marketing,3,21,0.14285714285714285
3060,full,2026-W22,education,0,21,0.0
3060,full,2026-W22,other,0,21,0.0
3060,no_B,2026-W12,meme,0,27,0.0
3060,no_B,2026-W12,mourning,0,27,0.0
3060,no_B,2026-W12,marketing,19,27,0.7037037037037037
3060,no_B,2026-W12,education,8,27,0.2962962962962963
3060,no_B,2026-W12,other,0,27,0.0
3060,no_B,2026-W13,meme,0,30,0.0
3060,no_B,2026-W13,mourning,22,30,0.7333333333333333
3060,no_B,2026-W13,marketing,0,30,0.0
3060,no_B,2026-W13,education,2,30,0.06666666666666667
3060,no_B,2026-W13,other,6,30,0.2
3060,no_B,2026-W14,meme,0,5,0.0
3060,no_B,2026-W14,mourning,0,5,0.0
3060,no_B,2026-W14,marketing,0,5,0.0
3060,no_B,2026-W14,education,2,5,0.4
3060,no_B,2026-W14,other,3,5,0.6
3060,no_B,2026-W15,meme,0,2,0.0
3060,no_B,2026-W15,mourning,0,2,0.0
3060,no_B,2026-W15,marketing,0,2,0.0
3060,no_B,2026-W15,education,1,2,0.5
3060,no_B,2026-W15,other,1,2,0.5
3060,no_B,2026-W16,meme,0,0,0.0
3060,no_B,2026-W16,mourning,0,0,0.0
3060,no_B,2026-W16,marketing,0,0,0.0
3060,no_B,2026-W16,education,0,0,0.0
3060,no_B,2026-W16,other,0,0,0.0
3060,no_B,2026-W17,meme,0,0,0.0
3060,no_B,2026-W17,mourning,0,0,0.0
3060,no_B,2026-W17,marketing,0,0,0.0
3060,no_B,2026-W17,education,0,0,0.0
3060,no_B,2026-W17,other,0,0,0.0
3060,no_B,2026-W18,meme,0,0,0.0
3060,no_B,2026-W18,mourning,0,0,0.0
3060,no_B,2026-W18,marketing,0,0,0.0
3060,no_B,2026-W18,education,0,0,0.0
3060,no_B,2026-W18,other,0,0,0.0
3060,no_B,2026-W19,meme,0,0,0.0
3060,no_B,2026-W19,mourning,0,0,0.0
3060,no_B,2026-W19,marketing,0,0,0.0
3060,no_B,2026-W19,education,0,0,0.0
3060,no_B,2026-W19,other,0,0,0.0
3060,no_B,2026-W20,meme,6,6,1.0
3060,no_B,2026-W20,mourning,0,6,0.0
3060,no_B,2026-W20,marketing,0,6,0.0
3060,no_B,2026-W20,education,0,6,0.0
3060,no_B,2026-W20,other,0,6,0.0
3060,no_B,2026-W21,meme,17,17,1.0
3060,no_B,2026-W21,mourning,0,17,0.0
3060,no_B,2026-W21,marketing,0,17,0.0
3060,no_B,2026-W21,education,0,17,0.0
3060,no_B,2026-W21,other,0,17,0.0
3060,no_B,2026-W22,meme,1,1,1.0
3060,no_B,2026-W22,mourning,0,1,0.0
3060,no_B,2026-W22,marketing,0,1,0.0
3060,no_B,2026-W22,education,0,1,0.0
3060,no_B,2026-W22,other,0,1,0.0
3060,no_D,2026-W12,meme,12,63,0.19047619047619047
3060,no_D,2026-W12,mourning,12,63,0.19047619047619047
3060,no_D,2026-W12,marketing,15,63,0.23809523809523808
3060,no_D,2026-W12,education,9,63,0.14285714285714285
3060,no_D,2026-W12,other,15,63,0.23809523809523808
3060,no_D,2026-W13,meme,12,57,0.21052631578947367
3060,no_D,2026-W13,mourning,12,57,0.21052631578947367
3060,no_D,2026-W13,marketing,10,57,0.17543859649122806
3060,no_D,2026-W13,education,8,57,0.14035087719298245
3060,no_D,2026-W13,other,15,57,0.2631578947368421
3060,no_D,2026-W14,meme,11,42,0.2619047619047619
3060,no_D,2026-W14,mourning,4,42,0.09523809523809523
3060,no_D,2026-W14,marketing,8,42,0.19047619047619047
3060,no_D,2026-W14,education,8,42,0.19047619047619047
3060,no_D,2026-W14,other,11,42,0.2619047619047619
3060,no_D,2026-W15,meme,7,31,0.22580645161290322
3060,no_D,2026-W15,mourning,3,31,0.0967741935483871
3060,no_D,2026-W15,marketing,8,31,0.25806451612903225
3060,no_D,2026-W15,education,5,31,0.16129032258064516
3060,no_D,2026-W15,other,8,31,0.25806451612903225
3060,no_D,2026-W16,meme,5,18,0.2777777777777778
3060,no_D,2026-W16,mourning,1,18,0.05555555555555555
3060,no_D,2026-W16,marketing,6,18,0.3333333333333333
3060,no_D,2026-W16,education,4,18,0.2222222222222222
3060,no_D,2026-W16,other,2,18,0.1111111111111111
3060,no_D,2026-W17,meme,5,16,0.3125
3060,no_D,2026-W17,mourning,1,16,0.0625
3060,no_D,2026-W17,marketing,5,16,0.3125
3060,no_D,2026-W17,education,3,16,0.1875
3060,no_D,2026-W17,other,2,16,0.125
3060,no_D,2026-W18,meme,4,14,0.2857142857142857
3060,no_D,2026-W18,mourning,1,14,0.07142857142857142
3060,no_D,2026-W18,marketing,5,14,0.35714285714285715
3060,no_D,2026-W18,education,2,14,0.14285714285714285
3060,no_D,2026-W18,other,2,14,0.14285714285714285
3060,no_D,2026-W19,meme,3,10,0.3
3060,no_D,2026-W19,mourning,1,10,0.1
3060,no_D,2026-W19,marketing,4,10,0.4
3060,no_D,2026-W19,education,1,10,0.1
3060,no_D,2026-W19,other,1,10,0.1
3060,no_D,2026-W20,meme,3,8,0.375
3060,no_D,2026-W20,mourning,1,8,0.125
3060,no_D,2026-W20,marketing,3,8,0.375
3060,no_D,2026-W20,education,1,8,0.125
3060,no_D,2026-W20,other,0,8,0.0
3060,no_D,2026-W21,meme,2,7,0.2857142857142857
3060,no_D,2026-W21,mourning,1,7,0.14285714285714285
3060,no_D,2026-W21,marketing,3,7,0.42857142857142855
3060,no_D,2026-W21,education,1,7,0.14285714285714285
3060,no_D,2026-W21,other,0,7,0.0
3060,no_D,2026-W22,meme,1,6,0.16666666666666666
3060,no_D,2026-W22,mourning,1,6,0.16666666666666666
3060,no_D,2026-W22,marketing,3,6,0.5
3060,no_D,2026-W22,education,1,6,0.16666666666666666
3060,no_D,2026-W22,other,0,6,0.0
3060,no_R,2026-W12,meme,0,27,0.0
3060,no_R,2026-W12,mourning,0,27,0.0
3060,no_R,2026-W12,marketing,19,27,0.7037037037037037
3060,no_R,2026-W12,education,8,27,0.2962962962962963
3060,no_R,2026-W12,other,0,27,0.0
3060,no_R,2026-W13,meme,0,46,0.0
3060,no_R,2026-W13,mourning,22,46,0.4782608695652174
3060,no_R,2026-W13,marketing,13,46,0.2826086956521739
3060,no_R,2026-W13,education,5,46,0.10869565217391304
3060,no_R,2026-W13,other,6,46,0.13043478260869565
3060,no_R,2026-W14,meme,0,51,0.0
3060,no_R,2026-W14,mourning,16,51,0.3137254901960784
3060,no_R,2026-W14,marketing,18,51,0.35294117647058826
3060,no_R,2026-W14,education,13,51,0.2549019607843137
3060,no_R,2026-W14,other,4,51,0.0784313725490196
3060,no_R,2026-W15,meme,0,54,0.0
3060,no_R,2026-W15,mourning,17,54,0.3148148148148148
3060,no_R,2026-W15,marketing,15,54,0.2777777777777778
3060,no_R,2026-W15,education,10,54,0.18518518518518517
3060,no_R,2026-W15,other,12,54,0.2222222222222222
3060,no_R,2026-W16,meme,0,58,0.0
3060,no_R,2026-W16,mourning,18,58,0.3103448275862069
3060,no_R,2026-W16,marketing,18,58,0.3103448275862069
3060,no_R,2026-W16,education,13,58,0.22413793103448276
3060,no_R,2026-W16,other,9,58,0.15517241379310345
3060,no_R,2026-W17,meme,0,57,0.0
3060,no_R,2026-W17,mourning,19,57,0.3333333333333333
3060,no_R,2026-W17,marketing,17,57,0.2982456140350877
3060,no_R,2026-W17,education,13,57,0.22807017543859648
3060,no_R,2026-W17,other,8,57,0.14035087719298245
3060,no_R,2026-W18,meme,0,58,0.0
3060,no_R,2026-W18,mourning,17,58,0.29310344827586204
3060,no_R,2026-W18,marketing,18,58,0.3103448275862069
3060,no_R,2026-W18,education,13,58,0.22413793103448276
3060,no_R,2026-W18,other,10,58,0.1724137931034483
3060,no_R,2026-W19,meme,0,58,0.0
3060,no_R,2026-W19,mourning,18,58,0.3103448275862069
3060,no_R,2026-W19,marketing,17,58,0.29310344827586204
3060,no_R,2026-W19,education,13,58,0.22413793103448276
3060,no_R,2026-W19,other,10,58,0.1724137931034483
3060,no_R,2026-W20,meme,2,55,0.03636363636363636
3060,no_R,2026-W20,mourning,14,55,0.2545454545454545
3060,no_R,2026-W20,marketing,18,55,0.32727272727272727
3060,no_R,2026-W20,education,13,55,0.23636363636363636
3060,no_R,2026-W20,other,8,55,0.14545454545454545
3060,no_R,2026-W21,meme,12,62,0.1935483870967742
3060,no_R,2026-W21,mourning,15,62,0.24193548387096775
3060,no_R,2026-W21,marketing,18,62,0.2903225806451613
3060,no_R,2026-W21,education,13,62,0.20967741935483872
3060,no_R,2026-W21,other,4,62,0.06451612903225806
3060,no_R,2026-W22,meme,19,61,0.3114754098360656
3060,no_R,2026-W22,mourning,15,61,0.2459016393442623
3060,no_R,2026-W22,marketing,17,61,0.2786885245901639
3060,no_R,2026-W22,education,9,61,0.14754098360655737
3060,no_R,2026-W22,other,1,61,0.01639344262295082
3061,full,2026-W12,meme,0,28,0.0
3061,full,2026-W12,mourning,0,28,0.0
3061,full,2026-W12,marketing,19,28,0.6785714285714286
3061,full,2026-W12,education,9,28,0.32142857142857145
3061,full,2026-W12,other,0,28,0.0
3061,full,2026-W13,meme,0,46,0.0
3061,full,2026-W13,mourning,22,46,0.4782608695652174
3061,full,2026-W13,marketing,10,46,0.21739130434782608
3061,full,2026-W13,education,8,46,0.17391304347826086
3061,full,2026-W13,other,6,46,0.13043478260869565
3061,full,2026-W14,meme,0,34,0.0
3061,full,2026-W14,mourning,10,34,0.29411764705882354
3061,full,2026-W14,marketing,11,34,0.3235294117647059
3061,full,2026-W14,education,8,34,0.23529411764705882
3061,full,2026-W14,other,5,34,0.14705882352941177
3061,full,2026-W15,meme,0,26,0.0
3061,full,2026-W15,mourning,6,26,0.23076923076923078
3061,full,2026-W15,marketing,7,26,0.2692307692307692
3061,full,2026-W15,education,7,26,0.2692307692307692
3061,full,2026-W15,other,6,26,0.23076923076923078
3061,full,2026-W16,meme,1,14,0.07142857142857142
3061,full,2026-W16,mourning,1,14,0.07142857142857142
3061,full,2026-W16,marketing,6,14,0.42857142857142855
3061,full,2026-W16,education,4,14,0.2857142857142857
3061,full,2026-W16,other,2,14,0.14285714285714285
3061,full,2026-W17,meme,0,11,0.0
3061,full,2026-W17,mourning,1,11,0.09090909090909091
3061,full,2026-W17,marketing,4,11,0.36363636363636365
3061,full,2026-W17,education,3,11,0.2727272727272727
3061,full,2026-W17,other,3,11,0.2727272727272727
3061,full,2026-W18,meme,0,7,0.0
3061,full,2026-W18,mourning,0,7,0.0
3061,full,2026-W18,marketing,4,7,0.5714285714285714
3061,full,2026-W18,education,3,7,0.42857142857142855
3061,full,2026-W18,other,0,7,0.0
3061,full,2026-W19,meme,0,6,0.0
3061,full,2026-W19,mourning,0,6,0.0
3061,full,2026-W19,marketing,4,6,0.6666666666666666
3061,full,2026-W19,education,2,6,0.3333333333333333
3061,full,2026-W19,other,0,6,0.0
3061,full,2026-W20,meme,11,15,0.7333333333333333
3061,full,2026-W20,mourning,0,15,0.0
3061,full,2026-W20,marketing,3,15,0.2
3061,full,2026-W20,education,1,15,0.06666666666666667
3061,full,2026-W20,other,0,15,0.0
3061,full,2026-W21,meme,19,22,0.8636363636363636
3061,full,2026-W21,mourning,0,22,0.0
3061,full,2026-W21,marketing,3,22,0.13636363636363635
3061,full,2026-W21,education,0,22,0.0
3061,full,2026-W21,other,0,22,0.0
3061,full,2026-W22,meme,16,19,0.8421052631578947
3061,full,2026-W22,mourning,0,19,0.0
3061,full,2026-W22,marketing,3,19,0.15789473684210525
3061,full,2026-W22,education,0,19,0.0
3061,full,2026-W22,other,0,19,0.0
3061,no_B,2026-W12,meme,0,28,0.0
3061,no_B,2026-W12,mourning,0,28,0.0
3061,no_B,2026-W12,marketing,19,28,0.6785714285714286
3061,no_B,2026-W12,education,9,28,0.32142857142857145
3061,no_B,2026-W12,other,0,28,0.0
3061,no_B,2026-W13,meme,0,30,0.0
3061,no_B,2026-W13,mourning,22,30,0.7333333333333333
3061,no_B,2026-W13,marketing,0,30,0.0
3061,no_B,2026-W13,education,2,30,0.06666666666666667
3061,no_B,2026-W13,other,6,30,0.2
3061,no_B,2026-W14,meme,0,5,0.0
3061,no_B,2026-W14,mourning,0,5,0.0
3061,no_B,2026-W14,marketing,0,5,0.0
3061,no_B,2026-W14,education,2,5,0.4
3061,no_B,2026-W14,other,3,5,0.6
3061,no_B,2026-W15,meme,0,0,0.0
3061,no_B,2026-W15,mourning,0,0,0.0
3061,no_B,2026-W15,marketing,0,0,0.0
3061,no_B,2026-W15,education,0,0,0.0
3061,no_B,2026-W15,other,0,0,0.0
3061,no_B,2026-W16,meme,0,2,0.0
3061,no_B,2026-W16,mourning,0,2,0.0
3061,no_B,2026-W16,marketing,0,2,0.0
3061,no_B,2026-W16,education,2,2,1.0
3061,no_B,2026-W16,other,0,2,0.0
3061,no_B,2026-W17,meme,0,0,0.0
3061,no_B,2026-W17,mourning,0,0,0.0
3061,no_B,2026-W17,marketing,0,0,0.0
3061,no_B,2026-W17,education,0,0,0.0
3061,no_B,2026-W17,other,0,0,0.0
3061,no_B,2026-W18,meme,0,0,0.0
3061,no_B,2026-W18,mourning,0,0,0.0
3061,no_B,2026-W18,marketing,0,0,0.0
3061,no_B,2026-W18,education,0,0,0.0
3061,no_B,2026-W18,other,0,0,0.0
3061,no_B,2026-W19,meme,0,0,0.0
3061,no_B,2026-W19,mourning,0,0,0.0
3061,no_B,2026-W19,marketing,0,0,0.0
3061,no_B,2026-W19,education,0,0,0.0
3061,no_B,2026-W19,other,0,0,0.0
3061,no_B,2026-W20,meme,8,8,1.0
3061,no_B,2026-W20,mourning,0,8,0.0
3061,no_B,2026-W20,marketing,0,8,0.0
3061,no_B,2026-W20,education,0,8,0.0
3061,no_B,2026-W20,other,0,8,0.0
3061,no_B,2026-W21,meme,15,15,1.0
3061,no_B,2026-W21,mourning,0,15,0.0
3061,no_B,2026-W21,marketing,0,15,0.0
3061,no_B,2026-W21,education,0,15,0.0
3061,no_B,2026-W21,other,0,15,0.0
3061,no_B,2026-W22,meme,2,2,1.0
3061,no_B,2026-W22,mourning,0,2,0.0
3061,no_B,2026-W22,marketing,0,2,0.0
3061,no_B,2026-W22,education,0,2,0.0
3061,no_B,2026-W22,other,0,2,0.0
3061,no_D,2026-W12,meme,12,63,0.19047619047619047
3061,no_D,2026-W12,mourning,12,63,0.19047619047619047
3061,no_D,2026-W12,marketing,15,63,0.23809523809523808
3061,no_D,2026-W12,education,9,63,0.14285714285714285
3061,no_D,2026-W12,other,15,63,0.23809523809523808
3061,no_D,2026-W13,meme,12,57,0.21052631578947367
3061,no_D,2026-W13,mourning,12,57,0.21052631578947367
3061,no_D,2026-W13,marketing,11,57,0.19298245614035087
3061,no_D,2026-W13,education,7,57,0.12280701754385964
3061,no_D,2026-W13,other,15,57,0.2631578947368421
3061,no_D,2026-W14,meme,12,46,0.2608695652173913
3061,no_D,2026-W14,mourning,4,46,0.08695652173913043
3061,no_D,2026-W14,marketing,10,46,0.21739130434782608
3061,no_D,2026-W14,education,7,46,0.15217391304347827
3061,no_D,2026-W14,other,13,46,0.2826086956521739
3061,no_D,2026-W15,meme,6,27,0.2222222222222222
3061,no_D,2026-W15,mourning,3,27,0.1111111111111111
3061,no_D,2026-W15,marketing,7,27,0.25925925925925924
3061,no_D,2026-W15,education,6,27,0.2222222222222222
3061,no_D,2026-W15,other,5,27,0.18518518518518517
3061,no_D,2026-W16,meme,6,19,0.3157894736842105
3061,no_D,2026-W16,mourning,1,19,0.05263157894736842
3061,no_D,2026-W16,marketing,6,19,0.3157894736842105
3061,no_D,2026-W16,education,4,19,0.21052631578947367
3061,no_D,2026-W16,other,2,19,0.10526315789473684
3061,no_D,2026-W17,meme,3,12,0.25
3061,no_D,2026-W17,mourning,1,12,0.08333333333333333
3061,no_D,2026-W17,marketing,5,12,0.4166666666666667
3061,no_D,2026-W17,education,3,12,0.25
3061,no_D,2026-W17,other,0,12,0.0
3061,no_D,2026-W18,meme,3,11,0.2727272727272727
3061,no_D,2026-W18,mourning,1,11,0.09090909090909091
3061,no_D,2026-W18,marketing,4,11,0.36363636363636365
3061,no_D,2026-W18,education,3,11,0.2727272727272727
3061,no_D,2026-W18,other,0,11,0.0
3061,no_D,2026-W19,meme,3,10,0.3
3061,no_D,2026-W19,mourning,0,10,0.0
3061,no_D,2026-W19,marketing,4,10,0.4
3061,no_D,2026-W19,education,3,10,0.3
3061,no_D,2026-W19,other,0,10,0.0
3061,no_D,2026-W20,meme,3,8,0.375
3061,no_D,2026-W20,mourning,0,8,0.0
3061,no_D,2026-W20,marketing,3,8,0.375
3061,no_D,2026-W20,education,2,8,0.25
3061,no_D,2026-W20,other,0,8,0.0
3061,no_D,2026-W21,meme,2,5,0.4
3061,no_D,2026-W21,mourning,0,5,0.0
3061,no_D,2026-W21,marketing,3,5,0.6
3061,no_D,2026-W21,education,0,5,0.0
3061,no_D,2026-W21,other,0,5,0.0
3061,no_D,2026-W22,meme,1,4,0.25
3061,no_D,2026-W22,mourning,0,4,0.0
3061,no_D,2026-W22,marketing,3,4,0.75
3061,no_D,2026-W22,education,0,4,0.0
3061,no_D,2026-W22,other,0,4,0.0
3061,no_R,2026-W12,meme,0,28,0.0
3061,no_R,2026-W12,mourning,0,28,0.0
3061,no_R,2026-W12,marketing,19,28,0.6785714285714286
3061,no_R,2026-W12,education,9,28,0.32142857142857145
3061,no_R,2026-W12,other,0,28,0.0
3061,no_R,2026-W13,meme,0,50,0.0
3061,no_R,2026-W13,mourning,22,50,0.44
3061,no_R,2026-W13,marketing,14,50,0.28
3061,no_R,2026-W13,education,8,50,0.16
3061,no_R,2026-W13,other,6,50,0.12
3061,no_R,2026-W14,meme,0,49,0.0
3061,no_R,2026-W14,mourning,16,49,0.32653061224489793
3061,no_R,2026-W14,marketing,17,49,0.3469387755102041
3061,no_R,2026-W14,education,11,49,0.22448979591836735
3061,no_R,2026-W14,other,5,49,0.10204081632653061
3061,no_R,2026-W15,meme,0,56,0.0
3061,no_R,2026-W15,mourning,19,56,0.3392857142857143
3061,no_R,2026-W15,marketing,18,56,0.32142857142857145
3061,no_R,2026-W15,education,11,56,0.19642857142857142
3061,no_R,2026-W15,other,8,56,0.14285714285714285
3061,no_R,2026-W16,meme,0,58,0.0
3061,no_R,2026-W16,mourning,17,58,0.29310344827586204
3061,no_R,2026-W16,marketing,19,58,0.3275862068965517
3061,no_R,2026-W16,education,11,58,0.1896551724137931
3061,no_R,2026-W16,other,11,58,0.1896551724137931
3061,no_R,2026-W17,meme,0,50,0.0
3061,no_R,2026-W17,mourning,16,50,0.32
3061,no_R,2026-W17,marketing,17,50,0.34
3061,no_R,2026-W17,education,10,50,0.2
3061,no_R,2026-W17,other,7,50,0.14
3061,no_R,2026-W18,meme,0,56,0.0
3061,no_R,2026-W18,mourning,17,56,0.30357142857142855
3061,no_R,2026-W18,marketing,18,56,0.32142857142857145
3061,no_R,2026-W18,education,14,56,0.25
3061,no_R,2026-W18,other,7,56,0.125
3061,no_R,2026-W19,meme,0,54,0.0
3061,no_R,2026-W19,mourning,14,54,0.25925925925925924
3061,no_R,2026-W19,marketing,18,54,0.3333333333333333
3061,no_R,2026-W19,education,13,54,0.24074074074074073
3061,no_R,2026-W19,other,9,54,0.16666666666666666
3061,no_R,2026-W20,meme,4,54,0.07407407407407407
3061,no_R,2026-W20,mourning,13,54,0.24074074074074073
3061,no_R,2026-W20,marketing,18,54,0.3333333333333333
3061,no_R,2026-W20,education,13,54,0.24074074074074073
3061,no_R,2026-W20,other,6,54,0.1111111111111111
3061,no_R,2026-W21,meme,14,64,0.21875
3061,no_R,2026-W21,mourning,15,64,0.234375
3061,no_R,2026-W21,marketing,17,64,0.265625
3061,no_R,2026-W21,education,12,64,0.1875
3061,no_R,2026-W21,other,6,64,0.09375
3061,no_R,2026-W22,meme,17,62,0.27419354838709675
3061,no_R,2026-W22,mourning,13,62,0.20967741935483872
3061,no_R,2026-W22,marketing,16,62,0.25806451612903225
3061,no_R,2026-W22,education,13,62,0.20967741935483872
3061,no_R,2026-W22,other,3,62,0.04838709677419355
3062,full,2026-W12,meme,0,26,0.0
3062,full,2026-W12,mourning,0,26,0.0
3062,full,2026-W12,marketing,19,26,0.7307692307692307
3062,full,2026-W12,education,7,26,0.2692307692307692
3062,full,2026-W12,other,0,26,0.0
3062,full,2026-W13,meme,0,45,0.0
3062,full,2026-W13,mourning,22,45,0.4888888888888889
3062,full,2026-W13,marketing,12,45,0.26666666666666666
3062,full,2026-W13,education,6,45,0.13333333333333333
3062,full,2026-W13,other,5,45,0.1111111111111111
3062,full,2026-W14,meme,0,32,0.0
3062,full,2026-W14,mourning,9,32,0.28125
3062,full,2026-W14,marketing,11,32,0.34375
3062,full,2026-W14,education,10,32,0.3125
3062,full,2026-W14,other,2,32,0.0625
3062,full,2026-W15,meme,0,27,0.0
3062,full,2026-W15,mourning,7,27,0.25925925925925924
3062,full,2026-W15,marketing,8,27,0.2962962962962963
3062,full,2026-W15,education,6,27,0.2222222222222222
3062,full,2026-W15,other,6,27,0.2222222222222222
3062,full,2026-W16,meme,0,14,0.0
3062,full,2026-W16,mourning,1,14,0.07142857142857142
3062,full,2026-W16,marketing,7,14,0.5
3062,full,2026-W16,education,4,14,0.2857142857142857
3062,full,2026-W16,other,2,14,0.14285714285714285
3062,full,2026-W17,meme,0,10,0.0
3062,full,2026-W17,mourning,0,10,0.0
3062,full,2026-W17,marketing,4,10,0.4
3062,full,2026-W17,education,3,10,0.3
3062,full,2026-W17,other,3,10,0.3
3062,full,2026-W18,meme,0,7,0.0
3062,full,2026-W18,mourning,0,7,0.0
3062,full,2026-W18,marketing,4,7,0.5714285714285714
3062,full,2026-W18,education,1,7,0.14285714285714285
3062,full,2026-W18,other,2,7,0.2857142857142857
3062,full,2026-W19,meme,0,7,0.0
3062,full,2026-W19,mourning,0,7,0.0
3062,full,2026-W19,marketing,4,7,0.5714285714285714
3062,full,2026-W19,education,2,7,0.2857142857142857
3062,full,2026-W19,other,1,7,0.14285714285714285
3062,full,2026-W20,meme,10,13,0.7692307692307693
3062,full,2026-W20,mourning,0,13,0.0
3062,full,2026-W20,marketing,3,13,0.23076923076923078
3062,full,2026-W20,education,0,13,0.0
3062,full,2026-W20,other,0,13,0.0
3062,full,2026-W21,meme,17,21,0.8095238095238095
3062,full,2026-W21,mourning,0,21,0.0
3062,full,2026-W21,marketing,3,21,0.14285714285714285
3062,full,2026-W21,education,1,21,0.047619047619047616
3062,full,2026-W21,other,0,21,0.0
3062,full,2026-W22,meme,18,21,0.8571428571428571
3062,full,2026-W22,mourning,0,21,0.0
3062,full,2026-W22,marketing,3,21,0.14285714285714285
3062,full,2026-W22,education,0,21,0.0
3062,full,2026-W22,other,0,21,0.0
3062,no_B,2026-W12,meme,0,26,0.0
3062,no_B,2026-W12,mourning,0,26,0.0
3062,no_B,2026-W12,marketing,19,26,0.7307692307692307
3062,no_B,2026-W12,education,7,26,0.2692307692307692
3062,no_B,2026-W12,other,0,26,0.0
3062,no_B,2026-W13,meme,0,30,0.0
3062,no_B,2026-W13,mourning,22,30,0.7333333333333333
3062,no_B,2026-W13,marketing,0,30,0.0
3062,no_B,2026-W13,education,3,30,0.1
3062,no_B,2026-W13,other,5,30,0.16666666666666666
3062,no_B,2026-W14,meme,0,1,0.0
3062,no_B,2026-W14,mourning,0,1,0.0
3062,no_B,2026-W14,marketing,0,1,0.0
3062,no_B,2026-W14,education,1,1,1.0
3062,no_B,2026-W14,other,0,1,0.0
3062,no_B,2026-W15,meme,0,0,0.0
3062,no_B,2026-W15,mourning,0,0,0.0
3062,no_B,2026-W15,marketing,0,0,0.0
3062,no_B,2026-W15,education,0,0,0.0
3062,no_B,2026-W15,other,0,0,0.0
3062,no_B,2026-W16,meme,1,1,1.0
3062,no_B,2026-W16,mourning,0,1,0.0
3062,no_B,2026-W16,marketing,0,1,0.0
3062,no_B,2026-W16,education,0,1,0.0
3062,no_B,2026-W16,other,0,1,0.0
3062,no_B,2026-W17,meme,0,0,0.0
3062,no_B,2026-W17,mourning,0,0,0.0
3062,no_B,2026-W17,marketing,0,0,0.0
3062,no_B,2026-W17,education,0,0,0.0
3062,no_B,2026-W17,other,0,0,0.0
3062,no_B,2026-W18,meme,0,0,0.0
3062,no_B,2026-W18,mourning,0,0,0.0
3062,no_B,2026-W18,marketing,0,0,0.0
3062,no_B,2026-W18,education,0,0,0.0
3062,no_B,2026-W18,other,0,0,0.0
3062,no_B,2026-W19,meme,0,0,0.0
3062,no_B,2026-W19,mourning,0,0,0.0
3062,no_B,2026-W19,marketing,0,0,0.0
3062,no_B,2026-W19,education,0,0,0.0
3062,no_B,2026-W19,other,0,0,0.0
3062,no_B,2026-W20,meme,10,10,1.0
3062,no_B,2026-W20,mourning,0,10,0.0
3062,no_B,2026-W20,marketing,0,10,0.0
3062,no_B,2026-W20,education,0,10,0.0
3062,no_B,2026-W20,other,0,10,0.0
3062,no_B,2026-W21,meme,12,12,1.0
3062,no_B,2026-W21,mourning,0,12,0.0
3062,no_B,2026-W21,marketing,0,12,0.0
3062,no_B,2026-W21,education,0,12,0.0
3062,no_B,2026-W21,other,0,12,0.0
3062,no_B,2026-W22,meme,2,2,1.0
3062,no_B,2026-W22,mourning,0,2,0.0
3062,no_B,2026-W22,marketing,0,2,0.0
3062,no_B,2026-W22,education,0,2,0.0
3062,no_B,2026-W22,other,0,2,0.0
3062,no_D,2026-W12,meme,12,63,0.19047619047619047
3062,no_D,2026-W12,mourning,12,63,0.19047619047619047
3062,no_D,2026-W12,marketing,15,63,0.23809523809523808
3062,no_D,2026-W12,education,9,63,0.14285714285714285
3062,no_D,2026-W12,other,15,63,0.23809523809523808
3062,no_D,2026-W13,meme,12,57,0.21052631578947367
3062,no_D,2026-W13,mourning,12,57,0.21052631578947367
3062,no_D,2026-W13,marketing,11,57,0.19298245614035087
3062,no_D,2026-W13,education,7,57,0.12280701754385964
3062,no_D,2026-W13,other,15,57,0.2631578947368421
3062,no_D,2026-W14,meme,11,43,0.2558139534883721
3062,no_D,2026-W14,mourning,4,43,0.09302325581395349
3062,no_D,2026-W14,marketing,10,43,0.23255813953488372
3062,no_D,2026-W14,education,6,43,0.13953488372093023
3062,no_D,2026-W14,other,12,43,0.27906976744186046
3062,no_D,2026-W15,meme,8,28,0.2857142857142857
3062,no_D,2026-W15,mourning,2,28,0.07142857142857142
3062,no_D,2026-W15,marketing,6,28,0.21428571428571427
3062,no_D,2026-W15,education,6,28,0.21428571428571427
3062,no_D,2026-W15,other,6,28,0.21428571428571427
3062,no_D,2026-W16,meme,7,20,0.35
3062,no_D,2026-W16,mourning,1,20,0.05
3062,no_D,2026-W16,marketing,6,20,0.3
3062,no_D,2026-W16,education,5,20,0.25
3062,no_D,2026-W16,other,1,20,0.05
3062,no_D,2026-W17,meme,6,15,0.4
3062,no_D,2026-W17,mourning,1,15,0.06666666666666667
3062,no_D,2026-W17,marketing,4,15,0.26666666666666666
3062,no_D,2026-W17,education,3,15,0.2
3062,no_D,2026-W17,other,1,15,0.06666666666666667
3062,no_D,2026-W18,meme,3,11,0.2727272727272727
3062,no_D,2026-W18,mourning,1,11,0.09090909090909091
3062,no_D,2026-W18,marketing,4,11,0.36363636363636365
3062,no_D,2026-W18,education,3,11,0.2727272727272727
3062,no_D,2026-W18,other,0,11,0.0
3062,no_D,2026-W19,meme,2,8,0.25
3062,no_D,2026-W19,mourning,1,8,0.125
3062,no_D,2026-W19,marketing,4,8,0.5
3062,no_D,2026-W19,education,1,8,0.125
3062,no_D,2026-W19,other,0,8,0.0
3062,no_D,2026-W20,meme,2,5,0.4
3062,no_D,2026-W20,mourning,0,5,0.0
3062,no_D,2026-W20,marketing,3,5,0.6
3062,no_D,2026-W20,education,0,5,0.0
3062,no_D,2026-W20,other,0,5,0.0
3062,no_D,2026-W21,meme,1,4,0.25
3062,no_D,2026-W21,mourning,0,4,0.0
3062,no_D,2026-W21,marketing,3,4,0.75
3062,no_D,2026-W21,education,0,4,0.0
3062,no_D,2026-W21,other,0,4,0.0
3062,no_D,2026-W22,meme,1,4,0.25
3062,no_D,2026-W22,mourning,0,4,0.0
3062,no_D,2026-W22,marketing,3,4,0.75
3062,no_D,2026-W22,education,0,4,0.0
3062,no_D,2026-W22,other,0,4,0.0
3062,no_R,2026-W12,meme,0,26,0.0
3062,no_R,2026-W12,mourning,0,26,0.0
3062,no_R,2026-W12,marketing,19,26,0.7307692307692307
3062,no_R,2026-W12,education,7,26,0.2692307692307692
3062,no_R,2026-W12,other,0,26,0.0
3062,no_R,2026-W13,meme,0,48,0.0
3062,no_R,2026-W13,mourning,22,48,0.4583333333333333
3062,no_R,2026-W13,marketing,15,48,0.3125
3062,no_R,2026-W13,education,6,48,0.125
3062,no_R,2026-W13,other,5,48,0.10416666666666667
3062,no_R,2026-W14,meme,0,47,0.0
3062,no_R,2026-W14,mourning,13,47,0.2765957446808511
3062,no_R,2026-W14,marketing,17,47,0.3617021276595745
3062,no_R,2026-W14,education,10,47,0.2127659574468085
3062,no_R,2026-W14,other,7,47,0.14893617021276595
3062,no_R,2026-W15,meme,0,59,0.0
3062,no_R,2026-W15,mourning,20,59,0.3389830508474576
3062,no_R,2026-W15,marketing,17,59,0.288135593220339
3062,no_R,2026-W15,education,11,59,0.1864406779661017
3062,no_R,2026-W15,other,11,59,0.1864406779661017
3062,no_R,2026-W16,meme,0,59,0.0
3062,no_R,2026-W16,mourning,16,59,0.2711864406779661
3062,no_R,2026-W16,marketing,18,59,0.3050847457627119
3062,no_R,2026-W16,education,13,59,0.22033898305084745
3062,no_R,2026-W16,other,12,59,0.2033898305084746
3062,no_R,2026-W17,meme,0,52,0.0
3062,no_R,2026-W17,mourning,16,52,0.3076923076923077
3062,no_R,2026-W17,marketing,18,52,0.34615384615384615
3062,no_R,2026-W17,education,11,52,0.21153846153846154
3062,no_R,2026-W17,other,7,52,0.1346153846153846
3062,no_R,2026-W18,meme,0,47,0.0
3062,no_R,2026-W18,mourning,12,47,0.2553191489361702
3062,no_R,2026-W18,marketing,17,47,0.3617021276595745
3062,no_R,2026-W18,education,13,47,0.2765957446808511
3062,no_R,2026-W18,other,5,47,0.10638297872340426
3062,no_R,2026-W19,meme,0,58,0.0
3062,no_R,2026-W19,mourning,19,58,0.3275862068965517
3062,no_R,2026-W19,marketing,16,58,0.27586206896551724
3062,no_R,2026-W19,education,13,58,0.22413793103448276
3062,no_R,2026-W19,other,10,58,0.1724137931034483
3062,no_R,2026-W20,meme,4,51,0.0784313725490196
3062,no_R,2026-W20,mourning,15,51,0.29411764705882354
3062,no_R,2026-W20,marketing,18,51,0.35294117647058826
3062,no_R,2026-W20,education,10,51,0.19607843137254902
3062,no_R,2026-W20,other,4,51,0.0784313725490196
3062,no_R,2026-W21,meme,12,56,0.21428571428571427
3062,no_R,2026-W21,mourning,12,56,0.21428571428571427
3062,no_R,2026-W21,marketing,16,56,0.2857142857142857
3062,no_R,2026-W21,education,12,56,0.21428571428571427
3062,no_R,2026-W21,other,4,56,0.07142857142857142
3062,no_R,2026-W22,meme,18,58,0.3103448275862069
3062,no_R,2026-W22,mourning,11,58,0.1896551724137931
3062,no_R,2026-W22,marketing,17,58,0.29310344827586204
3062,no_R,2026-W22,education,8,58,0.13793103448275862
3062,no_R,2026-W22,other,4,58,0.06896551724137931
3063,full,2026-W12,meme,0,28,0.0
3063,full,2026-W12,mourning,0,28,0.0
3063,full,2026-W12,marketing,19,28,0.6785714285714286
3063,full,2026-W12,education,9,28,0.32142857142857145
3063,full,2026-W12,other,0,28,0.0
3063,full,2026-W13,meme,0,42,0.0
3063,full,2026-W13,mourning,22,42,0.5238095238095238
3063,full,2026-W13,marketing,12,42,0.2857142857142857
3063,full,2026-W13,education,6,42,0.14285714285714285
3063,full,2026-W13,other,2,42,0.047619047619047616
3063,full,2026-W14,meme,0,30,0.0
3063,full,2026-W14,mourning,9,30,0.3
3063,full,2026-W14,marketing,12,30,0.4
3063,full,2026-W14,education,8,30,0.26666666666666666
3063,full,2026-W14,other,1,30,0.03333333333333333
3063,full,2026-W15,meme,0,26,0.0
3063,full,2026-W15,mourning,6,26,0.23076923076923078
3063,full,2026-W15,marketing,7,26,0.2692307692307692
3063,full,2026-W15,education,5,26,0.19230769230769232
3063,full,2026-W15,other,8,26,0.3076923076923077
3063,full,2026-W16,meme,0,18,0.0
3063,full,2026-W16,mourning,2,18,0.1111111111111111
3063,full,2026-W16,marketing,6,18,0.3333333333333333
3063,full,2026-W16,education,6,18,0.3333333333333333
3063,full,2026-W16,other,4,18,0.2222222222222222
3063,full,2026-W17,meme,0,16,0.0
3063,full,2026-W17,mourning,1,16,0.0625
3063,full,2026-W17,marketing,5,16,0.3125
3063,full,2026-W17,education,5,16,0.3125
3063,full,2026-W17,other,5,16,0.3125
3063,full,2026-W18,meme,0,8,0.0
3063,full,2026-W18,mourning,0,8,0.0
3063,full,2026-W18,marketing,4,8,0.5
3063,full,2026-W18,education,4,8,0.5
3063,full,2026-W18,other,0,8,0.0
3063,full,2026-W19,meme,0,5,0.0
3063,full,2026-W19,mourning,0,5,0.0
3063,full,2026-W19,marketing,4,5,0.8
3063,full,2026-W19,education,1,5,0.2
3063,full,2026-W19,other,0,5,0.0
3063,full,2026-W20,meme,8,12,0.6666666666666666
3063,full,2026-W20,mourning,0,12,0.0
3063,full,2026-W20,marketing,3,12,0.25
3063,full,2026-W20,education,1,12,0.08333333333333333
3063,full,2026-W20,other,0,12,0.0
3063,full,2026-W21,meme,18,22,0.8181818181818182
3063,full,2026-W21,mourning,0,22,0.0
3063,full,2026-W21,marketing,3,22,0.13636363636363635
3063,full,2026-W21,education,1,22,0.045454545454545456
3063,full,2026-W21,other,0,22,0.0
3063,full,2026-W22,meme,18,22,0.8181818181818182
3063,full,2026-W22,mourning,0,22,0.0
3063,full,2026-W22,marketing,3,22,0.13636363636363635
3063,full,2026-W22,education,1,22,0.045454545454545456
3063,full,2026-W22,other,0,22,0.0
3063,no_B,2026-W12,meme,0,28,0.0
3063,no_B,2026-W12,mourning,0,28,0.0
3063,no_B,2026-W12,marketing,19,28,0.6785714285714286
3063,no_B,2026-W12,education,9,28,0.32142857142857145
3063,no_B,2026-W12,other,0,28,0.0
3063,no_B,2026-W13,meme,0,25,0.0
3063,no_B,2026-W13,mourning,22,25,0.88
3063,no_B,2026-W13,marketing,0,25,0.0
3063,no_B,2026-W13,education,1,25,0.04
3063,no_B,2026-W13,other,2,25,0.08
3063,no_B,2026-W14,meme,0,3,0.0
3063,no_B,2026-W14,mourning,0,3,0.0
3063,no_B,2026-W14,marketing,0,3,0.0
3063,no_B,2026-W14,education,2,3,0.6666666666666666
3063,no_B,2026-W14,other,1,3,0.3333333333333333
3063,no_B,2026-W15,meme,0,3,0.0
3063,no_B,2026-W15,mourning,0,3,0.0
3063,no_B,2026-W15,marketing,0,3,0.0
3063,no_B,2026-W15,education,1,3,0.3333333333333333
3063,no_B,2026-W15,other,2,3,0.6666666666666666
3063,no_B,2026-W16,meme,0,0,0.0
3063,no_B,2026-W16,mourning,0,0,0.0
3063,no_B,2026-W16,marketing,0,0,0.0
3063,no_B,2026-W16,education,0,0,0.0
3063,no_B,2026-W16,other,0,0,0.0
3063,no_B,2026-W17,meme,1,1,1.0
3063,no_B,2026-W17,mourning,0,1,0.0
3063,no_B,2026-W17,marketing,0,1,0.0
3063,no_B,2026-W17,education,0,1,0.0
3063,no_B,2026-W17,other,0,1,0.0
3063,no_B,2026-W18,meme,1,1,1.0
3063,no_B,2026-W18,mourning,0,1,0.0
3063,no_B,2026-W18,marketing,0,1,0.0
3063,no_B,2026-W18,education,0,1,0.0
3063,no_B,2026-W18,other,0,1,0.0
3063,no_B,2026-W19,meme,2,2,1.0
3063,no_B,2026-W19,mourning,0,2,0.0
3063,no_B,2026-W19,marketing,0,2,0.0
3063,no_B,2026-W19,education,0,2,0.0
3063,no_B,2026-W19,other,0,2,0.0
3063,no_B,2026-W20,meme,9,9,1.0
3063,no_B,2026-W20,mourning,0,9,0.0
3063,no_B,2026-W20,marketing,0,9,0.0
3063,no_B,2026-W20,education,0,9,0.0
3063,no_B,2026-W20,other,0,9,0.0
3063,no_B,2026-W21,meme,8,8,1.0
3063,no_B,2026-W21,mourning,0,8,0.0
3063,no_B,2026-W21,marketing,0,8,0.0
3063,no_B,2026-W21,education,0,8,0.0
3063,no_B,2026-W21,other,0,8,0.0
3063,no_B,2026-W22,meme,1,1,1.0
3063,no_B,2026-W22,mourning,0,1,0.0
3063,no_B,2026-W22,marketing,0,1,0.0
3063,no_B,2026-W22,education,0,1,0.0
3063,no_B,2026-W22,other,0,1,0.0
3063,no_D,2026-W12,meme,12,63,0.19047619047619047
3063,no_D,2026-W12,mourning,12,63,0.19047619047619047
3063,no_D,2026-W12,marketing,15,63,0.23809523809523808
3063,no_D,2026-W12,education,9,63,0.14285714285714285
3063,no_D,2026-W12,other,15,63,0.23809523809523808
3063,no_D,2026-W13,meme,12,57,0.21052631578947367
3063,no_D,2026-W13,mourning,12,57,0.21052631578947367
3063,no_D,2026-W13,marketing,11,57,0.19298245614035087
3063,no_D,2026-W13,education,7,57,0.12280701754385964
3063,no_D,2026-W13,other,15,57,0.2631578947368421
3063,no_D,2026-W14,meme,10,43,0.23255813953488372
3063,no_D,2026-W14,mourning,4,43,0.09302325581395349
3063,no_D,2026-W14,marketing,9,43,0.20930232558139536
3063,no_D,2026-W14,education,7,43,0.16279069767441862
3063,no_D,2026-W14,other,13,43,0.3023255813953488
3063,no_D,2026-W15,meme,7,32,0.21875
3063,no_D,2026-W15,mourning,2,32,0.0625
3063,no_D,2026-W15,marketing,6,32,0.1875
3063,no_D,2026-W15,education,6,32,0.1875
3063,no_D,2026-W15,other,11,32,0.34375
3063,no_D,2026-W16,meme,6,22,0.2727272727272727
3063,no_D,2026-W16,mourning,2,22,0.09090909090909091
3063,no_D,2026-W16,marketing,6,22,0.2727272727272727
3063,no_D,2026-W16,education,6,22,0.2727272727272727
3063,no_D,2026-W16,other,2,22,0.09090909090909091
3063,no_D,2026-W17,meme,6,17,0.35294117647058826
3063,no_D,2026-W17,mourning,1,17,0.058823529411764705
3063,no_D,2026-W17,marketing,5,17,0.29411764705882354
3063,no_D,2026-W17,education,5,17,0.29411764705882354
3063,no_D,2026-W17,other,0,17,0.0
3063,no_D,2026-W18,meme,5,16,0.3125
3063,no_D,2026-W18,mourning,1,16,0.0625
3063,no_D,2026-W18,marketing,5,16,0.3125
3063,no_D,2026-W18,education,5,16,0.3125
3063,no_D,2026-W18,other,0,16,0.0
3063,no_D,2026-W19,meme,4,10,0.4
3063,no_D,2026-W19,mourning,1,10,0.1
3063,no_D,2026-W19,marketing,4,10,0.4
3063,no_D,2026-W19,education,1,10,0.1
3063,no_D,2026-W19,other,0,10,0.0
3063,no_D,2026-W20,meme,3,7,0.42857142857142855
3063,no_D,2026-W20,mourning,1,7,0.14285714285714285
3063,no_D,2026-W20,marketing,3,7,0.42857142857142855
3063,no_D,2026-W20,education,0,7,0.0
3063,no_D,2026-W20,other,0,7,0.0
3063,no_D,2026-W21,meme,2,6,0.3333333333333333
3063,no_D,2026-W21,mourning,1,6,0.16666666666666666
3063,no_D,2026-W21,marketing,3,6,0.5
3063,no_D,2026-W21,education,0,6,0.0
3063,no_D,2026-W21,other,0,6,0.0
3063,no_D,2026-W22,meme,1,5,0.2
3063,no_D,2026-W22,mourning,1,5,0.2
3063,no_D,2026-W22,marketing,3,5,0.6
3063,no_D,2026-W22,education,0,5,0.0
3063,no_D,2026-W22,other,0,5,0.0
3063,no_R,2026-W12,meme,0,28,0.0
3063,no_R,2026-W12,mourning,0,28,0.0
3063,no_R,2026-W12,marketing,19,28,0.6785714285714286
3063,no_R,2026-W12,education,9,28,0.32142857142857145
3063,no_R,2026-W12,other,0,28,0.0
3063,no_R,2026-W13,meme,0,45,0.0
3063,no_R,2026-W13,mourning,22,45,0.4888888888888889
3063,no_R,2026-W13,marketing,14,45,0.3111111111111111
3063,no_R,2026-W13,education,7,45,0.15555555555555556
3063,no_R,2026-W13,other,2,45,0.044444444444444446
3063,no_R,2026-W14,meme,0,46,0.0
3063,no_R,2026-W14,mourning,16,46,0.34782608695652173
3063,no_R,2026-W14,marketing,18,46,0.391304347826087
3063,no_R,2026-W14,education,10,46,0.21739130434782608
3063,no_R,2026-W14,other,2,46,0.043478260869565216
3063,no_R,2026-W15,meme,0,57,0.0
3063,no_R,2026-W15,mourning,21,57,0.3684210526315789
3063,no_R,2026-W15,marketing,17,57,0.2982456140350877
3063,no_R,2026-W15,education,11,57,0.19298245614035087
3063,no_R,2026-W15,other,8,57,0.14035087719298245
3063,no_R,2026-W16,meme,0,56,0.0
3063,no_R,2026-W16,mourning,16,56,0.2857142857142857
3063,no_R,2026-W16,marketing,17,56,0.30357142857142855
3063,no_R,2026-W16,education,14,56,0.25
3063,no_R,2026-W16,other,9,56,0.16071428571428573
3063,no_R,2026-W17,meme,0,59,0.0
3063,no_R,2026-W17,mourning,18,59,0.3050847457627119
3063,no_R,2026-W17,marketing,17,59,0.288135593220339
3063,no_R,2026-W17,education,10,59,0.1694915254237288
3063,no_R,2026-W17,other,14,59,0.23728813559322035
3063,no_R,2026-W18,meme,0,52,0.0
3063,no_R,2026-W18,mourning,15,52,0.28846153846153844
3063,no_R,2026-W18,marketing,16,52,0.3076923076923077
3063,no_R,2026-W18,education,11,52,0.21153846153846154
3063,no_R,2026-W18,other,10,52,0.19230769230769232
3063,no_R,2026-W19,meme,0,56,0.0
3063,no_R,2026-W19,mourning,16,56,0.2857142857142857
3063,no_R,2026-W19,marketing,17,56,0.30357142857142855
3063,no_R,2026-W19,education,13,56,0.23214285714285715
3063,no_R,2026-W19,other,10,56,0.17857142857142858
3063,no_R,2026-W20,meme,4,53,0.07547169811320754
3063,no_R,2026-W20,mourning,12,53,0.22641509433962265
3063,no_R,2026-W20,marketing,18,53,0.33962264150943394
3063,no_R,2026-W20,education,12,53,0.22641509433962265
3063,no_R,2026-W20,other,7,53,0.1320754716981132
3063,no_R,2026-W21,meme,15,62,0.24193548387096775
3063,no_R,2026-W21,mourning,9,62,0.14516129032258066
3063,no_R,2026-W21,marketing,17,62,0.27419354838709675
3063,no_R,2026-W21,education,14,62,0.22580645161290322
3063,no_R,2026-W21,other,7,62,0.11290322580645161
3063,no_R,2026-W22,meme,18,58,0.3103448275862069
3063,no_R,2026-W22,mourning,12,58,0.20689655172413793
3063,no_R,2026-W22,marketing,18,58,0.3103448275862069
3063,no_R,2026-W22,education,7,58,0.1206896551724138
3063,no_R,2026-W22,other,3,58,0.05172413793103448
3064,full,2026-W12,meme,0,24,0.0
3064,full,2026-W12,mourning,0,24,0.0
3064,full,2026-W12,marketing,19,24,0.7916666666666666
3064,full,2026-W12,education,5,24,0.20833333333333334
3064,full,2026-W12,other,0,24,0.0
3064,full,2026-W13,meme,0,42,0.0
3064,full,2026-W13,mourning,22,42,0.5238095238095238
3064,full,2026-W13,marketing,11,42,0.2619047619047619
3064,full,2026-W13,education,4,42,0.09523809523809523
3064,full,2026-W13,other,5,42,0.11904761904761904
3064,full,2026-W14,meme,0,41,0.0
3064,full,2026-W14,mourning,11,41,0.2682926829268293
3064,full,2026-W14,marketing,13,41,0.3170731707317073
3064,full,2026-W14,education,8,41,0.1951219512195122
3064,full,2026-W14,other,9,41,0.21951219512195122
3064,full,2026-W15,meme,0,24,0.0
3064,full,2026-W15,mourning,4,24,0.16666666666666666
3064,full,2026-W15,marketing,8,24,0.3333333333333333
3064,full,2026-W15,education,6,24,0.25
3064,full,2026-W15,other,6,24,0.25
3064,full,2026-W16,meme,0,16,0.0
3064,full,2026-W16,mourning,1,16,0.0625
3064,full,2026-W16,marketing,6,16,0.375
3064,full,2026-W16,education,5,16,0.3125
3064,full,2026-W16,other,4,16,0.25
3064,full,2026-W17,meme,0,11,0.0
3064,full,2026-W17,mourning,0,11,0.0
3064,full,2026-W17,marketing,5,11,0.45454545454545453
3064,full,2026-W17,education,5,11,0.45454545454545453
3064,full,2026-W17,other,1,11,0.09090909090909091
3064,full,2026-W18,meme,0,8,0.0
3064,full,2026-W18,mourning,0,8,0.0
3064,full,2026-W18,marketing,3,8,0.375
3064,full,2026-W18,education,5,8,0.625
3064,full,2026-W18,other,0,8,0.0
3064,full,2026-W19,meme,0,8,0.0
3064,full,2026-W19,mourning,0,8,0.0
3064,full,2026-W19,marketing,4,8,0.5
3064,full,2026-W19,education,3,8,0.375
3064,full,2026-W19,other,1,8,0.125
3064,full,2026-W20,meme,8,12,0.6666666666666666
3064,full,2026-W20,mourning,0,12,0.0
3064,full,2026-W20,marketing,3,12,0.25
3064,full,2026-W20,education,1,12,0.08333333333333333
3064,full,2026-W20,other,0,12,0.0
3064,full,2026-W21,meme,18,22,0.8181818181818182
3064,full,2026-W21,mourning,0,22,0.0
3064,full,2026-W21,marketing,3,22,0.13636363636363635
3064,full,2026-W21,education,1,22,0.045454545454545456
3064,full,2026-W21,other,0,22,0.0
3064,full,2026-W22,meme,18,21,0.8571428571428571
3064,full,2026-W22,mourning,0,21,0.0
3064,full,2026-W22,marketing,3,21,0.14285714285714285
3064,full,2026-W22,education,0,21,0.0
3064,full,2026-W22,other,0,21,0.0
3064,no_B,2026-W12,meme,0,24,0.0
3064,no_B,2026-W12,mourning,0,24,0.0
3064,no_B,2026-W12,marketing,19,24,0.7916666666666666
3064,no_B,2026-W12,education,5,24,0.20833333333333334
3064,no_B,2026-W12,other,0,24,0.0
3064,no_B,2026-W13,meme,0,29,0.0
3064,no_B,2026-W13,mourning,22,29,0.7586206896551724
3064,no_B,2026-W13,marketing,0,29,0.0
3064,no_B,2026-W13,education,2,29,0.06896551724137931
3064,no_B,2026-W13,other,5,29,0.1724137931034483
3064,no_B,2026-W14,meme,0,5,0.0
3064,no_B,2026-W14,mourning,0,5,0.0
3064,no_B,2026-W14,marketing,0,5,0.0
3064,no_B,2026-W14,education,2,5,0.4
3064,no_B,2026-W14,other,3,5,0.6
3064,no_B,2026-W15,meme,0,3,0.0
3064,no_B,2026-W15,mourning,0,3,0.0
3064,no_B,2026-W15,marketing,0,3,0.0
3064,no_B,2026-W15,education,1,3,0.3333333333333333
3064,no_B,2026-W15,other,2,3,0.6666666666666666
3064,no_B,2026-W16,meme,0,0,0.0
3064,no_B,2026-W16,mourning,0,0,0.0
3064,no_B,2026-W16,marketing,0,0,0.0
3064,no_B,2026-W16,education,0,0,0.0
3064,no_B,2026-W16,other,0,0,0.0
3064,no_B,2026-W17,meme,0,0,0.0
3064,no_B,2026-W17,mourning,0,0,0.0
3064,no_B,2026-W17,marketing,0,0,0.0
3064,no_B,2026-W17,education,0,0,0.0
3064,no_B,2026-W17,other,0,0,0.0
3064,no_B,2026-W18,meme,0,0,0.0
3064,no_B,2026-W18,mourning,0,0,0.0
3064,no_B,2026-W18,marketing,0,0,0.0
3064,no_B,2026-W18,education,0,0,0.0
3064,no_B,2026-W18,other,0,0,0.0
3064,no_B,2026-W19,meme,0,0,0.0
3064,no_B,2026-W19,mourning,0,0,0.0
3064,no_B,2026-W19,marketing,0,0,0.0
3064,no_B,2026-W19,education,0,0,0.0
3064,no_B,2026-W19,other,0,0,0.0
3064,no_B,2026-W20,meme,8,8,1.0
3064,no_B,2026-W20,mourning,0,8,0.0
3064,no_B,2026-W20,marketing,0,8,0.0
3064,no_B,2026-W20,education,0,8,0.0
3064,no_B,2026-W20,other,0,8,0.0
3064,no_B,2026-W21,meme,13,13,1.0
3064,no_B,2026-W21,mourning,0,13,0.0
3064,no_B,2026-W21,marketing,0,13,0.0
3064,no_B,2026-W21,education,0,13,0.0
3064,no_B,2026-W21,other,0,13,0.0
3064,no_B,2026-W22,meme,4,4,1.0
3064,no_B,2026-W22,mourning,0,4,0.0
3064,no_B,2026-W22,marketing,0,4,0.0
3064,no_B,2026-W22,education,0,4,0.0
3064,no_B,2026-W22,other,0,4,0.0
3064,no_D,2026-W12,meme,12,63,0.19047619047619047
3064,no_D,2026-W12,mourning,12,63,0.19047619047619047
3064,no_D,2026-W12,marketing,15,63,0.23809523809523808
3064,no_D,2026-W12,education,9,63,0.14285714285714285
3064,no_D,2026-W12,other,15,63,0.23809523809523808
3064,no_D,2026-W13,meme,12,56,0.21428571428571427
3064,no_D,2026-W13,mourning,12,56,0.21428571428571427
3064,no_D,2026-W13,marketing,10,56,0.17857142857142858
3064,no_D,2026-W13,education,7,56,0.125
3064,no_D,2026-W13,other,15,56,0.26785714285714285
3064,no_D,2026-W14,meme,11,40,0.275
3064,no_D,2026-W14,mourning,4,40,0.1
3064,no_D,2026-W14,marketing,9,40,0.225
3064,no_D,2026-W14,education,6,40,0.15
3064,no_D,2026-W14,other,10,40,0.25
3064,no_D,2026-W15,meme,8,29,0.27586206896551724
3064,no_D,2026-W15,mourning,2,29,0.06896551724137931
3064,no_D,2026-W15,marketing,8,29,0.27586206896551724
3064,no_D,2026-W15,education,5,29,0.1724137931034483
3064,no_D,2026-W15,other,6,29,0.20689655172413793
3064,no_D,2026-W16,meme,7,22,0.3181818181818182
3064,no_D,2026-W16,mourning,1,22,0.045454545454545456
3064,no_D,2026-W16,marketing,6,22,0.2727272727272727
3064,no_D,2026-W16,education,4,22,0.18181818181818182
3064,no_D,2026-W16,other,4,22,0.18181818181818182
3064,no_D,2026-W17,meme,5,17,0.29411764705882354
3064,no_D,2026-W17,mourning,1,17,0.058823529411764705
3064,no_D,2026-W17,marketing,6,17,0.35294117647058826
3064,no_D,2026-W17,education,3,17,0.17647058823529413
3064,no_D,2026-W17,other,2,17,0.11764705882352941
3064,no_D,2026-W18,meme,4,13,0.3076923076923077
3064,no_D,2026-W18,mourning,1,13,0.07692307692307693
3064,no_D,2026-W18,marketing,4,13,0.3076923076923077
3064,no_D,2026-W18,education,3,13,0.23076923076923078
3064,no_D,2026-W18,other,1,13,0.07692307692307693
3064,no_D,2026-W19,meme,3,10,0.3
3064,no_D,2026-W19,mourning,1,10,0.1
3064,no_D,2026-W19,marketing,4,10,0.4
3064,no_D,2026-W19,education,2,10,0.2
3064,no_D,2026-W19,other,0,10,0.0
3064,no_D,2026-W20,meme,2,7,0.2857142857142857
3064,no_D,2026-W20,mourning,1,7,0.14285714285714285
3064,no_D,2026-W20,marketing,3,7,0.42857142857142855
3064,no_D,2026-W20,education,1,7,0.14285714285714285
3064,no_D,2026-W20,other,0,7,0.0
3064,no_D,2026-W21,meme,2,7,0.2857142857142857
3064,no_D,2026-W21,mourning,1,7,0.14285714285714285
3064,no_D,2026-W21,marketing,3,7,0.42857142857142855
3064,no_D,2026-W21,education,1,7,0.14285714285714285
3064,no_D,2026-W21,other,0,7,0.0
3064,no_D,2026-W22,meme,2,5,0.4
3064,no_D,2026-W22,mourning,0,5,0.0
3064,no_D,2026-W22,marketing,3,5,0.6
3064,no_D,2026-W22,education,0,5,0.0
3064,no_D,2026-W22,other,0,5,0.0
3064,no_R,2026-W12,meme,0,24,0.0
3064,no_R,2026-W12,mourning,0,24,0.0
3064,no_R,2026-W12,marketing,19,24,0.7916666666666666
3064,no_R,2026-W12,education,5,24,0.20833333333333334
3064,no_R,2026-W12,other,0,24,0.0
3064,no_R,2026-W13,meme,0,48,0.0
3064,no_R,2026-W13,mourning,22,48,0.4583333333333333
3064,no_R,2026-W13,marketing,16,48,0.3333333333333333
3064,no_R,2026-W13,education,5,48,0.10416666666666667
3064,no_R,2026-W13,other,5,48,0.10416666666666667
3064,no_R,2026-W14,meme,0,44,0.0
3064,no_R,2026-W14,mourning,15,44,0.3409090909090909
3064,no_R,2026-W14,marketing,16,44,0.36363636363636365
3064,no_R,2026-W14,education,9,44,0.20454545454545456
3064,no_R,2026-W14,other,4,44,0.09090909090909091
3064,no_R,2026-W15,meme,0,54,0.0
3064,no_R,2026-W15,mourning,18,54,0.3333333333333333
3064,no_R,2026-W15,marketing,18,54,0.3333333333333333
3064,no_R,2026-W15,education,9,54,0.16666666666666666
3064,no_R,2026-W15,other,9,54,0.16666666666666666
3064,no_R,2026-W16,meme,0,53,0.0
3064,no_R,2026-W16,mourning,14,53,0.2641509433962264
3064,no_R,2026-W16,marketing,17,53,0.32075471698113206
3064,no_R,2026-W16,education,11,53,0.20754716981132076
3064,no_R,2026-W16,other,11,53,0.20754716981132076
3064,no_R,2026-W17,meme,1,59,0.01694915254237288
3064,no_R,2026-W17,mourning,14,59,0.23728813559322035
3064,no_R,2026-W17,marketing,16,59,0.2711864406779661
3064,no_R,2026-W17,education,14,59,0.23728813559322035
3064,no_R,2026-W17,other,14,59,0.23728813559322035
3064,no_R,2026-W18,meme,1,53,0.018867924528301886
3064,no_R,2026-W18,mourning,12,53,0.22641509433962265
3064,no_R,2026-W18,marketing,16,53,0.3018867924528302
3064,no_R,2026-W18,education,11,53,0.20754716981132076
3064,no_R,2026-W18,other,13,53,0.24528301886792453
3064,no_R,2026-W19,meme,2,49,0.04081632653061224
3064,no_R,2026-W19,mourning,8,49,0.16326530612244897
3064,no_R,2026-W19,marketing,15,49,0.30612244897959184
3064,no_R,2026-W19,education,12,49,0.24489795918367346
3064,no_R,2026-W19,other,12,49,0.24489795918367346
3064,no_R,2026-W20,meme,6,61,0.09836065573770492
3064,no_R,2026-W20,mourning,11,61,0.18032786885245902
3064,no_R,2026-W20,marketing,18,61,0.29508196721311475
3064,no_R,2026-W20,education,12,61,0.19672131147540983
3064,no_R,2026-W20,other,14,61,0.22950819672131148
3064,no_R,2026-W21,meme,10,53,0.18867924528301888
3064,no_R,2026-W21,mourning,3,53,0.05660377358490566
3064,no_R,2026-W21,marketing,17,53,0.32075471698113206
3064,no_R,2026-W21,education,13,53,0.24528301886792453
3064,no_R,2026-W21,other,10,53,0.18867924528301888
3064,no_R,2026-W22,meme,16,60,0.26666666666666666
3064,no_R,2026-W22,mourning,6,60,0.1
3064,no_R,2026-W22,marketing,19,60,0.31666666666666665
3064,no_R,2026-W22,education,13,60,0.21666666666666667
3064,no_R,2026-W22,other,6,60,0.1
3065,full,2026-W12,meme,0,25,0.0
3065,full,2026-W12,mourning,0,25,0.0
3065,full,2026-W12,marketing,19,25,0.76
3065,full,2026-W12,education,6,25,0.24
3065,full,2026-W12,other,0,25,0.0
3065,full,2026-W13,meme,0,42,0.0
3065,full,2026-W13,mourning,22,42,0.5238095238095238
3065,full,2026-W13,marketing,12,42,0.2857142857142857
3065,full,2026-W13,education,5,42,0.11904761904761904
3065,full,2026-W13,other,3,42,0.07142857142857142
3065,full,2026-W14,meme,0,33,0.0
3065,full,2026-W14,mourning,10,33,0.30303030303030304
3065,full,2026-W14,marketing,12,33,0.36363636363636365
3065,full,2026-W14,education,7,33,0.21212121212121213
3065,full,2026-W14,other,4,33,0.12121212121212122
3065,full,2026-W15,meme,0,24,0.0
3065,full,2026-W15,mourning,5,24,0.20833333333333334
3065,full,2026-W15,marketing,8,24,0.3333333333333333
3065,full,2026-W15,education,6,24,0.25
3065,full,2026-W15,other,5,24,0.20833333333333334
3065,full,2026-W16,meme,1,13,0.07692307692307693
3065,full,2026-W16,mourning,0,13,0.0
3065,full,2026-W16,marketing,6,13,0.46153846153846156
3065,full,2026-W16,education,5,13,0.38461538461538464
3065,full,2026-W16,other,1,13,0.07692307692307693
3065,full,2026-W17,meme,0,12,0.0
3065,full,2026-W17,mourning,1,12,0.08333333333333333
3065,full,2026-W17,marketing,4,12,0.3333333333333333
3065,full,2026-W17,education,4,12,0.3333333333333333
3065,full,2026-W17,other,3,12,0.25
3065,full,2026-W18,meme,0,9,0.0
3065,full,2026-W18,mourning,1,9,0.1111111111111111
3065,full,2026-W18,marketing,4,9,0.4444444444444444
3065,full,2026-W18,education,3,9,0.3333333333333333
3065,full,2026-W18,other,1,9,0.1111111111111111
3065,full,2026-W19,meme,0,5,0.0
3065,full,2026-W19,mourning,0,5,0.0
3065,full,2026-W19,marketing,4,5,0.8
3065,full,2026-W19,education,1,5,0.2
3065,full,2026-W19,other,0,5,0.0
3065,full,2026-W20,meme,11,15,0.7333333333333333
3065,full,2026-W20,mourning,0,15,0.0
3065,full,2026-W20,marketing,3,15,0.2
3065,full,2026-W20,education,1,15,0.06666666666666667
3065,full,2026-W20,other,0,15,0.0
3065,full,2026-W21,meme,19,22,0.8636363636363636
3065,full,2026-W21,mourning,0,22,0.0
3065,full,2026-W21,marketing,3,22,0.13636363636363635
3065,full,2026-W21,education,0,22,0.0
3065,full,2026-W21,other,0,22,0.0
3065,full,2026-W22,meme,19,22,0.8636363636363636
3065,full,2026-W22,mourning,0,22,0.0
3065,full,2026-W22,marketing,3,22,0.13636363636363635
3065,full,2026-W22,education,0,22,0.0
3065,full,2026-W22,other,0,22,0.0
3065,no_B,2026-W12,meme,0,25,0.0
3065,no_B,2026-W12,mourning,0,25,0.0
3065,no_B,2026-W12,marketing,19,25,0.76
3065,no_B,2026-W12,education,6,25,0.24
3065,no_B,2026-W12,other,0,25,0.0
3065,no_B,2026-W13,meme,0,26,0.0
3065,no_B,2026-W13,mourning,22,26,0.8461538461538461
3065,no_B,2026-W13,marketing,0,26,0.0
3065,no_B,2026-W13,education,1,26,0.038461538461538464
3065,no_B,2026-W13,other,3,26,0.11538461538461539
3065,no_B,2026-W14,meme,0,3,0.0
3065,no_B,2026-W14,mourning,0,3,0.0
3065,no_B,2026-W14,marketing,0,3,0.0
3065,no_B,2026-W14,education,3,3,1.0
3065,no_B,2026-W14,other,0,3,0.0
3065,no_B,2026-W15,meme,0,0,0.0
3065,no_B,2026-W15,mourning,0,0,0.0
3065,no_B,2026-W15,marketing,0,0,0.0
3065,no_B,2026-W15,education,0,0,0.0
3065,no_B,2026-W15,other,0,0,0.0
3065,no_B,2026-W16,meme,2,3,0.6666666666666666
3065,no_B,2026-W16,mourning,0,3,0.0
3065,no_B,2026-W16,marketing,0,3,0.0
3065,no_B,2026-W16,education,1,3,0.3333333333333333
3065,no_B,2026-W16,other,0,3,0.0
3065,no_B,2026-W17,meme,1,1,1.0
3065,no_B,2026-W17,mourning,0,1,0.0
3065,no_B,2026-W17,marketing,0,1,0.0
3065,no_B,2026-W17,education,0,1,0.0
3065,no_B,2026-W17,other,0,1,0.0
3065,no_B,2026-W18,meme,4,4,1.0
3065,no_B,2026-W18,mourning,0,4,0.0
3065,no_B,2026-W18,marketing,0,4,0.0
3065,no_B,2026-W18,education,0,4,0.0
3065,no_B,2026-W18,other,0,4,0.0
3065,no_B,2026-W19,meme,5,5,1.0
3065,no_B,2026-W19,mourning,0,5,0.0
3065,no_B,2026-W19,marketing,0,5,0.0
3065,no_B,2026-W19,education,0,5,0.0
3065,no_B,2026-W19,other,0,5,0.0
3065,no_B,2026-W20,meme,10,10,1.0
3065,no_B,2026-W20,mourning,0,10,0.0
3065,no_B,2026-W20,marketing,0,10,0.0
3065,no_B,2026-W20,education,0,10,0.0
3065,no_B,2026-W20,other,0,10,0.0
3065,no_B,2026-W21,meme,0,0,0.0
3065,no_B,2026-W21,mourning,0,0,0.0
3065,no_B,2026-W21,marketing,0,0,0.0
3065,no_B,2026-W21,education,0,0,0.0
3065,no_B,2026-W21,other,0,0,0.0
3065,no_B,2026-W22,meme,0,0,0.0
3065,no_B,2026-W22,mourning,0,0,0.0
3065,no_B,2026-W22,marketing,0,0,0.0
3065,no_B,2026-W22,education,0,0,0.0
3065,no_B,2026-W22,other,0,0,0.0
3065,no_D,2026-W12,meme,12,63,0.19047619047619047
3065,no_D,2026-W12,mourning,12,63,0.19047619047619047
3065,no_D,2026-W12,marketing,15,63,0.23809523809523808
3065,no_D,2026-W12,education,9,63,0.14285714285714285
3065,no_D,2026-W12,other,15,63,0.23809523809523808
3065,no_D,2026-W13,meme,12,57,0.21052631578947367
3065,no_D,2026-W13,mourning,12,57,0.21052631578947367
3065,no_D,2026-W13,marketing,11,57,0.19298245614035087
3065,no_D,2026-W13,education,7,57,0.12280701754385964
3065,no_D,2026-W13,other,15,57,0.2631578947368421
3065,no_D,2026-W14,meme,11,42,0.2619047619047619
3065,no_D,2026-W14,mourning,4,42,0.09523809523809523
3065,no_D,2026-W14,marketing,9,42,0.21428571428571427
3065,no_D,2026-W14,education,6,42,0.14285714285714285
3065,no_D,2026-W14,other,12,42,0.2857142857142857
3065,no_D,2026-W15,meme,6,27,0.2222222222222222
3065,no_D,2026-W15,mourning,3,27,0.1111111111111111
3065,no_D,2026-W15,marketing,7,27,0.25925925925925924
3065,no_D,2026-W15,education,4,27,0.14814814814814814
3065,no_D,2026-W15,other,7,27,0.25925925925925924
3065,no_D,2026-W16,meme,5,19,0.2631578947368421
3065,no_D,2026-W16,mourning,2,19,0.10526315789473684
3065,no_D,2026-W16,marketing,6,19,0.3157894736842105
3065,no_D,2026-W16,education,3,19,0.15789473684210525
3065,no_D,2026-W16,other,3,19,0.15789473684210525
3065,no_D,2026-W17,meme,5,14,0.35714285714285715
3065,no_D,2026-W17,mourning,2,14,0.14285714285714285
3065,no_D,2026-W17,marketing,4,14,0.2857142857142857
3065,no_D,2026-W17,education,3,14,0.21428571428571427
3065,no_D,2026-W17,other,0,14,0.0
3065,no_D,2026-W18,meme,4,12,0.3333333333333333
3065,no_D,2026-W18,mourning,1,12,0.08333333333333333
3065,no_D,2026-W18,marketing,4,12,0.3333333333333333
3065,no_D,2026-W18,education,3,12,0.25
3065,no_D,2026-W18,other,0,12,0.0
3065,no_D,2026-W19,meme,3,10,0.3
3065,no_D,2026-W19,mourning,1,10,0.1
3065,no_D,2026-W19,marketing,3,10,0.3
3065,no_D,2026-W19,education,3,10,0.3
3065,no_D,2026-W19,other,0,10,0.0
3065,no_D,2026-W20,meme,2,8,0.25
3065,no_D,2026-W20,mourning,1,8,0.125
3065,no_D,2026-W20,marketing,3,8,0.375
3065,no_D,2026-W20,education,2,8,0.25
3065,no_D,2026-W20,other,0,8,0.0
3065,no_D,2026-W21,meme,2,7,0.2857142857142857
3065,no_D,2026-W21,mourning,1,7,0.14285714285714285
3065,no_D,2026-W21,marketing,3,7,0.42857142857142855
3065,no_D,2026-W21,education,1,7,0.14285714285714285
3065,no_D,2026-W21,other,0,7,0.0
3065,no_D,2026-W22,meme,1,5,0.2
3065,no_D,2026-W22,mourning,1,5,0.2
3065,no_D,2026-W22,marketing,3,5,0.6
3065,no_D,2026-W22,education,0,5,0.0
3065,no_D,2026-W22,other,0,5,0.0
3065,no_R,2026-W12,meme,0,25,0.0
3065,no_R,2026-W12,mourning,0,25,0.0
3065,no_R,2026-W12,marketing,19,25,0.76
3065,no_R,2026-W12,education,6,25,0.24
3065,no_R,2026-W12,other,0,25,0.0
3065,no_R,2026-W13,meme,0,43,0.0
3065,no_R,2026-W13,mourning,22,43,0.5116279069767442
3065,no_R,2026-W13,marketing,12,43,0.27906976744186046
3065,no_R,2026-W13,education,6,43,0.13953488372093023
3065,no_R,2026-W13,other,3,43,0.06976744186046512
3065,no_R,2026-W14,meme,0,55,0.0
3065,no_R,2026-W14,mourning,19,55,0.34545454545454546
3065,no_R,2026-W14,marketing,17,55,0.3090909090909091
3065,no_R,2026-W14,education,12,55,0.21818181818181817
3065,no_R,2026-W14,other,7,55,0.12727272727272726
3065,no_R,2026-W15,meme,0,57,0.0
3065,no_R,2026-W15,mourning,19,57,0.3333333333333333
3065,no_R,2026-W15,marketing,16,57,0.2807017543859649
3065,no_R,2026-W15,education,13,57,0.22807017543859648
3065,no_R,2026-W15,other,9,57,0.15789473684210525
3065,no_R,2026-W16,meme,0,52,0.0
3065,no_R,2026-W16,mourning,16,52,0.3076923076923077
3065,no_R,2026-W16,marketing,17,52,0.3269230769230769
3065,no_R,2026-W16,education,12,52,0.23076923076923078
3065,no_R,2026-W16,other,7,52,0.1346153846153846
3065,no_R,2026-W17,meme,0,51,0.0
3065,no_R,2026-W17,mourning,16,51,0.3137254901960784
3065,no_R,2026-W17,marketing,16,51,0.3137254901960784
3065,no_R,2026-W17,education,12,51,0.23529411764705882
3065,no_R,2026-W17,other,7,51,0.13725490196078433
3065,no_R,2026-W18,meme,0,46,0.0
3065,no_R,2026-W18,mourning,15,46,0.32608695652173914
3065,no_R,2026-W18,marketing,17,46,0.3695652173913043
3065,no_R,2026-W18,education,9,46,0.1956521739130435
3065,no_R,2026-W18,other,5,46,0.10869565217391304
3065,no_R,2026-W19,meme,0,49,0.0
3065,no_R,2026-W19,mourning,14,49,0.2857142857142857
3065,no_R,2026-W19,marketing,18,49,0.3673469387755102
3065,no_R,2026-W19,education,12,49,0.24489795918367346
3065,no_R,2026-W19,other,5,49,0.10204081632653061
3065,no_R,2026-W20,meme,9,59,0.15254237288135594
3065,no_R,2026-W20,mourning,15,59,0.2542372881355932
3065,no_R,2026-W20,marketing,17,59,0.288135593220339
3065,no_R,2026-W20,education,13,59,0.22033898305084745
3065,no_R,2026-W20,other,5,59,0.0847457627118644
3065,no_R,2026-W21,meme,14,57,0.24561403508771928
3065,no_R,2026-W21,mourning,12,57,0.21052631578947367
3065,no_R,2026-W21,marketing,16,57,0.2807017543859649
3065,no_R,2026-W21,education,13,57,0.22807017543859648
3065,no_R,2026-W21,other,2,57,0.03508771929824561
3065,no_R,2026-W22,meme,19,60,0.31666666666666665
3065,no_R,2026-W22,mourning,10,60,0.16666666666666666
3065,no_R,2026-W22,marketing,18,60,0.3
3065,no_R,2026-W22,education,13,60,0.21666666666666667
3065,no_R,2026-W22,other,0,60,0.0
3066,full,2026-W12,meme,0,28,0.0
3066,full,2026-W12,mourning,0,28,0.0
3066,full,2026-W12,marketing,19,28,0.6785714285714286
3066,full,2026-W12,education,9,28,0.32142857142857145
3066,full,2026-W12,other,0,28,0.0
3066,full,2026-W13,meme,0,39,0.0
3066,full,2026-W13,mourning,22,39,0.5641025641025641
3066,full,2026-W13,marketing,10,39,0.2564102564102564
3066,full,2026-W13,education,4,39,0.10256410256410256
3066,full,2026-W13,other,3,39,0.07692307692307693
3066,full,2026-W14,meme,0,34,0.0
3066,full,2026-W14,mourning,10,34,0.29411764705882354
3066,full,2026-W14,marketing,11,34,0.3235294117647059
3066,full,2026-W14,education,7,34,0.20588235294117646
3066,full,2026-W14,other,6,34,0.17647058823529413
3066,full,2026-W15,meme,0,27,0.0
3066,full,2026-W15,mourning,6,27,0.2222222222222222
3066,full,2026-W15,marketing,8,27,0.2962962962962963
3066,full,2026-W15,education,5,27,0.18518518518518517
3066,full,2026-W15,other,8,27,0.2962962962962963
3066,full,2026-W16,meme,0,15,0.0
3066,full,2026-W16,mourning,1,15,0.06666666666666667
3066,full,2026-W16,marketing,6,15,0.4
3066,full,2026-W16,education,6,15,0.4
3066,full,2026-W16,other,2,15,0.13333333333333333
3066,full,2026-W17,meme,0,14,0.0
3066,full,2026-W17,mourning,1,14,0.07142857142857142
3066,full,2026-W17,marketing,6,14,0.42857142857142855
3066,full,2026-W17,education,4,14,0.2857142857142857
3066,full,2026-W17,other,3,14,0.21428571428571427
3066,full,2026-W18,meme,0,8,0.0
3066,full,2026-W18,mourning,0,8,0.0
3066,full,2026-W18,marketing,4,8,0.5
3066,full,2026-W18,education,3,8,0.375
3066,full,2026-W18,other,1,8,0.125
3066,full,2026-W19,meme,0,6,0.0
3066,full,2026-W19,mourning,0,6,0.0
3066,full,2026-W19,marketing,4,6,0.6666666666666666
3066,full,2026-W19,education,1,6,0.16666666666666666
3066,full,2026-W19,other,1,6,0.16666666666666666
3066,full,2026-W20,meme,10,15,0.6666666666666666
3066,full,2026-W20,mourning,0,15,0.0
3066,full,2026-W20,marketing,3,15,0.2
3066,full,2026-W20,education,2,15,0.13333333333333333
3066,full,2026-W20,other,0,15,0.0
3066,full,2026-W21,meme,18,21,0.8571428571428571
3066,full,2026-W21,mourning,0,21,0.0
3066,full,2026-W21,marketing,3,21,0.14285714285714285
3066,full,2026-W21,education,0,21,0.0
3066,full,2026-W21,other,0,21,0.0
3066,full,2026-W22,meme,17,20,0.85
3066,full,2026-W22,mourning,0,20,0.0
3066,full,2026-W22,marketing,3,20,0.15
3066,full,2026-W22,education,0,20,0.0
3066,full,2026-W22,other,0,20,0.0
3066,no_B,2026-W12,meme,0,28,0.0
3066,no_B,2026-W12,mourning,0,28,0.0
3066,no_B,2026-W12,marketing,19,28,0.6785714285714286
3066,no_B,2026-W12,education,9,28,0.32142857142857145
3066,no_B,2026-W12,other,0,28,0.0
3066,no_B,2026-W13,meme,0,26,0.0
3066,no_B,2026-W13,mourning,22,26,0.8461538461538461
3066,no_B,2026-W13,marketing,0,26,0.0
3066,no_B,2026-W13,education,1,26,0.038461538461538464
3066,no_B,2026-W13,other,3,26,0.11538461538461539
3066,no_B,2026-W14,meme,0,2,0.0
3066,no_B,2026-W14,mourning,0,2,0.0
3066,no_B,2026-W14,marketing,0,2,0.0
3066,no_B,2026-W14,education,1,2,0.5
3066,no_B,2026-W14,other,1,2,0.5
3066,no_B,2026-W15,meme,0,2,0.0
3066,no_B,2026-W15,mourning,0,2,0.0
3066,no_B,2026-W15,marketing,0,2,0.0
3066,no_B,2026-W15,education,1,2,0.5
3066,no_B,2026-W15,other,1,2,0.5
3066,no_B,2026-W16,meme,1,3,0.3333333333333333
3066,no_B,2026-W16,mourning,0,3,0.0
3066,no_B,2026-W16,marketing,0,3,0.0
3066,no_B,2026-W16,education,1,3,0.3333333333333333
3066,no_B,2026-W16,other,1,3,0.3333333333333333
3066,no_B,2026-W17,meme,1,1,1.0
3066,no_B,2026-W17,mourning,0,1,0.0
3066,no_B,2026-W17,marketing,0,1,0.0
3066,no_B,2026-W17,education,0,1,0.0
3066,no_B,2026-W17,other,0,1,0.0
3066,no_B,2026-W18,meme,0,0,0.0
3066,no_B,2026-W18,mourning,0,0,0.0
3066,no_B,2026-W18,marketing,0,0,0.0
3066,no_B,2026-W18,education,0,0,0.0
3066,no_B,2026-W18,other,0,0,0.0
3066,no_B,2026-W19,meme,0,0,0.0
3066,no_B,2026-W19,mourning,0,0,0.0
3066,no_B,2026-W19,marketing,0,0,0.0
3066,no_B,2026-W19,education,0,0,0.0
3066,no_B,2026-W19,other,0,0,0.0
3066,no_B,2026-W20,meme,7,7,1.0
3066,no_B,2026-W20,mourning,0,7,0.0
3066,no_B,2026-W20,marketing,0,7,0.0
3066,no_B,2026-W20,education,0,7,0.0
3066,no_B,2026-W20,other,0,7,0.0
3066,no_B,2026-W21,meme,10,10,1.0
3066,no_B,2026-W21,mourning,0,10,0.0
3066,no_B,2026-W21,marketing,0,10,0.0
3066,no_B,2026-W21,education,0,10,0.0
3066,no_B,2026-W21,other,0,10,0.0
3066,no_B,2026-W22,meme,0,0,0.0
3066,no_B,2026-W22,mourning,0,0,0.0
3066,no_B,2026-W22,marketing,0,0,0.0
3066,no_B,2026-W22,education,0,0,0.0
3066,no_B,2026-W22,other,0,0,0.0
3066,no_D,2026-W12,meme,12,63,0.19047619047619047
3066,no_D,2026-W12,mourning,12,63,0.19047619047619047
3066,no_D,2026-W12,marketing,15,63,0.23809523809523808
3066,no_D,2026-W12,education,9,63,0.14285714285714285
3066,no_D,2026-W12,other,15,63,0.23809523809523808
3066,no_D,2026-W13,meme,12,56,0.21428571428571427
3066,no_D,2026-W13,mourning,12,56,0.21428571428571427
3066,no_D,2026-W13,marketing,11,56,0.19642857142857142
3066,no_D,2026-W13,education,6,56,0.10714285714285714
3066,no_D,2026-W13,other,15,56,0.26785714285714285
3066,no_D,2026-W14,meme,12,42,0.2857142857142857
3066,no_D,2026-W14,mourning,4,42,0.09523809523809523
3066,no_D,2026-W14,marketing,8,42,0.19047619047619047
3066,no_D,2026-W14,education,6,42,0.14285714285714285
3066,no_D,2026-W14,other,12,42,0.2857142857142857
3066,no_D,2026-W15,meme,7,32,0.21875
3066,no_D,2026-W15,mourning,3,32,0.09375
3066,no_D,2026-W15,marketing,7,32,0.21875
3066,no_D,2026-W15,education,6,32,0.1875
3066,no_D,2026-W15,other,9,32,0.28125
3066,no_D,2026-W16,meme,7,20,0.35
3066,no_D,2026-W16,mourning,1,20,0.05
3066,no_D,2026-W16,marketing,7,20,0.35
3066,no_D,2026-W16,education,4,20,0.2
3066,no_D,2026-W16,other,1,20,0.05
3066,no_D,2026-W17,meme,5,13,0.38461538461538464
3066,no_D,2026-W17,mourning,1,13,0.07692307692307693
3066,no_D,2026-W17,marketing,5,13,0.38461538461538464
3066,no_D,2026-W17,education,2,13,0.15384615384615385
3066,no_D,2026-W17,other,0,13,0.0
3066,no_D,2026-W18,meme,5,12,0.4166666666666667
3066,no_D,2026-W18,mourning,1,12,0.08333333333333333
3066,no_D,2026-W18,marketing,4,12,0.3333333333333333
3066,no_D,2026-W18,education,2,12,0.16666666666666666
3066,no_D,2026-W18,other,0,12,0.0
3066,no_D,2026-W19,meme,4,10,0.4
3066,no_D,2026-W19,mourning,1,10,0.1
3066,no_D,2026-W19,marketing,3,10,0.3
3066,no_D,2026-W19,education,2,10,0.2
3066,no_D,2026-W19,other,0,10,0.0
3066,no_D,2026-W20,meme,4,8,0.5
3066,no_D,2026-W20,mourning,1,8,0.125
3066,no_D,2026-W20,marketing,3,8,0.375
3066,no_D,2026-W20,education,0,8,0.0
3066,no_D,2026-W20,other,0,8,0.0
3066,no_D,2026-W21,meme,2,6,0.3333333333333333
3066,no_D,2026-W21,mourning,1,6,0.16666666666666666
3066,no_D,2026-W21,marketing,3,6,0.5
3066,no_D,2026-W21,education,0,6,0.0
3066,no_D,2026-W21,other,0,6,0.0
3066,no_D,2026-W22,meme,1,5,0.2
3066,no_D,2026-W22,mourning,1,5,0.2
3066,no_D,2026-W22,marketing,3,5,0.6
3066,no_D,2026-W22,education,0,5,0.0
3066,no_D,2026-W22,other,0,5,0.0
3066,no_R,2026-W12,meme,0,28,0.0
3066,no_R,2026-W12,mourning,0,28,0.0
3066,no_R,2026-W12,marketing,19,28,0.6785714285714286
3066,no_R,2026-W12,education,9,28,0.32142857142857145
3066,no_R,2026-W12,other,0,28,0.0
3066,no_R,2026-W13,meme,0,43,0.0
3066,no_R,2026-W13,mourning,22,43,0.5116279069767442
3066,no_R,2026-W13,marketing,14,43,0.32558139534883723
3066,no_R,2026-W13,education,4,43,0.09302325581395349
3066,no_R,2026-W13,other,3,43,0.06976744186046512
3066,no_R,2026-W14,meme,0,46,0.0
3066,no_R,2026-W14,mourning,15,46,0.32608695652173914
3066,no_R,2026-W14,marketing,18,46,0.391304347826087
3066,no_R,2026-W14,education,11,46,0.2391304347826087
3066,no_R,2026-W14,other,2,46,0.043478260869565216
3066,no_R,2026-W15,meme,0,54,0.0
3066,no_R,2026-W15,mourning,20,54,0.37037037037037035
3066,no_R,2026-W15,marketing,15,54,0.2777777777777778
3066,no_R,2026-W15,education,10,54,0.18518518518518517
3066,no_R,2026-W15,other,9,54,0.16666666666666666
3066,no_R,2026-W16,meme,0,50,0.0
3066,no_R,2026-W16,mourning,13,50,0.26
3066,no_R,2026-W16,marketing,16,50,0.32
3066,no_R,2026-W16,education,13,50,0.26
3066,no_R,2026-W16,other,8,50,0.16
3066,no_R,2026-W17,meme,0,50,0.0
3066,no_R,2026-W17,mourning,13,50,0.26
3066,no_R,2026-W17,marketing,18,50,0.36
3066,no_R,2026-W17,education,13,50,0.26
3066,no_R,2026-W17,other,6,50,0.12
3066,no_R,2026-W18,meme,0,55,0.0
3066,no_R,2026-W18,mourning,13,55,0.23636363636363636
3066,no_R,2026-W18,marketing,19,55,0.34545454545454546
3066,no_R,2026-W18,education,12,55,0.21818181818181817
3066,no_R,2026-W18,other,11,55,0.2
3066,no_R,2026-W19,meme,0,53,0.0
3066,no_R,2026-W19,mourning,14,53,0.2641509433962264
3066,no_R,2026-W19,marketing,17,53,0.32075471698113206
3066,no_R,2026-W19,education,11,53,0.20754716981132076
3066,no_R,2026-W19,other,11,53,0.20754716981132076
3066,no_R,2026-W20,meme,3,55,0.05454545454545454
3066,no_R,2026-W20,mourning,13,55,0.23636363636363636
3066,no_R,2026-W20,marketing,19,55,0.34545454545454546
3066,no_R,2026-W20,education,10,55,0.18181818181818182
3066,no_R,2026-W20,other,10,55,0.18181818181818182
3066,no_R,2026-W21,meme,15,59,0.2542372881355932
3066,no_R,2026-W21,mourning,8,59,0.13559322033898305
3066,no_R,2026-W21,marketing,18,59,0.3050847457627119
3066,no_R,2026-W21,education,12,59,0.2033898305084746
3066,no_R,2026-W21,other,6,59,0.1016949152542373
3066,no_R,2026-W22,meme,19,67,0.2835820895522388
3066,no_R,2026-W22,mourning,19,67,0.2835820895522388
3066,no_R,2026-W22,marketing,15,67,0.22388059701492538
3066,no_R,2026-W22,education,10,67,0.14925373134328357
3066,no_R,2026-W22,other,4,67,0.05970149253731343
3067,full,2026-W12,meme,0,25,0.0
3067,full,2026-W12,mourning,0,25,0.0
3067,full,2026-W12,marketing,19,25,0.76
3067,full,2026-W12,education,6,25,0.24
3067,full,2026-W12,other,0,25,0.0
3067,full,2026-W13,meme,0,39,0.0
3067,full,2026-W13,mourning,22,39,0.5641025641025641
3067,full,2026-W13,marketing,8,39,0.20512820512820512
3067,full,2026-W13,education,6,39,0.15384615384615385
3067,full,2026-W13,other,3,39,0.07692307692307693
3067,full,2026-W14,meme,0,30,0.0
3067,full,2026-W14,mourning,8,30,0.26666666666666666
3067,full,2026-W14,marketing,10,30,0.3333333333333333
3067,full,2026-W14,education,7,30,0.23333333333333334
3067,full,2026-W14,other,5,30,0.16666666666666666
3067,full,2026-W15,meme,0,27,0.0
3067,full,2026-W15,mourning,5,27,0.18518518518518517
3067,full,2026-W15,marketing,8,27,0.2962962962962963
3067,full,2026-W15,education,5,27,0.18518518518518517
3067,full,2026-W15,other,9,27,0.3333333333333333
3067,full,2026-W16,meme,0,17,0.0
3067,full,2026-W16,mourning,0,17,0.0
3067,full,2026-W16,marketing,5,17,0.29411764705882354
3067,full,2026-W16,education,5,17,0.29411764705882354
3067,full,2026-W16,other,7,17,0.4117647058823529
3067,full,2026-W17,meme,1,14,0.07142857142857142
3067,full,2026-W17,mourning,0,14,0.0
3067,full,2026-W17,marketing,5,14,0.35714285714285715
3067,full,2026-W17,education,4,14,0.2857142857142857
3067,full,2026-W17,other,4,14,0.2857142857142857
3067,full,2026-W18,meme,0,6,0.0
3067,full,2026-W18,mourning,0,6,0.0
3067,full,2026-W18,marketing,3,6,0.5
3067,full,2026-W18,education,3,6,0.5
3067,full,2026-W18,other,0,6,0.0
3067,full,2026-W19,meme,0,6,0.0
3067,full,2026-W19,mourning,0,6,0.0
3067,full,2026-W19,marketing,3,6,0.5
3067,full,2026-W19,education,3,6,0.5
3067,full,2026-W19,other,0,6,0.0
3067,full,2026-W20,meme,12,17,0.7058823529411765
3067,full,2026-W20,mourning,0,17,0.0
3067,full,2026-W20,marketing,3,17,0.17647058823529413
3067,full,2026-W20,education,2,17,0.11764705882352941
3067,full,2026-W20,other,0,17,0.0
3067,full,2026-W21,meme,19,23,0.8260869565217391
3067,full,2026-W21,mourning,0,23,0.0
3067,full,2026-W21,marketing,3,23,0.13043478260869565
3067,full,2026-W21,education,1,23,0.043478260869565216
3067,full,2026-W21,other,0,23,0.0
3067,full,2026-W22,meme,18,21,0.8571428571428571
3067,full,2026-W22,mourning,0,21,0.0
3067,full,2026-W22,marketing,3,21,0.14285714285714285
3067,full,2026-W22,education,0,21,0.0
3067,full,2026-W22,other,0,21,0.0
3067,no_B,2026-W12,meme,0,25,0.0
3067,no_B,2026-W12,mourning,0,25,0.0
3067,no_B,2026-W12,marketing,19,25,0.76
3067,no_B,2026-W12,education,6,25,0.24
3067,no_B,2026-W12,other,0,25,0.0
3067,no_B,2026-W13,meme,0,26,0.0
3067,no_B,2026-W13,mourning,22,26,0.8461538461538461
3067,no_B,2026-W13,marketing,0,26,0.0
3067,no_B,2026-W13,education,1,26,0.038461538461538464
3067,no_B,2026-W13,other,3,26,0.11538461538461539
3067,no_B,2026-W14,meme,0,3,0.0
3067,no_B,2026-W14,mourning,0,3,0.0
3067,no_B,2026-W14,marketing,0,3,0.0
3067,no_B,2026-W14,education,2,3,0.6666666666666666
3067,no_B,2026-W14,other,1,3,0.3333333333333333
3067,no_B,2026-W15,meme,0,2,0.0
3067,no_B,2026-W15,mourning,0,2,0.0
3067,no_B,2026-W15,marketing,0,2,0.0
3067,no_B,2026-W15,education,1,2,0.5
3067,no_B,2026-W15,other,1,2,0.5
3067,no_B,2026-W16,meme,0,0,0.0
3067,no_B,2026-W16,mourning,0,0,0.0
3067,no_B,2026-W16,marketing,0,0,0.0
3067,no_B,2026-W16,education,0,0,0.0
3067,no_B,2026-W16,other,0,0,0.0
3067,no_B,2026-W17,meme,0,0,0.0
3067,no_B,2026-W17,mourning,0,0,0.0
3067,no_B,2026-W17,marketing,0,0,0.0
3067,no_B,2026-W17,education,0,0,0.0
3067,no_B,2026-W17,other,0,0,0.0
3067,no_B,2026-W18,meme,0,0,0.0
3067,no_B,2026-W18,mourning,0,0,0.0
3067,no_B,2026-W18,marketing,0,0,0.0
3067,no_B,2026-W18,education,0,0,0.0
3067,no_B,2026-W18,other,0,0,0.0
3067,no_B,2026-W19,meme,0,0,0.0
3067,no_B,2026-W19,mourning,0,0,0.0
3067,no_B,2026-W19,marketing,0,0,0.0
3067,no_B,2026-W19,education,0,0,0.0
3067,no_B,2026-W19,other,0,0,0.0
3067,no_B,2026-W20,meme,10,10,1.0
3067,no_B,2026-W20,mourning,0,10,0.0
3067,no_B,2026-W20,marketing,0,10,0.0
3067,no_B,2026-W20,education,0,10,0.0
3067,no_B,2026-W20,other,0,10,0.0
3067,no_B,2026-W21,meme,14,14,1.0
3067,no_B,2026-W21,mourning,0,14,0.0
3067,no_B,2026-W21,marketing,0,14,0.0
3067,no_B,2026-W21,education,0,14,0.0
3067,no_B,2026-W21,other,0,14,0.0
3067,no_B,2026-W22,meme,2,2,1.0
3067,no_B,2026-W22,mourning,0,2,0.0
3067,no_B,2026-W22,marketing,0,2,0.0
3067,no_B,2026-W22,education,0,2,0.0
3067,no_B,2026-W22,other,0,2,0.0
3067,no_D,2026-W12,meme,12,63,0.19047619047619047
3067,no_D,2026-W12,mourning,12,63,0.19047619047619047
3067,no_D,2026-W12,marketing,15,63,0.23809523809523808
3067,no_D,2026-W12,education,9,63,0.14285714285714285
3067,no_D,2026-W12,other,15,63,0.23809523809523808
3067,no_D,2026-W13,meme,12,57,0.21052631578947367
3067,no_D,2026-W13,mourning,12,57,0.21052631578947367
3067,no_D,2026-W13,marketing,11,57,0.19298245614035087
3067,no_D,2026-W13,education,7,57,0.12280701754385964
3067,no_D,2026-W13,other,15,57,0.2631578947368421
3067,no_D,2026-W14,meme,11,44,0.25
3067,no_D,2026-W14,mourning,4,44,0.09090909090909091
3067,no_D,2026-W14,marketing,9,44,0.20454545454545456
3067,no_D,2026-W14,education,6,44,0.13636363636363635
3067,no_D,2026-W14,other,14,44,0.3181818181818182
3067,no_D,2026-W15,meme,9,34,0.2647058823529412
3067,no_D,2026-W15,mourning,4,34,0.11764705882352941
3067,no_D,2026-W15,marketing,7,34,0.20588235294117646
3067,no_D,2026-W15,education,6,34,0.17647058823529413
3067,no_D,2026-W15,other,8,34,0.23529411764705882
3067,no_D,2026-W16,meme,5,18,0.2777777777777778
3067,no_D,2026-W16,mourning,2,18,0.1111111111111111
3067,no_D,2026-W16,marketing,5,18,0.2777777777777778
3067,no_D,2026-W16,education,4,18,0.2222222222222222
3067,no_D,2026-W16,other,2,18,0.1111111111111111
3067,no_D,2026-W17,meme,5,16,0.3125
3067,no_D,2026-W17,mourning,2,16,0.125
3067,no_D,2026-W17,marketing,5,16,0.3125
3067,no_D,2026-W17,education,4,16,0.25
3067,no_D,2026-W17,other,0,16,0.0
3067,no_D,2026-W18,meme,3,12,0.25
3067,no_D,2026-W18,mourning,1,12,0.08333333333333333
3067,no_D,2026-W18,marketing,4,12,0.3333333333333333
3067,no_D,2026-W18,education,4,12,0.3333333333333333
3067,no_D,2026-W18,other,0,12,0.0
3067,no_D,2026-W19,meme,2,8,0.25
3067,no_D,2026-W19,mourning,1,8,0.125
3067,no_D,2026-W19,marketing,3,8,0.375
3067,no_D,2026-W19,education,2,8,0.25
3067,no_D,2026-W19,other,0,8,0.0
3067,no_D,2026-W20,meme,2,8,0.25
3067,no_D,2026-W20,mourning,1,8,0.125
3067,no_D,2026-W20,marketing,3,8,0.375
3067,no_D,2026-W20,education,2,8,0.25
3067,no_D,2026-W20,other,0,8,0.0
3067,no_D,2026-W21,meme,1,6,0.16666666666666666
3067,no_D,2026-W21,mourning,1,6,0.16666666666666666
3067,no_D,2026-W21,marketing,3,6,0.5
3067,no_D,2026-W21,education,1,6,0.16666666666666666
3067,no_D,2026-W21,other,0,6,0.0
3067,no_D,2026-W22,meme,1,5,0.2
3067,no_D,2026-W22,mourning,1,5,0.2
3067,no_D,2026-W22,marketing,3,5,0.6
3067,no_D,2026-W22,education,0,5,0.0
3067,no_D,2026-W22,other,0,5,0.0
3067,no_R,2026-W12,meme,0,25,0.0
3067,no_R,2026-W12,mourning,0,25,0.0
3067,no_R,2026-W12,marketing,19,25,0.76
3067,no_R,2026-W12,education,6,25,0.24
3067,no_R,2026-W12,other,0,25,0.0
3067,no_R,2026-W13,meme,0,47,0.0
3067,no_R,2026-W13,mourning,22,47,0.46808510638297873
3067,no_R,2026-W13,marketing,15,47,0.3191489361702128
3067,no_R,2026-W13,education,7,47,0.14893617021276595
3067,no_R,2026-W13,other,3,47,0.06382978723404255
3067,no_R,2026-W14,meme,0,55,0.0
3067,no_R,2026-W14,mourning,17,55,0.3090909090909091
3067,no_R,2026-W14,marketing,18,55,0.32727272727272727
3067,no_R,2026-W14,education,11,55,0.2
3067,no_R,2026-W14,other,9,55,0.16363636363636364
3067,no_R,2026-W15,meme,0,53,0.0
3067,no_R,2026-W15,mourning,18,53,0.33962264150943394
3067,no_R,2026-W15,marketing,18,53,0.33962264150943394
3067,no_R,2026-W15,education,8,53,0.1509433962264151
3067,no_R,2026-W15,other,9,53,0.16981132075471697
3067,no_R,2026-W16,meme,1,55,0.01818181818181818
3067,no_R,2026-W16,mourning,16,55,0.2909090909090909
3067,no_R,2026-W16,marketing,16,55,0.2909090909090909
3067,no_R,2026-W16,education,13,55,0.23636363636363636
3067,no_R,2026-W16,other,9,55,0.16363636363636364
3067,no_R,2026-W17,meme,0,55,0.0
3067,no_R,2026-W17,mourning,15,55,0.2727272727272727
3067,no_R,2026-W17,marketing,19,55,0.34545454545454546
3067,no_R,2026-W17,education,11,55,0.2
3067,no_R,2026-W17,other,10,55,0.18181818181818182
3067,no_R,2026-W18,meme,0,56,0.0
3067,no_R,2026-W18,mourning,17,56,0.30357142857142855
3067,no_R,2026-W18,marketing,17,56,0.30357142857142855
3067,no_R,2026-W18,education,13,56,0.23214285714285715
3067,no_R,2026-W18,other,9,56,0.16071428571428573
3067,no_R,2026-W19,meme,0,51,0.0
3067,no_R,2026-W19,mourning,14,51,0.27450980392156865
3067,no_R,2026-W19,marketing,17,51,0.3333333333333333
3067,no_R,2026-W19,education,12,51,0.23529411764705882
3067,no_R,2026-W19,other,8,51,0.1568627450980392
3067,no_R,2026-W20,meme,5,56,0.08928571428571429
3067,no_R,2026-W20,mourning,12,56,0.21428571428571427
3067,no_R,2026-W20,marketing,17,56,0.30357142857142855
3067,no_R,2026-W20,education,11,56,0.19642857142857142
3067,no_R,2026-W20,other,11,56,0.19642857142857142
3067,no_R,2026-W21,meme,15,66,0.22727272727272727
3067,no_R,2026-W21,mourning,14,66,0.21212121212121213
3067,no_R,2026-W21,marketing,17,66,0.25757575757575757
3067,no_R,2026-W21,education,12,66,0.18181818181818182
3067,no_R,2026-W21,other,8,66,0.12121212121212122
3067,no_R,2026-W22,meme,18,67,0.26865671641791045
3067,no_R,2026-W22,mourning,15,67,0.22388059701492538
3067,no_R,2026-W22,marketing,17,67,0.2537313432835821
3067,no_R,2026-W22,education,11,67,0.16417910447761194
3067,no_R,2026-W22,other,6,67,0.08955223880597014
3068,full,2026-W12,meme,0,24,0.0
3068,full,2026-W12,mourning,0,24,0.0
3068,full,2026-W12,marketing,19,24,0.7916666666666666
3068,full,2026-W12,education,5,24,0.20833333333333334
3068,full,2026-W12,other,0,24,0.0
3068,full,2026-W13,meme,0,43,0.0
3068,full,2026-W13,mourning,22,43,0.5116279069767442
3068,full,2026-W13,marketing,11,43,0.2558139534883721
3068,full,2026-W13,education,4,43,0.09302325581395349
3068,full,2026-W13,other,6,43,0.13953488372093023
3068,full,2026-W14,meme,0,37,0.0
3068,full,2026-W14,mourning,12,37,0.32432432432432434
3068,full,2026-W14,marketing,11,37,0.2972972972972973
3068,full,2026-W14,education,9,37,0.24324324324324326
3068,full,2026-W14,other,5,37,0.13513513513513514
3068,full,2026-W15,meme,0,21,0.0
3068,full,2026-W15,mourning,5,21,0.23809523809523808
3068,full,2026-W15,marketing,6,21,0.2857142857142857
3068,full,2026-W15,education,6,21,0.2857142857142857
3068,full,2026-W15,other,4,21,0.19047619047619047
3068,full,2026-W16,meme,1,20,0.05
3068,full,2026-W16,mourning,2,20,0.1
3068,full,2026-W16,marketing,5,20,0.25
3068,full,2026-W16,education,7,20,0.35
3068,full,2026-W16,other,5,20,0.25
3068,full,2026-W17,meme,0,15,0.0
3068,full,2026-W17,mourning,0,15,0.0
3068,full,2026-W17,marketing,6,15,0.4
3068,full,2026-W17,education,4,15,0.26666666666666666
3068,full,2026-W17,other,5,15,0.3333333333333333
3068,full,2026-W18,meme,1,10,0.1
3068,full,2026-W18,mourning,0,10,0.0
3068,full,2026-W18,marketing,5,10,0.5
3068,full,2026-W18,education,3,10,0.3
3068,full,2026-W18,other,1,10,0.1
3068,full,2026-W19,meme,0,6,0.0
3068,full,2026-W19,mourning,0,6,0.0
3068,full,2026-W19,marketing,4,6,0.6666666666666666
3068,full,2026-W19,education,2,6,0.3333333333333333
3068,full,2026-W19,other,0,6,0.0
3068,full,2026-W20,meme,12,18,0.6666666666666666
3068,full,2026-W20,mourning,0,18,0.0
3068,full,2026-W20,marketing,4,18,0.2222222222222222
3068,full,2026-W20,education,2,18,0.1111111111111111
3068,full,2026-W20,other,0,18,0.0
3068,full,2026-W21,meme,19,23,0.8260869565217391
3068,full,2026-W21,mourning,0,23,0.0
3068,full,2026-W21,marketing,3,23,0.13043478260869565
3068,full,2026-W21,education,1,23,0.043478260869565216
3068,full,2026-W21,other,0,23,0.0
3068,full,2026-W22,meme,18,21,0.8571428571428571
3068,full,2026-W22,mourning,0,21,0.0
3068,full,2026-W22,marketing,3,21,0.14285714285714285
3068,full,2026-W22,education,0,21,0.0
3068,full,2026-W22,other,0,21,0.0
3068,no_B,2026-W12,meme,0,24,0.0
3068,no_B,2026-W12,mourning,0,24,0.0
3068,no_B,2026-W12,marketing,19,24,0.7916666666666666
3068,no_B,2026-W12,education,5,24,0.20833333333333334
3068,no_B,2026-W12,other,0,24,0.0
3068,no_B,2026-W13,meme,0,28,0.0
3068,no_B,2026-W13,mourning,22,28,0.7857142857142857
3068,no_B,2026-W13,marketing,0,28,0.0
3068,no_B,2026-W13,education,0,28,0.0
3068,no_B,2026-W13,other,6,28,0.21428571428571427
3068,no_B,2026-W14,meme,0,2,0.0
3068,no_B,2026-W14,mourning,0,2,0.0
3068,no_B,2026-W14,marketing,0,2,0.0
3068,no_B,2026-W14,education,1,2,0.5
3068,no_B,2026-W14,other,1,2,0.5
3068,no_B,2026-W15,meme,0,2,0.0
3068,no_B,2026-W15,mourning,0,2,0.0
3068,no_B,2026-W15,marketing,0,2,0.0
3068,no_B,2026-W15,education,2,2,1.0
3068,no_B,2026-W15,other,0,2,0.0
3068,no_B,2026-W16,meme,1,1,1.0
3068,no_B,2026-W16,mourning,0,1,0.0
3068,no_B,2026-W16,marketing,0,1,0.0
3068,no_B,2026-W16,education,0,1,0.0
3068,no_B,2026-W16,other,0,1,0.0
3068,no_B,2026-W17,meme,0,0,0.0
3068,no_B,2026-W17,mourning,0,0,0.0
3068,no_B,2026-W17,marketing,0,0,0.0
3068,no_B,2026-W17,education,0,0,0.0
3068,no_B,2026-W17,other,0,0,0.0
3068,no_B,2026-W18,meme,0,0,0.0
3068,no_B,2026-W18,mourning,0,0,0.0
3068,no_B,2026-W18,marketing,0,0,0.0
3068,no_B,2026-W18,education,0,0,0.0
3068,no_B,2026-W18,other,0,0,0.0
3068,no_B,2026-W19,meme,0,0,0.0
3068,no_B,2026-W19,mourning,0,0,0.0
3068,no_B,2026-W19,marketing,0,0,0.0
3068,no_B,2026-W19,education,0,0,0.0
3068,no_B,2026-W19,other,0,0,0.0
3068,no_B,2026-W20,meme,10,10,1.0
3068,no_B,2026-W20,mourning,0,10,0.0
3068,no_B,2026-W20,marketing,0,10,0.0
3068,no_B,2026-W20,education,0,10,0.0
3068,no_B,2026-W20,other,0,10,0.0
3068,no_B,2026-W21,meme,12,12,1.0
3068,no_B,2026-W21,mourning,0,12,0.0
3068,no_B,2026-W21,marketing,0,12,0.0
3068,no_B,2026-W21,education,0,12,0.0
3068,no_B,2026-W21,other,0,12,0.0
3068,no_B,2026-W22,meme,0,0,0.0
3068,no_B,2026-W22,mourning,0,0,0.0
3068,no_B,2026-W22,marketing,0,0,0.0
3068,no_B,2026-W22,education,0,0,0.0
3068,no_B,2026-W22,other,0,0,0.0
3068,no_D,2026-W12,meme,12,63,0.19047619047619047
3068,no_D,2026-W12,mourning,12,63,0.19047619047619047
3068,no_D,2026-W12,marketing,15,63,0.23809523809523808
3068,no_D,2026-W12,education,9,63,0.14285714285714285
3068,no_D,2026-W12,other,15,63,0.23809523809523808
3068,no_D,2026-W13,meme,12,57,0.21052631578947367
3068,no_D,2026-W13,mourning,12,57,0.21052631578947367
3068,no_D,2026-W13,marketing,11,57,0.19298245614035087
3068,no_D,2026-W13,education,7,57,0.12280701754385964
3068,no_D,2026-W13,other,15,57,0.2631578947368421
3068,no_D,2026-W14,meme,12,43,0.27906976744186046
3068,no_D,2026-W14,mourning,4,43,0.09302325581395349
3068,no_D,2026-W14,marketing,9,43,0.20930232558139536
3068,no_D,2026-W14,education,7,43,0.16279069767441862
3068,no_D,2026-W14,other,11,43,0.2558139534883721
3068,no_D,2026-W15,meme,8,27,0.2962962962962963
3068,no_D,2026-W15,mourning,1,27,0.037037037037037035
3068,no_D,2026-W15,marketing,7,27,0.25925925925925924
3068,no_D,2026-W15,education,6,27,0.2222222222222222
3068,no_D,2026-W15,other,5,27,0.18518518518518517
3068,no_D,2026-W16,meme,5,21,0.23809523809523808
3068,no_D,2026-W16,mourning,1,21,0.047619047619047616
3068,no_D,2026-W16,marketing,7,21,0.3333333333333333
3068,no_D,2026-W16,education,5,21,0.23809523809523808
3068,no_D,2026-W16,other,3,21,0.14285714285714285
3068,no_D,2026-W17,meme,5,17,0.29411764705882354
3068,no_D,2026-W17,mourning,1,17,0.058823529411764705
3068,no_D,2026-W17,marketing,6,17,0.35294117647058826
3068,no_D,2026-W17,education,4,17,0.23529411764705882
3068,no_D,2026-W17,other,1,17,0.058823529411764705
3068,no_D,2026-W18,meme,4,11,0.36363636363636365
3068,no_D,2026-W18,mourning,1,11,0.09090909090909091
3068,no_D,2026-W18,marketing,4,11,0.36363636363636365
3068,no_D,2026-W18,education,2,11,0.18181818181818182
3068,no_D,2026-W18,other,0,11,0.0
3068,no_D,2026-W19,meme,4,10,0.4
3068,no_D,2026-W19,mourning,1,10,0.1
3068,no_D,2026-W19,marketing,3,10,0.3
3068,no_D,2026-W19,education,2,10,0.2
3068,no_D,2026-W19,other,0,10,0.0
3068,no_D,2026-W20,meme,2,7,0.2857142857142857
3068,no_D,2026-W20,mourning,1,7,0.14285714285714285
3068,no_D,2026-W20,marketing,3,7,0.42857142857142855
3068,no_D,2026-W20,education,1,7,0.14285714285714285
3068,no_D,2026-W20,other,0,7,0.0
3068,no_D,2026-W21,meme,2,6,0.3333333333333333
3068,no_D,2026-W21,mourning,0,6,0.0
3068,no_D,2026-W21,marketing,3,6,0.5
3068,no_D,2026-W21,education,1,6,0.16666666666666666
3068,no_D,2026-W21,other,0,6,0.0
3068,no_D,2026-W22,meme,2,6,0.3333333333333333
3068,no_D,2026-W22,mourning,0,6,0.0
3068,no_D,2026-W22,marketing,3,6,0.5
3068,no_D,2026-W22,education,1,6,0.16666666666666666
3068,no_D,2026-W22,other,0,6,0.0
3068,no_R,2026-W12,meme,0,24,0.0
3068,no_R,2026-W12,mourning,0,24,0.0
3068,no_R,2026-W12,marketing,19,24,0.7916666666666666
3068,no_R,2026-W12,education,5,24,0.20833333333333334
3068,no_R,2026-W12,other,0,24,0.0
3068,no_R,2026-W13,meme,0,48,0.0
3068,no_R,2026-W13,mourning,22,48,0.4583333333333333
3068,no_R,2026-W13,marketing,16,48,0.3333333333333333
3068,no_R,2026-W13,education,4,48,0.08333333333333333
3068,no_R,2026-W13,other,6,48,0.125
3068,no_R,2026-W14,meme,0,54,0.0
3068,no_R,2026-W14,mourning,19,54,0.35185185185185186
3068,no_R,2026-W14,marketing,19,54,0.35185185185185186
3068,no_R,2026-W14,education,11,54,0.2037037037037037
3068,no_R,2026-W14,other,5,54,0.09259259259259259
3068,no_R,2026-W15,meme,0,51,0.0
3068,no_R,2026-W15,mourning,19,51,0.37254901960784315
3068,no_R,2026-W15,marketing,17,51,0.3333333333333333
3068,no_R,2026-W15,education,10,51,0.19607843137254902
3068,no_R,2026-W15,other,5,51,0.09803921568627451
3068,no_R,2026-W16,meme,1,56,0.017857142857142856
3068,no_R,2026-W16,mourning,15,56,0.26785714285714285
3068,no_R,2026-W16,marketing,19,56,0.3392857142857143
3068,no_R,2026-W16,education,12,56,0.21428571428571427
3068,no_R,2026-W16,other,9,56,0.16071428571428573
3068,no_R,2026-W17,meme,0,53,0.0
3068,no_R,2026-W17,mourning,14,53,0.2641509433962264
3068,no_R,2026-W17,marketing,17,53,0.32075471698113206
3068,no_R,2026-W17,education,13,53,0.24528301886792453
3068,no_R,2026-W17,other,9,53,0.16981132075471697
3068,no_R,2026-W18,meme,0,54,0.0
3068,no_R,2026-W18,mourning,13,54,0.24074074074074073
3068,no_R,2026-W18,marketing,18,54,0.3333333333333333
3068,no_R,2026-W18,education,13,54,0.24074074074074073
3068,no_R,2026-W18,other,10,54,0.18518518518518517
3068,no_R,2026-W19,meme,0,59,0.0
3068,no_R,2026-W19,mourning,15,59,0.2542372881355932
3068,no_R,2026-W19,marketing,18,59,0.3050847457627119
3068,no_R,2026-W19,education,14,59,0.23728813559322035
3068,no_R,2026-W19,other,12,59,0.2033898305084746
3068,no_R,2026-W20,meme,4,54,0.07407407407407407
3068,no_R,2026-W20,mourning,12,54,0.2222222222222222
3068,no_R,2026-W20,marketing,15,54,0.2777777777777778
3068,no_R,2026-W20,education,12,54,0.2222222222222222
3068,no_R,2026-W20,other,11,54,0.2037037037037037
3068,no_R,2026-W21,meme,14,60,0.23333333333333334
3068,no_R,2026-W21,mourning,10,60,0.16666666666666666
3068,no_R,2026-W21,marketing,18,60,0.3
3068,no_R,2026-W21,education,12,60,0.2
3068,no_R,2026-W21,other,6,60,0.1
3068,no_R,2026-W22,meme,19,65,0.2923076923076923
3068,no_R,2026-W22,mourning,12,65,0.18461538461538463
3068,no_R,2026-W22,marketing,15,65,0.23076923076923078
3068,no_R,2026-W22,education,11,65,0.16923076923076924
3068,no_R,2026-W22,other,8,65,0.12307692307692308
3069,full,2026-W12,meme,0,26,0.0
3069,full,2026-W12,mourning,0,26,0.0
3069,full,2026-W12,marketing,19,26,0.7307692307692307
3069,full,2026-W12,education,7,26,0.2692307692307692
3069,full,2026-W12,other,0,26,0.0
3069,full,2026-W13,meme,0,42,0.0
3069,full,2026-W13,mourning,22,42,0.5238095238095238
3069,full,2026-W13,marketing,9,42,0.21428571428571427
3069,full,2026-W13,education,7,42,0.16666666666666666
3069,full,2026-W13,other,4,42,0.09523809523809523
3069,full,2026-W14,meme,0,33,0.0
3069,full,2026-W14,mourning,9,33,0.2727272727272727
3069,full,2026-W14,marketing,10,33,0.30303030303030304
3069,full,2026-W14,education,7,33,0.21212121212121213
3069,full,2026-W14,other,7,33,0.21212121212121213
3069,full,2026-W15,meme,0,30,0.0
3069,full,2026-W15,mourning,5,30,0.16666666666666666
3069,full,2026-W15,marketing,9,30,0.3
3069,full,2026-W15,education,7,30,0.23333333333333334
3069,full,2026-W15,other,9,30,0.3
3069,full,2026-W16,meme,0,19,0.0
3069,full,2026-W16,mourning,1,19,0.05263157894736842
3069,full,2026-W16,marketing,8,19,0.42105263157894735
3069,full,2026-W16,education,6,19,0.3157894736842105
3069,full,2026-W16,other,4,19,0.21052631578947367
3069,full,2026-W17,meme,0,11,0.0
3069,full,2026-W17,mourning,0,11,0.0
3069,full,2026-W17,marketing,5,11,0.45454545454545453
3069,full,2026-W17,education,3,11,0.2727272727272727
3069,full,2026-W17,other,3,11,0.2727272727272727
3069,full,2026-W18,meme,0,8,0.0
3069,full,2026-W18,mourning,0,8,0.0
3069,full,2026-W18,marketing,5,8,0.625
3069,full,2026-W18,education,2,8,0.25
3069,full,2026-W18,other,1,8,0.125
3069,full,2026-W19,meme,0,6,0.0
3069,full,2026-W19,mourning,0,6,0.0
3069,full,2026-W19,marketing,5,6,0.8333333333333334
3069,full,2026-W19,education,1,6,0.16666666666666666
3069,full,2026-W19,other,0,6,0.0
3069,full,2026-W20,meme,7,12,0.5833333333333334
3069,full,2026-W20,mourning,0,12,0.0
3069,full,2026-W20,marketing,3,12,0.25
3069,full,2026-W20,education,2,12,0.16666666666666666
3069,full,2026-W20,other,0,12,0.0
3069,full,2026-W21,meme,17,22,0.7727272727272727
3069,full,2026-W21,mourning,0,22,0.0
3069,full,2026-W21,marketing,4,22,0.18181818181818182
3069,full,2026-W21,education,1,22,0.045454545454545456
3069,full,2026-W21,other,0,22,0.0
3069,full,2026-W22,meme,17,20,0.85
3069,full,2026-W22,mourning,0,20,0.0
3069,full,2026-W22,marketing,3,20,0.15
3069,full,2026-W22,education,0,20,0.0
3069,full,2026-W22,other,0,20,0.0
3069,no_B,2026-W12,meme,0,26,0.0
3069,no_B,2026-W12,mourning,0,26,0.0
3069,no_B,2026-W12,marketing,19,26,0.7307692307692307
3069,no_B,2026-W12,education,7,26,0.2692307692307692
3069,no_B,2026-W12,other,0,26,0.0
3069,no_B,2026-W13,meme,0,27,0.0
3069,no_B,2026-W13,mourning,22,27,0.8148148148148148
3069,no_B,2026-W13,marketing,0,27,0.0
3069,no_B,2026-W13,education,1,27,0.037037037037037035
3069,no_B,2026-W13,other,4,27,0.14814814814814814
3069,no_B,2026-W14,meme,0,4,0.0
3069,no_B,2026-W14,mourning,0,4,0.0
3069,no_B,2026-W14,marketing,0,4,0.0
3069,no_B,2026-W14,education,0,4,0.0
3069,no_B,2026-W14,other,4,4,1.0
3069,no_B,2026-W15,meme,0,0,0.0
3069,no_B,2026-W15,mourning,0,0,0.0
3069,no_B,2026-W15,marketing,0,0,0.0
3069,no_B,2026-W15,education,0,0,0.0
3069,no_B,2026-W15,other,0,0,0.0
3069,no_B,2026-W16,meme,0,0,0.0
3069,no_B,2026-W16,mourning,0,0,0.0
3069,no_B,2026-W16,marketing,0,0,0.0
3069,no_B,2026-W16,education,0,0,0.0
3069,no_B,2026-W16,other,0,0,0.0
3069,no_B,2026-W17,meme,0,0,0.0
3069,no_B,2026-W17,mourning,0,0,0.0
3069,no_B,2026-W17,marketing,0,0,0.0
3069,no_B,2026-W17,education,0,0,0.0
3069,no_B,2026-W17,other,0,0,0.0
3069,no_B,2026-W18,meme,0,0,0.0
3069,no_B,2026-W18,mourning,0,0,0.0
3069,no_B,2026-W18,marketing,0,0,0.0
3069,no_B,2026-W18,education,0,0,0.0
3069,no_B,2026-W18,other,0,0,0.0
3069,no_B,2026-W19,meme,0,0,0.0
3069,no_B,2026-W19,mourning,0,0,0.0
3069,no_B,2026-W19,marketing,0,0,0.0
3069,no_B,2026-W19,education,0,0,0.0
3069,no_B,2026-W19,other,0,0,0.0
3069,no_B,2026-W20,meme,9,9,1.0
3069,no_B,2026-W20,mourning,0,9,0.0
3069,no_B,2026-W20,marketing,0,9,0.0
3069,no_B,2026-W20,education,0,9,0.0
3069,no_B,2026-W20,other,0,9,0.0
3069,no_B,2026-W21,meme,14,14,1.0
3069,no_B,2026-W21,mourning,0,14,0.0
3069,no_B,2026-W21,marketing,0,14,0.0
3069,no_B,2026-W21,education,0,14,0.0
3069,no_B,2026-W21,other,0,14,0.0
3069,no_B,2026-W22,meme,4,4,1.0
3069,no_B,2026-W22,mourning,0,4,0.0
3069,no_B,2026-W22,marketing,0,4,0.0
3069,no_B,2026-W22,education,0,4,0.0
3069,no_B,2026-W22,other,0,4,0.0
3069,no_D,2026-W12,meme,12,63,0.19047619047619047
3069,no_D,2026-W12,mourning,12,63,0.19047619047619047
3069,no_D,2026-W12,marketing,15,63,0.23809523809523808
3069,no_D,2026-W12,education,9,63,0.14285714285714285
3069,no_D,2026-W12,other,15,63,0.23809523809523808
3069,no_D,2026-W13,meme,12,56,0.21428571428571427
3069,no_D,2026-W13,mourning,12,56,0.21428571428571427
3069,no_D,2026-W13,marketing,10,56,0.17857142857142858
3069,no_D,2026-W13,education,7,56,0.125
3069,no_D,2026-W13,other,15,56,0.26785714285714285
3069,no_D,2026-W14,meme,11,42,0.2619047619047619
3069,no_D,2026-W14,mourning,4,42,0.09523809523809523
3069,no_D,2026-W14,marketing,9,42,0.21428571428571427
3069,no_D,2026-W14,education,6,42,0.14285714285714285
3069,no_D,2026-W14,other,12,42,0.2857142857142857
3069,no_D,2026-W15,meme,7,26,0.2692307692307692
3069,no_D,2026-W15,mourning,2,26,0.07692307692307693
3069,no_D,2026-W15,marketing,7,26,0.2692307692307692
3069,no_D,2026-W15,education,5,26,0.19230769230769232
3069,no_D,2026-W15,other,5,26,0.19230769230769232
3069,no_D,2026-W16,meme,7,20,0.35
3069,no_D,2026-W16,mourning,1,20,0.05
3069,no_D,2026-W16,marketing,6,20,0.3
3069,no_D,2026-W16,education,4,20,0.2
3069,no_D,2026-W16,other,2,20,0.1
3069,no_D,2026-W17,meme,4,12,0.3333333333333333
3069,no_D,2026-W17,mourning,1,12,0.08333333333333333
3069,no_D,2026-W17,marketing,5,12,0.4166666666666667
3069,no_D,2026-W17,education,2,12,0.16666666666666666
3069,no_D,2026-W17,other,0,12,0.0
3069,no_D,2026-W18,meme,3,11,0.2727272727272727
3069,no_D,2026-W18,mourning,1,11,0.09090909090909091
3069,no_D,2026-W18,marketing,5,11,0.45454545454545453
3069,no_D,2026-W18,education,2,11,0.18181818181818182
3069,no_D,2026-W18,other,0,11,0.0
3069,no_D,2026-W19,meme,3,9,0.3333333333333333
3069,no_D,2026-W19,mourning,1,9,0.1111111111111111
3069,no_D,2026-W19,marketing,3,9,0.3333333333333333
3069,no_D,2026-W19,education,2,9,0.2222222222222222
3069,no_D,2026-W19,other,0,9,0.0
3069,no_D,2026-W20,meme,3,7,0.42857142857142855
3069,no_D,2026-W20,mourning,0,7,0.0
3069,no_D,2026-W20,marketing,3,7,0.42857142857142855
3069,no_D,2026-W20,education,1,7,0.14285714285714285
3069,no_D,2026-W20,other,0,7,0.0
3069,no_D,2026-W21,meme,3,7,0.42857142857142855
3069,no_D,2026-W21,mourning,0,7,0.0
3069,no_D,2026-W21,marketing,3,7,0.42857142857142855
3069,no_D,2026-W21,education,1,7,0.14285714285714285
3069,no_D,2026-W21,other,0,7,0.0
3069,no_D,2026-W22,meme,1,5,0.2
3069,no_D,2026-W22,mourning,0,5,0.0
3069,no_D,2026-W22,marketing,3,5,0.6
3069,no_D,2026-W22,education,1,5,0.2
3069,no_D,2026-W22,other,0,5,0.0
3069,no_R,2026-W12,meme,0,26,0.0
3069,no_R,2026-W12,mourning,0,26,0.0
3069,no_R,2026-W12,marketing,19,26,0.7307692307692307
3069,no_R,2026-W12,education,7,26,0.2692307692307692
3069,no_R,2026-W12,other,0,26,0.0
3069,no_R,2026-W13,meme,0,49,0.0
3069,no_R,2026-W13,mourning,22,49,0.4489795918367347
3069,no_R,2026-W13,marketing,15,49,0.30612244897959184
3069,no_R,2026-W13,education,8,49,0.16326530612244897
3069,no_R,2026-W13,other,4,49,0.08163265306122448
3069,no_R,2026-W14,meme,0,52,0.0
3069,no_R,2026-W14,mourning,18,52,0.34615384615384615
3069,no_R,2026-W14,marketing,18,52,0.34615384615384615
3069,no_R,2026-W14,education,11,52,0.21153846153846154
3069,no_R,2026-W14,other,5,52,0.09615384615384616
3069,no_R,2026-W15,meme,0,51,0.0
3069,no_R,2026-W15,mourning,16,51,0.3137254901960784
3069,no_R,2026-W15,marketing,16,51,0.3137254901960784
3069,no_R,2026-W15,education,9,51,0.17647058823529413
3069,no_R,2026-W15,other,10,51,0.19607843137254902
3069,no_R,2026-W16,meme,0,61,0.0
3069,no_R,2026-W16,mourning,19,61,0.3114754098360656
3069,no_R,2026-W16,marketing,17,61,0.2786885245901639
3069,no_R,2026-W16,education,13,61,0.21311475409836064
3069,no_R,2026-W16,other,12,61,0.19672131147540983
3069,no_R,2026-W17,meme,0,58,0.0
3069,no_R,2026-W17,mourning,19,58,0.3275862068965517
3069,no_R,2026-W17,marketing,17,58,0.29310344827586204
3069,no_R,2026-W17,education,13,58,0.22413793103448276
3069,no_R,2026-W17,other,9,58,0.15517241379310345
3069,no_R,2026-W18,meme,0,62,0.0
3069,no_R,2026-W18,mourning,17,62,0.27419354838709675
3069,no_R,2026-W18,marketing,19,62,0.3064516129032258
3069,no_R,2026-W18,education,14,62,0.22580645161290322
3069,no_R,2026-W18,other,12,62,0.1935483870967742
3069,no_R,2026-W19,meme,0,52,0.0
3069,no_R,2026-W19,mourning,15,52,0.28846153846153844
3069,no_R,2026-W19,marketing,17,52,0.3269230769230769
3069,no_R,2026-W19,education,14,52,0.2692307692307692
3069,no_R,2026-W19,other,6,52,0.11538461538461539
3069,no_R,2026-W20,meme,3,54,0.05555555555555555
3069,no_R,2026-W20,mourning,13,54,0.24074074074074073
3069,no_R,2026-W20,marketing,18,54,0.3333333333333333
3069,no_R,2026-W20,education,14,54,0.25925925925925924
3069,no_R,2026-W20,other,6,54,0.1111111111111111
3069,no_R,2026-W21,meme,14,58,0.2413793103448276
3069,no_R,2026-W21,mourning,12,58,0.20689655172413793
3069,no_R,2026-W21,marketing,17,58,0.29310344827586204
3069,no_R,2026-W21,education,12,58,0.20689655172413793
3069,no_R,2026-W21,other,3,58,0.05172413793103448
3069,no_R,2026-W22,meme,18,64,0.28125
3069,no_R,2026-W22,mourning,14,64,0.21875
3069,no_R,2026-W22,marketing,15,64,0.234375
3069,no_R,2026-W22,education,14,64,0.21875
3069,no_R,2026-W22,other,3,64,0.046875
3070,full,2026-W12,meme,0,28,0.0
3070,full,2026-W12,mourning,0,28,0.0
3070,full,2026-W12,marketing,19,28,0.6785714285714286
3070,full,2026-W12,education,9,28,0.32142857142857145
3070,full,2026-W12,other,0,28,0.0
3070,full,2026-W13,meme,0,40,0.0
3070,full,2026-W13,mourning,22,40,0.55
3070,full,2026-W13,marketing,10,40,0.25
3070,full,2026-W13,education,5,40,0.125
3070,full,2026-W13,other,3,40,0.075
3070,full,2026-W14,meme,0,33,0.0
3070,full,2026-W14,mourning,9,33,0.2727272727272727
3070,full,2026-W14,marketing,10,33,0.30303030303030304
3070,full,2026-W14,education,9,33,0.2727272727272727
3070,full,2026-W14,other,5,33,0.15151515151515152
3070,full,2026-W15,meme,0,26,0.0
3070,full,2026-W15,mourning,7,26,0.2692307692307692
3070,full,2026-W15,marketing,8,26,0.3076923076923077
3070,full,2026-W15,education,5,26,0.19230769230769232
3070,full,2026-W15,other,6,26,0.23076923076923078
3070,full,2026-W16,meme,1,25,0.04
3070,full,2026-W16,mourning,4,25,0.16
3070,full,2026-W16,marketing,8,25,0.32
3070,full,2026-W16,education,5,25,0.2
3070,full,2026-W16,other,7,25,0.28
3070,full,2026-W17,meme,0,14,0.0
3070,full,2026-W17,mourning,2,14,0.14285714285714285
3070,full,2026-W17,marketing,6,14,0.42857142857142855
3070,full,2026-W17,education,3,14,0.21428571428571427
3070,full,2026-W17,other,3,14,0.21428571428571427
3070,full,2026-W18,meme,0,8,0.0
3070,full,2026-W18,mourning,1,8,0.125
3070,full,2026-W18,marketing,5,8,0.625
3070,full,2026-W18,education,1,8,0.125
3070,full,2026-W18,other,1,8,0.125
3070,full,2026-W19,meme,0,5,0.0
3070,full,2026-W19,mourning,0,5,0.0
3070,full,2026-W19,marketing,3,5,0.6
3070,full,2026-W19,education,0,5,0.0
3070,full,2026-W19,other,2,5,0.4
3070,full,2026-W20,meme,14,18,0.7777777777777778
3070,full,2026-W20,mourning,0,18,0.0
3070,full,2026-W20,marketing,3,18,0.16666666666666666
3070,full,2026-W20,education,1,18,0.05555555555555555
3070,full,2026-W20,other,0,18,0.0
3070,full,2026-W21,meme,18,21,0.8571428571428571
3070,full,2026-W21,mourning,0,21,0.0
3070,full,2026-W21,marketing,3,21,0.14285714285714285
3070,full,2026-W21,education,0,21,0.0
3070,full,2026-W21,other,0,21,0.0
3070,full,2026-W22,meme,15,18,0.8333333333333334
3070,full,2026-W22,mourning,0,18,0.0
3070,full,2026-W22,marketing,3,18,0.16666666666666666
3070,full,2026-W22,education,0,18,0.0
3070,full,2026-W22,other,0,18,0.0
3070,no_B,2026-W12,meme,0,28,0.0
3070,no_B,2026-W12,mourning,0,28,0.0
3070,no_B,2026-W12,marketing,19,28,0.6785714285714286
3070,no_B,2026-W12,education,9,28,0.32142857142857145
3070,no_B,2026-W12,other,0,28,0.0
3070,no_B,2026-W13,meme,0,30,0.0
3070,no_B,2026-W13,mourning,22,30,0.7333333333333333
3070,no_B,2026-W13,marketing,0,30,0.0
3070,no_B,2026-W13,education,5,30,0.16666666666666666
3070,no_B,2026-W13,other,3,30,0.1
3070,no_B,2026-W14,meme,0,5,0.0
3070,no_B,2026-W14,mourning,0,5,0.0
3070,no_B,2026-W14,marketing,0,5,0.0
3070,no_B,2026-W14,education,4,5,0.8
3070,no_B,2026-W14,other,1,5,0.2
3070,no_B,2026-W15,meme,0,4,0.0
3070,no_B,2026-W15,mourning,0,4,0.0
3070,no_B,2026-W15,marketing,0,4,0.0
3070,no_B,2026-W15,education,1,4,0.25
3070,no_B,2026-W15,other,3,4,0.75
3070,no_B,2026-W16,meme,0,0,0.0
3070,no_B,2026-W16,mourning,0,0,0.0
3070,no_B,2026-W16,marketing,0,0,0.0
3070,no_B,2026-W16,education,0,0,0.0
3070,no_B,2026-W16,other,0,0,0.0
3070,no_B,2026-W17,meme,0,0,0.0
3070,no_B,2026-W17,mourning,0,0,0.0
3070,no_B,2026-W17,marketing,0,0,0.0
3070,no_B,2026-W17,education,0,0,0.0
3070,no_B,2026-W17,other,0,0,0.0
3070,no_B,2026-W18,meme,0,0,0.0
3070,no_B,2026-W18,mourning,0,0,0.0
3070,no_B,2026-W18,marketing,0,0,0.0
3070,no_B,2026-W18,education,0,0,0.0
3070,no_B,2026-W18,other,0,0,0.0
3070,no_B,2026-W19,meme,0,0,0.0
3070,no_B,2026-W19,mourning,0,0,0.0
3070,no_B,2026-W19,marketing,0,0,0.0
3070,no_B,2026-W19,education,0,0,0.0
3070,no_B,2026-W19,other,0,0,0.0
3070,no_B,2026-W20,meme,12,12,1.0
3070,no_B,2026-W20,mourning,0,12,0.0
3070,no_B,2026-W20,marketing,0,12,0.0
3070,no_B,2026-W20,education,0,12,0.0
3070,no_B,2026-W20,other,0,12,0.0
3070,no_B,2026-W21,meme,13,13,1.0
3070,no_B,2026-W21,mourning,0,13,0.0
3070,no_B,2026-W21,marketing,0,13,0.0
3070,no_B,2026-W21,education,0,13,0.0
3070,no_B,2026-W21,other,0,13,0.0
3070,no_B,2026-W22,meme,1,1,1.0
3070,no_B,2026-W22,mourning,0,1,0.0
3070,no_B,2026-W22,marketing,0,1,0.0
3070,no_B,2026-W22,education,0,1,0.0
3070,no_B,2026-W22,other,0,1,0.0
3070,no_D,2026-W12,meme,12,63,0.19047619047619047
3070,no_D,2026-W12,mourning,12,63,0.19047619047619047
3070,no_D,2026-W12,marketing,15,63,0.23809523809523808
3070,no_D,2026-W12,education,9,63,0.14285714285714285
3070,no_D,2026-W12,other,15,63,0.23809523809523808
3070,no_D,2026-W13,meme,12,56,0.21428571428571427
3070,no_D,2026-W13,mourning,12,56,0.21428571428571427
3070,no_D,2026-W13,marketing,11,56,0.19642857142857142
3070,no_D,2026-W13,education,6,56,0.10714285714285714
3070,no_D,2026-W13,other,15,56,0.26785714285714285
3070,no_D,2026-W14,meme,11,42,0.2619047619047619
3070,no_D,2026-W14,mourning,4,42,0.09523809523809523
3070,no_D,2026-W14,marketing,10,42,0.23809523809523808
3070,no_D,2026-W14,education,6,42,0.14285714285714285
3070,no_D,2026-W14,other,11,42,0.2619047619047619
3070,no_D,2026-W15,meme,8,28,0.2857142857142857
3070,no_D,2026-W15,mourning,3,28,0.10714285714285714
3070,no_D,2026-W15,marketing,7,28,0.25
3070,no_D,2026-W15,education,6,28,0.21428571428571427
3070,no_D,2026-W15,other,4,28,0.14285714285714285
3070,no_D,2026-W16,meme,6,22,0.2727272727272727
3070,no_D,2026-W16,mourning,2,22,0.09090909090909091
3070,no_D,2026-W16,marketing,7,22,0.3181818181818182
3070,no_D,2026-W16,education,5,22,0.22727272727272727
3070,no_D,2026-W16,other,2,22,0.09090909090909091
3070,no_D,2026-W17,meme,5,15,0.3333333333333333
3070,no_D,2026-W17,mourning,1,15,0.06666666666666667
3070,no_D,2026-W17,marketing,6,15,0.4
3070,no_D,2026-W17,education,3,15,0.2
3070,no_D,2026-W17,other,0,15,0.0
3070,no_D,2026-W18,meme,5,14,0.35714285714285715
3070,no_D,2026-W18,mourning,1,14,0.07142857142857142
3070,no_D,2026-W18,marketing,5,14,0.35714285714285715
3070,no_D,2026-W18,education,3,14,0.21428571428571427
3070,no_D,2026-W18,other,0,14,0.0
3070,no_D,2026-W19,meme,5,11,0.45454545454545453
3070,no_D,2026-W19,mourning,1,11,0.09090909090909091
3070,no_D,2026-W19,marketing,3,11,0.2727272727272727
3070,no_D,2026-W19,education,2,11,0.18181818181818182
3070,no_D,2026-W19,other,0,11,0.0
3070,no_D,2026-W20,meme,2,6,0.3333333333333333
3070,no_D,2026-W20,mourning,0,6,0.0
3070,no_D,2026-W20,marketing,3,6,0.5
3070,no_D,2026-W20,education,1,6,0.16666666666666666
3070,no_D,2026-W20,other,0,6,0.0
3070,no_D,2026-W21,meme,2,5,0.4
3070,no_D,2026-W21,mourning,0,5,0.0
3070,no_D,2026-W21,marketing,3,5,0.6
3070,no_D,2026-W21,education,0,5,0.0
3070,no_D,2026-W21,other,0,5,0.0
3070,no_D,2026-W22,meme,1,4,0.25
3070,no_D,2026-W22,mourning,0,4,0.0
3070,no_D,2026-W22,marketing,3,4,0.75
3070,no_D,2026-W22,education,0,4,0.0
3070,no_D,2026-W22,other,0,4,0.0
3070,no_R,2026-W12,meme,0,28,0.0
3070,no_R,2026-W12,mourning,0,28,0.0
3070,no_R,2026-W12,marketing,19,28,0.6785714285714286
3070,no_R,2026-W12,education,9,28,0.32142857142857145
3070,no_R,2026-W12,other,0,28,0.0
3070,no_R,2026-W13,meme,0,47,0.0
3070,no_R,2026-W13,mourning,22,47,0.46808510638297873
3070,no_R,2026-W13,marketing,14,47,0.2978723404255319
3070,no_R,2026-W13,education,8,47,0.1702127659574468
3070,no_R,2026-W13,other,3,47,0.06382978723404255
3070,no_R,2026-W14,meme,0,52,0.0
3070,no_R,2026-W14,mourning,18,52,0.34615384615384615
3070,no_R,2026-W14,marketing,18,52,0.34615384615384615
3070,no_R,2026-W14,education,10,52,0.19230769230769232
3070,no_R,2026-W14,other,6,52,0.11538461538461539
3070,no_R,2026-W15,meme,0,53,0.0
3070,no_R,2026-W15,mourning,21,53,0.39622641509433965
3070,no_R,2026-W15,marketing,16,53,0.3018867924528302
3070,no_R,2026-W15,education,9,53,0.16981132075471697
3070,no_R,2026-W15,other,7,53,0.1320754716981132
3070,no_R,2026-W16,meme,1,56,0.017857142857142856
3070,no_R,2026-W16,mourning,20,56,0.35714285714285715
3070,no_R,2026-W16,marketing,14,56,0.25
3070,no_R,2026-W16,education,12,56,0.21428571428571427
3070,no_R,2026-W16,other,9,56,0.16071428571428573
3070,no_R,2026-W17,meme,0,52,0.0
3070,no_R,2026-W17,mourning,16,52,0.3076923076923077
3070,no_R,2026-W17,marketing,16,52,0.3076923076923077
3070,no_R,2026-W17,education,9,52,0.17307692307692307
3070,no_R,2026-W17,other,11,52,0.21153846153846154
3070,no_R,2026-W18,meme,0,53,0.0
3070,no_R,2026-W18,mourning,16,53,0.3018867924528302
3070,no_R,2026-W18,marketing,14,53,0.2641509433962264
3070,no_R,2026-W18,education,13,53,0.24528301886792453
3070,no_R,2026-W18,other,10,53,0.18867924528301888
3070,no_R,2026-W19,meme,0,65,0.0
3070,no_R,2026-W19,mourning,15,65,0.23076923076923078
3070,no_R,2026-W19,marketing,19,65,0.2923076923076923
3070,no_R,2026-W19,education,15,65,0.23076923076923078
3070,no_R,2026-W19,other,16,65,0.24615384615384617
3070,no_R,2026-W20,meme,5,56,0.08928571428571429
3070,no_R,2026-W20,mourning,13,56,0.23214285714285715
3070,no_R,2026-W20,marketing,18,56,0.32142857142857145
3070,no_R,2026-W20,education,13,56,0.23214285714285715
3070,no_R,2026-W20,other,7,56,0.125
3070,no_R,2026-W21,meme,12,59,0.2033898305084746
3070,no_R,2026-W21,mourning,12,59,0.2033898305084746
3070,no_R,2026-W21,marketing,17,59,0.288135593220339
3070,no_R,2026-W21,education,9,59,0.15254237288135594
3070,no_R,2026-W21,other,9,59,0.15254237288135594
3070,no_R,2026-W22,meme,16,54,0.2962962962962963
3070,no_R,2026-W22,mourning,11,54,0.2037037037037037
3070,no_R,2026-W22,marketing,16,54,0.2962962962962963
3070,no_R,2026-W22,education,7,54,0.12962962962962962
3070,no_R,2026-W22,other,4,54,0.07407407407407407
3071,full,2026-W12,meme,0,27,0.0
3071,full,2026-W12,mourning,0,27,0.0
3071,full,2026-W12,marketing,19,27,0.7037037037037037
3071,full,2026-W12,education,8,27,0.2962962962962963
3071,full,2026-W12,other,0,27,0.0
3071,full,2026-W13,meme,0,44,0.0
3071,full,2026-W13,mourning,22,44,0.5
3071,full,2026-W13,marketing,12,44,0.2727272727272727
3071,full,2026-W13,education,6,44,0.13636363636363635
3071,full,2026-W13,other,4,44,0.09090909090909091
3071,full,2026-W14,meme,0,38,0.0
3071,full,2026-W14,mourning,7,38,0.18421052631578946
3071,full,2026-W14,marketing,11,38,0.2894736842105263
3071,full,2026-W14,education,12,38,0.3157894736842105
3071,full,2026-W14,other,8,38,0.21052631578947367
3071,full,2026-W15,meme,1,28,0.03571428571428571
3071,full,2026-W15,mourning,6,28,0.21428571428571427
3071,full,2026-W15,marketing,9,28,0.32142857142857145
3071,full,2026-W15,education,6,28,0.21428571428571427
3071,full,2026-W15,other,6,28,0.21428571428571427
3071,full,2026-W16,meme,0,18,0.0
3071,full,2026-W16,mourning,2,18,0.1111111111111111
3071,full,2026-W16,marketing,6,18,0.3333333333333333
3071,full,2026-W16,education,5,18,0.2777777777777778
3071,full,2026-W16,other,5,18,0.2777777777777778
3071,full,2026-W17,meme,0,12,0.0
3071,full,2026-W17,mourning,1,12,0.08333333333333333
3071,full,2026-W17,marketing,6,12,0.5
3071,full,2026-W17,education,3,12,0.25
3071,full,2026-W17,other,2,12,0.16666666666666666
3071,full,2026-W18,meme,0,6,0.0
3071,full,2026-W18,mourning,0,6,0.0
3071,full,2026-W18,marketing,3,6,0.5
3071,full,2026-W18,education,3,6,0.5
3071,full,2026-W18,other,0,6,0.0
3071,full,2026-W19,meme,0,7,0.0
3071,full,2026-W19,mourning,1,7,0.14285714285714285
3071,full,2026-W19,marketing,3,7,0.42857142857142855
3071,full,2026-W19,education,3,7,0.42857142857142855
3071,full,2026-W19,other,0,7,0.0
3071,full,2026-W20,meme,7,11,0.6363636363636364
3071,full,2026-W20,mourning,0,11,0.0
3071,full,2026-W20,marketing,3,11,0.2727272727272727
3071,full,2026-W20,education,1,11,0.09090909090909091
3071,full,2026-W20,other,0,11,0.0
3071,full,2026-W21,meme,19,22,0.8636363636363636
3071,full,2026-W21,mourning,0,22,0.0
3071,full,2026-W21,marketing,3,22,0.13636363636363635
3071,full,2026-W21,education,0,22,0.0
3071,full,2026-W21,other,0,22,0.0
3071,full,2026-W22,meme,18,21,0.8571428571428571
3071,full,2026-W22,mourning,0,21,0.0
3071,full,2026-W22,marketing,3,21,0.14285714285714285
3071,full,2026-W22,education,0,21,0.0
3071,full,2026-W22,other,0,21,0.0
3071,no_B,2026-W12,meme,0,27,0.0
3071,no_B,2026-W12,mourning,0,27,0.0
3071,no_B,2026-W12,marketing,19,27,0.7037037037037037
3071,no_B,2026-W12,education,8,27,0.2962962962962963
3071,no_B,2026-W12,other,0,27,0.0
3071,no_B,2026-W13,meme,0,27,0.0
3071,no_B,2026-W13,mourning,22,27,0.8148148148148148
3071,no_B,2026-W13,marketing,0,27,0.0
3071,no_B,2026-W13,education,1,27,0.037037037037037035
3071,no_B,2026-W13,other,4,27,0.14814814814814814
3071,no_B,2026-W14,meme,0,5,0.0
3071,no_B,2026-W14,mourning,0,5,0.0
3071,no_B,2026-W14,marketing,0,5,0.0
3071,no_B,2026-W14,education,3,5,0.6
3071,no_B,2026-W14,other,2,5,0.4
3071,no_B,2026-W15,meme,0,0,0.0
3071,no_B,2026-W15,mourning,0,0,0.0
3071,no_B,2026-W15,marketing,0,0,0.0
3071,no_B,2026-W15,education,0,0,0.0
3071,no_B,2026-W15,other,0,0,0.0
3071,no_B,2026-W16,meme,1,2,0.5
3071,no_B,2026-W16,mourning,0,2,0.0
3071,no_B,2026-W16,marketing,0,2,0.0
3071,no_B,2026-W16,education,0,2,0.0
3071,no_B,2026-W16,other,1,2,0.5
3071,no_B,2026-W17,meme,2,2,1.0
3071,no_B,2026-W17,mourning,0,2,0.0
3071,no_B,2026-W17,marketing,0,2,0.0
3071,no_B,2026-W17,education,0,2,0.0
3071,no_B,2026-W17,other,0,2,0.0
3071,no_B,2026-W18,meme,3,3,1.0
3071,no_B,2026-W18,mourning,0,3,0.0
3071,no_B,2026-W18,marketing,0,3,0.0
3071,no_B,2026-W18,education,0,3,0.0
3071,no_B,2026-W18,other,0,3,0.0
3071,no_B,2026-W19,meme,2,2,1.0
3071,no_B,2026-W19,mourning,0,2,0.0
3071,no_B,2026-W19,marketing,0,2,0.0
3071,no_B,2026-W19,education,0,2,0.0
3071,no_B,2026-W19,other,0,2,0.0
3071,no_B,2026-W20,meme,8,8,1.0
3071,no_B,2026-W20,mourning,0,8,0.0
3071,no_B,2026-W20,marketing,0,8,0.0
3071,no_B,2026-W20,education,0,8,0.0
3071,no_B,2026-W20,other,0,8,0.0
3071,no_B,2026-W21,meme,7,7,1.0
3071,no_B,2026-W21,mourning,0,7,0.0
3071,no_B,2026-W21,marketing,0,7,0.0
3071,no_B,2026-W21,education,0,7,0.0
3071,no_B,2026-W21,other,0,7,0.0
3071,no_B,2026-W22,meme,1,1,1.0
3071,no_B,2026-W22,mourning,0,1,0.0
3071,no_B,2026-W22,marketing,0,1,0.0
3071,no_B,2026-W22,education,0,1,0.0
3071,no_B,2026-W22,other,0,1,0.0
3071,no_D,2026-W12,meme,12,63,0.19047619047619047
3071,no_D,2026-W12,mourning,12,63,0.19047619047619047
3071,no_D,2026-W12,marketing,15,63,0.23809523809523808
3071,no_D,2026-W12,education,9,63,0.14285714285714285
3071,no_D,2026-W12,other,15,63,0.23809523809523808
3071,no_D,2026-W13,meme,12,56,0.21428571428571427
3071,no_D,2026-W13,mourning,12,56,0.21428571428571427
3071,no_D,2026-W13,marketing,11,56,0.19642857142857142
3071,no_D,2026-W13,education,6,56,0.10714285714285714
3071,no_D,2026-W13,other,15,56,0.26785714285714285
3071,no_D,2026-W14,meme,10,43,0.23255813953488372
3071,no_D,2026-W14,mourning,4,43,0.09302325581395349
3071,no_D,2026-W14,marketing,11,43,0.2558139534883721
3071,no_D,2026-W14,education,6,43,0.13953488372093023
3071,no_D,2026-W14,other,12,43,0.27906976744186046
3071,no_D,2026-W15,meme,8,28,0.2857142857142857
3071,no_D,2026-W15,mourning,3,28,0.10714285714285714
3071,no_D,2026-W15,marketing,7,28,0.25
3071,no_D,2026-W15,education,6,28,0.21428571428571427
3071,no_D,2026-W15,other,4,28,0.14285714285714285
3071,no_D,2026-W16,meme,5,18,0.2777777777777778
3071,no_D,2026-W16,mourning,1,18,0.05555555555555555
3071,no_D,2026-W16,marketing,6,18,0.3333333333333333
3071,no_D,2026-W16,education,6,18,0.3333333333333333
3071,no_D,2026-W16,other,0,18,0.0
3071,no_D,2026-W17,meme,4,14,0.2857142857142857
3071,no_D,2026-W17,mourning,1,14,0.07142857142857142
3071,no_D,2026-W17,marketing,5,14,0.35714285714285715
3071,no_D,2026-W17,education,4,14,0.2857142857142857
3071,no_D,2026-W17,other,0,14,0.0
3071,no_D,2026-W18,meme,4,13,0.3076923076923077
3071,no_D,2026-W18,mourning,1,13,0.07692307692307693
3071,no_D,2026-W18,marketing,4,13,0.3076923076923077
3071,no_D,2026-W18,education,4,13,0.3076923076923077
3071,no_D,2026-W18,other,0,13,0.0
3071,no_D,2026-W19,meme,3,9,0.3333333333333333
3071,no_D,2026-W19,mourning,1,9,0.1111111111111111
3071,no_D,2026-W19,marketing,3,9,0.3333333333333333
3071,no_D,2026-W19,education,2,9,0.2222222222222222
3071,no_D,2026-W19,other,0,9,0.0
3071,no_D,2026-W20,meme,2,7,0.2857142857142857
3071,no_D,2026-W20,mourning,1,7,0.14285714285714285
3071,no_D,2026-W20,marketing,3,7,0.42857142857142855
3071,no_D,2026-W20,education,1,7,0.14285714285714285
3071,no_D,2026-W20,other,0,7,0.0
3071,no_D,2026-W21,meme,2,7,0.2857142857142857
3071,no_D,2026-W21,mourning,1,7,0.14285714285714285
3071,no_D,2026-W21,marketing,3,7,0.42857142857142855
3071,no_D,2026-W21,education,1,7,0.14285714285714285
3071,no_D,2026-W21,other,0,7,0.0
3071,no_D,2026-W22,meme,2,6,0.3333333333333333
3071,no_D,2026-W22,mourning,1,6,0.16666666666666666
3071,no_D,2026-W22,marketing,3,6,0.5
3071,no_D,2026-W22,education,0,6,0.0
3071,no_D,2026-W22,other,0,6,0.0
3071,no_R,2026-W12,meme,0,27,0.0
3071,no_R,2026-W12,mourning,0,27,0.0
3071,no_R,2026-W12,marketing,19,27,0.7037037037037037
3071,no_R,2026-W12,education,8,27,0.2962962962962963
3071,no_R,2026-W12,other,0,27,0.0
3071,no_R,2026-W13,meme,0,46,0.0
3071,no_R,2026-W13,mourning,22,46,0.4782608695652174
3071,no_R,2026-W13,marketing,14,46,0.30434782608695654
3071,no_R,2026-W13,education,6,46,0.13043478260869565
3071,no_R,2026-W13,other,4,46,0.08695652173913043
3071,no_R,2026-W14,meme,0,52,0.0
3071,no_R,2026-W14,mourning,18,52,0.34615384615384615
3071,no_R,2026-W14,marketing,18,52,0.34615384615384615
3071,no_R,2026-W14,education,13,52,0.25
3071,no_R,2026-W14,other,3,52,0.057692307692307696
3071,no_R,2026-W15,meme,0,50,0.0
3071,no_R,2026-W15,mourning,19,50,0.38
3071,no_R,2026-W15,marketing,17,50,0.34
3071,no_R,2026-W15,education,12,50,0.24
3071,no_R,2026-W15,other,2,50,0.04
3071,no_R,2026-W16,meme,0,53,0.0
3071,no_R,2026-W16,mourning,15,53,0.2830188679245283
3071,no_R,2026-W16,marketing,18,53,0.33962264150943394
3071,no_R,2026-W16,education,13,53,0.24528301886792453
3071,no_R,2026-W16,other,7,53,0.1320754716981132
3071,no_R,2026-W17,meme,0,54,0.0
3071,no_R,2026-W17,mourning,16,54,0.2962962962962963
3071,no_R,2026-W17,marketing,18,54,0.3333333333333333
3071,no_R,2026-W17,education,14,54,0.25925925925925924
3071,no_R,2026-W17,other,6,54,0.1111111111111111
3071,no_R,2026-W18,meme,0,45,0.0
3071,no_R,2026-W18,mourning,11,45,0.24444444444444444
3071,no_R,2026-W18,marketing,17,45,0.37777777777777777
3071,no_R,2026-W18,education,12,45,0.26666666666666666
3071,no_R,2026-W18,other,5,45,0.1111111111111111
3071,no_R,2026-W19,meme,0,58,0.0
3071,no_R,2026-W19,mourning,16,58,0.27586206896551724
3071,no_R,2026-W19,marketing,19,58,0.3275862068965517
3071,no_R,2026-W19,education,13,58,0.22413793103448276
3071,no_R,2026-W19,other,10,58,0.1724137931034483
3071,no_R,2026-W20,meme,5,55,0.09090909090909091
3071,no_R,2026-W20,mourning,14,55,0.2545454545454545
3071,no_R,2026-W20,marketing,17,55,0.3090909090909091
3071,no_R,2026-W20,education,15,55,0.2727272727272727
3071,no_R,2026-W20,other,4,55,0.07272727272727272
3071,no_R,2026-W21,meme,14,57,0.24561403508771928
3071,no_R,2026-W21,mourning,8,57,0.14035087719298245
3071,no_R,2026-W21,marketing,18,57,0.3157894736842105
3071,no_R,2026-W21,education,11,57,0.19298245614035087
3071,no_R,2026-W21,other,6,57,0.10526315789473684
3071,no_R,2026-W22,meme,18,53,0.33962264150943394
3071,no_R,2026-W22,mourning,8,53,0.1509433962264151
3071,no_R,2026-W22,marketing,14,53,0.2641509433962264
3071,no_R,2026-W22,education,12,53,0.22641509433962265
3071,no_R,2026-W22,other,1,53,0.018867924528301886
3072,full,2026-W12,meme,0,27,0.0
3072,full,2026-W12,mourning,0,27,0.0
3072,full,2026-W12,marketing,19,27,0.7037037037037037
3072,full,2026-W12,education,8,27,0.2962962962962963
3072,full,2026-W12,other,0,27,0.0
3072,full,2026-W13,meme,0,41,0.0
3072,full,2026-W13,mourning,22,41,0.5365853658536586
3072,full,2026-W13,marketing,11,41,0.2682926829268293
3072,full,2026-W13,education,4,41,0.0975609756097561
3072,full,2026-W13,other,4,41,0.0975609756097561
3072,full,2026-W14,meme,0,36,0.0
3072,full,2026-W14,mourning,9,36,0.25
3072,full,2026-W14,marketing,12,36,0.3333333333333333
3072,full,2026-W14,education,9,36,0.25
3072,full,2026-W14,other,6,36,0.16666666666666666
3072,full,2026-W15,meme,0,27,0.0
3072,full,2026-W15,mourning,6,27,0.2222222222222222
3072,full,2026-W15,marketing,8,27,0.2962962962962963
3072,full,2026-W15,education,5,27,0.18518518518518517
3072,full,2026-W15,other,8,27,0.2962962962962963
3072,full,2026-W16,meme,0,20,0.0
3072,full,2026-W16,mourning,2,20,0.1
3072,full,2026-W16,marketing,7,20,0.35
3072,full,2026-W16,education,5,20,0.25
3072,full,2026-W16,other,6,20,0.3
3072,full,2026-W17,meme,0,8,0.0
3072,full,2026-W17,mourning,0,8,0.0
3072,full,2026-W17,marketing,4,8,0.5
3072,full,2026-W17,education,3,8,0.375
3072,full,2026-W17,other,1,8,0.125
3072,full,2026-W18,meme,0,6,0.0
3072,full,2026-W18,mourning,0,6,0.0
3072,full,2026-W18,marketing,3,6,0.5
3072,full,2026-W18,education,2,6,0.3333333333333333
3072,full,2026-W18,other,1,6,0.16666666666666666
3072,full,2026-W19,meme,0,5,0.0
3072,full,2026-W19,mourning,0,5,0.0
3072,full,2026-W19,marketing,4,5,0.8
3072,full,2026-W19,education,1,5,0.2
3072,full,2026-W19,other,0,5,0.0
3072,full,2026-W20,meme,12,17,0.7058823529411765
3072,full,2026-W20,mourning,0,17,0.0
3072,full,2026-W20,marketing,4,17,0.23529411764705882
3072,full,2026-W20,education,1,17,0.058823529411764705
3072,full,2026-W20,other,0,17,0.0
3072,full,2026-W21,meme,19,22,0.8636363636363636
3072,full,2026-W21,mourning,0,22,0.0
3072,full,2026-W21,marketing,3,22,0.13636363636363635
3072,full,2026-W21,education,0,22,0.0
3072,full,2026-W21,other,0,22,0.0
3072,full,2026-W22,meme,18,21,0.8571428571428571
3072,full,2026-W22,mourning,0,21,0.0
3072,full,2026-W22,marketing,3,21,0.14285714285714285
3072,full,2026-W22,education,0,21,0.0
3072,full,2026-W22,other,0,21,0.0
3072,no_B,2026-W12,meme,0,27,0.0
3072,no_B,2026-W12,mourning,0,27,0.0
3072,no_B,2026-W12,marketing,19,27,0.7037037037037037
3072,no_B,2026-W12,education,8,27,0.2962962962962963
3072,no_B,2026-W12,other,0,27,0.0
3072,no_B,2026-W13,meme,0,28,0.0
3072,no_B,2026-W13,mourning,22,28,0.7857142857142857
3072,no_B,2026-W13,marketing,0,28,0.0
3072,no_B,2026-W13,education,2,28,0.07142857142857142
3072,no_B,2026-W13,other,4,28,0.14285714285714285
3072,no_B,2026-W14,meme,0,3,0.0
3072,no_B,2026-W14,mourning,0,3,0.0
3072,no_B,2026-W14,marketing,0,3,0.0
3072,no_B,2026-W14,education,3,3,1.0
3072,no_B,2026-W14,other,0,3,0.0
3072,no_B,2026-W15,meme,0,1,0.0
3072,no_B,2026-W15,mourning,0,1,0.0
3072,no_B,2026-W15,marketing,0,1,0.0
3072,no_B,2026-W15,education,0,1,0.0
3072,no_B,2026-W15,other,1,1,1.0
3072,no_B,2026-W16,meme,0,0,0.0
3072,no_B,2026-W16,mourning,0,0,0.0
3072,no_B,2026-W16,marketing,0,0,0.0
3072,no_B,2026-W16,education,0,0,0.0
3072,no_B,2026-W16,other,0,0,0.0
3072,no_B,2026-W17,meme,1,1,1.0
3072,no_B,2026-W17,mourning,0,1,0.0
3072,no_B,2026-W17,marketing,0,1,0.0
3072,no_B,2026-W17,education,0,1,0.0
3072,no_B,2026-W17,other,0,1,0.0
3072,no_B,2026-W18,meme,0,0,0.0
3072,no_B,2026-W18,mourning,0,0,0.0
3072,no_B,2026-W18,marketing,0,0,0.0
3072,no_B,2026-W18,education,0,0,0.0
3072,no_B,2026-W18,other,0,0,0.0
3072,no_B,2026-W19,meme,0,0,0.0
3072,no_B,2026-W19,mourning,0,0,0.0
3072,no_B,2026-W19,marketing,0,0,0.0
3072,no_B,2026-W19,education,0,0,0.0
3072,no_B,2026-W19,other,0,0,0.0
3072,no_B,2026-W20,meme,7,7,1.0
3072,no_B,2026-W20,mourning,0,7,0.0
3072,no_B,2026-W20,marketing,0,7,0.0
3072,no_B,2026-W20,education,0,7,0.0
3072,no_B,2026-W20,other,0,7,0.0
3072,no_B,2026-W21,meme,13,13,1.0
3072,no_B,2026-W21,mourning,0,13,0.0
3072,no_B,2026-W21,marketing,0,13,0.0
3072,no_B,2026-W21,education,0,13,0.0
3072,no_B,2026-W21,other,0,13,0.0
3072,no_B,2026-W22,meme,2,2,1.0
3072,no_B,2026-W22,mourning,0,2,0.0
3072,no_B,2026-W22,marketing,0,2,0.0
3072,no_B,2026-W22,education,0,2,0.0
3072,no_B,2026-W22,other,0,2,0.0
3072,no_D,2026-W12,meme,12,63,0.19047619047619047
3072,no_D,2026-W12,mourning,12,63,0.19047619047619047
3072,no_D,2026-W12,marketing,15,63,0.23809523809523808
3072,no_D,2026-W12,education,9,63,0.14285714285714285
3072,no_D,2026-W12,other,15,63,0.23809523809523808
3072,no_D,2026-W13,meme,12,57,0.21052631578947367
3072,no_D,2026-W13,mourning,12,57,0.21052631578947367
3072,no_D,2026-W13,marketing,10,57,0.17543859649122806
3072,no_D,2026-W13,education,8,57,0.14035087719298245
3072,no_D,2026-W13,other,15,57,0.2631578947368421
3072,no_D,2026-W14,meme,10,40,0.25
3072,no_D,2026-W14,mourning,4,40,0.1
3072,no_D,2026-W14,marketing,10,40,0.25
3072,no_D,2026-W14,education,7,40,0.175
3072,no_D,2026-W14,other,9,40,0.225
3072,no_D,2026-W15,meme,7,27,0.25925925925925924
3072,no_D,2026-W15,mourning,3,27,0.1111111111111111
3072,no_D,2026-W15,marketing,8,27,0.2962962962962963
3072,no_D,2026-W15,education,5,27,0.18518518518518517
3072,no_D,2026-W15,other,4,27,0.14814814814814814
3072,no_D,2026-W16,meme,6,18,0.3333333333333333
3072,no_D,2026-W16,mourning,1,18,0.05555555555555555
3072,no_D,2026-W16,marketing,6,18,0.3333333333333333
3072,no_D,2026-W16,education,5,18,0.2777777777777778
3072,no_D,2026-W16,other,0,18,0.0
3072,no_D,2026-W17,meme,6,14,0.42857142857142855
3072,no_D,2026-W17,mourning,1,14,0.07142857142857142
3072,no_D,2026-W17,marketing,4,14,0.2857142857142857
3072,no_D,2026-W17,education,3,14,0.21428571428571427
3072,no_D,2026-W17,other,0,14,0.0
3072,no_D,2026-W18,meme,5,10,0.5
3072,no_D,2026-W18,mourning,1,10,0.1
3072,no_D,2026-W18,marketing,3,10,0.3
3072,no_D,2026-W18,education,1,10,0.1
3072,no_D,2026-W18,other,0,10,0.0
3072,no_D,2026-W19,meme,4,8,0.5
3072,no_D,2026-W19,mourning,1,8,0.125
3072,no_D,2026-W19,marketing,3,8,0.375
3072,no_D,2026-W19,education,0,8,0.0
3072,no_D,2026-W19,other,0,8,0.0
3072,no_D,2026-W20,meme,3,7,0.42857142857142855
3072,no_D,2026-W20,mourning,1,7,0.14285714285714285
3072,no_D,2026-W20,marketing,3,7,0.42857142857142855
3072,no_D,2026-W20,education,0,7,0.0
3072,no_D,2026-W20,other,0,7,0.0
3072,no_D,2026-W21,meme,3,6,0.5
3072,no_D,2026-W21,mourning,0,6,0.0
3072,no_D,2026-W21,marketing,3,6,0.5
3072,no_D,2026-W21,education,0,6,0.0
3072,no_D,2026-W21,other,0,6,0.0
3072,no_D,2026-W22,meme,1,4,0.25
3072,no_D,2026-W22,mourning,0,4,0.0
3072,no_D,2026-W22,marketing,3,4,0.75
3072,no_D,2026-W22,education,0,4,0.0
3072,no_D,2026-W22,other,0,4,0.0
3072,no_R,2026-W12,meme,0,27,0.0
3072,no_R,2026-W12,mourning,0,27,0.0
3072,no_R,2026-W12,marketing,19,27,0.7037037037037037
3072,no_R,2026-W12,education,8,27,0.2962962962962963
3072,no_R,2026-W12,other,0,27,0.0
3072,no_R,2026-W13,meme,0,45,0.0
3072,no_R,2026-W13,mourning,22,45,0.4888888888888889
3072,no_R,2026-W13,marketing,14,45,0.3111111111111111
3072,no_R,2026-W13,education,5,45,0.1111111111111111
3072,no_R,2026-W13,other,4,45,0.08888888888888889
3072,no_R,2026-W14,meme,0,46,0.0
3072,no_R,2026-W14,mourning,15,46,0.32608695652173914
3072,no_R,2026-W14,marketing,17,46,0.3695652173913043
3072,no_R,2026-W14,education,12,46,0.2608695652173913
3072,no_R,2026-W14,other,2,46,0.043478260869565216
3072,no_R,2026-W15,meme,0,54,0.0
3072,no_R,2026-W15,mourning,19,54,0.35185185185185186
3072,no_R,2026-W15,marketing,17,54,0.3148148148148148
3072,no_R,2026-W15,education,10,54,0.18518518518518517
3072,no_R,2026-W15,other,8,54,0.14814814814814814
3072,no_R,2026-W16,meme,1,62,0.016129032258064516
3072,no_R,2026-W16,mourning,16,62,0.25806451612903225
3072,no_R,2026-W16,marketing,19,62,0.3064516129032258
3072,no_R,2026-W16,education,13,62,0.20967741935483872
3072,no_R,2026-W16,other,13,62,0.20967741935483872
3072,no_R,2026-W17,meme,1,53,0.018867924528301886
3072,no_R,2026-W17,mourning,15,53,0.2830188679245283
3072,no_R,2026-W17,marketing,19,53,0.3584905660377358
3072,no_R,2026-W17,education,10,53,0.18867924528301888
3072,no_R,2026-W17,other,8,53,0.1509433962264151
3072,no_R,2026-W18,meme,0,57,0.0
3072,no_R,2026-W18,mourning,16,57,0.2807017543859649
3072,no_R,2026-W18,marketing,17,57,0.2982456140350877
3072,no_R,2026-W18,education,12,57,0.21052631578947367
3072,no_R,2026-W18,other,12,57,0.21052631578947367
3072,no_R,2026-W19,meme,0,49,0.0
3072,no_R,2026-W19,mourning,14,49,0.2857142857142857
3072,no_R,2026-W19,marketing,16,49,0.32653061224489793
3072,no_R,2026-W19,education,10,49,0.20408163265306123
3072,no_R,2026-W19,other,9,49,0.1836734693877551
3072,no_R,2026-W20,meme,3,54,0.05555555555555555
3072,no_R,2026-W20,mourning,15,54,0.2777777777777778
3072,no_R,2026-W20,marketing,19,54,0.35185185185185186
3072,no_R,2026-W20,education,10,54,0.18518518518518517
3072,no_R,2026-W20,other,7,54,0.12962962962962962
3072,no_R,2026-W21,meme,10,61,0.16393442622950818
3072,no_R,2026-W21,mourning,16,61,0.26229508196721313
3072,no_R,2026-W21,marketing,17,61,0.2786885245901639
3072,no_R,2026-W21,education,11,61,0.18032786885245902
3072,no_R,2026-W21,other,7,61,0.11475409836065574
3072,no_R,2026-W22,meme,18,64,0.28125
3072,no_R,2026-W22,mourning,15,64,0.234375
3072,no_R,2026-W22,marketing,17,64,0.265625
3072,no_R,2026-W22,education,9,64,0.140625
3072,no_R,2026-W22,other,5,64,0.078125
3073,full,2026-W12,meme,0,30,0.0
3073,full,2026-W12,mourning,0,30,0.0
3073,full,2026-W12,marketing,19,30,0.6333333333333333
3073,full,2026-W12,education,11,30,0.36666666666666664
3073,full,2026-W12,other,0,30,0.0
3073,full,2026-W13,meme,0,45,0.0
3073,full,2026-W13,mourning,22,45,0.4888888888888889
3073,full,2026-W13,marketing,11,45,0.24444444444444444
3073,full,2026-W13,education,7,45,0.15555555555555556
3073,full,2026-W13,other,5,45,0.1111111111111111
3073,full,2026-W14,meme,0,33,0.0
3073,full,2026-W14,mourning,9,33,0.2727272727272727
3073,full,2026-W14,marketing,11,33,0.3333333333333333
3073,full,2026-W14,education,9,33,0.2727272727272727
3073,full,2026-W14,other,4,33,0.12121212121212122
3073,full,2026-W15,meme,0,18,0.0
3073,full,2026-W15,mourning,5,18,0.2777777777777778
3073,full,2026-W15,marketing,5,18,0.2777777777777778
3073,full,2026-W15,education,6,18,0.3333333333333333
3073,full,2026-W15,other,2,18,0.1111111111111111
3073,full,2026-W16,meme,0,19,0.0
3073,full,2026-W16,mourning,3,19,0.15789473684210525
3073,full,2026-W16,marketing,7,19,0.3684210526315789
3073,full,2026-W16,education,4,19,0.21052631578947367
3073,full,2026-W16,other,5,19,0.2631578947368421
3073,full,2026-W17,meme,0,11,0.0
3073,full,2026-W17,mourning,2,11,0.18181818181818182
3073,full,2026-W17,marketing,4,11,0.36363636363636365
3073,full,2026-W17,education,3,11,0.2727272727272727
3073,full,2026-W17,other,2,11,0.18181818181818182
3073,full,2026-W18,meme,0,9,0.0
3073,full,2026-W18,mourning,0,9,0.0
3073,full,2026-W18,marketing,4,9,0.4444444444444444
3073,full,2026-W18,education,2,9,0.2222222222222222
3073,full,2026-W18,other,3,9,0.3333333333333333
3073,full,2026-W19,meme,0,5,0.0
3073,full,2026-W19,mourning,0,5,0.0
3073,full,2026-W19,marketing,4,5,0.8
3073,full,2026-W19,education,0,5,0.0
3073,full,2026-W19,other,1,5,0.2
3073,full,2026-W20,meme,6,11,0.5454545454545454
3073,full,2026-W20,mourning,0,11,0.0
3073,full,2026-W20,marketing,4,11,0.36363636363636365
3073,full,2026-W20,education,1,11,0.09090909090909091
3073,full,2026-W20,other,0,11,0.0
3073,full,2026-W21,meme,17,20,0.85
3073,full,2026-W21,mourning,0,20,0.0
3073,full,2026-W21,marketing,3,20,0.15
3073,full,2026-W21,education,0,20,0.0
3073,full,2026-W21,other,0,20,0.0
3073,full,2026-W22,meme,19,22,0.8636363636363636
3073,full,2026-W22,mourning,0,22,0.0
3073,full,2026-W22,marketing,3,22,0.13636363636363635
3073,full,2026-W22,education,0,22,0.0
3073,full,2026-W22,other,0,22,0.0
3073,no_B,2026-W12,meme,0,30,0.0
3073,no_B,2026-W12,mourning,0,30,0.0
3073,no_B,2026-W12,marketing,19,30,0.6333333333333333
3073,no_B,2026-W12,education,11,30,0.36666666666666664
3073,no_B,2026-W12,other,0,30,0.0
3073,no_B,2026-W13,meme,0,31,0.0
3073,no_B,2026-W13,mourning,22,31,0.7096774193548387
3073,no_B,2026-W13,marketing,0,31,0.0
3073,no_B,2026-W13,education,4,31,0.12903225806451613
3073,no_B,2026-W13,other,5,31,0.16129032258064516
3073,no_B,2026-W14,meme,0,4,0.0
3073,no_B,2026-W14,mourning,0,4,0.0
3073,no_B,2026-W14,marketing,0,4,0.0
3073,no_B,2026-W14,education,1,4,0.25
3073,no_B,2026-W14,other,3,4,0.75
3073,no_B,2026-W15,meme,0,1,0.0
3073,no_B,2026-W15,mourning,0,1,0.0
3073,no_B,2026-W15,marketing,0,1,0.0
3073,no_B,2026-W15,education,0,1,0.0
3073,no_B,2026-W15,other,1,1,1.0
3073,no_B,2026-W16,meme,1,1,1.0
3073,no_B,2026-W16,mourning,0,1,0.0
3073,no_B,2026-W16,marketing,0,1,0.0
3073,no_B,2026-W16,education,0,1,0.0
3073,no_B,2026-W16,other,0,1,0.0
3073,no_B,2026-W17,meme,0,0,0.0
3073,no_B,2026-W17,mourning,0,0,0.0
3073,no_B,2026-W17,marketing,0,0,0.0
3073,no_B,2026-W17,education,0,0,0.0
3073,no_B,2026-W17,other,0,0,0.0
3073,no_B,2026-W18,meme,0,0,0.0
3073,no_B,2026-W18,mourning,0,0,0.0
3073,no_B,2026-W18,marketing,0,0,0.0
3073,no_B,2026-W18,education,0,0,0.0
3073,no_B,2026-W18,other,0,0,0.0
3073,no_B,2026-W19,meme,0,0,0.0
3073,no_B,2026-W19,mourning,0,0,0.0
3073,no_B,2026-W19,marketing,0,0,0.0
3073,no_B,2026-W19,education,0,0,0.0
3073,no_B,2026-W19,other,0,0,0.0
3073,no_B,2026-W20,meme,4,4,1.0
3073,no_B,2026-W20,mourning,0,4,0.0
3073,no_B,2026-W20,marketing,0,4,0.0
3073,no_B,2026-W20,education,0,4,0.0
3073,no_B,2026-W20,other,0,4,0.0
3073,no_B,2026-W21,meme,15,15,1.0
3073,no_B,2026-W21,mourning,0,15,0.0
3073,no_B,2026-W21,marketing,0,15,0.0
3073,no_B,2026-W21,education,0,15,0.0
3073,no_B,2026-W21,other,0,15,0.0
3073,no_B,2026-W22,meme,3,3,1.0
3073,no_B,2026-W22,mourning,0,3,0.0
3073,no_B,2026-W22,marketing,0,3,0.0
3073,no_B,2026-W22,education,0,3,0.0
3073,no_B,2026-W22,other,0,3,0.0
3073,no_D,2026-W12,meme,12,63,0.19047619047619047
3073,no_D,2026-W12,mourning,12,63,0.19047619047619047
3073,no_D,2026-W12,marketing,15,63,0.23809523809523808
3073,no_D,2026-W12,education,9,63,0.14285714285714285
3073,no_D,2026-W12,other,15,63,0.23809523809523808
3073,no_D,2026-W13,meme,12,57,0.21052631578947367
3073,no_D,2026-W13,mourning,12,57,0.21052631578947367
3073,no_D,2026-W13,marketing,10,57,0.17543859649122806
3073,no_D,2026-W13,education,8,57,0.14035087719298245
3073,no_D,2026-W13,other,15,57,0.2631578947368421
3073,no_D,2026-W14,meme,10,40,0.25
3073,no_D,2026-W14,mourning,4,40,0.1
3073,no_D,2026-W14,marketing,7,40,0.175
3073,no_D,2026-W14,education,7,40,0.175
3073,no_D,2026-W14,other,12,40,0.3
3073,no_D,2026-W15,meme,5,29,0.1724137931034483
3073,no_D,2026-W15,mourning,4,29,0.13793103448275862
3073,no_D,2026-W15,marketing,6,29,0.20689655172413793
3073,no_D,2026-W15,education,6,29,0.20689655172413793
3073,no_D,2026-W15,other,8,29,0.27586206896551724
3073,no_D,2026-W16,meme,5,19,0.2631578947368421
3073,no_D,2026-W16,mourning,2,19,0.10526315789473684
3073,no_D,2026-W16,marketing,6,19,0.3157894736842105
3073,no_D,2026-W16,education,4,19,0.21052631578947367
3073,no_D,2026-W16,other,2,19,0.10526315789473684
3073,no_D,2026-W17,meme,5,14,0.35714285714285715
3073,no_D,2026-W17,mourning,1,14,0.07142857142857142
3073,no_D,2026-W17,marketing,5,14,0.35714285714285715
3073,no_D,2026-W17,education,2,14,0.14285714285714285
3073,no_D,2026-W17,other,1,14,0.07142857142857142
3073,no_D,2026-W18,meme,5,12,0.4166666666666667
3073,no_D,2026-W18,mourning,1,12,0.08333333333333333
3073,no_D,2026-W18,marketing,4,12,0.3333333333333333
3073,no_D,2026-W18,education,2,12,0.16666666666666666
3073,no_D,2026-W18,other,0,12,0.0
3073,no_D,2026-W19,meme,4,10,0.4
3073,no_D,2026-W19,mourning,1,10,0.1
3073,no_D,2026-W19,marketing,4,10,0.4
3073,no_D,2026-W19,education,1,10,0.1
3073,no_D,2026-W19,other,0,10,0.0
3073,no_D,2026-W20,meme,3,8,0.375
3073,no_D,2026-W20,mourning,1,8,0.125
3073,no_D,2026-W20,marketing,3,8,0.375
3073,no_D,2026-W20,education,1,8,0.125
3073,no_D,2026-W20,other,0,8,0.0
3073,no_D,2026-W21,meme,1,4,0.25
3073,no_D,2026-W21,mourning,0,4,0.0
3073,no_D,2026-W21,marketing,3,4,0.75
3073,no_D,2026-W21,education,0,4,0.0
3073,no_D,2026-W21,other,0,4,0.0
3073,no_D,2026-W22,meme,1,4,0.25
3073,no_D,2026-W22,mourning,0,4,0.0
3073,no_D,2026-W22,marketing,3,4,0.75
3073,no_D,2026-W22,education,0,4,0.0
3073,no_D,2026-W22,other,0,4,0.0
3073,no_R,2026-W12,meme,0,30,0.0
3073,no_R,2026-W12,mourning,0,30,0.0
3073,no_R,2026-W12,marketing,19,30,0.6333333333333333
3073,no_R,2026-W12,education,11,30,0.36666666666666664
3073,no_R,2026-W12,other,0,30,0.0
3073,no_R,2026-W13,meme,0,51,0.0
3073,no_R,2026-W13,mourning,22,51,0.43137254901960786
3073,no_R,2026-W13,marketing,16,51,0.3137254901960784
3073,no_R,2026-W13,education,8,51,0.1568627450980392
3073,no_R,2026-W13,other,5,51,0.09803921568627451
3073,no_R,2026-W14,meme,0,49,0.0
3073,no_R,2026-W14,mourning,14,49,0.2857142857142857
3073,no_R,2026-W14,marketing,17,49,0.3469387755102041
3073,no_R,2026-W14,education,11,49,0.22448979591836735
3073,no_R,2026-W14,other,7,49,0.14285714285714285
3073,no_R,2026-W15,meme,0,55,0.0
3073,no_R,2026-W15,mourning,19,55,0.34545454545454546
3073,no_R,2026-W15,marketing,19,55,0.34545454545454546
3073,no_R,2026-W15,education,9,55,0.16363636363636364
3073,no_R,2026-W15,other,8,55,0.14545454545454545
3073,no_R,2026-W16,meme,0,54,0.0
3073,no_R,2026-W16,mourning,20,54,0.37037037037037035
3073,no_R,2026-W16,marketing,18,54,0.3333333333333333
3073,no_R,2026-W16,education,10,54,0.18518518518518517
3073,no_R,2026-W16,other,6,54,0.1111111111111111
3073,no_R,2026-W17,meme,0,57,0.0
3073,no_R,2026-W17,mourning,18,57,0.3157894736842105
3073,no_R,2026-W17,marketing,17,57,0.2982456140350877
3073,no_R,2026-W17,education,13,57,0.22807017543859648
3073,no_R,2026-W17,other,9,57,0.15789473684210525
3073,no_R,2026-W18,meme,0,58,0.0
3073,no_R,2026-W18,mourning,19,58,0.3275862068965517
3073,no_R,2026-W18,marketing,17,58,0.29310344827586204
3073,no_R,2026-W18,education,12,58,0.20689655172413793
3073,no_R,2026-W18,other,10,58,0.1724137931034483
3073,no_R,2026-W19,meme,0,55,0.0
3073,no_R,2026-W19,mourning,14,55,0.2545454545454545
3073,no_R,2026-W19,marketing,17,55,0.3090909090909091
3073,no_R,2026-W19,education,11,55,0.2
3073,no_R,2026-W19,other,13,55,0.23636363636363636
3073,no_R,2026-W20,meme,3,57,0.05263157894736842
3073,no_R,2026-W20,mourning,14,57,0.24561403508771928
3073,no_R,2026-W20,marketing,18,57,0.3157894736842105
3073,no_R,2026-W20,education,12,57,0.21052631578947367
3073,no_R,2026-W20,other,10,57,0.17543859649122806
3073,no_R,2026-W21,meme,12,56,0.21428571428571427
3073,no_R,2026-W21,mourning,12,56,0.21428571428571427
3073,no_R,2026-W21,marketing,17,56,0.30357142857142855
3073,no_R,2026-W21,education,11,56,0.19642857142857142
3073,no_R,2026-W21,other,4,56,0.07142857142857142
3073,no_R,2026-W22,meme,18,55,0.32727272727272727
3073,no_R,2026-W22,mourning,10,55,0.18181818181818182
3073,no_R,2026-W22,marketing,15,55,0.2727272727272727
3073,no_R,2026-W22,education,9,55,0.16363636363636364
3073,no_R,2026-W22,other,3,55,0.05454545454545454
3074,full,2026-W12,meme,0,26,0.0
3074,full,2026-W12,mourning,0,26,0.0
3074,full,2026-W12,marketing,19,26,0.7307692307692307
3074,full,2026-W12,education,7,26,0.2692307692307692
3074,full,2026-W12,other,0,26,0.0
3074,full,2026-W13,meme,0,44,0.0
3074,full,2026-W13,mourning,22,44,0.5
3074,full,2026-W13,marketing,11,44,0.25
3074,full,2026-W13,education,7,44,0.1590909090909091
3074,full,2026-W13,other,4,44,0.09090909090909091
3074,full,2026-W14,meme,0,36,0.0
3074,full,2026-W14,mourning,9,36,0.25
3074,full,2026-W14,marketing,12,36,0.3333333333333333
3074,full,2026-W14,education,8,36,0.2222222222222222
3074,full,2026-W14,other,7,36,0.19444444444444445
3074,full,2026-W15,meme,0,26,0.0
3074,full,2026-W15,mourning,5,26,0.19230769230769232
3074,full,2026-W15,marketing,8,26,0.3076923076923077
3074,full,2026-W15,education,5,26,0.19230769230769232
3074,full,2026-W15,other,8,26,0.3076923076923077
3074,full,2026-W16,meme,0,18,0.0
3074,full,2026-W16,mourning,0,18,0.0
3074,full,2026-W16,marketing,7,18,0.3888888888888889
3074,full,2026-W16,education,5,18,0.2777777777777778
3074,full,2026-W16,other,6,18,0.3333333333333333
3074,full,2026-W17,meme,0,16,0.0
3074,full,2026-W17,mourning,1,16,0.0625
3074,full,2026-W17,marketing,6,16,0.375
3074,full,2026-W17,education,6,16,0.375
3074,full,2026-W17,other,3,16,0.1875
3074,full,2026-W18,meme,0,9,0.0
3074,full,2026-W18,mourning,1,9,0.1111111111111111
3074,full,2026-W18,marketing,5,9,0.5555555555555556
3074,full,2026-W18,education,3,9,0.3333333333333333
3074,full,2026-W18,other,0,9,0.0
3074,full,2026-W19,meme,0,6,0.0
3074,full,2026-W19,mourning,0,6,0.0
3074,full,2026-W19,marketing,4,6,0.6666666666666666
3074,full,2026-W19,education,2,6,0.3333333333333333
3074,full,2026-W19,other,0,6,0.0
3074,full,2026-W20,meme,7,12,0.5833333333333334
3074,full,2026-W20,mourning,0,12,0.0
3074,full,2026-W20,marketing,4,12,0.3333333333333333
3074,full,2026-W20,education,1,12,0.08333333333333333
3074,full,2026-W20,other,0,12,0.0
3074,full,2026-W21,meme,18,23,0.782608695652174
3074,full,2026-W21,mourning,0,23,0.0
3074,full,2026-W21,marketing,3,23,0.13043478260869565
3074,full,2026-W21,education,2,23,0.08695652173913043
3074,full,2026-W21,other,0,23,0.0
3074,full,2026-W22,meme,17,21,0.8095238095238095
3074,full,2026-W22,mourning,1,21,0.047619047619047616
3074,full,2026-W22,marketing,3,21,0.14285714285714285
3074,full,2026-W22,education,0,21,0.0
3074,full,2026-W22,other,0,21,0.0
3074,no_B,2026-W12,meme,0,26,0.0
3074,no_B,2026-W12,mourning,0,26,0.0
3074,no_B,2026-W12,marketing,19,26,0.7307692307692307
3074,no_B,2026-W12,education,7,26,0.2692307692307692
3074,no_B,2026-W12,other,0,26,0.0
3074,no_B,2026-W13,meme,0,29,0.0
3074,no_B,2026-W13,mourning,22,29,0.7586206896551724
3074,no_B,2026-W13,marketing,0,29,0.0
3074,no_B,2026-W13,education,3,29,0.10344827586206896
3074,no_B,2026-W13,other,4,29,0.13793103448275862
3074,no_B,2026-W14,meme,0,5,0.0
3074,no_B,2026-W14,mourning,0,5,0.0
3074,no_B,2026-W14,marketing,0,5,0.0
3074,no_B,2026-W14,education,4,5,0.8
3074,no_B,2026-W14,other,1,5,0.2
3074,no_B,2026-W15,meme,0,1,0.0
3074,no_B,2026-W15,mourning,0,1,0.0
3074,no_B,2026-W15,marketing,0,1,0.0
3074,no_B,2026-W15,education,0,1,0.0
3074,no_B,2026-W15,other,1,1,1.0
3074,no_B,2026-W16,meme,2,3,0.6666666666666666
3074,no_B,2026-W16,mourning,0,3,0.0
3074,no_B,2026-W16,marketing,0,3,0.0
3074,no_B,2026-W16,education,0,3,0.0
3074,no_B,2026-W16,other,1,3,0.3333333333333333
3074,no_B,2026-W17,meme,3,3,1.0
3074,no_B,2026-W17,mourning,0,3,0.0
3074,no_B,2026-W17,marketing,0,3,0.0
3074,no_B,2026-W17,education,0,3,0.0
3074,no_B,2026-W17,other,0,3,0.0
3074,no_B,2026-W18,meme,2,2,1.0
3074,no_B,2026-W18,mourning,0,2,0.0
3074,no_B,2026-W18,marketing,0,2,0.0
3074,no_B,2026-W18,education,0,2,0.0
3074,no_B,2026-W18,other,0,2,0.0
3074,no_B,2026-W19,meme,5,5,1.0
3074,no_B,2026-W19,mourning,0,5,0.0
3074,no_B,2026-W19,marketing,0,5,0.0
3074,no_B,2026-W19,education,0,5,0.0
3074,no_B,2026-W19,other,0,5,0.0
3074,no_B,2026-W20,meme,7,7,1.0
3074,no_B,2026-W20,mourning,0,7,0.0
3074,no_B,2026-W20,marketing,0,7,0.0
3074,no_B,2026-W20,education,0,7,0.0
3074,no_B,2026-W20,other,0,7,0.0
3074,no_B,2026-W21,meme,3,3,1.0
3074,no_B,2026-W21,mourning,0,3,0.0
3074,no_B,2026-W21,marketing,0,3,0.0
3074,no_B,2026-W21,education,0,3,0.0
3074,no_B,2026-W21,other,0,3,0.0
3074,no_B,2026-W22,meme,0,0,0.0
3074,no_B,2026-W22,mourning,0,0,0.0
3074,no_B,2026-W22,marketing,0,0,0.0
3074,no_B,2026-W22,education,0,0,0.0
3074,no_B,2026-W22,other,0,0,0.0
3074,no_D,2026-W12,meme,12,63,0.19047619047619047
3074,no_D,2026-W12,mourning,12,63,0.19047619047619047
3074,no_D,2026-W12,marketing,15,63,0.23809523809523808
3074,no_D,2026-W12,education,9,63,0.14285714285714285
3074,no_D,2026-W12,other,15,63,0.23809523809523808
3074,no_D,2026-W13,meme,12,58,0.20689655172413793
3074,no_D,2026-W13,mourning,12,58,0.20689655172413793
3074,no_D,2026-W13,marketing,11,58,0.1896551724137931
3074,no_D,2026-W13,education,8,58,0.13793103448275862
3074,no_D,2026-W13,other,15,58,0.25862068965517243
3074,no_D,2026-W14,meme,11,42,0.2619047619047619
3074,no_D,2026-W14,mourning,4,42,0.09523809523809523
3074,no_D,2026-W14,marketing,8,42,0.19047619047619047
3074,no_D,2026-W14,education,8,42,0.19047619047619047
3074,no_D,2026-W14,other,11,42,0.2619047619047619
3074,no_D,2026-W15,meme,9,29,0.3103448275862069
3074,no_D,2026-W15,mourning,2,29,0.06896551724137931
3074,no_D,2026-W15,marketing,8,29,0.27586206896551724
3074,no_D,2026-W15,education,5,29,0.1724137931034483
3074,no_D,2026-W15,other,5,29,0.1724137931034483
3074,no_D,2026-W16,meme,7,21,0.3333333333333333
3074,no_D,2026-W16,mourning,2,21,0.09523809523809523
3074,no_D,2026-W16,marketing,7,21,0.3333333333333333
3074,no_D,2026-W16,education,4,21,0.19047619047619047
3074,no_D,2026-W16,other,1,21,0.047619047619047616
3074,no_D,2026-W17,meme,4,15,0.26666666666666666
3074,no_D,2026-W17,mourning,1,15,0.06666666666666667
3074,no_D,2026-W17,marketing,6,15,0.4
3074,no_D,2026-W17,education,3,15,0.2
3074,no_D,2026-W17,other,1,15,0.06666666666666667
3074,no_D,2026-W18,meme,3,13,0.23076923076923078
3074,no_D,2026-W18,mourning,1,13,0.07692307692307693
3074,no_D,2026-W18,marketing,5,13,0.38461538461538464
3074,no_D,2026-W18,education,3,13,0.23076923076923078
3074,no_D,2026-W18,other,1,13,0.07692307692307693
3074,no_D,2026-W19,meme,3,11,0.2727272727272727
3074,no_D,2026-W19,mourning,1,11,0.09090909090909091
3074,no_D,2026-W19,marketing,4,11,0.36363636363636365
3074,no_D,2026-W19,education,3,11,0.2727272727272727
3074,no_D,2026-W19,other,0,11,0.0
3074,no_D,2026-W20,meme,2,9,0.2222222222222222
3074,no_D,2026-W20,mourning,1,9,0.1111111111111111
3074,no_D,2026-W20,marketing,3,9,0.3333333333333333
3074,no_D,2026-W20,education,3,9,0.3333333333333333
3074,no_D,2026-W20,other,0,9,0.0
3074,no_D,2026-W21,meme,2,8,0.25
3074,no_D,2026-W21,mourning,1,8,0.125
3074,no_D,2026-W21,marketing,3,8,0.375
3074,no_D,2026-W21,education,2,8,0.25
3074,no_D,2026-W21,other,0,8,0.0
3074,no_D,2026-W22,meme,1,6,0.16666666666666666
3074,no_D,2026-W22,mourning,1,6,0.16666666666666666
3074,no_D,2026-W22,marketing,3,6,0.5
3074,no_D,2026-W22,education,1,6,0.16666666666666666
3074,no_D,2026-W22,other,0,6,0.0
3074,no_R,2026-W12,meme,0,26,0.0
3074,no_R,2026-W12,mourning,0,26,0.0
3074,no_R,2026-W12,marketing,19,26,0.7307692307692307
3074,no_R,2026-W12,education,7,26,0.2692307692307692
3074,no_R,2026-W12,other,0,26,0.0
3074,no_R,2026-W13,meme,0,48,0.0
3074,no_R,2026-W13,mourning,22,48,0.4583333333333333
3074,no_R,2026-W13,marketing,15,48,0.3125
3074,no_R,2026-W13,education,7,48,0.14583333333333334
3074,no_R,2026-W13,other,4,48,0.08333333333333333
3074,no_R,2026-W14,meme,0,51,0.0
3074,no_R,2026-W14,mourning,15,51,0.29411764705882354
3074,no_R,2026-W14,marketing,18,51,0.35294117647058826
3074,no_R,2026-W14,education,14,51,0.27450980392156865
3074,no_R,2026-W14,other,4,51,0.0784313725490196
3074,no_R,2026-W15,meme,0,58,0.0
3074,no_R,2026-W15,mourning,20,58,0.3448275862068966
3074,no_R,2026-W15,marketing,17,58,0.29310344827586204
3074,no_R,2026-W15,education,13,58,0.22413793103448276
3074,no_R,2026-W15,other,8,58,0.13793103448275862
3074,no_R,2026-W16,meme,0,57,0.0
3074,no_R,2026-W16,mourning,19,57,0.3333333333333333
3074,no_R,2026-W16,marketing,17,57,0.2982456140350877
3074,no_R,2026-W16,education,12,57,0.21052631578947367
3074,no_R,2026-W16,other,9,57,0.15789473684210525
3074,no_R,2026-W17,meme,0,54,0.0
3074,no_R,2026-W17,mourning,16,54,0.2962962962962963
3074,no_R,2026-W17,marketing,17,54,0.3148148148148148
3074,no_R,2026-W17,education,12,54,0.2222222222222222
3074,no_R,2026-W17,other,9,54,0.16666666666666666
3074,no_R,2026-W18,meme,0,53,0.0
3074,no_R,2026-W18,mourning,15,53,0.2830188679245283
3074,no_R,2026-W18,marketing,18,53,0.33962264150943394
3074,no_R,2026-W18,education,12,53,0.22641509433962265
3074,no_R,2026-W18,other,8,53,0.1509433962264151
3074,no_R,2026-W19,meme,0,52,0.0
3074,no_R,2026-W19,mourning,14,52,0.2692307692307692
3074,no_R,2026-W19,marketing,17,52,0.3269230769230769
3074,no_R,2026-W19,education,13,52,0.25
3074,no_R,2026-W19,other,8,52,0.15384615384615385
3074,no_R,2026-W20,meme,4,53,0.07547169811320754
3074,no_R,2026-W20,mourning,15,53,0.2830188679245283
3074,no_R,2026-W20,marketing,18,53,0.33962264150943394
3074,no_R,2026-W20,education,10,53,0.18867924528301888
3074,no_R,2026-W20,other,6,53,0.11320754716981132
3074,no_R,2026-W21,meme,15,61,0.2459016393442623
3074,no_R,2026-W21,mourning,12,61,0.19672131147540983
3074,no_R,2026-W21,marketing,17,61,0.2786885245901639
3074,no_R,2026-W21,education,13,61,0.21311475409836064
3074,no_R,2026-W21,other,4,61,0.06557377049180328
3074,no_R,2026-W22,meme,19,52,0.36538461538461536
3074,no_R,2026-W22,mourning,7,52,0.1346153846153846
3074,no_R,2026-W22,marketing,17,52,0.3269230769230769
3074,no_R,2026-W22,education,9,52,0.17307692307692307
3074,no_R,2026-W22,other,0,52,0.0
3075,full,2026-W12,meme,0,25,0.0
3075,full,2026-W12,mourning,0,25,0.0
3075,full,2026-W12,marketing,19,25,0.76
3075,full,2026-W12,education,6,25,0.24
3075,full,2026-W12,other,0,25,0.0
3075,full,2026-W13,meme,0,42,0.0
3075,full,2026-W13,mourning,22,42,0.5238095238095238
3075,full,2026-W13,marketing,11,42,0.2619047619047619
3075,full,2026-W13,education,5,42,0.11904761904761904
3075,full,2026-W13,other,4,42,0.09523809523809523
3075,full,2026-W14,meme,0,37,0.0
3075,full,2026-W14,mourning,10,37,0.2702702702702703
3075,full,2026-W14,marketing,12,37,0.32432432432432434
3075,full,2026-W14,education,11,37,0.2972972972972973
3075,full,2026-W14,other,4,37,0.10810810810810811
3075,full,2026-W15,meme,0,23,0.0
3075,full,2026-W15,mourning,6,23,0.2608695652173913
3075,full,2026-W15,marketing,8,23,0.34782608695652173
3075,full,2026-W15,education,7,23,0.30434782608695654
3075,full,2026-W15,other,2,23,0.08695652173913043
3075,full,2026-W16,meme,0,16,0.0
3075,full,2026-W16,mourning,2,16,0.125
3075,full,2026-W16,marketing,6,16,0.375
3075,full,2026-W16,education,4,16,0.25
3075,full,2026-W16,other,4,16,0.25
3075,full,2026-W17,meme,0,13,0.0
3075,full,2026-W17,mourning,1,13,0.07692307692307693
3075,full,2026-W17,marketing,5,13,0.38461538461538464
3075,full,2026-W17,education,3,13,0.23076923076923078
3075,full,2026-W17,other,4,13,0.3076923076923077
3075,full,2026-W18,meme,0,11,0.0
3075,full,2026-W18,mourning,0,11,0.0
3075,full,2026-W18,marketing,4,11,0.36363636363636365
3075,full,2026-W18,education,3,11,0.2727272727272727
3075,full,2026-W18,other,4,11,0.36363636363636365
3075,full,2026-W19,meme,0,6,0.0
3075,full,2026-W19,mourning,0,6,0.0
3075,full,2026-W19,marketing,4,6,0.6666666666666666
3075,full,2026-W19,education,1,6,0.16666666666666666
3075,full,2026-W19,other,1,6,0.16666666666666666
3075,full,2026-W20,meme,9,12,0.75
3075,full,2026-W20,mourning,0,12,0.0
3075,full,2026-W20,marketing,3,12,0.25
3075,full,2026-W20,education,0,12,0.0
3075,full,2026-W20,other,0,12,0.0
3075,full,2026-W21,meme,19,23,0.8260869565217391
3075,full,2026-W21,mourning,0,23,0.0
3075,full,2026-W21,marketing,4,23,0.17391304347826086
3075,full,2026-W21,education,0,23,0.0
3075,full,2026-W21,other,0,23,0.0
3075,full,2026-W22,meme,19,22,0.8636363636363636
3075,full,2026-W22,mourning,0,22,0.0
3075,full,2026-W22,marketing,3,22,0.13636363636363635
3075,full,2026-W22,education,0,22,0.0
3075,full,2026-W22,other,0,22,0.0
3075,no_B,2026-W12,meme,0,25,0.0
3075,no_B,2026-W12,mourning,0,25,0.0
3075,no_B,2026-W12,marketing,19,25,0.76
3075,no_B,2026-W12,education,6,25,0.24
3075,no_B,2026-W12,other,0,25,0.0
3075,no_B,2026-W13,meme,0,27,0.0
3075,no_B,2026-W13,mourning,22,27,0.8148148148148148
3075,no_B,2026-W13,marketing,0,27,0.0
3075,no_B,2026-W13,education,1,27,0.037037037037037035
3075,no_B,2026-W13,other,4,27,0.14814814814814814
3075,no_B,2026-W14,meme,0,6,0.0
3075,no_B,2026-W14,mourning,0,6,0.0
3075,no_B,2026-W14,marketing,0,6,0.0
3075,no_B,2026-W14,education,3,6,0.5
3075,no_B,2026-W14,other,3,6,0.5
3075,no_B,2026-W15,meme,0,1,0.0
3075,no_B,2026-W15,mourning,0,1,0.0
3075,no_B,2026-W15,marketing,0,1,0.0
3075,no_B,2026-W15,education,1,1,1.0
3075,no_B,2026-W15,other,0,1,0.0
3075,no_B,2026-W16,meme,0,0,0.0
3075,no_B,2026-W16,mourning,0,0,0.0
3075,no_B,2026-W16,marketing,0,0,0.0
3075,no_B,2026-W16,education,0,0,0.0
3075,no_B,2026-W16,other,0,0,0.0
3075,no_B,2026-W17,meme,1,1,1.0
3075,no_B,2026-W17,mourning,0,1,0.0
3075,no_B,2026-W17,marketing,0,1,0.0
3075,no_B,2026-W17,education,0,1,0.0
3075,no_B,2026-W17,other,0,1,0.0
3075,no_B,2026-W18,meme,0,0,0.0
3075,no_B,2026-W18,mourning,0,0,0.0
3075,no_B,2026-W18,marketing,0,0,0.0
3075,no_B,2026-W18,education,0,0,0.0
3075,no_B,2026-W18,other,0,0,0.0
3075,no_B,2026-W19,meme,0,0,0.0
3075,no_B,2026-W19,mourning,0,0,0.0
3075,no_B,2026-W19,marketing,0,0,0.0
3075,no_B,2026-W19,education,0,0,0.0
3075,no_B,2026-W19,other,0,0,0.0
3075,no_B,2026-W20,meme,8,8,1.0
3075,no_B,2026-W20,mourning,0,8,0.0
3075,no_B,2026-W20,marketing,0,8,0.0
3075,no_B,2026-W20,education,0,8,0.0
3075,no_B,2026-W20,other,0,8,0.0
3075,no_B,2026-W21,meme,13,13,1.0
3075,no_B,2026-W21,mourning,0,13,0.0
3075,no_B,2026-W21,marketing,0,13,0.0
3075,no_B,2026-W21,education,0,13,0.0
3075,no_B,2026-W21,other,0,13,0.0
3075,no_B,2026-W22,meme,1,1,1.0
3075,no_B,2026-W22,mourning,0,1,0.0
3075,no_B,2026-W22,marketing,0,1,0.0
3075,no_B,2026-W22,education,0,1,0.0
3075,no_B,2026-W22,other,0,1,0.0
3075,no_D,2026-W12,meme,12,63,0.19047619047619047
3075,no_D,2026-W12,mourning,12,63,0.19047619047619047
3075,no_D,2026-W12,marketing,15,63,0.23809523809523808
3075,no_D,2026-W12,education,9,63,0.14285714285714285
3075,no_D,2026-W12,other,15,63,0.23809523809523808
3075,no_D,2026-W13,meme,12,57,0.21052631578947367
3075,no_D,2026-W13,mourning,12,57,0.21052631578947367
3075,no_D,2026-W13,marketing,11,57,0.19298245614035087
3075,no_D,2026-W13,education,7,57,0.12280701754385964
3075,no_D,2026-W13,other,15,57,0.2631578947368421
3075,no_D,2026-W14,meme,10,43,0.23255813953488372
3075,no_D,2026-W14,mourning,4,43,0.09302325581395349
3075,no_D,2026-W14,marketing,10,43,0.23255813953488372
3075,no_D,2026-W14,education,6,43,0.13953488372093023
3075,no_D,2026-W14,other,13,43,0.3023255813953488
3075,no_D,2026-W15,meme,9,31,0.2903225806451613
3075,no_D,2026-W15,mourning,2,31,0.06451612903225806
3075,no_D,2026-W15,marketing,8,31,0.25806451612903225
3075,no_D,2026-W15,education,5,31,0.16129032258064516
3075,no_D,2026-W15,other,7,31,0.22580645161290322
3075,no_D,2026-W16,meme,7,20,0.35
3075,no_D,2026-W16,mourning,1,20,0.05
3075,no_D,2026-W16,marketing,6,20,0.3
3075,no_D,2026-W16,education,4,20,0.2
3075,no_D,2026-W16,other,2,20,0.1
3075,no_D,2026-W17,meme,6,15,0.4
3075,no_D,2026-W17,mourning,1,15,0.06666666666666667
3075,no_D,2026-W17,marketing,4,15,0.26666666666666666
3075,no_D,2026-W17,education,3,15,0.2
3075,no_D,2026-W17,other,1,15,0.06666666666666667
3075,no_D,2026-W18,meme,3,11,0.2727272727272727
3075,no_D,2026-W18,mourning,1,11,0.09090909090909091
3075,no_D,2026-W18,marketing,4,11,0.36363636363636365
3075,no_D,2026-W18,education,3,11,0.2727272727272727
3075,no_D,2026-W18,other,0,11,0.0
3075,no_D,2026-W19,meme,3,8,0.375
3075,no_D,2026-W19,mourning,1,8,0.125
3075,no_D,2026-W19,marketing,4,8,0.5
3075,no_D,2026-W19,education,0,8,0.0
3075,no_D,2026-W19,other,0,8,0.0
3075,no_D,2026-W20,meme,2,6,0.3333333333333333
3075,no_D,2026-W20,mourning,0,6,0.0
3075,no_D,2026-W20,marketing,4,6,0.6666666666666666
3075,no_D,2026-W20,education,0,6,0.0
3075,no_D,2026-W20,other,0,6,0.0
3075,no_D,2026-W21,meme,2,5,0.4
3075,no_D,2026-W21,mourning,0,5,0.0
3075,no_D,2026-W21,marketing,3,5,0.6
3075,no_D,2026-W21,education,0,5,0.0
3075,no_D,2026-W21,other,0,5,0.0
3075,no_D,2026-W22,meme,1,4,0.25
3075,no_D,2026-W22,mourning,0,4,0.0
3075,no_D,2026-W22,marketing,3,4,0.75
3075,no_D,2026-W22,education,0,4,0.0
3075,no_D,2026-W22,other,0,4,0.0
3075,no_R,2026-W12,meme,0,25,0.0
3075,no_R,2026-W12,mourning,0,25,0.0
3075,no_R,2026-W12,marketing,19,25,0.76
3075,no_R,2026-W12,education,6,25,0.24
3075,no_R,2026-W12,other,0,25,0.0
3075,no_R,2026-W13,meme,0,46,0.0
3075,no_R,2026-W13,mourning,22,46,0.4782608695652174
3075,no_R,2026-W13,marketing,14,46,0.30434782608695654
3075,no_R,2026-W13,education,6,46,0.13043478260869565
3075,no_R,2026-W13,other,4,46,0.08695652173913043
3075,no_R,2026-W14,meme,0,49,0.0
3075,no_R,2026-W14,mourning,17,49,0.3469387755102041
3075,no_R,2026-W14,marketing,19,49,0.3877551020408163
3075,no_R,2026-W14,education,10,49,0.20408163265306123
3075,no_R,2026-W14,other,3,49,0.061224489795918366
3075,no_R,2026-W15,meme,0,55,0.0
3075,no_R,2026-W15,mourning,20,55,0.36363636363636365
3075,no_R,2026-W15,marketing,17,55,0.3090909090909091
3075,no_R,2026-W15,education,13,55,0.23636363636363636
3075,no_R,2026-W15,other,5,55,0.09090909090909091
3075,no_R,2026-W16,meme,0,55,0.0
3075,no_R,2026-W16,mourning,18,55,0.32727272727272727
3075,no_R,2026-W16,marketing,17,55,0.3090909090909091
3075,no_R,2026-W16,education,14,55,0.2545454545454545
3075,no_R,2026-W16,other,6,55,0.10909090909090909
3075,no_R,2026-W17,meme,0,48,0.0
3075,no_R,2026-W17,mourning,17,48,0.3541666666666667
3075,no_R,2026-W17,marketing,14,48,0.2916666666666667
3075,no_R,2026-W17,education,11,48,0.22916666666666666
3075,no_R,2026-W17,other,6,48,0.125
3075,no_R,2026-W18,meme,0,48,0.0
3075,no_R,2026-W18,mourning,15,48,0.3125
3075,no_R,2026-W18,marketing,17,48,0.3541666666666667
3075,no_R,2026-W18,education,11,48,0.22916666666666666
3075,no_R,2026-W18,other,5,48,0.10416666666666667
3075,no_R,2026-W19,meme,0,52,0.0
3075,no_R,2026-W19,mourning,17,52,0.3269230769230769
3075,no_R,2026-W19,marketing,18,52,0.34615384615384615
3075,no_R,2026-W19,education,10,52,0.19230769230769232
3075,no_R,2026-W19,other,7,52,0.1346153846153846
3075,no_R,2026-W20,meme,3,54,0.05555555555555555
3075,no_R,2026-W20,mourning,13,54,0.24074074074074073
3075,no_R,2026-W20,marketing,18,54,0.3333333333333333
3075,no_R,2026-W20,education,12,54,0.2222222222222222
3075,no_R,2026-W20,other,8,54,0.14814814814814814
3075,no_R,2026-W21,meme,14,63,0.2222222222222222
3075,no_R,2026-W21,mourning,15,63,0.23809523809523808
3075,no_R,2026-W21,marketing,17,63,0.2698412698412698
3075,no_R,2026-W21,education,11,63,0.1746031746031746
3075,no_R,2026-W21,other,6,63,0.09523809523809523
3075,no_R,2026-W22,meme,18,63,0.2857142857142857
3075,no_R,2026-W22,mourning,12,63,0.19047619047619047
3075,no_R,2026-W22,marketing,17,63,0.2698412698412698
3075,no_R,2026-W22,education,11,63,0.1746031746031746
3075,no_R,2026-W22,other,5,63,0.07936507936507936
3076,full,2026-W12,meme,0,28,0.0
3076,full,2026-W12,mourning,0,28,0.0
3076,full,2026-W12,marketing,19,28,0.6785714285714286
3076,full,2026-W12,education,9,28,0.32142857142857145
3076,full,2026-W12,other,0,28,0.0
3076,full,2026-W13,meme,0,39,0.0
3076,full,2026-W13,mourning,22,39,0.5641025641025641
3076,full,2026-W13,marketing,9,39,0.23076923076923078
3076,full,2026-W13,education,4,39,0.10256410256410256
3076,full,2026-W13,other,4,39,0.10256410256410256
3076,full,2026-W14,meme,0,34,0.0
3076,full,2026-W14,mourning,11,34,0.3235294117647059
3076,full,2026-W14,marketing,10,34,0.29411764705882354
3076,full,2026-W14,education,7,34,0.20588235294117646
3076,full,2026-W14,other,6,34,0.17647058823529413
3076,full,2026-W15,meme,0,26,0.0
3076,full,2026-W15,mourning,7,26,0.2692307692307692
3076,full,2026-W15,marketing,9,26,0.34615384615384615
3076,full,2026-W15,education,5,26,0.19230769230769232
3076,full,2026-W15,other,5,26,0.19230769230769232
3076,full,2026-W16,meme,0,15,0.0
3076,full,2026-W16,mourning,3,15,0.2
3076,full,2026-W16,marketing,5,15,0.3333333333333333
3076,full,2026-W16,education,4,15,0.26666666666666666
3076,full,2026-W16,other,3,15,0.2
3076,full,2026-W17,meme,0,11,0.0
3076,full,2026-W17,mourning,0,11,0.0
3076,full,2026-W17,marketing,4,11,0.36363636363636365
3076,full,2026-W17,education,4,11,0.36363636363636365
3076,full,2026-W17,other,3,11,0.2727272727272727
3076,full,2026-W18,meme,0,10,0.0
3076,full,2026-W18,mourning,0,10,0.0
3076,full,2026-W18,marketing,4,10,0.4
3076,full,2026-W18,education,4,10,0.4
3076,full,2026-W18,other,2,10,0.2
3076,full,2026-W19,meme,0,6,0.0
3076,full,2026-W19,mourning,0,6,0.0
3076,full,2026-W19,marketing,4,6,0.6666666666666666
3076,full,2026-W19,education,2,6,0.3333333333333333
3076,full,2026-W19,other,0,6,0.0
3076,full,2026-W20,meme,9,12,0.75
3076,full,2026-W20,mourning,0,12,0.0
3076,full,2026-W20,marketing,3,12,0.25
3076,full,2026-W20,education,0,12,0.0
3076,full,2026-W20,other,0,12,0.0
3076,full,2026-W21,meme,19,23,0.8260869565217391
3076,full,2026-W21,mourning,0,23,0.0
3076,full,2026-W21,marketing,3,23,0.13043478260869565
3076,full,2026-W21,education,1,23,0.043478260869565216
3076,full,2026-W21,other,0,23,0.0
3076,full,2026-W22,meme,18,21,0.8571428571428571
3076,full,2026-W22,mourning,0,21,0.0
3076,full,2026-W22,marketing,3,21,0.14285714285714285
3076,full,2026-W22,education,0,21,0.0
3076,full,2026-W22,other,0,21,0.0
3076,no_B,2026-W12,meme,0,28,0.0
3076,no_B,2026-W12,mourning,0,28,0.0
3076,no_B,2026-W12,marketing,19,28,0.6785714285714286
3076,no_B,2026-W12,education,9,28,0.32142857142857145
3076,no_B,2026-W12,other,0,28,0.0
3076,no_B,2026-W13,meme,0,28,0.0
3076,no_B,2026-W13,mourning,22,28,0.7857142857142857
3076,no_B,2026-W13,marketing,0,28,0.0
3076,no_B,2026-W13,education,2,28,0.07142857142857142
3076,no_B,2026-W13,other,4,28,0.14285714285714285
3076,no_B,2026-W14,meme,0,3,0.0
3076,no_B,2026-W14,mourning,0,3,0.0
3076,no_B,2026-W14,marketing,0,3,0.0
3076,no_B,2026-W14,education,1,3,0.3333333333333333
3076,no_B,2026-W14,other,2,3,0.6666666666666666
3076,no_B,2026-W15,meme,0,3,0.0
3076,no_B,2026-W15,mourning,0,3,0.0
3076,no_B,2026-W15,marketing,0,3,0.0
3076,no_B,2026-W15,education,2,3,0.6666666666666666
3076,no_B,2026-W15,other,1,3,0.3333333333333333
3076,no_B,2026-W16,meme,0,0,0.0
3076,no_B,2026-W16,mourning,0,0,0.0
3076,no_B,2026-W16,marketing,0,0,0.0
3076,no_B,2026-W16,education,0,0,0.0
3076,no_B,2026-W16,other,0,0,0.0
3076,no_B,2026-W17,meme,0,0,0.0
3076,no_B,2026-W17,mourning,0,0,0.0
3076,no_B,2026-W17,marketing,0,0,0.0
3076,no_B,2026-W17,education,0,0,0.0
3076,no_B,2026-W17,other,0,0,0.0
3076,no_B,2026-W18,meme,0,0,0.0
3076,no_B,2026-W18,mourning,0,0,0.0
3076,no_B,2026-W18,marketing,0,0,0.0
3076,no_B,2026-W18,education,0,0,0.0
3076,no_B,2026-W18,other,0,0,0.0
3076,no_B,2026-W19,meme,0,0,0.0
3076,no_B,2026-W19,mourning,0,0,0.0
3076,no_B,2026-W19,marketing,0,0,0.0
3076,no_B,2026-W19,education,0,0,0.0
3076,no_B,2026-W19,other,0,0,0.0
3076,no_B,2026-W20,meme,10,10,1.0
3076,no_B,2026-W20,mourning,0,10,0.0
3076,no_B,2026-W20,marketing,0,10,0.0
3076,no_B,2026-W20,education,0,10,0.0
3076,no_B,2026-W20,other,0,10,0.0
3076,no_B,2026-W21,meme,16,16,1.0
3076,no_B,2026-W21,mourning,0,16,0.0
3076,no_B,2026-W21,marketing,0,16,0.0
3076,no_B,2026-W21,education,0,16,0.0
3076,no_B,2026-W21,other,0,16,0.0
3076,no_B,2026-W22,meme,1,1,1.0
3076,no_B,2026-W22,mourning,0,1,0.0
3076,no_B,2026-W22,marketing,0,1,0.0
3076,no_B,2026-W22,education,0,1,0.0
3076,no_B,2026-W22,other,0,1,0.0
3076,no_D,2026-W12,meme,12,63,0.19047619047619047
3076,no_D,2026-W12,mourning,12,63,0.19047619047619047
3076,no_D,2026-W12,marketing,15,63,0.23809523809523808
3076,no_D,2026-W12,education,9,63,0.14285714285714285
3076,no_D,2026-W12,other,15,63,0.23809523809523808
3076,no_D,2026-W13,meme,12,56,0.21428571428571427
3076,no_D,2026-W13,mourning,12,56,0.21428571428571427
3076,no_D,2026-W13,marketing,11,56,0.19642857142857142
3076,no_D,2026-W13,education,6,56,0.10714285714285714
3076,no_D,2026-W13,other,15,56,0.26785714285714285
3076,no_D,2026-W14,meme,10,40,0.25
3076,no_D,2026-W14,mourning,4,40,0.1
3076,no_D,2026-W14,marketing,9,40,0.225
3076,no_D,2026-W14,education,6,40,0.15
3076,no_D,2026-W14,other,11,40,0.275
3076,no_D,2026-W15,meme,8,30,0.26666666666666666
3076,no_D,2026-W15,mourning,2,30,0.06666666666666667
3076,no_D,2026-W15,marketing,8,30,0.26666666666666666
3076,no_D,2026-W15,education,6,30,0.2
3076,no_D,2026-W15,other,6,30,0.2
3076,no_D,2026-W16,meme,6,22,0.2727272727272727
3076,no_D,2026-W16,mourning,2,22,0.09090909090909091
3076,no_D,2026-W16,marketing,7,22,0.3181818181818182
3076,no_D,2026-W16,education,5,22,0.22727272727272727
3076,no_D,2026-W16,other,2,22,0.09090909090909091
3076,no_D,2026-W17,meme,3,14,0.21428571428571427
3076,no_D,2026-W17,mourning,1,14,0.07142857142857142
3076,no_D,2026-W17,marketing,6,14,0.42857142857142855
3076,no_D,2026-W17,education,3,14,0.21428571428571427
3076,no_D,2026-W17,other,1,14,0.07142857142857142
3076,no_D,2026-W18,meme,2,10,0.2
3076,no_D,2026-W18,mourning,1,10,0.1
3076,no_D,2026-W18,marketing,4,10,0.4
3076,no_D,2026-W18,education,3,10,0.3
3076,no_D,2026-W18,other,0,10,0.0
3076,no_D,2026-W19,meme,2,9,0.2222222222222222
3076,no_D,2026-W19,mourning,1,9,0.1111111111111111
3076,no_D,2026-W19,marketing,3,9,0.3333333333333333
3076,no_D,2026-W19,education,3,9,0.3333333333333333
3076,no_D,2026-W19,other,0,9,0.0
3076,no_D,2026-W20,meme,2,7,0.2857142857142857
3076,no_D,2026-W20,mourning,0,7,0.0
3076,no_D,2026-W20,marketing,3,7,0.42857142857142855
3076,no_D,2026-W20,education,2,7,0.2857142857142857
3076,no_D,2026-W20,other,0,7,0.0
3076,no_D,2026-W21,meme,2,6,0.3333333333333333
3076,no_D,2026-W21,mourning,0,6,0.0
3076,no_D,2026-W21,marketing,3,6,0.5
3076,no_D,2026-W21,education,1,6,0.16666666666666666
3076,no_D,2026-W21,other,0,6,0.0
3076,no_D,2026-W22,meme,1,4,0.25
3076,no_D,2026-W22,mourning,0,4,0.0
3076,no_D,2026-W22,marketing,3,4,0.75
3076,no_D,2026-W22,education,0,4,0.0
3076,no_D,2026-W22,other,0,4,0.0
3076,no_R,2026-W12,meme,0,28,0.0
3076,no_R,2026-W12,mourning,0,28,0.0
3076,no_R,2026-W12,marketing,19,28,0.6785714285714286
3076,no_R,2026-W12,education,9,28,0.32142857142857145
3076,no_R,2026-W12,other,0,28,0.0
3076,no_R,2026-W13,meme,0,47,0.0
3076,no_R,2026-W13,mourning,22,47,0.46808510638297873
3076,no_R,2026-W13,marketing,15,47,0.3191489361702128
3076,no_R,2026-W13,education,6,47,0.1276595744680851
3076,no_R,2026-W13,other,4,47,0.0851063829787234
3076,no_R,2026-W14,meme,0,54,0.0
3076,no_R,2026-W14,mourning,21,54,0.3888888888888889
3076,no_R,2026-W14,marketing,16,54,0.2962962962962963
3076,no_R,2026-W14,education,12,54,0.2222222222222222
3076,no_R,2026-W14,other,5,54,0.09259259259259259
3076,no_R,2026-W15,meme,0,56,0.0
3076,no_R,2026-W15,mourning,18,56,0.32142857142857145
3076,no_R,2026-W15,marketing,16,56,0.2857142857142857
3076,no_R,2026-W15,education,11,56,0.19642857142857142
3076,no_R,2026-W15,other,11,56,0.19642857142857142
3076,no_R,2026-W16,meme,1,50,0.02
3076,no_R,2026-W16,mourning,17,50,0.34
3076,no_R,2026-W16,marketing,15,50,0.3
3076,no_R,2026-W16,education,9,50,0.18
3076,no_R,2026-W16,other,8,50,0.16
3076,no_R,2026-W17,meme,0,50,0.0
3076,no_R,2026-W17,mourning,16,50,0.32
3076,no_R,2026-W17,marketing,14,50,0.28
3076,no_R,2026-W17,education,9,50,0.18
3076,no_R,2026-W17,other,11,50,0.22
3076,no_R,2026-W18,meme,0,60,0.0
3076,no_R,2026-W18,mourning,17,60,0.2833333333333333
3076,no_R,2026-W18,marketing,17,60,0.2833333333333333
3076,no_R,2026-W18,education,13,60,0.21666666666666667
3076,no_R,2026-W18,other,13,60,0.21666666666666667
3076,no_R,2026-W19,meme,0,64,0.0
3076,no_R,2026-W19,mourning,19,64,0.296875
3076,no_R,2026-W19,marketing,17,64,0.265625
3076,no_R,2026-W19,education,12,64,0.1875
3076,no_R,2026-W19,other,16,64,0.25
3076,no_R,2026-W20,meme,3,51,0.058823529411764705
3076,no_R,2026-W20,mourning,14,51,0.27450980392156865
3076,no_R,2026-W20,marketing,17,51,0.3333333333333333
3076,no_R,2026-W20,education,10,51,0.19607843137254902
3076,no_R,2026-W20,other,7,51,0.13725490196078433
3076,no_R,2026-W21,meme,14,64,0.21875
3076,no_R,2026-W21,mourning,14,64,0.21875
3076,no_R,2026-W21,marketing,18,64,0.28125
3076,no_R,2026-W21,education,10,64,0.15625
3076,no_R,2026-W21,other,8,64,0.125
3076,no_R,2026-W22,meme,19,64,0.296875
3076,no_R,2026-W22,mourning,15,64,0.234375
3076,no_R,2026-W22,marketing,16,64,0.25
3076,no_R,2026-W22,education,9,64,0.140625
3076,no_R,2026-W22,other,5,64,0.078125
3077,full,2026-W12,meme,0,27,0.0
3077,full,2026-W12,mourning,0,27,0.0
3077,full,2026-W12,marketing,19,27,0.7037037037037037
3077,full,2026-W12,education,8,27,0.2962962962962963
3077,full,2026-W12,other,0,27,0.0
3077,full,2026-W13,meme,0,43,0.0
3077,full,2026-W13,mourning,22,43,0.5116279069767442
3077,full,2026-W13,marketing,10,43,0.23255813953488372
3077,full,2026-W13,education,7,43,0.16279069767441862
3077,full,2026-W13,other,4,43,0.09302325581395349
3077,full,2026-W14,meme,0,37,0.0
3077,full,2026-W14,mourning,12,37,0.32432432432432434
3077,full,2026-W14,marketing,10,37,0.2702702702702703
3077,full,2026-W14,education,10,37,0.2702702702702703
3077,full,2026-W14,other,5,37,0.13513513513513514
3077,full,2026-W15,meme,0,21,0.0
3077,full,2026-W15,mourning,5,21,0.23809523809523808
3077,full,2026-W15,marketing,8,21,0.38095238095238093
3077,full,2026-W15,education,5,21,0.23809523809523808
3077,full,2026-W15,other,3,21,0.14285714285714285
3077,full,2026-W16,meme,0,22,0.0
3077,full,2026-W16,mourning,5,22,0.22727272727272727
3077,full,2026-W16,marketing,8,22,0.36363636363636365
3077,full,2026-W16,education,4,22,0.18181818181818182
3077,full,2026-W16,other,5,22,0.22727272727272727
3077,full,2026-W17,meme,0,10,0.0
3077,full,2026-W17,mourning,1,10,0.1
3077,full,2026-W17,marketing,4,10,0.4
3077,full,2026-W17,education,2,10,0.2
3077,full,2026-W17,other,3,10,0.3
3077,full,2026-W18,meme,0,7,0.0
3077,full,2026-W18,mourning,0,7,0.0
3077,full,2026-W18,marketing,4,7,0.5714285714285714
3077,full,2026-W18,education,2,7,0.2857142857142857
3077,full,2026-W18,other,1,7,0.14285714285714285
3077,full,2026-W19,meme,0,6,0.0
3077,full,2026-W19,mourning,0,6,0.0
3077,full,2026-W19,marketing,4,6,0.6666666666666666
3077,full,2026-W19,education,1,6,0.16666666666666666
3077,full,2026-W19,other,1,6,0.16666666666666666
3077,full,2026-W20,meme,7,14,0.5
3077,full,2026-W20,mourning,0,14,0.0
3077,full,2026-W20,marketing,5,14,0.35714285714285715
3077,full,2026-W20,education,1,14,0.07142857142857142
3077,full,2026-W20,other,1,14,0.07142857142857142
3077,full,2026-W21,meme,18,22,0.8181818181818182
3077,full,2026-W21,mourning,0,22,0.0
3077,full,2026-W21,marketing,3,22,0.13636363636363635
3077,full,2026-W21,education,1,22,0.045454545454545456
3077,full,2026-W21,other,0,22,0.0
3077,full,2026-W22,meme,18,21,0.8571428571428571
3077,full,2026-W22,mourning,0,21,0.0
3077,full,2026-W22,marketing,3,21,0.14285714285714285
3077,full,2026-W22,education,0,21,0.0
3077,full,2026-W22,other,0,21,0.0
3077,no_B,2026-W12,meme,0,27,0.0
3077,no_B,2026-W12,mourning,0,27,0.0
3077,no_B,2026-W12,marketing,19,27,0.7037037037037037
3077,no_B,2026-W12,education,8,27,0.2962962962962963
3077,no_B,2026-W12,other,0,27,0.0
3077,no_B,2026-W13,meme,0,29,0.0
3077,no_B,2026-W13,mourning,22,29,0.7586206896551724
3077,no_B,2026-W13,marketing,0,29,0.0
3077,no_B,2026-W13,education,3,29,0.10344827586206896
3077,no_B,2026-W13,other,4,29,0.13793103448275862
3077,no_B,2026-W14,meme,0,4,0.0
3077,no_B,2026-W14,mourning,0,4,0.0
3077,no_B,2026-W14,marketing,0,4,0.0
3077,no_B,2026-W14,education,3,4,0.75
3077,no_B,2026-W14,other,1,4,0.25
3077,no_B,2026-W15,meme,0,1,0.0
3077,no_B,2026-W15,mourning,0,1,0.0
3077,no_B,2026-W15,marketing,0,1,0.0
3077,no_B,2026-W15,education,0,1,0.0
3077,no_B,2026-W15,other,1,1,1.0
3077,no_B,2026-W16,meme,1,1,1.0
3077,no_B,2026-W16,mourning,0,1,0.0
3077,no_B,2026-W16,marketing,0,1,0.0
3077,no_B,2026-W16,education,0,1,0.0
3077,no_B,2026-W16,other,0,1,0.0
3077,no_B,2026-W17,meme,3,3,1.0
3077,no_B,2026-W17,mourning,0,3,0.0
3077,no_B,2026-W17,marketing,0,3,0.0
3077,no_B,2026-W17,education,0,3,0.0
3077,no_B,2026-W17,other,0,3,0.0
3077,no_B,2026-W18,meme,5,5,1.0
3077,no_B,2026-W18,mourning,0,5,0.0
3077,no_B,2026-W18,marketing,0,5,0.0
3077,no_B,2026-W18,education,0,5,0.0
3077,no_B,2026-W18,other,0,5,0.0
3077,no_B,2026-W19,meme,7,7,1.0
3077,no_B,2026-W19,mourning,0,7,0.0
3077,no_B,2026-W19,marketing,0,7,0.0
3077,no_B,2026-W19,education,0,7,0.0
3077,no_B,2026-W19,other,0,7,0.0
3077,no_B,2026-W20,meme,5,5,1.0
3077,no_B,2026-W20,mourning,0,5,0.0
3077,no_B,2026-W20,marketing,0,5,0.0
3077,no_B,2026-W20,education,0,5,0.0
3077,no_B,2026-W20,other,0,5,0.0
3077,no_B,2026-W21,meme,2,2,1.0
3077,no_B,2026-W21,mourning,0,2,0.0
3077,no_B,2026-W21,marketing,0,2,0.0
3077,no_B,2026-W21,education,0,2,0.0
3077,no_B,2026-W21,other,0,2,0.0
3077,no_B,2026-W22,meme,0,0,0.0
3077,no_B,2026-W22,mourning,0,0,0.0
3077,no_B,2026-W22,marketing,0,0,0.0
3077,no_B,2026-W22,education,0,0,0.0
3077,no_B,2026-W22,other,0,0,0.0
3077,no_D,2026-W12,meme,12,63,0.19047619047619047
3077,no_D,2026-W12,mourning,12,63,0.19047619047619047
3077,no_D,2026-W12,marketing,15,63,0.23809523809523808
3077,no_D,2026-W12,education,9,63,0.14285714285714285
3077,no_D,2026-W12,other,15,63,0.23809523809523808
3077,no_D,2026-W13,meme,12,57,0.21052631578947367
3077,no_D,2026-W13,mourning,12,57,0.21052631578947367
3077,no_D,2026-W13,marketing,11,57,0.19298245614035087
3077,no_D,2026-W13,education,7,57,0.12280701754385964
3077,no_D,2026-W13,other,15,57,0.2631578947368421
3077,no_D,2026-W14,meme,11,41,0.2682926829268293
3077,no_D,2026-W14,mourning,4,41,0.0975609756097561
3077,no_D,2026-W14,marketing,8,41,0.1951219512195122
3077,no_D,2026-W14,education,7,41,0.17073170731707318
3077,no_D,2026-W14,other,11,41,0.2682926829268293
3077,no_D,2026-W15,meme,6,25,0.24
3077,no_D,2026-W15,mourning,2,25,0.08
3077,no_D,2026-W15,marketing,6,25,0.24
3077,no_D,2026-W15,education,4,25,0.16
3077,no_D,2026-W15,other,7,25,0.28
3077,no_D,2026-W16,meme,6,17,0.35294117647058826
3077,no_D,2026-W16,mourning,2,17,0.11764705882352941
3077,no_D,2026-W16,marketing,5,17,0.29411764705882354
3077,no_D,2026-W16,education,4,17,0.23529411764705882
3077,no_D,2026-W16,other,0,17,0.0
3077,no_D,2026-W17,meme,5,16,0.3125
3077,no_D,2026-W17,mourning,2,16,0.125
3077,no_D,2026-W17,marketing,5,16,0.3125
3077,no_D,2026-W17,education,4,16,0.25
3077,no_D,2026-W17,other,0,16,0.0
3077,no_D,2026-W18,meme,4,14,0.2857142857142857
3077,no_D,2026-W18,mourning,2,14,0.14285714285714285
3077,no_D,2026-W18,marketing,5,14,0.35714285714285715
3077,no_D,2026-W18,education,3,14,0.21428571428571427
3077,no_D,2026-W18,other,0,14,0.0
3077,no_D,2026-W19,meme,3,11,0.2727272727272727
3077,no_D,2026-W19,mourning,2,11,0.18181818181818182
3077,no_D,2026-W19,marketing,4,11,0.36363636363636365
3077,no_D,2026-W19,education,2,11,0.18181818181818182
3077,no_D,2026-W19,other,0,11,0.0
3077,no_D,2026-W20,meme,3,11,0.2727272727272727
3077,no_D,2026-W20,mourning,2,11,0.18181818181818182
3077,no_D,2026-W20,marketing,4,11,0.36363636363636365
3077,no_D,2026-W20,education,2,11,0.18181818181818182
3077,no_D,2026-W20,other,0,11,0.0
3077,no_D,2026-W21,meme,3,9,0.3333333333333333
3077,no_D,2026-W21,mourning,2,9,0.2222222222222222
3077,no_D,2026-W21,marketing,3,9,0.3333333333333333
3077,no_D,2026-W21,education,1,9,0.1111111111111111
3077,no_D,2026-W21,other,0,9,0.0
3077,no_D,2026-W22,meme,1,7,0.14285714285714285
3077,no_D,2026-W22,mourning,2,7,0.2857142857142857
3077,no_D,2026-W22,marketing,3,7,0.42857142857142855
3077,no_D,2026-W22,education,1,7,0.14285714285714285
3077,no_D,2026-W22,other,0,7,0.0
3077,no_R,2026-W12,meme,0,27,0.0
3077,no_R,2026-W12,mourning,0,27,0.0
3077,no_R,2026-W12,marketing,19,27,0.7037037037037037
3077,no_R,2026-W12,education,8,27,0.2962962962962963
3077,no_R,2026-W12,other,0,27,0.0
3077,no_R,2026-W13,meme,0,48,0.0
3077,no_R,2026-W13,mourning,22,48,0.4583333333333333
3077,no_R,2026-W13,marketing,14,48,0.2916666666666667
3077,no_R,2026-W13,education,8,48,0.16666666666666666
3077,no_R,2026-W13,other,4,48,0.08333333333333333
3077,no_R,2026-W14,meme,0,52,0.0
3077,no_R,2026-W14,mourning,20,52,0.38461538461538464
3077,no_R,2026-W14,marketing,17,52,0.3269230769230769
3077,no_R,2026-W14,education,11,52,0.21153846153846154
3077,no_R,2026-W14,other,4,52,0.07692307692307693
3077,no_R,2026-W15,meme,0,56,0.0
3077,no_R,2026-W15,mourning,18,56,0.32142857142857145
3077,no_R,2026-W15,marketing,16,56,0.2857142857142857
3077,no_R,2026-W15,education,12,56,0.21428571428571427
3077,no_R,2026-W15,other,10,56,0.17857142857142858
3077,no_R,2026-W16,meme,0,53,0.0
3077,no_R,2026-W16,mourning,15,53,0.2830188679245283
3077,no_R,2026-W16,marketing,18,53,0.33962264150943394
3077,no_R,2026-W16,education,13,53,0.24528301886792453
3077,no_R,2026-W16,other,7,53,0.1320754716981132
3077,no_R,2026-W17,meme,0,56,0.0
3077,no_R,2026-W17,mourning,17,56,0.30357142857142855
3077,no_R,2026-W17,marketing,18,56,0.32142857142857145
3077,no_R,2026-W17,education,12,56,0.21428571428571427
3077,no_R,2026-W17,other,9,56,0.16071428571428573
3077,no_R,2026-W18,meme,0,56,0.0
3077,no_R,2026-W18,mourning,13,56,0.23214285714285715
3077,no_R,2026-W18,marketing,17,56,0.30357142857142855
3077,no_R,2026-W18,education,14,56,0.25
3077,no_R,2026-W18,other,12,56,0.21428571428571427
3077,no_R,2026-W19,meme,0,53,0.0
3077,no_R,2026-W19,mourning,13,53,0.24528301886792453
3077,no_R,2026-W19,marketing,19,53,0.3584905660377358
3077,no_R,2026-W19,education,13,53,0.24528301886792453
3077,no_R,2026-W19,other,8,53,0.1509433962264151
3077,no_R,2026-W20,meme,1,52,0.019230769230769232
3077,no_R,2026-W20,mourning,10,52,0.19230769230769232
3077,no_R,2026-W20,marketing,18,52,0.34615384615384615
3077,no_R,2026-W20,education,14,52,0.2692307692307692
3077,no_R,2026-W20,other,9,52,0.17307692307692307
3077,no_R,2026-W21,meme,13,56,0.23214285714285715
3077,no_R,2026-W21,mourning,8,56,0.14285714285714285
3077,no_R,2026-W21,marketing,19,56,0.3392857142857143
3077,no_R,2026-W21,education,12,56,0.21428571428571427
3077,no_R,2026-W21,other,4,56,0.07142857142857142
3077,no_R,2026-W22,meme,19,58,0.3275862068965517
3077,no_R,2026-W22,mourning,9,58,0.15517241379310345
3077,no_R,2026-W22,marketing,17,58,0.29310344827586204
3077,no_R,2026-W22,education,10,58,0.1724137931034483
3077,no_R,2026-W22,other,3,58,0.05172413793103448
3078,full,2026-W12,meme,0,26,0.0
3078,full,2026-W12,mourning,0,26,0.0
3078,full,2026-W12,marketing,19,26,0.7307692307692307
3078,full,2026-W12,education,7,26,0.2692307692307692
3078,full,2026-W12,other,0,26,0.0
3078,full,2026-W13,meme,0,40,0.0
3078,full,2026-W13,mourning,22,40,0.55
3078,full,2026-W13,marketing,10,40,0.25
3078,full,2026-W13,education,4,40,0.1
3078,full,2026-W13,other,4,40,0.1
3078,full,2026-W14,meme,0,36,0.0
3078,full,2026-W14,mourning,11,36,0.3055555555555556
3078,full,2026-W14,marketing,11,36,0.3055555555555556
3078,full,2026-W14,education,10,36,0.2777777777777778
3078,full,2026-W14,other,4,36,0.1111111111111111
3078,full,2026-W15,meme,0,20,0.0
3078,full,2026-W15,mourning,4,20,0.2
3078,full,2026-W15,marketing,7,20,0.35
3078,full,2026-W15,education,5,20,0.25
3078,full,2026-W15,other,4,20,0.2
3078,full,2026-W16,meme,0,18,0.0
3078,full,2026-W16,mourning,4,18,0.2222222222222222
3078,full,2026-W16,marketing,5,18,0.2777777777777778
3078,full,2026-W16,education,5,18,0.2777777777777778
3078,full,2026-W16,other,4,18,0.2222222222222222
3078,full,2026-W17,meme,0,15,0.0
3078,full,2026-W17,mourning,1,15,0.06666666666666667
3078,full,2026-W17,marketing,5,15,0.3333333333333333
3078,full,2026-W17,education,4,15,0.26666666666666666
3078,full,2026-W17,other,5,15,0.3333333333333333
3078,full,2026-W18,meme,0,10,0.0
3078,full,2026-W18,mourning,0,10,0.0
3078,full,2026-W18,marketing,4,10,0.4
3078,full,2026-W18,education,3,10,0.3
3078,full,2026-W18,other,3,10,0.3
3078,full,2026-W19,meme,0,5,0.0
3078,full,2026-W19,mourning,0,5,0.0
3078,full,2026-W19,marketing,4,5,0.8
3078,full,2026-W19,education,1,5,0.2
3078,full,2026-W19,other,0,5,0.0
3078,full,2026-W20,meme,9,14,0.6428571428571429
3078,full,2026-W20,mourning,0,14,0.0
3078,full,2026-W20,marketing,3,14,0.21428571428571427
3078,full,2026-W20,education,1,14,0.07142857142857142
3078,full,2026-W20,other,1,14,0.07142857142857142
3078,full,2026-W21,meme,19,22,0.8636363636363636
3078,full,2026-W21,mourning,0,22,0.0
3078,full,2026-W21,marketing,3,22,0.13636363636363635
3078,full,2026-W21,education,0,22,0.0
3078,full,2026-W21,other,0,22,0.0
3078,full,2026-W22,meme,17,20,0.85
3078,full,2026-W22,mourning,0,20,0.0
3078,full,2026-W22,marketing,3,20,0.15
3078,full,2026-W22,education,0,20,0.0
3078,full,2026-W22,other,0,20,0.0
3078,no_B,2026-W12,meme,0,26,0.0
3078,no_B,2026-W12,mourning,0,26,0.0
3078,no_B,2026-W12,marketing,19,26,0.7307692307692307
3078,no_B,2026-W12,education,7,26,0.2692307692307692
3078,no_B,2026-W12,other,0,26,0.0
3078,no_B,2026-W13,meme,0,28,0.0
3078,no_B,2026-W13,mourning,22,28,0.7857142857142857
3078,no_B,2026-W13,marketing,0,28,0.0
3078,no_B,2026-W13,education,2,28,0.07142857142857142
3078,no_B,2026-W13,other,4,28,0.14285714285714285
3078,no_B,2026-W14,meme,0,2,0.0
3078,no_B,2026-W14,mourning,0,2,0.0
3078,no_B,2026-W14,marketing,0,2,0.0
3078,no_B,2026-W14,education,2,2,1.0
3078,no_B,2026-W14,other,0,2,0.0
3078,no_B,2026-W15,meme,0,1,0.0
3078,no_B,2026-W15,mourning,0,1,0.0
3078,no_B,2026-W15,marketing,0,1,0.0
3078,no_B,2026-W15,education,0,1,0.0
3078,no_B,2026-W15,other,1,1,1.0
3078,no_B,2026-W16,meme,1,1,1.0
3078,no_B,2026-W16,mourning,0,1,0.0
3078,no_B,2026-W16,marketing,0,1,0.0
3078,no_B,2026-W16,education,0,1,0.0
3078,no_B,2026-W16,other,0,1,0.0
3078,no_B,2026-W17,meme,0,0,0.0
3078,no_B,2026-W17,mourning,0,0,0.0
3078,no_B,2026-W17,marketing,0,0,0.0
3078,no_B,2026-W17,education,0,0,0.0
3078,no_B,2026-W17,other,0,0,0.0
3078,no_B,2026-W18,meme,0,0,0.0
3078,no_B,2026-W18,mourning,0,0,0.0
3078,no_B,2026-W18,marketing,0,0,0.0
3078,no_B,2026-W18,education,0,0,0.0
3078,no_B,2026-W18,other,0,0,0.0
3078,no_B,2026-W19,meme,0,0,0.0
3078,no_B,2026-W19,mourning,0,0,0.0
3078,no_B,2026-W19,marketing,0,0,0.0
3078,no_B,2026-W19,education,0,0,0.0
3078,no_B,2026-W19,other,0,0,0.0
3078,no_B,2026-W20,meme,9,9,1.0
3078,no_B,2026-W20,mourning,0,9,0.0
3078,no_B,2026-W20,marketing,0,9,0.0
3078,no_B,2026-W20,education,0,9,0.0
3078,no_B,2026-W20,other,0,9,0.0
3078,no_B,2026-W21,meme,15,15,1.0
3078,no_B,2026-W21,mourning,0,15,0.0
3078,no_B,2026-W21,marketing,0,15,0.0
3078,no_B,2026-W21,education,0,15,0.0
3078,no_B,2026-W21,other,0,15,0.0
3078,no_B,2026-W22,meme,1,1,1.0
3078,no_B,2026-W22,mourning,0,1,0.0
3078,no_B,2026-W22,marketing,0,1,0.0
3078,no_B,2026-W22,education,0,1,0.0
3078,no_B,2026-W22,other,0,1,0.0
3078,no_D,2026-W12,meme,12,63,0.19047619047619047
3078,no_D,2026-W12,mourning,12,63,0.19047619047619047
3078,no_D,2026-W12,marketing,15,63,0.23809523809523808
3078,no_D,2026-W12,education,9,63,0.14285714285714285
3078,no_D,2026-W12,other,15,63,0.23809523809523808
3078,no_D,2026-W13,meme,12,56,0.21428571428571427
3078,no_D,2026-W13,mourning,12,56,0.21428571428571427
3078,no_D,2026-W13,marketing,10,56,0.17857142857142858
3078,no_D,2026-W13,education,7,56,0.125
3078,no_D,2026-W13,other,15,56,0.26785714285714285
3078,no_D,2026-W14,meme,11,40,0.275
3078,no_D,2026-W14,mourning,4,40,0.1
3078,no_D,2026-W14,marketing,9,40,0.225
3078,no_D,2026-W14,education,6,40,0.15
3078,no_D,2026-W14,other,10,40,0.25
3078,no_D,2026-W15,meme,8,30,0.26666666666666666
3078,no_D,2026-W15,mourning,4,30,0.13333333333333333
3078,no_D,2026-W15,marketing,7,30,0.23333333333333334
3078,no_D,2026-W15,education,4,30,0.13333333333333333
3078,no_D,2026-W15,other,7,30,0.23333333333333334
3078,no_D,2026-W16,meme,4,16,0.25
3078,no_D,2026-W16,mourning,3,16,0.1875
3078,no_D,2026-W16,marketing,5,16,0.3125
3078,no_D,2026-W16,education,4,16,0.25
3078,no_D,2026-W16,other,0,16,0.0
3078,no_D,2026-W17,meme,4,13,0.3076923076923077
3078,no_D,2026-W17,mourning,1,13,0.07692307692307693
3078,no_D,2026-W17,marketing,5,13,0.38461538461538464
3078,no_D,2026-W17,education,3,13,0.23076923076923078
3078,no_D,2026-W17,other,0,13,0.0
3078,no_D,2026-W18,meme,3,11,0.2727272727272727
3078,no_D,2026-W18,mourning,1,11,0.09090909090909091
3078,no_D,2026-W18,marketing,4,11,0.36363636363636365
3078,no_D,2026-W18,education,3,11,0.2727272727272727
3078,no_D,2026-W18,other,0,11,0.0
3078,no_D,2026-W19,meme,2,9,0.2222222222222222
3078,no_D,2026-W19,mourning,0,9,0.0
3078,no_D,2026-W19,marketing,4,9,0.4444444444444444
3078,no_D,2026-W19,education,3,9,0.3333333333333333
3078,no_D,2026-W19,other,0,9,0.0
3078,no_D,2026-W20,meme,2,6,0.3333333333333333
3078,no_D,2026-W20,mourning,0,6,0.0
3078,no_D,2026-W20,marketing,3,6,0.5
3078,no_D,2026-W20,education,1,6,0.16666666666666666
3078,no_D,2026-W20,other,0,6,0.0
3078,no_D,2026-W21,meme,2,5,0.4
3078,no_D,2026-W21,mourning,0,5,0.0
3078,no_D,2026-W21,marketing,3,5,0.6
3078,no_D,2026-W21,education,0,5,0.0
3078,no_D,2026-W21,other,0,5,0.0
3078,no_D,2026-W22,meme,1,4,0.25
3078,no_D,2026-W22,mourning,0,4,0.0
3078,no_D,2026-W22,marketing,3,4,0.75
3078,no_D,2026-W22,education,0,4,0.0
3078,no_D,2026-W22,other,0,4,0.0
3078,no_R,2026-W12,meme,0,26,0.0
3078,no_R,2026-W12,mourning,0,26,0.0
3078,no_R,2026-W12,marketing,19,26,0.7307692307692307
3078,no_R,2026-W12,education,7,26,0.2692307692307692
3078,no_R,2026-W12,other,0,26,0.0
3078,no_R,2026-W13,meme,0,45,0.0
3078,no_R,2026-W13,mourning,22,45,0.4888888888888889
3078,no_R,2026-W13,marketing,15,45,0.3333333333333333
3078,no_R,2026-W13,education,4,45,0.08888888888888889
3078,no_R,2026-W13,other,4,45,0.08888888888888889
3078,no_R,2026-W14,meme,0,58,0.0
3078,no_R,2026-W14,mourning,20,58,0.3448275862068966
3078,no_R,2026-W14,marketing,19,58,0.3275862068965517
3078,no_R,2026-W14,education,12,58,0.20689655172413793
3078,no_R,2026-W14,other,7,58,0.1206896551724138
3078,no_R,2026-W15,meme,0,58,0.0
3078,no_R,2026-W15,mourning,18,58,0.3103448275862069
3078,no_R,2026-W15,marketing,19,58,0.3275862068965517
3078,no_R,2026-W15,education,13,58,0.22413793103448276
3078,no_R,2026-W15,other,8,58,0.13793103448275862
3078,no_R,2026-W16,meme,0,52,0.0
3078,no_R,2026-W16,mourning,13,52,0.25
3078,no_R,2026-W16,marketing,17,52,0.3269230769230769
3078,no_R,2026-W16,education,13,52,0.25
3078,no_R,2026-W16,other,9,52,0.17307692307692307
3078,no_R,2026-W17,meme,0,54,0.0
3078,no_R,2026-W17,mourning,16,54,0.2962962962962963
3078,no_R,2026-W17,marketing,16,54,0.2962962962962963
3078,no_R,2026-W17,education,14,54,0.25925925925925924
3078,no_R,2026-W17,other,8,54,0.14814814814814814
3078,no_R,2026-W18,meme,0,58,0.0
3078,no_R,2026-W18,mourning,20,58,0.3448275862068966
3078,no_R,2026-W18,marketing,17,58,0.29310344827586204
3078,no_R,2026-W18,education,13,58,0.22413793103448276
3078,no_R,2026-W18,other,8,58,0.13793103448275862
3078,no_R,2026-W19,meme,0,55,0.0
3078,no_R,2026-W19,mourning,17,55,0.3090909090909091
3078,no_R,2026-W19,marketing,17,55,0.3090909090909091
3078,no_R,2026-W19,education,12,55,0.21818181818181817
3078,no_R,2026-W19,other,9,55,0.16363636363636364
3078,no_R,2026-W20,meme,5,58,0.08620689655172414
3078,no_R,2026-W20,mourning,14,58,0.2413793103448276
3078,no_R,2026-W20,marketing,17,58,0.29310344827586204
3078,no_R,2026-W20,education,14,58,0.2413793103448276
3078,no_R,2026-W20,other,8,58,0.13793103448275862
3078,no_R,2026-W21,meme,13,63,0.20634920634920634
3078,no_R,2026-W21,mourning,15,63,0.23809523809523808
3078,no_R,2026-W21,marketing,18,63,0.2857142857142857
3078,no_R,2026-W21,education,11,63,0.1746031746031746
3078,no_R,2026-W21,other,6,63,0.09523809523809523
3078,no_R,2026-W22,meme,17,58,0.29310344827586204
3078,no_R,2026-W22,mourning,13,58,0.22413793103448276
3078,no_R,2026-W22,marketing,16,58,0.27586206896551724
3078,no_R,2026-W22,education,10,58,0.1724137931034483
3078,no_R,2026-W22,other,2,58,0.034482758620689655
3079,full,2026-W12,meme,0,25,0.0
3079,full,2026-W12,mourning,0,25,0.0
3079,full,2026-W12,marketing,19,25,0.76
3079,full,2026-W12,education,6,25,0.24
3079,full,2026-W12,other,0,25,0.0
3079,full,2026-W13,meme,0,47,0.0
3079,full,2026-W13,mourning,22,47,0.46808510638297873
3079,full,2026-W13,marketing,13,47,0.2765957446808511
3079,full,2026-W13,education,6,47,0.1276595744680851
3079,full,2026-W13,other,6,47,0.1276595744680851
3079,full,2026-W14,meme,0,35,0.0
3079,full,2026-W14,mourning,8,35,0.22857142857142856
3079,full,2026-W14,marketing,10,35,0.2857142857142857
3079,full,2026-W14,education,9,35,0.2571428571428571
3079,full,2026-W14,other,8,35,0.22857142857142856
3079,full,2026-W15,meme,0,26,0.0
3079,full,2026-W15,mourning,5,26,0.19230769230769232
3079,full,2026-W15,marketing,8,26,0.3076923076923077
3079,full,2026-W15,education,5,26,0.19230769230769232
3079,full,2026-W15,other,8,26,0.3076923076923077
3079,full,2026-W16,meme,1,16,0.0625
3079,full,2026-W16,mourning,2,16,0.125
3079,full,2026-W16,marketing,7,16,0.4375
3079,full,2026-W16,education,4,16,0.25
3079,full,2026-W16,other,2,16,0.125
3079,full,2026-W17,meme,0,7,0.0
3079,full,2026-W17,mourning,0,7,0.0
3079,full,2026-W17,marketing,3,7,0.42857142857142855
3079,full,2026-W17,education,3,7,0.42857142857142855
3079,full,2026-W17,other,1,7,0.14285714285714285
3079,full,2026-W18,meme,1,9,0.1111111111111111
3079,full,2026-W18,mourning,1,9,0.1111111111111111
3079,full,2026-W18,marketing,4,9,0.4444444444444444
3079,full,2026-W18,education,2,9,0.2222222222222222
3079,full,2026-W18,other,1,9,0.1111111111111111
3079,full,2026-W19,meme,2,8,0.25
3079,full,2026-W19,mourning,0,8,0.0
3079,full,2026-W19,marketing,3,8,0.375
3079,full,2026-W19,education,2,8,0.25
3079,full,2026-W19,other,1,8,0.125
3079,full,2026-W20,meme,11,14,0.7857142857142857
3079,full,2026-W20,mourning,0,14,0.0
3079,full,2026-W20,marketing,3,14,0.21428571428571427
3079,full,2026-W20,education,0,14,0.0
3079,full,2026-W20,other,0,14,0.0
3079,full,2026-W21,meme,19,23,0.8260869565217391
3079,full,2026-W21,mourning,0,23,0.0
3079,full,2026-W21,marketing,3,23,0.13043478260869565
3079,full,2026-W21,education,1,23,0.043478260869565216
3079,full,2026-W21,other,0,23,0.0
3079,full,2026-W22,meme,16,19,0.8421052631578947
3079,full,2026-W22,mourning,0,19,0.0
3079,full,2026-W22,marketing,3,19,0.15789473684210525
3079,full,2026-W22,education,0,19,0.0
3079,full,2026-W22,other,0,19,0.0
3079,no_B,2026-W12,meme,0,25,0.0
3079,no_B,2026-W12,mourning,0,25,0.0
3079,no_B,2026-W12,marketing,19,25,0.76
3079,no_B,2026-W12,education,6,25,0.24
3079,no_B,2026-W12,other,0,25,0.0
3079,no_B,2026-W13,meme,0,30,0.0
3079,no_B,2026-W13,mourning,22,30,0.7333333333333333
3079,no_B,2026-W13,marketing,0,30,0.0
3079,no_B,2026-W13,education,2,30,0.06666666666666667
3079,no_B,2026-W13,other,6,30,0.2
3079,no_B,2026-W14,meme,0,3,0.0
3079,no_B,2026-W14,mourning,0,3,0.0
3079,no_B,2026-W14,marketing,0,3,0.0
3079,no_B,2026-W14,education,3,3,1.0
3079,no_B,2026-W14,other,0,3,0.0
3079,no_B,2026-W15,meme,0,2,0.0
3079,no_B,2026-W15,mourning,0,2,0.0
3079,no_B,2026-W15,marketing,0,2,0.0
3079,no_B,2026-W15,education,1,2,0.5
3079,no_B,2026-W15,other,1,2,0.5
3079,no_B,2026-W16,meme,2,2,1.0
3079,no_B,2026-W16,mourning,0,2,0.0
3079,no_B,2026-W16,marketing,0,2,0.0
3079,no_B,2026-W16,education,0,2,0.0
3079,no_B,2026-W16,other,0,2,0.0
3079,no_B,2026-W17,meme,1,1,1.0
3079,no_B,2026-W17,mourning,0,1,0.0
3079,no_B,2026-W17,marketing,0,1,0.0
3079,no_B,2026-W17,education,0,1,0.0
3079,no_B,2026-W17,other,0,1,0.0
3079,no_B,2026-W18,meme,3,3,1.0
3079,no_B,2026-W18,mourning,0,3,0.0
3079,no_B,2026-W18,marketing,0,3,0.0
3079,no_B,2026-W18,education,0,3,0.0
3079,no_B,2026-W18,other,0,3,0.0
3079,no_B,2026-W19,meme,4,4,1.0
3079,no_B,2026-W19,mourning,0,4,0.0
3079,no_B,2026-W19,marketing,0,4,0.0
3079,no_B,2026-W19,education,0,4,0.0
3079,no_B,2026-W19,other,0,4,0.0
3079,no_B,2026-W20,meme,9,9,1.0
3079,no_B,2026-W20,mourning,0,9,0.0
3079,no_B,2026-W20,marketing,0,9,0.0
3079,no_B,2026-W20,education,0,9,0.0
3079,no_B,2026-W20,other,0,9,0.0
3079,no_B,2026-W21,meme,5,5,1.0
3079,no_B,2026-W21,mourning,0,5,0.0
3079,no_B,2026-W21,marketing,0,5,0.0
3079,no_B,2026-W21,education,0,5,0.0
3079,no_B,2026-W21,other,0,5,0.0
3079,no_B,2026-W22,meme,0,0,0.0
3079,no_B,2026-W22,mourning,0,0,0.0
3079,no_B,2026-W22,marketing,0,0,0.0
3079,no_B,2026-W22,education,0,0,0.0
3079,no_B,2026-W22,other,0,0,0.0
3079,no_D,2026-W12,meme,12,63,0.19047619047619047
3079,no_D,2026-W12,mourning,12,63,0.19047619047619047
3079,no_D,2026-W12,marketing,15,63,0.23809523809523808
3079,no_D,2026-W12,education,9,63,0.14285714285714285
3079,no_D,2026-W12,other,15,63,0.23809523809523808
3079,no_D,2026-W13,meme,12,56,0.21428571428571427
3079,no_D,2026-W13,mourning,12,56,0.21428571428571427
3079,no_D,2026-W13,marketing,10,56,0.17857142857142858
3079,no_D,2026-W13,education,7,56,0.125
3079,no_D,2026-W13,other,15,56,0.26785714285714285
3079,no_D,2026-W14,meme,11,44,0.25
3079,no_D,2026-W14,mourning,4,44,0.09090909090909091
3079,no_D,2026-W14,marketing,9,44,0.20454545454545456
3079,no_D,2026-W14,education,6,44,0.13636363636363635
3079,no_D,2026-W14,other,14,44,0.3181818181818182
3079,no_D,2026-W15,meme,7,32,0.21875
3079,no_D,2026-W15,mourning,3,32,0.09375
3079,no_D,2026-W15,marketing,8,32,0.25
3079,no_D,2026-W15,education,6,32,0.1875
3079,no_D,2026-W15,other,8,32,0.25
3079,no_D,2026-W16,meme,6,22,0.2727272727272727
3079,no_D,2026-W16,mourning,1,22,0.045454545454545456
3079,no_D,2026-W16,marketing,5,22,0.22727272727272727
3079,no_D,2026-W16,education,5,22,0.22727272727272727
3079,no_D,2026-W16,other,5,22,0.22727272727272727
3079,no_D,2026-W17,meme,4,17,0.23529411764705882
3079,no_D,2026-W17,mourning,1,17,0.058823529411764705
3079,no_D,2026-W17,marketing,4,17,0.23529411764705882
3079,no_D,2026-W17,education,5,17,0.29411764705882354
3079,no_D,2026-W17,other,3,17,0.17647058823529413
3079,no_D,2026-W18,meme,3,11,0.2727272727272727
3079,no_D,2026-W18,mourning,1,11,0.09090909090909091
3079,no_D,2026-W18,marketing,4,11,0.36363636363636365
3079,no_D,2026-W18,education,3,11,0.2727272727272727
3079,no_D,2026-W18,other,0,11,0.0
3079,no_D,2026-W19,meme,3,9,0.3333333333333333
3079,no_D,2026-W19,mourning,1,9,0.1111111111111111
3079,no_D,2026-W19,marketing,3,9,0.3333333333333333
3079,no_D,2026-W19,education,2,9,0.2222222222222222
3079,no_D,2026-W19,other,0,9,0.0
3079,no_D,2026-W20,meme,3,8,0.375
3079,no_D,2026-W20,mourning,1,8,0.125
3079,no_D,2026-W20,marketing,3,8,0.375
3079,no_D,2026-W20,education,1,8,0.125
3079,no_D,2026-W20,other,0,8,0.0
3079,no_D,2026-W21,meme,2,7,0.2857142857142857
3079,no_D,2026-W21,mourning,1,7,0.14285714285714285
3079,no_D,2026-W21,marketing,3,7,0.42857142857142855
3079,no_D,2026-W21,education,1,7,0.14285714285714285
3079,no_D,2026-W21,other,0,7,0.0
3079,no_D,2026-W22,meme,1,5,0.2
3079,no_D,2026-W22,mourning,1,5,0.2
3079,no_D,2026-W22,marketing,3,5,0.6
3079,no_D,2026-W22,education,0,5,0.0
3079,no_D,2026-W22,other,0,5,0.0
3079,no_R,2026-W12,meme,0,25,0.0
3079,no_R,2026-W12,mourning,0,25,0.0
3079,no_R,2026-W12,marketing,19,25,0.76
3079,no_R,2026-W12,education,6,25,0.24
3079,no_R,2026-W12,other,0,25,0.0
3079,no_R,2026-W13,meme,0,50,0.0
3079,no_R,2026-W13,mourning,22,50,0.44
3079,no_R,2026-W13,marketing,15,50,0.3
3079,no_R,2026-W13,education,7,50,0.14
3079,no_R,2026-W13,other,6,50,0.12
3079,no_R,2026-W14,meme,0,51,0.0
3079,no_R,2026-W14,mourning,18,51,0.35294117647058826
3079,no_R,2026-W14,marketing,17,51,0.3333333333333333
3079,no_R,2026-W14,education,10,51,0.19607843137254902
3079,no_R,2026-W14,other,6,51,0.11764705882352941
3079,no_R,2026-W15,meme,1,57,0.017543859649122806
3079,no_R,2026-W15,mourning,20,57,0.3508771929824561
3079,no_R,2026-W15,marketing,17,57,0.2982456140350877
3079,no_R,2026-W15,education,11,57,0.19298245614035087
3079,no_R,2026-W15,other,8,57,0.14035087719298245
3079,no_R,2026-W16,meme,1,53,0.018867924528301886
3079,no_R,2026-W16,mourning,16,53,0.3018867924528302
3079,no_R,2026-W16,marketing,17,53,0.32075471698113206
3079,no_R,2026-W16,education,8,53,0.1509433962264151
3079,no_R,2026-W16,other,11,53,0.20754716981132076
3079,no_R,2026-W17,meme,0,55,0.0
3079,no_R,2026-W17,mourning,16,55,0.2909090909090909
3079,no_R,2026-W17,marketing,16,55,0.2909090909090909
3079,no_R,2026-W17,education,12,55,0.21818181818181817
3079,no_R,2026-W17,other,11,55,0.2
3079,no_R,2026-W18,meme,0,49,0.0
3079,no_R,2026-W18,mourning,11,49,0.22448979591836735
3079,no_R,2026-W18,marketing,17,49,0.3469387755102041
3079,no_R,2026-W18,education,12,49,0.24489795918367346
3079,no_R,2026-W18,other,9,49,0.1836734693877551
3079,no_R,2026-W19,meme,0,61,0.0
3079,no_R,2026-W19,mourning,15,61,0.2459016393442623
3079,no_R,2026-W19,marketing,19,61,0.3114754098360656
3079,no_R,2026-W19,education,12,61,0.19672131147540983
3079,no_R,2026-W19,other,15,61,0.2459016393442623
3079,no_R,2026-W20,meme,5,59,0.0847457627118644
3079,no_R,2026-W20,mourning,14,59,0.23728813559322035
3079,no_R,2026-W20,marketing,18,59,0.3050847457627119
3079,no_R,2026-W20,education,13,59,0.22033898305084745
3079,no_R,2026-W20,other,9,59,0.15254237288135594
3079,no_R,2026-W21,meme,15,62,0.24193548387096775
3079,no_R,2026-W21,mourning,14,62,0.22580645161290322
3079,no_R,2026-W21,marketing,17,62,0.27419354838709675
3079,no_R,2026-W21,education,11,62,0.1774193548387097
3079,no_R,2026-W21,other,5,62,0.08064516129032258
3079,no_R,2026-W22,meme,18,62,0.2903225806451613
3079,no_R,2026-W22,mourning,15,62,0.24193548387096775
3079,no_R,2026-W22,marketing,16,62,0.25806451612903225
3079,no_R,2026-W22,education,8,62,0.12903225806451613
3079,no_R,2026-W22,other,5,62,0.08064516129032258
3080,full,2026-W12,meme,0,30,0.0
3080,full,2026-W12,mourning,0,30,0.0
3080,full,2026-W12,marketing,19,30,0.6333333333333333
3080,full,2026-W12,education,11,30,0.36666666666666664
3080,full,2026-W12,other,0,30,0.0
3080,full,2026-W13,meme,0,44,0.0
3080,full,2026-W13,mourning,22,44,0.5
3080,full,2026-W13,marketing,12,44,0.2727272727272727
3080,full,2026-W13,education,6,44,0.13636363636363635
3080,full,2026-W13,other,4,44,0.09090909090909091
3080,full,2026-W14,meme,0,30,0.0
3080,full,2026-W14,mourning,9,30,0.3
3080,full,2026-W14,marketing,11,30,0.36666666666666664
3080,full,2026-W14,education,7,30,0.23333333333333334
3080,full,2026-W14,other,3,30,0.1
3080,full,2026-W15,meme,0,20,0.0
3080,full,2026-W15,mourning,4,20,0.2
3080,full,2026-W15,marketing,9,20,0.45
3080,full,2026-W15,education,5,20,0.25
3080,full,2026-W15,other,2,20,0.1
3080,full,2026-W16,meme,0,17,0.0
3080,full,2026-W16,mourning,1,17,0.058823529411764705
3080,full,2026-W16,marketing,7,17,0.4117647058823529
3080,full,2026-W16,education,5,17,0.29411764705882354
3080,full,2026-W16,other,4,17,0.23529411764705882
3080,full,2026-W17,meme,0,10,0.0
3080,full,2026-W17,mourning,1,10,0.1
3080,full,2026-W17,marketing,4,10,0.4
3080,full,2026-W17,education,2,10,0.2
3080,full,2026-W17,other,3,10,0.3
3080,full,2026-W18,meme,0,8,0.0
3080,full,2026-W18,mourning,0,8,0.0
3080,full,2026-W18,marketing,5,8,0.625
3080,full,2026-W18,education,2,8,0.25
3080,full,2026-W18,other,1,8,0.125
3080,full,2026-W19,meme,0,9,0.0
3080,full,2026-W19,mourning,0,9,0.0
3080,full,2026-W19,marketing,4,9,0.4444444444444444
3080,full,2026-W19,education,3,9,0.3333333333333333
3080,full,2026-W19,other,2,9,0.2222222222222222
3080,full,2026-W20,meme,8,13,0.6153846153846154
3080,full,2026-W20,mourning,0,13,0.0
3080,full,2026-W20,marketing,3,13,0.23076923076923078
3080,full,2026-W20,education,2,13,0.15384615384615385
3080,full,2026-W20,other,0,13,0.0
3080,full,2026-W21,meme,19,23,0.8260869565217391
3080,full,2026-W21,mourning,0,23,0.0
3080,full,2026-W21,marketing,3,23,0.13043478260869565
3080,full,2026-W21,education,1,23,0.043478260869565216
3080,full,2026-W21,other,0,23,0.0
3080,full,2026-W22,meme,18,21,0.8571428571428571
3080,full,2026-W22,mourning,0,21,0.0
3080,full,2026-W22,marketing,3,21,0.14285714285714285
3080,full,2026-W22,education,0,21,0.0
3080,full,2026-W22,other,0,21,0.0
3080,no_B,2026-W12,meme,0,30,0.0
3080,no_B,2026-W12,mourning,0,30,0.0
3080,no_B,2026-W12,marketing,19,30,0.6333333333333333
3080,no_B,2026-W12,education,11,30,0.36666666666666664
3080,no_B,2026-W12,other,0,30,0.0
3080,no_B,2026-W13,meme,0,28,0.0
3080,no_B,2026-W13,mourning,22,28,0.7857142857142857
3080,no_B,2026-W13,marketing,0,28,0.0
3080,no_B,2026-W13,education,2,28,0.07142857142857142
3080,no_B,2026-W13,other,4,28,0.14285714285714285
3080,no_B,2026-W14,meme,0,2,0.0
3080,no_B,2026-W14,mourning,0,2,0.0
3080,no_B,2026-W14,marketing,0,2,0.0
3080,no_B,2026-W14,education,1,2,0.5
3080,no_B,2026-W14,other,1,2,0.5
3080,no_B,2026-W15,meme,0,0,0.0
3080,no_B,2026-W15,mourning,0,0,0.0
3080,no_B,2026-W15,marketing,0,0,0.0
3080,no_B,2026-W15,education,0,0,0.0
3080,no_B,2026-W15,other,0,0,0.0
3080,no_B,2026-W16,meme,0,0,0.0
3080,no_B,2026-W16,mourning,0,0,0.0
3080,no_B,2026-W16,marketing,0,0,0.0
3080,no_B,2026-W16,education,0,0,0.0
3080,no_B,2026-W16,other,0,0,0.0
3080,no_B,2026-W17,meme,0,0,0.0
3080,no_B,2026-W17,mourning,0,0,0.0
3080,no_B,2026-W17,marketing,0,0,0.0
3080,no_B,2026-W17,education,0,0,0.0
3080,no_B,2026-W17,other,0,0,0.0
3080,no_B,2026-W18,meme,0,0,0.0
3080,no_B,2026-W18,mourning,0,0,0.0
3080,no_B,2026-W18,marketing,0,0,0.0
3080,no_B,2026-W18,education,0,0,0.0
3080,no_B,2026-W18,other,0,0,0.0
3080,no_B,2026-W19,meme,0,0,0.0
3080,no_B,2026-W19,mourning,0,0,0.0
3080,no_B,2026-W19,marketing,0,0,0.0
3080,no_B,2026-W19,education,0,0,0.0
3080,no_B,2026-W19,other,0,0,0.0
3080,no_B,2026-W20,meme,8,8,1.0
3080,no_B,2026-W20,mourning,0,8,0.0
3080,no_B,2026-W20,marketing,0,8,0.0
3080,no_B,2026-W20,education,0,8,0.0
3080,no_B,2026-W20,other,0,8,0.0
3080,no_B,2026-W21,meme,16,16,1.0
3080,no_B,2026-W21,mourning,0,16,0.0
3080,no_B,2026-W21,marketing,0,16,0.0
3080,no_B,2026-W21,education,0,16,0.0
3080,no_B,2026-W21,other,0,16,0.0
3080,no_B,2026-W22,meme,1,1,1.0
3080,no_B,2026-W22,mourning,0,1,0.0
3080,no_B,2026-W22,marketing,0,1,0.0
3080,no_B,2026-W22,education,0,1,0.0
3080,no_B,2026-W22,other,0,1,0.0
3080,no_D,2026-W12,meme,12,63,0.19047619047619047
3080,no_D,2026-W12,mourning,12,63,0.19047619047619047
3080,no_D,2026-W12,marketing,15,63,0.23809523809523808
3080,no_D,2026-W12,education,9,63,0.14285714285714285
3080,no_D,2026-W12,other,15,63,0.23809523809523808
3080,no_D,2026-W13,meme,12,55,0.21818181818181817
3080,no_D,2026-W13,mourning,12,55,0.21818181818181817
3080,no_D,2026-W13,marketing,10,55,0.18181818181818182
3080,no_D,2026-W13,education,6,55,0.10909090909090909
3080,no_D,2026-W13,other,15,55,0.2727272727272727
3080,no_D,2026-W14,meme,11,41,0.2682926829268293
3080,no_D,2026-W14,mourning,4,41,0.0975609756097561
3080,no_D,2026-W14,marketing,9,41,0.21951219512195122
3080,no_D,2026-W14,education,5,41,0.12195121951219512
3080,no_D,2026-W14,other,12,41,0.2926829268292683
3080,no_D,2026-W15,meme,7,27,0.25925925925925924
3080,no_D,2026-W15,mourning,2,27,0.07407407407407407
3080,no_D,2026-W15,marketing,7,27,0.25925925925925924
3080,no_D,2026-W15,education,5,27,0.18518518518518517
3080,no_D,2026-W15,other,6,27,0.2222222222222222
3080,no_D,2026-W16,meme,6,20,0.3
3080,no_D,2026-W16,mourning,2,20,0.1
3080,no_D,2026-W16,marketing,6,20,0.3
3080,no_D,2026-W16,education,5,20,0.25
3080,no_D,2026-W16,other,1,20,0.05
3080,no_D,2026-W17,meme,5,16,0.3125
3080,no_D,2026-W17,mourning,2,16,0.125
3080,no_D,2026-W17,marketing,6,16,0.375
3080,no_D,2026-W17,education,3,16,0.1875
3080,no_D,2026-W17,other,0,16,0.0
3080,no_D,2026-W18,meme,4,12,0.3333333333333333
3080,no_D,2026-W18,mourning,1,12,0.08333333333333333
3080,no_D,2026-W18,marketing,4,12,0.3333333333333333
3080,no_D,2026-W18,education,3,12,0.25
3080,no_D,2026-W18,other,0,12,0.0
3080,no_D,2026-W19,meme,4,10,0.4
3080,no_D,2026-W19,mourning,0,10,0.0
3080,no_D,2026-W19,marketing,4,10,0.4
3080,no_D,2026-W19,education,2,10,0.2
3080,no_D,2026-W19,other,0,10,0.0
3080,no_D,2026-W20,meme,4,8,0.5
3080,no_D,2026-W20,mourning,0,8,0.0
3080,no_D,2026-W20,marketing,3,8,0.375
3080,no_D,2026-W20,education,1,8,0.125
3080,no_D,2026-W20,other,0,8,0.0
3080,no_D,2026-W21,meme,2,6,0.3333333333333333
3080,no_D,2026-W21,mourning,0,6,0.0
3080,no_D,2026-W21,marketing,3,6,0.5
3080,no_D,2026-W21,education,1,6,0.16666666666666666
3080,no_D,2026-W21,other,0,6,0.0
3080,no_D,2026-W22,meme,2,6,0.3333333333333333
3080,no_D,2026-W22,mourning,0,6,0.0
3080,no_D,2026-W22,marketing,3,6,0.5
3080,no_D,2026-W22,education,1,6,0.16666666666666666
3080,no_D,2026-W22,other,0,6,0.0
3080,no_R,2026-W12,meme,0,30,0.0
3080,no_R,2026-W12,mourning,0,30,0.0
3080,no_R,2026-W12,marketing,19,30,0.6333333333333333
3080,no_R,2026-W12,education,11,30,0.36666666666666664
3080,no_R,2026-W12,other,0,30,0.0
3080,no_R,2026-W13,meme,0,48,0.0
3080,no_R,2026-W13,mourning,22,48,0.4583333333333333
3080,no_R,2026-W13,marketing,15,48,0.3125
3080,no_R,2026-W13,education,7,48,0.14583333333333334
3080,no_R,2026-W13,other,4,48,0.08333333333333333
3080,no_R,2026-W14,meme,0,50,0.0
3080,no_R,2026-W14,mourning,16,50,0.32
3080,no_R,2026-W14,marketing,17,50,0.34
3080,no_R,2026-W14,education,12,50,0.24
3080,no_R,2026-W14,other,5,50,0.1
3080,no_R,2026-W15,meme,0,56,0.0
3080,no_R,2026-W15,mourning,17,56,0.30357142857142855
3080,no_R,2026-W15,marketing,16,56,0.2857142857142857
3080,no_R,2026-W15,education,11,56,0.19642857142857142
3080,no_R,2026-W15,other,12,56,0.21428571428571427
3080,no_R,2026-W16,meme,1,61,0.01639344262295082
3080,no_R,2026-W16,mourning,18,61,0.29508196721311475
3080,no_R,2026-W16,marketing,16,61,0.26229508196721313
3080,no_R,2026-W16,education,13,61,0.21311475409836064
3080,no_R,2026-W16,other,13,61,0.21311475409836064
3080,no_R,2026-W17,meme,0,58,0.0
3080,no_R,2026-W17,mourning,18,58,0.3103448275862069
3080,no_R,2026-W17,marketing,18,58,0.3103448275862069
3080,no_R,2026-W17,education,11,58,0.1896551724137931
3080,no_R,2026-W17,other,11,58,0.1896551724137931
3080,no_R,2026-W18,meme,0,59,0.0
3080,no_R,2026-W18,mourning,17,59,0.288135593220339
3080,no_R,2026-W18,marketing,17,59,0.288135593220339
3080,no_R,2026-W18,education,12,59,0.2033898305084746
3080,no_R,2026-W18,other,13,59,0.22033898305084745
3080,no_R,2026-W19,meme,0,58,0.0
3080,no_R,2026-W19,mourning,18,58,0.3103448275862069
3080,no_R,2026-W19,marketing,17,58,0.29310344827586204
3080,no_R,2026-W19,education,10,58,0.1724137931034483
3080,no_R,2026-W19,other,13,58,0.22413793103448276
3080,no_R,2026-W20,meme,2,58,0.034482758620689655
3080,no_R,2026-W20,mourning,12,58,0.20689655172413793
3080,no_R,2026-W20,marketing,18,58,0.3103448275862069
3080,no_R,2026-W20,education,14,58,0.2413793103448276
3080,no_R,2026-W20,other,12,58,0.20689655172413793
3080,no_R,2026-W21,meme,9,59,0.15254237288135594
3080,no_R,2026-W21,mourning,13,59,0.22033898305084745
3080,no_R,2026-W21,marketing,17,59,0.288135593220339
3080,no_R,2026-W21,education,12,59,0.2033898305084746
3080,no_R,2026-W21,other,8,59,0.13559322033898305
3080,no_R,2026-W22,meme,14,57,0.24561403508771928
3080,no_R,2026-W22,mourning,11,57,0.19298245614035087
3080,no_R,2026-W22,marketing,17,57,0.2982456140350877
3080,no_R,2026-W22,education,11,57,0.19298245614035087
3080,no_R,2026-W22,other,4,57,0.07017543859649122
3081,full,2026-W12,meme,0,26,0.0
3081,full,2026-W12,mourning,0,26,0.0
3081,full,2026-W12,marketing,19,26,0.7307692307692307
3081,full,2026-W12,education,7,26,0.2692307692307692
3081,full,2026-W12,other,0,26,0.0
3081,full,2026-W13,meme,0,43,0.0
3081,full,2026-W13,mourning,22,43,0.5116279069767442
3081,full,2026-W13,marketing,12,43,0.27906976744186046
3081,full,2026-W13,education,5,43,0.11627906976744186
3081,full,2026-W13,other,4,43,0.09302325581395349
3081,full,2026-W14,meme,0,34,0.0
3081,full,2026-W14,mourning,11,34,0.3235294117647059
3081,full,2026-W14,marketing,11,34,0.3235294117647059
3081,full,2026-W14,education,6,34,0.17647058823529413
3081,full,2026-W14,other,6,34,0.17647058823529413
3081,full,2026-W15,meme,0,26,0.0
3081,full,2026-W15,mourning,6,26,0.23076923076923078
3081,full,2026-W15,marketing,7,26,0.2692307692307692
3081,full,2026-W15,education,8,26,0.3076923076923077
3081,full,2026-W15,other,5,26,0.19230769230769232
3081,full,2026-W16,meme,0,20,0.0
3081,full,2026-W16,mourning,3,20,0.15
3081,full,2026-W16,marketing,7,20,0.35
3081,full,2026-W16,education,7,20,0.35
3081,full,2026-W16,other,3,20,0.15
3081,full,2026-W17,meme,0,11,0.0
3081,full,2026-W17,mourning,0,11,0.0
3081,full,2026-W17,marketing,4,11,0.36363636363636365
3081,full,2026-W17,education,3,11,0.2727272727272727
3081,full,2026-W17,other,4,11,0.36363636363636365
3081,full,2026-W18,meme,0,10,0.0
3081,full,2026-W18,mourning,0,10,0.0
3081,full,2026-W18,marketing,4,10,0.4
3081,full,2026-W18,education,3,10,0.3
3081,full,2026-W18,other,3,10,0.3
3081,full,2026-W19,meme,0,4,0.0
3081,full,2026-W19,mourning,0,4,0.0
3081,full,2026-W19,marketing,3,4,0.75
3081,full,2026-W19,education,0,4,0.0
3081,full,2026-W19,other,1,4,0.25
3081,full,2026-W20,meme,10,13,0.7692307692307693
3081,full,2026-W20,mourning,0,13,0.0
3081,full,2026-W20,marketing,3,13,0.23076923076923078
3081,full,2026-W20,education,0,13,0.0
3081,full,2026-W20,other,0,13,0.0
3081,full,2026-W21,meme,19,22,0.8636363636363636
3081,full,2026-W21,mourning,0,22,0.0
3081,full,2026-W21,marketing,3,22,0.13636363636363635
3081,full,2026-W21,education,0,22,0.0
3081,full,2026-W21,other,0,22,0.0
3081,full,2026-W22,meme,17,20,0.85
3081,full,2026-W22,mourning,0,20,0.0
3081,full,2026-W22,marketing,3,20,0.15
3081,full,2026-W22,education,0,20,0.0
3081,full,2026-W22,other,0,20,0.0
3081,no_B,2026-W12,meme,0,26,0.0
3081,no_B,2026-W12,mourning,0,26,0.0
3081,no_B,2026-W12,marketing,19,26,0.7307692307692307
3081,no_B,2026-W12,education,7,26,0.2692307692307692
3081,no_B,2026-W12,other,0,26,0.0
3081,no_B,2026-W13,meme,0,28,0.0
3081,no_B,2026-W13,mourning,22,28,0.7857142857142857
3081,no_B,2026-W13,marketing,0,28,0.0
3081,no_B,2026-W13,education,2,28,0.07142857142857142
3081,no_B,2026-W13,other,4,28,0.14285714285714285
3081,no_B,2026-W14,meme,0,3,0.0
3081,no_B,2026-W14,mourning,0,3,0.0
3081,no_B,2026-W14,marketing,0,3,0.0
3081,no_B,2026-W14,education,1,3,0.3333333333333333
3081,no_B,2026-W14,other,2,3,0.6666666666666666
3081,no_B,2026-W15,meme,1,4,0.25
3081,no_B,2026-W15,mourning,0,4,0.0
3081,no_B,2026-W15,marketing,0,4,0.0
3081,no_B,2026-W15,education,2,4,0.5
3081,no_B,2026-W15,other,1,4,0.25
3081,no_B,2026-W16,meme,0,1,0.0
3081,no_B,2026-W16,mourning,0,1,0.0
3081,no_B,2026-W16,marketing,0,1,0.0
3081,no_B,2026-W16,education,0,1,0.0
3081,no_B,2026-W16,other,1,1,1.0
3081,no_B,2026-W17,meme,2,2,1.0
3081,no_B,2026-W17,mourning,0,2,0.0
3081,no_B,2026-W17,marketing,0,2,0.0
3081,no_B,2026-W17,education,0,2,0.0
3081,no_B,2026-W17,other,0,2,0.0
3081,no_B,2026-W18,meme,2,2,1.0
3081,no_B,2026-W18,mourning,0,2,0.0
3081,no_B,2026-W18,marketing,0,2,0.0
3081,no_B,2026-W18,education,0,2,0.0
3081,no_B,2026-W18,other,0,2,0.0
3081,no_B,2026-W19,meme,1,1,1.0
3081,no_B,2026-W19,mourning,0,1,0.0
3081,no_B,2026-W19,marketing,0,1,0.0
3081,no_B,2026-W19,education,0,1,0.0
3081,no_B,2026-W19,other,0,1,0.0
3081,no_B,2026-W20,meme,8,8,1.0
3081,no_B,2026-W20,mourning,0,8,0.0
3081,no_B,2026-W20,marketing,0,8,0.0
3081,no_B,2026-W20,education,0,8,0.0
3081,no_B,2026-W20,other,0,8,0.0
3081,no_B,2026-W21,meme,6,6,1.0
3081,no_B,2026-W21,mourning,0,6,0.0
3081,no_B,2026-W21,marketing,0,6,0.0
3081,no_B,2026-W21,education,0,6,0.0
3081,no_B,2026-W21,other,0,6,0.0
3081,no_B,2026-W22,meme,0,0,0.0
3081,no_B,2026-W22,mourning,0,0,0.0
3081,no_B,2026-W22,marketing,0,0,0.0
3081,no_B,2026-W22,education,0,0,0.0
3081,no_B,2026-W22,other,0,0,0.0
3081,no_D,2026-W12,meme,12,63,0.19047619047619047
3081,no_D,2026-W12,mourning,12,63,0.19047619047619047
3081,no_D,2026-W12,marketing,15,63,0.23809523809523808
3081,no_D,2026-W12,education,9,63,0.14285714285714285
3081,no_D,2026-W12,other,15,63,0.23809523809523808
3081,no_D,2026-W13,meme,12,56,0.21428571428571427
3081,no_D,2026-W13,mourning,12,56,0.21428571428571427
3081,no_D,2026-W13,marketing,11,56,0.19642857142857142
3081,no_D,2026-W13,education,6,56,0.10714285714285714
3081,no_D,2026-W13,other,15,56,0.26785714285714285
3081,no_D,2026-W14,meme,11,41,0.2682926829268293
3081,no_D,2026-W14,mourning,4,41,0.0975609756097561
3081,no_D,2026-W14,marketing,8,41,0.1951219512195122
3081,no_D,2026-W14,education,6,41,0.14634146341463414
3081,no_D,2026-W14,other,12,41,0.2926829268292683
3081,no_D,2026-W15,meme,7,28,0.25
3081,no_D,2026-W15,mourning,3,28,0.10714285714285714
3081,no_D,2026-W15,marketing,7,28,0.25
3081,no_D,2026-W15,education,6,28,0.21428571428571427
3081,no_D,2026-W15,other,5,28,0.17857142857142858
3081,no_D,2026-W16,meme,6,22,0.2727272727272727
3081,no_D,2026-W16,mourning,1,22,0.045454545454545456
3081,no_D,2026-W16,marketing,7,22,0.3181818181818182
3081,no_D,2026-W16,education,6,22,0.2727272727272727
3081,no_D,2026-W16,other,2,22,0.09090909090909091
3081,no_D,2026-W17,meme,5,15,0.3333333333333333
3081,no_D,2026-W17,mourning,1,15,0.06666666666666667
3081,no_D,2026-W17,marketing,5,15,0.3333333333333333
3081,no_D,2026-W17,education,3,15,0.2
3081,no_D,2026-W17,other,1,15,0.06666666666666667
3081,no_D,2026-W18,meme,4,10,0.4
3081,no_D,2026-W18,mourning,1,10,0.1
3081,no_D,2026-W18,marketing,4,10,0.4
3081,no_D,2026-W18,education,1,10,0.1
3081,no_D,2026-W18,other,0,10,0.0
3081,no_D,2026-W19,meme,4,10,0.4
3081,no_D,2026-W19,mourning,1,10,0.1
3081,no_D,2026-W19,marketing,4,10,0.4
3081,no_D,2026-W19,education,1,10,0.1
3081,no_D,2026-W19,other,0,10,0.0
3081,no_D,2026-W20,meme,4,8,0.5
3081,no_D,2026-W20,mourning,1,8,0.125
3081,no_D,2026-W20,marketing,3,8,0.375
3081,no_D,2026-W20,education,0,8,0.0
3081,no_D,2026-W20,other,0,8,0.0
3081,no_D,2026-W21,meme,2,6,0.3333333333333333
3081,no_D,2026-W21,mourning,1,6,0.16666666666666666
3081,no_D,2026-W21,marketing,3,6,0.5
3081,no_D,2026-W21,education,0,6,0.0
3081,no_D,2026-W21,other,0,6,0.0
3081,no_D,2026-W22,meme,1,5,0.2
3081,no_D,2026-W22,mourning,1,5,0.2
3081,no_D,2026-W22,marketing,3,5,0.6
3081,no_D,2026-W22,education,0,5,0.0
3081,no_D,2026-W22,other,0,5,0.0
3081,no_R,2026-W12,meme,0,26,0.0
3081,no_R,2026-W12,mourning,0,26,0.0
3081,no_R,2026-W12,marketing,19,26,0.7307692307692307
3081,no_R,2026-W12,education,7,26,0.2692307692307692
3081,no_R,2026-W12,other,0,26,0.0
3081,no_R,2026-W13,meme,0,45,0.0
3081,no_R,2026-W13,mourning,22,45,0.4888888888888889
3081,no_R,2026-W13,marketing,14,45,0.3111111111111111
3081,no_R,2026-W13,education,5,45,0.1111111111111111
3081,no_R,2026-W13,other,4,45,0.08888888888888889
3081,no_R,2026-W14,meme,0,51,0.0
3081,no_R,2026-W14,mourning,20,51,0.39215686274509803
3081,no_R,2026-W14,marketing,18,51,0.35294117647058826
3081,no_R,2026-W14,education,9,51,0.17647058823529413
3081,no_R,2026-W14,other,4,51,0.0784313725490196
3081,no_R,2026-W15,meme,0,54,0.0
3081,no_R,2026-W15,mourning,20,54,0.37037037037037035
3081,no_R,2026-W15,marketing,16,54,0.2962962962962963
3081,no_R,2026-W15,education,9,54,0.16666666666666666
3081,no_R,2026-W15,other,9,54,0.16666666666666666
3081,no_R,2026-W16,meme,1,55,0.01818181818181818
3081,no_R,2026-W16,mourning,15,55,0.2727272727272727
3081,no_R,2026-W16,marketing,18,55,0.32727272727272727
3081,no_R,2026-W16,education,14,55,0.2545454545454545
3081,no_R,2026-W16,other,7,55,0.12727272727272726
3081,no_R,2026-W17,meme,1,56,0.017857142857142856
3081,no_R,2026-W17,mourning,17,56,0.30357142857142855
3081,no_R,2026-W17,marketing,17,56,0.30357142857142855
3081,no_R,2026-W17,education,14,56,0.25
3081,no_R,2026-W17,other,7,56,0.125
3081,no_R,2026-W18,meme,0,53,0.0
3081,no_R,2026-W18,mourning,15,53,0.2830188679245283
3081,no_R,2026-W18,marketing,18,53,0.33962264150943394
3081,no_R,2026-W18,education,14,53,0.2641509433962264
3081,no_R,2026-W18,other,6,53,0.11320754716981132
3081,no_R,2026-W19,meme,0,52,0.0
3081,no_R,2026-W19,mourning,12,52,0.23076923076923078
3081,no_R,2026-W19,marketing,18,52,0.34615384615384615
3081,no_R,2026-W19,education,13,52,0.25
3081,no_R,2026-W19,other,9,52,0.17307692307692307
3081,no_R,2026-W20,meme,4,54,0.07407407407407407
3081,no_R,2026-W20,mourning,15,54,0.2777777777777778
3081,no_R,2026-W20,marketing,17,54,0.3148148148148148
3081,no_R,2026-W20,education,12,54,0.2222222222222222
3081,no_R,2026-W20,other,6,54,0.1111111111111111
3081,no_R,2026-W21,meme,13,58,0.22413793103448276
3081,no_R,2026-W21,mourning,14,58,0.2413793103448276
3081,no_R,2026-W21,marketing,15,58,0.25862068965517243
3081,no_R,2026-W21,education,12,58,0.20689655172413793
3081,no_R,2026-W21,other,4,58,0.06896551724137931
3081,no_R,2026-W22,meme,19,61,0.3114754098360656
3081,no_R,2026-W22,mourning,14,61,0.22950819672131148
3081,no_R,2026-W22,marketing,17,61,0.2786885245901639
3081,no_R,2026-W22,education,10,61,0.16393442622950818
3081,no_R,2026-W22,other,1,61,0.01639344262295082
3082,full,2026-W12,meme,0,25,0.0
3082,full,2026-W12,mourning,0,25,0.0
3082,full,2026-W12,marketing,19,25,0.76
3082,full,2026-W12,education,6,25,0.24
3082,full,2026-W12,other,0,25,0.0
3082,full,2026-W13,meme,0,39,0.0
3082,full,2026-W13,mourning,22,39,0.5641025641025641
3082,full,2026-W13,marketing,11,39,0.28205128205128205
3082,full,2026-W13,education,4,39,0.10256410256410256
3082,full,2026-W13,other,2,39,0.05128205128205128
3082,full,2026-W14,meme,0,37,0.0
3082,full,2026-W14,mourning,11,37,0.2972972972972973
3082,full,2026-W14,marketing,12,37,0.32432432432432434
3082,full,2026-W14,education,9,37,0.24324324324324326
3082,full,2026-W14,other,5,37,0.13513513513513514
3082,full,2026-W15,meme,0,21,0.0
3082,full,2026-W15,mourning,5,21,0.23809523809523808
3082,full,2026-W15,marketing,8,21,0.38095238095238093
3082,full,2026-W15,education,5,21,0.23809523809523808
3082,full,2026-W15,other,3,21,0.14285714285714285
3082,full,2026-W16,meme,0,18,0.0
3082,full,2026-W16,mourning,2,18,0.1111111111111111
3082,full,2026-W16,marketing,5,18,0.2777777777777778
3082,full,2026-W16,education,6,18,0.3333333333333333
3082,full,2026-W16,other,5,18,0.2777777777777778
3082,full,2026-W17,meme,0,16,0.0
3082,full,2026-W17,mourning,0,16,0.0
3082,full,2026-W17,marketing,6,16,0.375
3082,full,2026-W17,education,5,16,0.3125
3082,full,2026-W17,other,5,16,0.3125
3082,full,2026-W18,meme,0,7,0.0
3082,full,2026-W18,mourning,1,7,0.14285714285714285
3082,full,2026-W18,marketing,4,7,0.5714285714285714
3082,full,2026-W18,education,2,7,0.2857142857142857
3082,full,2026-W18,other,0,7,0.0
3082,full,2026-W19,meme,0,6,0.0
3082,full,2026-W19,mourning,0,6,0.0
3082,full,2026-W19,marketing,4,6,0.6666666666666666
3082,full,2026-W19,education,2,6,0.3333333333333333
3082,full,2026-W19,other,0,6,0.0
3082,full,2026-W20,meme,12,15,0.8
3082,full,2026-W20,mourning,0,15,0.0
3082,full,2026-W20,marketing,3,15,0.2
3082,full,2026-W20,education,0,15,0.0
3082,full,2026-W20,other,0,15,0.0
3082,full,2026-W21,meme,19,23,0.8260869565217391
3082,full,2026-W21,mourning,0,23,0.0
3082,full,2026-W21,marketing,3,23,0.13043478260869565
3082,full,2026-W21,education,1,23,0.043478260869565216
3082,full,2026-W21,other,0,23,0.0
3082,full,2026-W22,meme,18,21,0.8571428571428571
3082,full,2026-W22,mourning,0,21,0.0
3082,full,2026-W22,marketing,3,21,0.14285714285714285
3082,full,2026-W22,education,0,21,0.0
3082,full,2026-W22,other,0,21,0.0
3082,no_B,2026-W12,meme,0,25,0.0
3082,no_B,2026-W12,mourning,0,25,0.0
3082,no_B,2026-W12,marketing,19,25,0.76
3082,no_B,2026-W12,education,6,25,0.24
3082,no_B,2026-W12,other,0,25,0.0
3082,no_B,2026-W13,meme,0,24,0.0
3082,no_B,2026-W13,mourning,22,24,0.9166666666666666
3082,no_B,2026-W13,marketing,0,24,0.0
3082,no_B,2026-W13,education,0,24,0.0
3082,no_B,2026-W13,other,2,24,0.08333333333333333
3082,no_B,2026-W14,meme,0,6,0.0
3082,no_B,2026-W14,mourning,0,6,0.0
3082,no_B,2026-W14,marketing,0,6,0.0
3082,no_B,2026-W14,education,3,6,0.5
3082,no_B,2026-W14,other,3,6,0.5
3082,no_B,2026-W15,meme,0,2,0.0
3082,no_B,2026-W15,mourning,0,2,0.0
3082,no_B,2026-W15,marketing,0,2,0.0
3082,no_B,2026-W15,education,0,2,0.0
3082,no_B,2026-W15,other,2,2,1.0
3082,no_B,2026-W16,meme,2,3,0.6666666666666666
3082,no_B,2026-W16,mourning,0,3,0.0
3082,no_B,2026-W16,marketing,0,3,0.0
3082,no_B,2026-W16,education,1,3,0.3333333333333333
3082,no_B,2026-W16,other,0,3,0.0
3082,no_B,2026-W17,meme,1,1,1.0
3082,no_B,2026-W17,mourning,0,1,0.0
3082,no_B,2026-W17,marketing,0,1,0.0
3082,no_B,2026-W17,education,0,1,0.0
3082,no_B,2026-W17,other,0,1,0.0
3082,no_B,2026-W18,meme,0,0,0.0
3082,no_B,2026-W18,mourning,0,0,0.0
3082,no_B,2026-W18,marketing,0,0,0.0
3082,no_B,2026-W18,education,0,0,0.0
3082,no_B,2026-W18,other,0,0,0.0
3082,no_B,2026-W19,meme,1,1,1.0
3082,no_B,2026-W19,mourning,0,1,0.0
3082,no_B,2026-W19,marketing,0,1,0.0
3082,no_B,2026-W19,education,0,1,0.0
3082,no_B,2026-W19,other,0,1,0.0
3082,no_B,2026-W20,meme,8,8,1.0
3082,no_B,2026-W20,mourning,0,8,0.0
3082,no_B,2026-W20,marketing,0,8,0.0
3082,no_B,2026-W20,education,0,8,0.0
3082,no_B,2026-W20,other,0,8,0.0
3082,no_B,2026-W21,meme,8,8,1.0
3082,no_B,2026-W21,mourning,0,8,0.0
3082,no_B,2026-W21,marketing,0,8,0.0
3082,no_B,2026-W21,education,0,8,0.0
3082,no_B,2026-W21,other,0,8,0.0
3082,no_B,2026-W22,meme,1,1,1.0
3082,no_B,2026-W22,mourning,0,1,0.0
3082,no_B,2026-W22,marketing,0,1,0.0
3082,no_B,2026-W22,education,0,1,0.0
3082,no_B,2026-W22,other,0,1,0.0
3082,no_D,2026-W12,meme,12,63,0.19047619047619047
3082,no_D,2026-W12,mourning,12,63,0.19047619047619047
3082,no_D,2026-W12,marketing,15,63,0.23809523809523808
3082,no_D,2026-W12,education,9,63,0.14285714285714285
3082,no_D,2026-W12,other,15,63,0.23809523809523808
3082,no_D,2026-W13,meme,12,57,0.21052631578947367
3082,no_D,2026-W13,mourning,12,57,0.21052631578947367
3082,no_D,2026-W13,marketing,11,57,0.19298245614035087
3082,no_D,2026-W13,education,7,57,0.12280701754385964
3082,no_D,2026-W13,other,15,57,0.2631578947368421
3082,no_D,2026-W14,meme,11,44,0.25
3082,no_D,2026-W14,mourning,4,44,0.09090909090909091
3082,no_D,2026-W14,marketing,10,44,0.22727272727272727
3082,no_D,2026-W14,education,7,44,0.1590909090909091
3082,no_D,2026-W14,other,12,44,0.2727272727272727
3082,no_D,2026-W15,meme,6,29,0.20689655172413793
3082,no_D,2026-W15,mourning,3,29,0.10344827586206896
3082,no_D,2026-W15,marketing,7,29,0.2413793103448276
3082,no_D,2026-W15,education,6,29,0.20689655172413793
3082,no_D,2026-W15,other,7,29,0.2413793103448276
3082,no_D,2026-W16,meme,6,20,0.3
3082,no_D,2026-W16,mourning,1,20,0.05
3082,no_D,2026-W16,marketing,6,20,0.3
3082,no_D,2026-W16,education,4,20,0.2
3082,no_D,2026-W16,other,3,20,0.15
3082,no_D,2026-W17,meme,4,13,0.3076923076923077
3082,no_D,2026-W17,mourning,1,13,0.07692307692307693
3082,no_D,2026-W17,marketing,5,13,0.38461538461538464
3082,no_D,2026-W17,education,3,13,0.23076923076923078
3082,no_D,2026-W17,other,0,13,0.0
3082,no_D,2026-W18,meme,4,11,0.36363636363636365
3082,no_D,2026-W18,mourning,1,11,0.09090909090909091
3082,no_D,2026-W18,marketing,4,11,0.36363636363636365
3082,no_D,2026-W18,education,2,11,0.18181818181818182
3082,no_D,2026-W18,other,0,11,0.0
3082,no_D,2026-W19,meme,4,10,0.4
3082,no_D,2026-W19,mourning,1,10,0.1
3082,no_D,2026-W19,marketing,4,10,0.4
3082,no_D,2026-W19,education,1,10,0.1
3082,no_D,2026-W19,other,0,10,0.0
3082,no_D,2026-W20,meme,3,9,0.3333333333333333
3082,no_D,2026-W20,mourning,1,9,0.1111111111111111
3082,no_D,2026-W20,marketing,4,9,0.4444444444444444
3082,no_D,2026-W20,education,1,9,0.1111111111111111
3082,no_D,2026-W20,other,0,9,0.0
3082,no_D,2026-W21,meme,2,6,0.3333333333333333
3082,no_D,2026-W21,mourning,0,6,0.0
3082,no_D,2026-W21,marketing,3,6,0.5
3082,no_D,2026-W21,education,1,6,0.16666666666666666
3082,no_D,2026-W21,other,0,6,0.0
3082,no_D,2026-W22,meme,1,5,0.2
3082,no_D,2026-W22,mourning,0,5,0.0
3082,no_D,2026-W22,marketing,3,5,0.6
3082,no_D,2026-W22,education,1,5,0.2
3082,no_D,2026-W22,other,0,5,0.0
3082,no_R,2026-W12,meme,0,25,0.0
3082,no_R,2026-W12,mourning,0,25,0.0
3082,no_R,2026-W12,marketing,19,25,0.76
3082,no_R,2026-W12,education,6,25,0.24
3082,no_R,2026-W12,other,0,25,0.0
3082,no_R,2026-W13,meme,0,45,0.0
3082,no_R,2026-W13,mourning,22,45,0.4888888888888889
3082,no_R,2026-W13,marketing,17,45,0.37777777777777777
3082,no_R,2026-W13,education,4,45,0.08888888888888889
3082,no_R,2026-W13,other,2,45,0.044444444444444446
3082,no_R,2026-W14,meme,0,46,0.0
3082,no_R,2026-W14,mourning,16,46,0.34782608695652173
3082,no_R,2026-W14,marketing,17,46,0.3695652173913043
3082,no_R,2026-W14,education,8,46,0.17391304347826086
3082,no_R,2026-W14,other,5,46,0.10869565217391304
3082,no_R,2026-W15,meme,0,50,0.0
3082,no_R,2026-W15,mourning,19,50,0.38
3082,no_R,2026-W15,marketing,16,50,0.32
3082,no_R,2026-W15,education,9,50,0.18
3082,no_R,2026-W15,other,6,50,0.12
3082,no_R,2026-W16,meme,0,56,0.0
3082,no_R,2026-W16,mourning,19,56,0.3392857142857143
3082,no_R,2026-W16,marketing,19,56,0.3392857142857143
3082,no_R,2026-W16,education,12,56,0.21428571428571427
3082,no_R,2026-W16,other,6,56,0.10714285714285714
3082,no_R,2026-W17,meme,0,53,0.0
3082,no_R,2026-W17,mourning,21,53,0.39622641509433965
3082,no_R,2026-W17,marketing,17,53,0.32075471698113206
3082,no_R,2026-W17,education,9,53,0.16981132075471697
3082,no_R,2026-W17,other,6,53,0.11320754716981132
3082,no_R,2026-W18,meme,0,51,0.0
3082,no_R,2026-W18,mourning,14,51,0.27450980392156865
3082,no_R,2026-W18,marketing,18,51,0.35294117647058826
3082,no_R,2026-W18,education,12,51,0.23529411764705882
3082,no_R,2026-W18,other,7,51,0.13725490196078433
3082,no_R,2026-W19,meme,0,55,0.0
3082,no_R,2026-W19,mourning,18,55,0.32727272727272727
3082,no_R,2026-W19,marketing,18,55,0.32727272727272727
3082,no_R,2026-W19,education,13,55,0.23636363636363636
3082,no_R,2026-W19,other,6,55,0.10909090909090909
3082,no_R,2026-W20,meme,3,58,0.05172413793103448
3082,no_R,2026-W20,mourning,17,58,0.29310344827586204
3082,no_R,2026-W20,marketing,18,58,0.3103448275862069
3082,no_R,2026-W20,education,13,58,0.22413793103448276
3082,no_R,2026-W20,other,7,58,0.1206896551724138
3082,no_R,2026-W21,meme,9,61,0.14754098360655737
3082,no_R,2026-W21,mourning,15,61,0.2459016393442623
3082,no_R,2026-W21,marketing,16,61,0.26229508196721313
3082,no_R,2026-W21,education,14,61,0.22950819672131148
3082,no_R,2026-W21,other,7,61,0.11475409836065574
3082,no_R,2026-W22,meme,18,66,0.2727272727272727
3082,no_R,2026-W22,mourning,14,66,0.21212121212121213
3082,no_R,2026-W22,marketing,18,66,0.2727272727272727
3082,no_R,2026-W22,education,13,66,0.19696969696969696
3082,no_R,2026-W22,other,3,66,0.045454545454545456
3083,full,2026-W12,meme,0,27,0.0
3083,full,2026-W12,mourning,0,27,0.0
3083,full,2026-W12,marketing,19,27,0.7037037037037037
3083,full,2026-W12,education,8,27,0.2962962962962963
3083,full,2026-W12,other,0,27,0.0
3083,full,2026-W13,meme,0,43,0.0
3083,full,2026-W13,mourning,22,43,0.5116279069767442
3083,full,2026-W13,marketing,11,43,0.2558139534883721
3083,full,2026-W13,education,6,43,0.13953488372093023
3083,full,2026-W13,other,4,43,0.09302325581395349
3083,full,2026-W14,meme,0,35,0.0
3083,full,2026-W14,mourning,7,35,0.2
3083,full,2026-W14,marketing,12,35,0.34285714285714286
3083,full,2026-W14,education,11,35,0.3142857142857143
3083,full,2026-W14,other,5,35,0.14285714285714285
3083,full,2026-W15,meme,0,25,0.0
3083,full,2026-W15,mourning,6,25,0.24
3083,full,2026-W15,marketing,9,25,0.36
3083,full,2026-W15,education,5,25,0.2
3083,full,2026-W15,other,5,25,0.2
3083,full,2026-W16,meme,0,15,0.0
3083,full,2026-W16,mourning,0,15,0.0
3083,full,2026-W16,marketing,7,15,0.4666666666666667
3083,full,2026-W16,education,6,15,0.4
3083,full,2026-W16,other,2,15,0.13333333333333333
3083,full,2026-W17,meme,0,10,0.0
3083,full,2026-W17,mourning,0,10,0.0
3083,full,2026-W17,marketing,6,10,0.6
3083,full,2026-W17,education,3,10,0.3
3083,full,2026-W17,other,1,10,0.1
3083,full,2026-W18,meme,0,6,0.0
3083,full,2026-W18,mourning,0,6,0.0
3083,full,2026-W18,marketing,5,6,0.8333333333333334
3083,full,2026-W18,education,1,6,0.16666666666666666
3083,full,2026-W18,other,0,6,0.0
3083,full,2026-W19,meme,0,5,0.0
3083,full,2026-W19,mourning,0,5,0.0
3083,full,2026-W19,marketing,4,5,0.8
3083,full,2026-W19,education,1,5,0.2
3083,full,2026-W19,other,0,5,0.0
3083,full,2026-W20,meme,9,13,0.6923076923076923
3083,full,2026-W20,mourning,0,13,0.0
3083,full,2026-W20,marketing,3,13,0.23076923076923078
3083,full,2026-W20,education,1,13,0.07692307692307693
3083,full,2026-W20,other,0,13,0.0
3083,full,2026-W21,meme,18,22,0.8181818181818182
3083,full,2026-W21,mourning,0,22,0.0
3083,full,2026-W21,marketing,3,22,0.13636363636363635
3083,full,2026-W21,education,1,22,0.045454545454545456
3083,full,2026-W21,other,0,22,0.0
3083,full,2026-W22,meme,19,22,0.8636363636363636
3083,full,2026-W22,mourning,0,22,0.0
3083,full,2026-W22,marketing,3,22,0.13636363636363635
3083,full,2026-W22,education,0,22,0.0
3083,full,2026-W22,other,0,22,0.0
3083,no_B,2026-W12,meme,0,27,0.0
3083,no_B,2026-W12,mourning,0,27,0.0
3083,no_B,2026-W12,marketing,19,27,0.7037037037037037
3083,no_B,2026-W12,education,8,27,0.2962962962962963
3083,no_B,2026-W12,other,0,27,0.0
3083,no_B,2026-W13,meme,0,27,0.0
3083,no_B,2026-W13,mourning,22,27,0.8148148148148148
3083,no_B,2026-W13,marketing,0,27,0.0
3083,no_B,2026-W13,education,1,27,0.037037037037037035
3083,no_B,2026-W13,other,4,27,0.14814814814814814
3083,no_B,2026-W14,meme,0,5,0.0
3083,no_B,2026-W14,mourning,0,5,0.0
3083,no_B,2026-W14,marketing,0,5,0.0
3083,no_B,2026-W14,education,2,5,0.4
3083,no_B,2026-W14,other,3,5,0.6
3083,no_B,2026-W15,meme,0,1,0.0
3083,no_B,2026-W15,mourning,0,1,0.0
3083,no_B,2026-W15,marketing,0,1,0.0
3083,no_B,2026-W15,education,1,1,1.0
3083,no_B,2026-W15,other,0,1,0.0
3083,no_B,2026-W16,meme,1,1,1.0
3083,no_B,2026-W16,mourning,0,1,0.0
3083,no_B,2026-W16,marketing,0,1,0.0
3083,no_B,2026-W16,education,0,1,0.0
3083,no_B,2026-W16,other,0,1,0.0
3083,no_B,2026-W17,meme,1,1,1.0
3083,no_B,2026-W17,mourning,0,1,0.0
3083,no_B,2026-W17,marketing,0,1,0.0
3083,no_B,2026-W17,education,0,1,0.0
3083,no_B,2026-W17,other,0,1,0.0
3083,no_B,2026-W18,meme,0,0,0.0
3083,no_B,2026-W18,mourning,0,0,0.0
3083,no_B,2026-W18,marketing,0,0,0.0
3083,no_B,2026-W18,education,0,0,0.0
3083,no_B,2026-W18,other,0,0,0.0
3083,no_B,2026-W19,meme,0,0,0.0
3083,no_B,2026-W19,mourning,0,0,0.0
3083,no_B,2026-W19,marketing,0,0,0.0
3083,no_B,2026-W19,education,0,0,0.0
3083,no_B,2026-W19,other,0,0,0.0
3083,no_B,2026-W20,meme,7,7,1.0
3083,no_B,2026-W20,mourning,0,7,0.0
3083,no_B,2026-W20,marketing,0,7,0.0
3083,no_B,2026-W20,education,0,7,0.0
3083,no_B,2026-W20,other,0,7,0.0
3083,no_B,2026-W21,meme,10,10,1.0
3083,no_B,2026-W21,mourning,0,10,0.0
3083,no_B,2026-W21,marketing,0,10,0.0
3083,no_B,2026-W21,education,0,10,0.0
3083,no_B,2026-W21,other,0,10,0.0
3083,no_B,2026-W22,meme,1,1,1.0
3083,no_B,2026-W22,mourning,0,1,0.0
3083,no_B,2026-W22,marketing,0,1,0.0
3083,no_B,2026-W22,education,0,1,0.0
3083,no_B,2026-W22,other,0,1,0.0
3083,no_D,2026-W12,meme,12,63,0.19047619047619047
3083,no_D,2026-W12,mourning,12,63,0.19047619047619047
3083,no_D,2026-W12,marketing,15,63,0.23809523809523808
3083,no_D,2026-W12,education,9,63,0.14285714285714285
3083,no_D,2026-W12,other,15,63,0.23809523809523808
3083,no_D,2026-W13,meme,12,56,0.21428571428571427
3083,no_D,2026-W13,mourning,12,56,0.21428571428571427
3083,no_D,2026-W13,marketing,10,56,0.17857142857142858
3083,no_D,2026-W13,education,7,56,0.125
3083,no_D,2026-W13,other,15,56,0.26785714285714285
3083,no_D,2026-W14,meme,11,44,0.25
3083,no_D,2026-W14,mourning,4,44,0.09090909090909091
3083,no_D,2026-W14,marketing,9,44,0.20454545454545456
3083,no_D,2026-W14,education,7,44,0.1590909090909091
3083,no_D,2026-W14,other,13,44,0.29545454545454547
3083,no_D,2026-W15,meme,8,28,0.2857142857142857
3083,no_D,2026-W15,mourning,2,28,0.07142857142857142
3083,no_D,2026-W15,marketing,7,28,0.25
3083,no_D,2026-W15,education,5,28,0.17857142857142858
3083,no_D,2026-W15,other,6,28,0.21428571428571427
3083,no_D,2026-W16,meme,6,19,0.3157894736842105
3083,no_D,2026-W16,mourning,2,19,0.10526315789473684
3083,no_D,2026-W16,marketing,6,19,0.3157894736842105
3083,no_D,2026-W16,education,4,19,0.21052631578947367
3083,no_D,2026-W16,other,1,19,0.05263157894736842
3083,no_D,2026-W17,meme,5,15,0.3333333333333333
3083,no_D,2026-W17,mourning,2,15,0.13333333333333333
3083,no_D,2026-W17,marketing,5,15,0.3333333333333333
3083,no_D,2026-W17,education,3,15,0.2
3083,no_D,2026-W17,other,0,15,0.0
3083,no_D,2026-W18,meme,4,12,0.3333333333333333
3083,no_D,2026-W18,mourning,1,12,0.08333333333333333
3083,no_D,2026-W18,marketing,5,12,0.4166666666666667
3083,no_D,2026-W18,education,2,12,0.16666666666666666
3083,no_D,2026-W18,other,0,12,0.0
3083,no_D,2026-W19,meme,3,9,0.3333333333333333
3083,no_D,2026-W19,mourning,1,9,0.1111111111111111
3083,no_D,2026-W19,marketing,3,9,0.3333333333333333
3083,no_D,2026-W19,education,2,9,0.2222222222222222
3083,no_D,2026-W19,other,0,9,0.0
3083,no_D,2026-W20,meme,2,6,0.3333333333333333
3083,no_D,2026-W20,mourning,1,6,0.16666666666666666
3083,no_D,2026-W20,marketing,3,6,0.5
3083,no_D,2026-W20,education,0,6,0.0
3083,no_D,2026-W20,other,0,6,0.0
3083,no_D,2026-W21,meme,2,6,0.3333333333333333
3083,no_D,2026-W21,mourning,1,6,0.16666666666666666
3083,no_D,2026-W21,marketing,3,6,0.5
3083,no_D,2026-W21,education,0,6,0.0
3083,no_D,2026-W21,other,0,6,0.0
3083,no_D,2026-W22,meme,1,5,0.2
3083,no_D,2026-W22,mourning,1,5,0.2
3083,no_D,2026-W22,marketing,3,5,0.6
3083,no_D,2026-W22,education,0,5,0.0
3083,no_D,2026-W22,other,0,5,0.0
3083,no_R,2026-W12,meme,0,27,0.0
3083,no_R,2026-W12,mourning,0,27,0.0
3083,no_R,2026-W12,marketing,19,27,0.7037037037037037
3083,no_R,2026-W12,education,8,27,0.2962962962962963
3083,no_R,2026-W12,other,0,27,0.0
3083,no_R,2026-W13,meme,0,47,0.0
3083,no_R,2026-W13,mourning,22,47,0.46808510638297873
3083,no_R,2026-W13,marketing,14,47,0.2978723404255319
3083,no_R,2026-W13,education,7,47,0.14893617021276595
3083,no_R,2026-W13,other,4,47,0.0851063829787234
3083,no_R,2026-W14,meme,0,50,0.0
3083,no_R,2026-W14,mourning,18,50,0.36
3083,no_R,2026-W14,marketing,17,50,0.34
3083,no_R,2026-W14,education,13,50,0.26
3083,no_R,2026-W14,other,2,50,0.04
3083,no_R,2026-W15,meme,0,58,0.0
3083,no_R,2026-W15,mourning,22,58,0.3793103448275862
3083,no_R,2026-W15,marketing,16,58,0.27586206896551724
3083,no_R,2026-W15,education,14,58,0.2413793103448276
3083,no_R,2026-W15,other,6,58,0.10344827586206896
3083,no_R,2026-W16,meme,0,52,0.0
3083,no_R,2026-W16,mourning,17,52,0.3269230769230769
3083,no_R,2026-W16,marketing,17,52,0.3269230769230769
3083,no_R,2026-W16,education,11,52,0.21153846153846154
3083,no_R,2026-W16,other,7,52,0.1346153846153846
3083,no_R,2026-W17,meme,0,47,0.0
3083,no_R,2026-W17,mourning,15,47,0.3191489361702128
3083,no_R,2026-W17,marketing,16,47,0.3404255319148936
3083,no_R,2026-W17,education,10,47,0.2127659574468085
3083,no_R,2026-W17,other,6,47,0.1276595744680851
3083,no_R,2026-W18,meme,0,55,0.0
3083,no_R,2026-W18,mourning,19,55,0.34545454545454546
3083,no_R,2026-W18,marketing,18,55,0.32727272727272727
3083,no_R,2026-W18,education,11,55,0.2
3083,no_R,2026-W18,other,7,55,0.12727272727272726
3083,no_R,2026-W19,meme,0,57,0.0
3083,no_R,2026-W19,mourning,20,57,0.3508771929824561
3083,no_R,2026-W19,marketing,18,57,0.3157894736842105
3083,no_R,2026-W19,education,13,57,0.22807017543859648
3083,no_R,2026-W19,other,6,57,0.10526315789473684
3083,no_R,2026-W20,meme,4,51,0.0784313725490196
3083,no_R,2026-W20,mourning,16,51,0.3137254901960784
3083,no_R,2026-W20,marketing,14,51,0.27450980392156865
3083,no_R,2026-W20,education,12,51,0.23529411764705882
3083,no_R,2026-W20,other,5,51,0.09803921568627451
3083,no_R,2026-W21,meme,16,61,0.26229508196721313
3083,no_R,2026-W21,mourning,15,61,0.2459016393442623
3083,no_R,2026-W21,marketing,18,61,0.29508196721311475
3083,no_R,2026-W21,education,11,61,0.18032786885245902
3083,no_R,2026-W21,other,1,61,0.01639344262295082
3083,no_R,2026-W22,meme,17,59,0.288135593220339
3083,no_R,2026-W22,mourning,15,59,0.2542372881355932
3083,no_R,2026-W22,marketing,16,59,0.2711864406779661
3083,no_R,2026-W22,education,10,59,0.1694915254237288
3083,no_R,2026-W22,other,1,59,0.01694915254237288
3084,full,2026-W12,meme,0,30,0.0
3084,full,2026-W12,mourning,0,30,0.0
3084,full,2026-W12,marketing,19,30,0.6333333333333333
3084,full,2026-W12,education,11,30,0.36666666666666664
3084,full,2026-W12,other,0,30,0.0
3084,full,2026-W13,meme,0,46,0.0
3084,full,2026-W13,mourning,22,46,0.4782608695652174
3084,full,2026-W13,marketing,11,46,0.2391304347826087
3084,full,2026-W13,education,7,46,0.15217391304347827
3084,full,2026-W13,other,6,46,0.13043478260869565
3084,full,2026-W14,meme,0,29,0.0
3084,full,2026-W14,mourning,6,29,0.20689655172413793
3084,full,2026-W14,marketing,11,29,0.3793103448275862
3084,full,2026-W14,education,8,29,0.27586206896551724
3084,full,2026-W14,other,4,29,0.13793103448275862
3084,full,2026-W15,meme,0,24,0.0
3084,full,2026-W15,mourning,6,24,0.25
3084,full,2026-W15,marketing,9,24,0.375
3084,full,2026-W15,education,5,24,0.20833333333333334
3084,full,2026-W15,other,4,24,0.16666666666666666
3084,full,2026-W16,meme,0,21,0.0
3084,full,2026-W16,mourning,3,21,0.14285714285714285
3084,full,2026-W16,marketing,8,21,0.38095238095238093
3084,full,2026-W16,education,5,21,0.23809523809523808
3084,full,2026-W16,other,5,21,0.23809523809523808
3084,full,2026-W17,meme,0,13,0.0
3084,full,2026-W17,mourning,2,13,0.15384615384615385
3084,full,2026-W17,marketing,6,13,0.46153846153846156
3084,full,2026-W17,education,2,13,0.15384615384615385
3084,full,2026-W17,other,3,13,0.23076923076923078
3084,full,2026-W18,meme,0,7,0.0
3084,full,2026-W18,mourning,1,7,0.14285714285714285
3084,full,2026-W18,marketing,4,7,0.5714285714285714
3084,full,2026-W18,education,2,7,0.2857142857142857
3084,full,2026-W18,other,0,7,0.0
3084,full,2026-W19,meme,0,3,0.0
3084,full,2026-W19,mourning,0,3,0.0
3084,full,2026-W19,marketing,3,3,1.0
3084,full,2026-W19,education,0,3,0.0
3084,full,2026-W19,other,0,3,0.0
3084,full,2026-W20,meme,9,13,0.6923076923076923
3084,full,2026-W20,mourning,0,13,0.0
3084,full,2026-W20,marketing,3,13,0.23076923076923078
3084,full,2026-W20,education,1,13,0.07692307692307693
3084,full,2026-W20,other,0,13,0.0
3084,full,2026-W21,meme,19,22,0.8636363636363636
3084,full,2026-W21,mourning,0,22,0.0
3084,full,2026-W21,marketing,3,22,0.13636363636363635
3084,full,2026-W21,education,0,22,0.0
3084,full,2026-W21,other,0,22,0.0
3084,full,2026-W22,meme,17,20,0.85
3084,full,2026-W22,mourning,0,20,0.0
3084,full,2026-W22,marketing,3,20,0.15
3084,full,2026-W22,education,0,20,0.0
3084,full,2026-W22,other,0,20,0.0
3084,no_B,2026-W12,meme,0,30,0.0
3084,no_B,2026-W12,mourning,0,30,0.0
3084,no_B,2026-W12,marketing,19,30,0.6333333333333333
3084,no_B,2026-W12,education,11,30,0.36666666666666664
3084,no_B,2026-W12,other,0,30,0.0
3084,no_B,2026-W13,meme,0,31,0.0
3084,no_B,2026-W13,mourning,22,31,0.7096774193548387
3084,no_B,2026-W13,marketing,0,31,0.0
3084,no_B,2026-W13,education,3,31,0.0967741935483871
3084,no_B,2026-W13,other,6,31,0.1935483870967742
3084,no_B,2026-W14,meme,0,3,0.0
3084,no_B,2026-W14,mourning,0,3,0.0
3084,no_B,2026-W14,marketing,0,3,0.0
3084,no_B,2026-W14,education,1,3,0.3333333333333333
3084,no_B,2026-W14,other,2,3,0.6666666666666666
3084,no_B,2026-W15,meme,0,2,0.0
3084,no_B,2026-W15,mourning,0,2,0.0
3084,no_B,2026-W15,marketing,0,2,0.0
3084,no_B,2026-W15,education,1,2,0.5
3084,no_B,2026-W15,other,1,2,0.5
3084,no_B,2026-W16,meme,1,1,1.0
3084,no_B,2026-W16,mourning,0,1,0.0
3084,no_B,2026-W16,marketing,0,1,0.0
3084,no_B,2026-W16,education,0,1,0.0
3084,no_B,2026-W16,other,0,1,0.0
3084,no_B,2026-W17,meme,3,3,1.0
3084,no_B,2026-W17,mourning,0,3,0.0
3084,no_B,2026-W17,marketing,0,3,0.0
3084,no_B,2026-W17,education,0,3,0.0
3084,no_B,2026-W17,other,0,3,0.0
3084,no_B,2026-W18,meme,4,4,1.0
3084,no_B,2026-W18,mourning,0,4,0.0
3084,no_B,2026-W18,marketing,0,4,0.0
3084,no_B,2026-W18,education,0,4,0.0
3084,no_B,2026-W18,other,0,4,0.0
3084,no_B,2026-W19,meme,5,5,1.0
3084,no_B,2026-W19,mourning,0,5,0.0
3084,no_B,2026-W19,marketing,0,5,0.0
3084,no_B,2026-W19,education,0,5,0.0
3084,no_B,2026-W19,other,0,5,0.0
3084,no_B,2026-W20,meme,9,9,1.0
3084,no_B,2026-W20,mourning,0,9,0.0
3084,no_B,2026-W20,marketing,0,9,0.0
3084,no_B,2026-W20,education,0,9,0.0
3084,no_B,2026-W20,other,0,9,0.0
3084,no_B,2026-W21,meme,3,3,1.0
3084,no_B,2026-W21,mourning,0,3,0.0
3084,no_B,2026-W21,marketing,0,3,0.0
3084,no_B,2026-W21,education,0,3,0.0
3084,no_B,2026-W21,other,0,3,0.0
3084,no_B,2026-W22,meme,0,0,0.0
3084,no_B,2026-W22,mourning,0,0,0.0
3084,no_B,2026-W22,marketing,0,0,0.0
3084,no_B,2026-W22,education,0,0,0.0
3084,no_B,2026-W22,other,0,0,0.0
3084,no_D,2026-W12,meme,12,63,0.19047619047619047
3084,no_D,2026-W12,mourning,12,63,0.19047619047619047
3084,no_D,2026-W12,marketing,15,63,0.23809523809523808
3084,no_D,2026-W12,education,9,63,0.14285714285714285
3084,no_D,2026-W12,other,15,63,0.23809523809523808
3084,no_D,2026-W13,meme,12,55,0.21818181818181817
3084,no_D,2026-W13,mourning,12,55,0.21818181818181817
3084,no_D,2026-W13,marketing,10,55,0.18181818181818182
3084,no_D,2026-W13,education,6,55,0.10909090909090909
3084,no_D,2026-W13,other,15,55,0.2727272727272727
3084,no_D,2026-W14,meme,11,44,0.25
3084,no_D,2026-W14,mourning,4,44,0.09090909090909091
3084,no_D,2026-W14,marketing,9,44,0.20454545454545456
3084,no_D,2026-W14,education,6,44,0.13636363636363635
3084,no_D,2026-W14,other,14,44,0.3181818181818182
3084,no_D,2026-W15,meme,9,30,0.3
3084,no_D,2026-W15,mourning,3,30,0.1
3084,no_D,2026-W15,marketing,7,30,0.23333333333333334
3084,no_D,2026-W15,education,5,30,0.16666666666666666
3084,no_D,2026-W15,other,6,30,0.2
3084,no_D,2026-W16,meme,7,22,0.3181818181818182
3084,no_D,2026-W16,mourning,3,22,0.13636363636363635
3084,no_D,2026-W16,marketing,6,22,0.2727272727272727
3084,no_D,2026-W16,education,4,22,0.18181818181818182
3084,no_D,2026-W16,other,2,22,0.09090909090909091
3084,no_D,2026-W17,meme,5,14,0.35714285714285715
3084,no_D,2026-W17,mourning,2,14,0.14285714285714285
3084,no_D,2026-W17,marketing,4,14,0.2857142857142857
3084,no_D,2026-W17,education,3,14,0.21428571428571427
3084,no_D,2026-W17,other,0,14,0.0
3084,no_D,2026-W18,meme,5,13,0.38461538461538464
3084,no_D,2026-W18,mourning,1,13,0.07692307692307693
3084,no_D,2026-W18,marketing,4,13,0.3076923076923077
3084,no_D,2026-W18,education,3,13,0.23076923076923078
3084,no_D,2026-W18,other,0,13,0.0
3084,no_D,2026-W19,meme,3,8,0.375
3084,no_D,2026-W19,mourning,1,8,0.125
3084,no_D,2026-W19,marketing,3,8,0.375
3084,no_D,2026-W19,education,1,8,0.125
3084,no_D,2026-W19,other,0,8,0.0
3084,no_D,2026-W20,meme,2,6,0.3333333333333333
3084,no_D,2026-W20,mourning,0,6,0.0
3084,no_D,2026-W20,marketing,3,6,0.5
3084,no_D,2026-W20,education,1,6,0.16666666666666666
3084,no_D,2026-W20,other,0,6,0.0
3084,no_D,2026-W21,meme,2,5,0.4
3084,no_D,2026-W21,mourning,0,5,0.0
3084,no_D,2026-W21,marketing,3,5,0.6
3084,no_D,2026-W21,education,0,5,0.0
3084,no_D,2026-W21,other,0,5,0.0
3084,no_D,2026-W22,meme,1,4,0.25
3084,no_D,2026-W22,mourning,0,4,0.0
3084,no_D,2026-W22,marketing,3,4,0.75
3084,no_D,2026-W22,education,0,4,0.0
3084,no_D,2026-W22,other,0,4,0.0
3084,no_R,2026-W12,meme,0,30,0.0
3084,no_R,2026-W12,mourning,0,30,0.0
3084,no_R,2026-W12,marketing,19,30,0.6333333333333333
3084,no_R,2026-W12,education,11,30,0.36666666666666664
3084,no_R,2026-W12,other,0,30,0.0
3084,no_R,2026-W13,meme,0,49,0.0
3084,no_R,2026-W13,mourning,22,49,0.4489795918367347
3084,no_R,2026-W13,marketing,14,49,0.2857142857142857
3084,no_R,2026-W13,education,7,49,0.14285714285714285
3084,no_R,2026-W13,other,6,49,0.12244897959183673
3084,no_R,2026-W14,meme,0,56,0.0
3084,no_R,2026-W14,mourning,17,56,0.30357142857142855
3084,no_R,2026-W14,marketing,18,56,0.32142857142857145
3084,no_R,2026-W14,education,13,56,0.23214285714285715
3084,no_R,2026-W14,other,8,56,0.14285714285714285
3084,no_R,2026-W15,meme,0,54,0.0
3084,no_R,2026-W15,mourning,20,54,0.37037037037037035
3084,no_R,2026-W15,marketing,15,54,0.2777777777777778
3084,no_R,2026-W15,education,11,54,0.2037037037037037
3084,no_R,2026-W15,other,8,54,0.14814814814814814
3084,no_R,2026-W16,meme,0,58,0.0
3084,no_R,2026-W16,mourning,16,58,0.27586206896551724
3084,no_R,2026-W16,marketing,15,58,0.25862068965517243
3084,no_R,2026-W16,education,14,58,0.2413793103448276
3084,no_R,2026-W16,other,13,58,0.22413793103448276
3084,no_R,2026-W17,meme,0,55,0.0
3084,no_R,2026-W17,mourning,16,55,0.2909090909090909
3084,no_R,2026-W17,marketing,18,55,0.32727272727272727
3084,no_R,2026-W17,education,10,55,0.18181818181818182
3084,no_R,2026-W17,other,11,55,0.2
3084,no_R,2026-W18,meme,0,55,0.0
3084,no_R,2026-W18,mourning,13,55,0.23636363636363636
3084,no_R,2026-W18,marketing,18,55,0.32727272727272727
3084,no_R,2026-W18,education,13,55,0.23636363636363636
3084,no_R,2026-W18,other,11,55,0.2
3084,no_R,2026-W19,meme,0,52,0.0
3084,no_R,2026-W19,mourning,13,52,0.25
3084,no_R,2026-W19,marketing,17,52,0.3269230769230769
3084,no_R,2026-W19,education,12,52,0.23076923076923078
3084,no_R,2026-W19,other,10,52,0.19230769230769232
3084,no_R,2026-W20,meme,2,57,0.03508771929824561
3084,no_R,2026-W20,mourning,11,57,0.19298245614035087
3084,no_R,2026-W20,marketing,18,57,0.3157894736842105
3084,no_R,2026-W20,education,13,57,0.22807017543859648
3084,no_R,2026-W20,other,13,57,0.22807017543859648
3084,no_R,2026-W21,meme,16,67,0.23880597014925373
3084,no_R,2026-W21,mourning,11,67,0.16417910447761194
3084,no_R,2026-W21,marketing,18,67,0.26865671641791045
3084,no_R,2026-W21,education,14,67,0.208955223880597
3084,no_R,2026-W21,other,8,67,0.11940298507462686
3084,no_R,2026-W22,meme,18,61,0.29508196721311475
3084,no_R,2026-W22,mourning,8,61,0.13114754098360656
3084,no_R,2026-W22,marketing,17,61,0.2786885245901639
3084,no_R,2026-W22,education,11,61,0.18032786885245902
3084,no_R,2026-W22,other,7,61,0.11475409836065574
3085,full,2026-W12,meme,0,25,0.0
3085,full,2026-W12,mourning,0,25,0.0
3085,full,2026-W12,marketing,19,25,0.76
3085,full,2026-W12,education,6,25,0.24
3085,full,2026-W12,other,0,25,0.0
3085,full,2026-W13,meme,0,42,0.0
3085,full,2026-W13,mourning,22,42,0.5238095238095238
3085,full,2026-W13,marketing,10,42,0.23809523809523808
3085,full,2026-W13,education,8,42,0.19047619047619047
3085,full,2026-W13,other,2,42,0.047619047619047616
3085,full,2026-W14,meme,0,36,0.0
3085,full,2026-W14,mourning,13,36,0.3611111111111111
3085,full,2026-W14,marketing,10,36,0.2777777777777778
3085,full,2026-W14,education,9,36,0.25
3085,full,2026-W14,other,4,36,0.1111111111111111
3085,full,2026-W15,meme,0,24,0.0
3085,full,2026-W15,mourning,4,24,0.16666666666666666
3085,full,2026-W15,marketing,9,24,0.375
3085,full,2026-W15,education,6,24,0.25
3085,full,2026-W15,other,5,24,0.20833333333333334
3085,full,2026-W16,meme,0,19,0.0
3085,full,2026-W16,mourning,3,19,0.15789473684210525
3085,full,2026-W16,marketing,5,19,0.2631578947368421
3085,full,2026-W16,education,4,19,0.21052631578947367
3085,full,2026-W16,other,7,19,0.3684210526315789
3085,full,2026-W17,meme,0,11,0.0
3085,full,2026-W17,mourning,2,11,0.18181818181818182
3085,full,2026-W17,marketing,5,11,0.45454545454545453
3085,full,2026-W17,education,1,11,0.09090909090909091
3085,full,2026-W17,other,3,11,0.2727272727272727
3085,full,2026-W18,meme,0,8,0.0
3085,full,2026-W18,mourning,0,8,0.0
3085,full,2026-W18,marketing,5,8,0.625
3085,full,2026-W18,education,2,8,0.25
3085,full,2026-W18,other,1,8,0.125
3085,full,2026-W19,meme,0,5,0.0
3085,full,2026-W19,mourning,0,5,0.0
3085,full,2026-W19,marketing,4,5,0.8
3085,full,2026-W19,education,1,5,0.2
3085,full,2026-W19,other,0,5,0.0
3085,full,2026-W20,meme,11,14,0.7857142857142857
3085,full,2026-W20,mourning,0,14,0.0
3085,full,2026-W20,marketing,3,14,0.21428571428571427
3085,full,2026-W20,education,0,14,0.0
3085,full,2026-W20,other,0,14,0.0
3085,full,2026-W21,meme,18,21,0.8571428571428571
3085,full,2026-W21,mourning,0,21,0.0
3085,full,2026-W21,marketing,3,21,0.14285714285714285
3085,full,2026-W21,education,0,21,0.0
3085,full,2026-W21,other,0,21,0.0
3085,full,2026-W22,meme,19,22,0.8636363636363636
3085,full,2026-W22,mourning,0,22,0.0
3085,full,2026-W22,marketing,3,22,0.13636363636363635
3085,full,2026-W22,education,0,22,0.0
3085,full,2026-W22,other,0,22,0.0
3085,no_B,2026-W12,meme,0,25,0.0
3085,no_B,2026-W12,mourning,0,25,0.0
3085,no_B,2026-W12,marketing,19,25,0.76
3085,no_B,2026-W12,education,6,25,0.24
3085,no_B,2026-W12,other,0,25,0.0
3085,no_B,2026-W13,meme,0,28,0.0
3085,no_B,2026-W13,mourning,22,28,0.7857142857142857
3085,no_B,2026-W13,marketing,0,28,0.0
3085,no_B,2026-W13,education,4,28,0.14285714285714285
3085,no_B,2026-W13,other,2,28,0.07142857142857142
3085,no_B,2026-W14,meme,0,3,0.0
3085,no_B,2026-W14,mourning,0,3,0.0
3085,no_B,2026-W14,marketing,0,3,0.0
3085,no_B,2026-W14,education,2,3,0.6666666666666666
3085,no_B,2026-W14,other,1,3,0.3333333333333333
3085,no_B,2026-W15,meme,1,2,0.5
3085,no_B,2026-W15,mourning,0,2,0.0
3085,no_B,2026-W15,marketing,0,2,0.0
3085,no_B,2026-W15,education,0,2,0.0
3085,no_B,2026-W15,other,1,2,0.5
3085,no_B,2026-W16,meme,2,2,1.0
3085,no_B,2026-W16,mourning,0,2,0.0
3085,no_B,2026-W16,marketing,0,2,0.0
3085,no_B,2026-W16,education,0,2,0.0
3085,no_B,2026-W16,other,0,2,0.0
3085,no_B,2026-W17,meme,4,4,1.0
3085,no_B,2026-W17,mourning,0,4,0.0
3085,no_B,2026-W17,marketing,0,4,0.0
3085,no_B,2026-W17,education,0,4,0.0
3085,no_B,2026-W17,other,0,4,0.0
3085,no_B,2026-W18,meme,8,8,1.0
3085,no_B,2026-W18,mourning,0,8,0.0
3085,no_B,2026-W18,marketing,0,8,0.0
3085,no_B,2026-W18,education,0,8,0.0
3085,no_B,2026-W18,other,0,8,0.0
3085,no_B,2026-W19,meme,8,8,1.0
3085,no_B,2026-W19,mourning,0,8,0.0
3085,no_B,2026-W19,marketing,0,8,0.0
3085,no_B,2026-W19,education,0,8,0.0
3085,no_B,2026-W19,other,0,8,0.0
3085,no_B,2026-W20,meme,4,4,1.0
3085,no_B,2026-W20,mourning,0,4,0.0
3085,no_B,2026-W20,marketing,0,4,0.0
3085,no_B,2026-W20,education,0,4,0.0
3085,no_B,2026-W20,other,0,4,0.0
3085,no_B,2026-W21,meme,0,0,0.0
3085,no_B,2026-W21,mourning,0,0,0.0
3085,no_B,2026-W21,marketing,0,0,0.0
3085,no_B,2026-W21,education,0,0,0.0
3085,no_B,2026-W21,other,0,0,0.0
3085,no_B,2026-W22,meme,0,0,0.0
3085,no_B,2026-W22,mourning,0,0,0.0
3085,no_B,2026-W22,marketing,0,0,0.0
3085,no_B,2026-W22,education,0,0,0.0
3085,no_B,2026-W22,other,0,0,0.0
3085,no_D,2026-W12,meme,12,63,0.19047619047619047
3085,no_D,2026-W12,mourning,12,63,0.19047619047619047
3085,no_D,2026-W12,marketing,15,63,0.23809523809523808
3085,no_D,2026-W12,education,9,63,0.14285714285714285
3085,no_D,2026-W12,other,15,63,0.23809523809523808
3085,no_D,2026-W13,meme,12,57,0.21052631578947367
3085,no_D,2026-W13,mourning,12,57,0.21052631578947367
3085,no_D,2026-W13,marketing,10,57,0.17543859649122806
3085,no_D,2026-W13,education,8,57,0.14035087719298245
3085,no_D,2026-W13,other,15,57,0.2631578947368421
3085,no_D,2026-W14,meme,11,41,0.2682926829268293
3085,no_D,2026-W14,mourning,3,41,0.07317073170731707
3085,no_D,2026-W14,marketing,9,41,0.21951219512195122
3085,no_D,2026-W14,education,7,41,0.17073170731707318
3085,no_D,2026-W14,other,11,41,0.2682926829268293
3085,no_D,2026-W15,meme,7,28,0.25
3085,no_D,2026-W15,mourning,2,28,0.07142857142857142
3085,no_D,2026-W15,marketing,7,28,0.25
3085,no_D,2026-W15,education,5,28,0.17857142857142858
3085,no_D,2026-W15,other,7,28,0.25
3085,no_D,2026-W16,meme,6,17,0.35294117647058826
3085,no_D,2026-W16,mourning,1,17,0.058823529411764705
3085,no_D,2026-W16,marketing,6,17,0.35294117647058826
3085,no_D,2026-W16,education,3,17,0.17647058823529413
3085,no_D,2026-W16,other,1,17,0.058823529411764705
3085,no_D,2026-W17,meme,4,12,0.3333333333333333
3085,no_D,2026-W17,mourning,1,12,0.08333333333333333
3085,no_D,2026-W17,marketing,5,12,0.4166666666666667
3085,no_D,2026-W17,education,2,12,0.16666666666666666
3085,no_D,2026-W17,other,0,12,0.0
3085,no_D,2026-W18,meme,4,11,0.36363636363636365
3085,no_D,2026-W18,mourning,1,11,0.09090909090909091
3085,no_D,2026-W18,marketing,4,11,0.36363636363636365
3085,no_D,2026-W18,education,2,11,0.18181818181818182
3085,no_D,2026-W18,other,0,11,0.0
3085,no_D,2026-W19,meme,3,9,0.3333333333333333
3085,no_D,2026-W19,mourning,1,9,0.1111111111111111
3085,no_D,2026-W19,marketing,4,9,0.4444444444444444
3085,no_D,2026-W19,education,1,9,0.1111111111111111
3085,no_D,2026-W19,other,0,9,0.0
3085,no_D,2026-W20,meme,2,7,0.2857142857142857
3085,no_D,2026-W20,mourning,1,7,0.14285714285714285
3085,no_D,2026-W20,marketing,3,7,0.42857142857142855
3085,no_D,2026-W20,education,1,7,0.14285714285714285
3085,no_D,2026-W20,other,0,7,0.0
3085,no_D,2026-W21,meme,1,5,0.2
3085,no_D,2026-W21,mourning,1,5,0.2
3085,no_D,2026-W21,marketing,3,5,0.6
3085,no_D,2026-W21,education,0,5,0.0
3085,no_D,2026-W21,other,0,5,0.0
3085,no_D,2026-W22,meme,1,5,0.2
3085,no_D,2026-W22,mourning,1,5,0.2
3085,no_D,2026-W22,marketing,3,5,0.6
3085,no_D,2026-W22,education,0,5,0.0
3085,no_D,2026-W22,other,0,5,0.0
3085,no_R,2026-W12,meme,0,25,0.0
3085,no_R,2026-W12,mourning,0,25,0.0
3085,no_R,2026-W12,marketing,19,25,0.76
3085,no_R,2026-W12,education,6,25,0.24
3085,no_R,2026-W12,other,0,25,0.0
3085,no_R,2026-W13,meme,0,48,0.0
3085,no_R,2026-W13,mourning,22,48,0.4583333333333333
3085,no_R,2026-W13,marketing,14,48,0.2916666666666667
3085,no_R,2026-W13,education,10,48,0.20833333333333334
3085,no_R,2026-W13,other,2,48,0.041666666666666664
3085,no_R,2026-W14,meme,0,53,0.0
3085,no_R,2026-W14,mourning,19,53,0.3584905660377358
3085,no_R,2026-W14,marketing,19,53,0.3584905660377358
3085,no_R,2026-W14,education,10,53,0.18867924528301888
3085,no_R,2026-W14,other,5,53,0.09433962264150944
3085,no_R,2026-W15,meme,0,57,0.0
3085,no_R,2026-W15,mourning,19,57,0.3333333333333333
3085,no_R,2026-W15,marketing,17,57,0.2982456140350877
3085,no_R,2026-W15,education,13,57,0.22807017543859648
3085,no_R,2026-W15,other,8,57,0.14035087719298245
3085,no_R,2026-W16,meme,0,53,0.0
3085,no_R,2026-W16,mourning,17,53,0.32075471698113206
3085,no_R,2026-W16,marketing,18,53,0.33962264150943394
3085,no_R,2026-W16,education,10,53,0.18867924528301888
3085,no_R,2026-W16,other,8,53,0.1509433962264151
3085,no_R,2026-W17,meme,0,54,0.0
3085,no_R,2026-W17,mourning,14,54,0.25925925925925924
3085,no_R,2026-W17,marketing,18,54,0.3333333333333333
3085,no_R,2026-W17,education,13,54,0.24074074074074073
3085,no_R,2026-W17,other,9,54,0.16666666666666666
3085,no_R,2026-W18,meme,0,55,0.0
3085,no_R,2026-W18,mourning,16,55,0.2909090909090909
3085,no_R,2026-W18,marketing,17,55,0.3090909090909091
3085,no_R,2026-W18,education,12,55,0.21818181818181817
3085,no_R,2026-W18,other,10,55,0.18181818181818182
3085,no_R,2026-W19,meme,0,49,0.0
3085,no_R,2026-W19,mourning,12,49,0.24489795918367346
3085,no_R,2026-W19,marketing,17,49,0.3469387755102041
3085,no_R,2026-W19,education,12,49,0.24489795918367346
3085,no_R,2026-W19,other,8,49,0.16326530612244897
3085,no_R,2026-W20,meme,4,55,0.07272727272727272
3085,no_R,2026-W20,mourning,12,55,0.21818181818181817
3085,no_R,2026-W20,marketing,15,55,0.2727272727272727
3085,no_R,2026-W20,education,12,55,0.21818181818181817
3085,no_R,2026-W20,other,12,55,0.21818181818181817
3085,no_R,2026-W21,meme,11,58,0.1896551724137931
3085,no_R,2026-W21,mourning,10,58,0.1724137931034483
3085,no_R,2026-W21,marketing,18,58,0.3103448275862069
3085,no_R,2026-W21,education,12,58,0.20689655172413793
3085,no_R,2026-W21,other,7,58,0.1206896551724138
3085,no_R,2026-W22,meme,19,64,0.296875
3085,no_R,2026-W22,mourning,9,64,0.140625
3085,no_R,2026-W22,marketing,16,64,0.25
3085,no_R,2026-W22,education,14,64,0.21875
3085,no_R,2026-W22,other,6,64,0.09375
3086,full,2026-W12,meme,0,25,0.0
3086,full,2026-W12,mourning,0,25,0.0
3086,full,2026-W12,marketing,19,25,0.76
3086,full,2026-W12,education,6,25,0.24
3086,full,2026-W12,other,0,25,0.0
3086,full,2026-W13,meme,0,41,0.0
3086,full,2026-W13,mourning,22,41,0.5365853658536586
3086,full,2026-W13,marketing,11,41,0.2682926829268293
3086,full,2026-W13,education,5,41,0.12195121951219512
3086,full,2026-W13,other,3,41,0.07317073170731707
3086,full,2026-W14,meme,0,35,0.0
3086,full,2026-W14,mourning,12,35,0.34285714285714286
3086,full,2026-W14,marketing,12,35,0.34285714285714286
3086,full,2026-W14,education,8,35,0.22857142857142856
3086,full,2026-W14,other,3,35,0.08571428571428572
3086,full,2026-W15,meme,0,24,0.0
3086,full,2026-W15,mourning,5,24,0.20833333333333334
3086,full,2026-W15,marketing,7,24,0.2916666666666667
3086,full,2026-W15,education,5,24,0.20833333333333334
3086,full,2026-W15,other,7,24,0.2916666666666667
3086,full,2026-W16,meme,1,20,0.05
3086,full,2026-W16,mourning,2,20,0.1
3086,full,2026-W16,marketing,6,20,0.3
3086,full,2026-W16,education,6,20,0.3
3086,full,2026-W16,other,5,20,0.25
3086,full,2026-W17,meme,0,16,0.0
3086,full,2026-W17,mourning,0,16,0.0
3086,full,2026-W17,marketing,5,16,0.3125
3086,full,2026-W17,education,6,16,0.375
3086,full,2026-W17,other,5,16,0.3125
3086,full,2026-W18,meme,0,7,0.0
3086,full,2026-W18,mourning,0,7,0.0
3086,full,2026-W18,marketing,3,7,0.42857142857142855
3086,full,2026-W18,education,3,7,0.42857142857142855
3086,full,2026-W18,other,1,7,0.14285714285714285
3086,full,2026-W19,meme,0,6,0.0
3086,full,2026-W19,mourning,0,6,0.0
3086,full,2026-W19,marketing,4,6,0.6666666666666666
3086,full,2026-W19,education,1,6,0.16666666666666666
3086,full,2026-W19,other,1,6,0.16666666666666666
3086,full,2026-W20,meme,8,12,0.6666666666666666
3086,full,2026-W20,mourning,0,12,0.0
3086,full,2026-W20,marketing,3,12,0.25
3086,full,2026-W20,education,1,12,0.08333333333333333
3086,full,2026-W20,other,0,12,0.0
3086,full,2026-W21,meme,19,22,0.8636363636363636
3086,full,2026-W21,mourning,0,22,0.0
3086,full,2026-W21,marketing,3,22,0.13636363636363635
3086,full,2026-W21,education,0,22,0.0
3086,full,2026-W21,other,0,22,0.0
3086,full,2026-W22,meme,18,21,0.8571428571428571
3086,full,2026-W22,mourning,0,21,0.0
3086,full,2026-W22,marketing,3,21,0.14285714285714285
3086,full,2026-W22,education,0,21,0.0
3086,full,2026-W22,other,0,21,0.0
3086,no_B,2026-W12,meme,0,25,0.0
3086,no_B,2026-W12,mourning,0,25,0.0
3086,no_B,2026-W12,marketing,19,25,0.76
3086,no_B,2026-W12,education,6,25,0.24
3086,no_B,2026-W12,other,0,25,0.0
3086,no_B,2026-W13,meme,0,27,0.0
3086,no_B,2026-W13,mourning,22,27,0.8148148148148148
3086,no_B,2026-W13,marketing,0,27,0.0
3086,no_B,2026-W13,education,2,27,0.07407407407407407
3086,no_B,2026-W13,other,3,27,0.1111111111111111
3086,no_B,2026-W14,meme,0,6,0.0
3086,no_B,2026-W14,mourning,0,6,0.0
3086,no_B,2026-W14,marketing,0,6,0.0
3086,no_B,2026-W14,education,4,6,0.6666666666666666
3086,no_B,2026-W14,other,2,6,0.3333333333333333
3086,no_B,2026-W15,meme,0,2,0.0
3086,no_B,2026-W15,mourning,0,2,0.0
3086,no_B,2026-W15,marketing,0,2,0.0
3086,no_B,2026-W15,education,1,2,0.5
3086,no_B,2026-W15,other,1,2,0.5
3086,no_B,2026-W16,meme,0,1,0.0
3086,no_B,2026-W16,mourning,0,1,0.0
3086,no_B,2026-W16,marketing,0,1,0.0
3086,no_B,2026-W16,education,0,1,0.0
3086,no_B,2026-W16,other,1,1,1.0
3086,no_B,2026-W17,meme,0,0,0.0
3086,no_B,2026-W17,mourning,0,0,0.0
3086,no_B,2026-W17,marketing,0,0,0.0
3086,no_B,2026-W17,education,0,0,0.0
3086,no_B,2026-W17,other,0,0,0.0
3086,no_B,2026-W18,meme,0,0,0.0
3086,no_B,2026-W18,mourning,0,0,0.0
3086,no_B,2026-W18,marketing,0,0,0.0
3086,no_B,2026-W18,education,0,0,0.0
3086,no_B,2026-W18,other,0,0,0.0
3086,no_B,2026-W19,meme,0,0,0.0
3086,no_B,2026-W19,mourning,0,0,0.0
3086,no_B,2026-W19,marketing,0,0,0.0
3086,no_B,2026-W19,education,0,0,0.0
3086,no_B,2026-W19,other,0,0,0.0
3086,no_B,2026-W20,meme,8,8,1.0
3086,no_B,2026-W20,mourning,0,8,0.0
3086,no_B,2026-W20,marketing,0,8,0.0
3086,no_B,2026-W20,education,0,8,0.0
3086,no_B,2026-W20,other,0,8,0.0
3086,no_B,2026-W21,meme,16,16,1.0
3086,no_B,2026-W21,mourning,0,16,0.0
3086,no_B,2026-W21,marketing,0,16,0.0
3086,no_B,2026-W21,education,0,16,0.0
3086,no_B,2026-W21,other,0,16,0.0
3086,no_B,2026-W22,meme,1,1,1.0
3086,no_B,2026-W22,mourning,0,1,0.0
3086,no_B,2026-W22,marketing,0,1,0.0
3086,no_B,2026-W22,education,0,1,0.0
3086,no_B,2026-W22,other,0,1,0.0
3086,no_D,2026-W12,meme,12,63,0.19047619047619047
3086,no_D,2026-W12,mourning,12,63,0.19047619047619047
3086,no_D,2026-W12,marketing,15,63,0.23809523809523808
3086,no_D,2026-W12,education,9,63,0.14285714285714285
3086,no_D,2026-W12,other,15,63,0.23809523809523808
3086,no_D,2026-W13,meme,12,58,0.20689655172413793
3086,no_D,2026-W13,mourning,12,58,0.20689655172413793
3086,no_D,2026-W13,marketing,11,58,0.1896551724137931
3086,no_D,2026-W13,education,8,58,0.13793103448275862
3086,no_D,2026-W13,other,15,58,0.25862068965517243
3086,no_D,2026-W14,meme,11,44,0.25
3086,no_D,2026-W14,mourning,4,44,0.09090909090909091
3086,no_D,2026-W14,marketing,9,44,0.20454545454545456
3086,no_D,2026-W14,education,8,44,0.18181818181818182
3086,no_D,2026-W14,other,12,44,0.2727272727272727
3086,no_D,2026-W15,meme,8,28,0.2857142857142857
3086,no_D,2026-W15,mourning,1,28,0.03571428571428571
3086,no_D,2026-W15,marketing,7,28,0.25
3086,no_D,2026-W15,education,6,28,0.21428571428571427
3086,no_D,2026-W15,other,6,28,0.21428571428571427
3086,no_D,2026-W16,meme,5,18,0.2777777777777778
3086,no_D,2026-W16,mourning,1,18,0.05555555555555555
3086,no_D,2026-W16,marketing,6,18,0.3333333333333333
3086,no_D,2026-W16,education,4,18,0.2222222222222222
3086,no_D,2026-W16,other,2,18,0.1111111111111111
3086,no_D,2026-W17,meme,4,15,0.26666666666666666
3086,no_D,2026-W17,mourning,1,15,0.06666666666666667
3086,no_D,2026-W17,marketing,6,15,0.4
3086,no_D,2026-W17,education,2,15,0.13333333333333333
3086,no_D,2026-W17,other,2,15,0.13333333333333333
3086,no_D,2026-W18,meme,4,14,0.2857142857142857
3086,no_D,2026-W18,mourning,1,14,0.07142857142857142
3086,no_D,2026-W18,marketing,6,14,0.42857142857142855
3086,no_D,2026-W18,education,2,14,0.14285714285714285
3086,no_D,2026-W18,other,1,14,0.07142857142857142
3086,no_D,2026-W19,meme,3,9,0.3333333333333333
3086,no_D,2026-W19,mourning,1,9,0.1111111111111111
3086,no_D,2026-W19,marketing,4,9,0.4444444444444444
3086,no_D,2026-W19,education,1,9,0.1111111111111111
3086,no_D,2026-W19,other,0,9,0.0
3086,no_D,2026-W20,meme,3,8,0.375
3086,no_D,2026-W20,mourning,1,8,0.125
3086,no_D,2026-W20,marketing,3,8,0.375
3086,no_D,2026-W20,education,1,8,0.125
3086,no_D,2026-W20,other,0,8,0.0
3086,no_D,2026-W21,meme,2,7,0.2857142857142857
3086,no_D,2026-W21,mourning,1,7,0.14285714285714285
3086,no_D,2026-W21,marketing,3,7,0.42857142857142855
3086,no_D,2026-W21,education,1,7,0.14285714285714285
3086,no_D,2026-W21,other,0,7,0.0
3086,no_D,2026-W22,meme,2,7,0.2857142857142857
3086,no_D,2026-W22,mourning,1,7,0.14285714285714285
3086,no_D,2026-W22,marketing,3,7,0.42857142857142855
3086,no_D,2026-W22,education,1,7,0.14285714285714285
3086,no_D,2026-W22,other,0,7,0.0
3086,no_R,2026-W12,meme,0,25,0.0
3086,no_R,2026-W12,mourning,0,25,0.0
3086,no_R,2026-W12,marketing,19,25,0.76
3086,no_R,2026-W12,education,6,25,0.24
3086,no_R,2026-W12,other,0,25,0.0
3086,no_R,2026-W13,meme,0,44,0.0
3086,no_R,2026-W13,mourning,22,44,0.5
3086,no_R,2026-W13,marketing,14,44,0.3181818181818182
3086,no_R,2026-W13,education,5,44,0.11363636363636363
3086,no_R,2026-W13,other,3,44,0.06818181818181818
3086,no_R,2026-W14,meme,0,53,0.0
3086,no_R,2026-W14,mourning,19,53,0.3584905660377358
3086,no_R,2026-W14,marketing,19,53,0.3584905660377358
3086,no_R,2026-W14,education,11,53,0.20754716981132076
3086,no_R,2026-W14,other,4,53,0.07547169811320754
3086,no_R,2026-W15,meme,0,57,0.0
3086,no_R,2026-W15,mourning,21,57,0.3684210526315789
3086,no_R,2026-W15,marketing,18,57,0.3157894736842105
3086,no_R,2026-W15,education,13,57,0.22807017543859648
3086,no_R,2026-W15,other,5,57,0.08771929824561403
3086,no_R,2026-W16,meme,0,56,0.0
3086,no_R,2026-W16,mourning,16,56,0.2857142857142857
3086,no_R,2026-W16,marketing,18,56,0.32142857142857145
3086,no_R,2026-W16,education,14,56,0.25
3086,no_R,2026-W16,other,8,56,0.14285714285714285
3086,no_R,2026-W17,meme,0,55,0.0
3086,no_R,2026-W17,mourning,19,55,0.34545454545454546
3086,no_R,2026-W17,marketing,16,55,0.2909090909090909
3086,no_R,2026-W17,education,13,55,0.23636363636363636
3086,no_R,2026-W17,other,7,55,0.12727272727272726
3086,no_R,2026-W18,meme,0,50,0.0
3086,no_R,2026-W18,mourning,16,50,0.32
3086,no_R,2026-W18,marketing,17,50,0.34
3086,no_R,2026-W18,education,12,50,0.24
3086,no_R,2026-W18,other,5,50,0.1
3086,no_R,2026-W19,meme,0,52,0.0
3086,no_R,2026-W19,mourning,17,52,0.3269230769230769
3086,no_R,2026-W19,marketing,17,52,0.3269230769230769
3086,no_R,2026-W19,education,12,52,0.23076923076923078
3086,no_R,2026-W19,other,6,52,0.11538461538461539
3086,no_R,2026-W20,meme,4,50,0.08
3086,no_R,2026-W20,mourning,15,50,0.3
3086,no_R,2026-W20,marketing,19,50,0.38
3086,no_R,2026-W20,education,9,50,0.18
3086,no_R,2026-W20,other,3,50,0.06
3086,no_R,2026-W21,meme,13,60,0.21666666666666667
3086,no_R,2026-W21,mourning,15,60,0.25
3086,no_R,2026-W21,marketing,17,60,0.2833333333333333
3086,no_R,2026-W21,education,12,60,0.2
3086,no_R,2026-W21,other,3,60,0.05
3086,no_R,2026-W22,meme,19,62,0.3064516129032258
3086,no_R,2026-W22,mourning,13,62,0.20967741935483872
3086,no_R,2026-W22,marketing,17,62,0.27419354838709675
3086,no_R,2026-W22,education,11,62,0.1774193548387097
3086,no_R,2026-W22,other,2,62,0.03225806451612903
3087,full,2026-W12,meme,0,28,0.0
3087,full,2026-W12,mourning,0,28,0.0
3087,full,2026-W12,marketing,19,28,0.6785714285714286
3087,full,2026-W12,education,9,28,0.32142857142857145
3087,full,2026-W12,other,0,28,0.0
3087,full,2026-W13,meme,0,47,0.0
3087,full,2026-W13,mourning,22,47,0.46808510638297873
3087,full,2026-W13,marketing,11,47,0.23404255319148937
3087,full,2026-W13,education,7,47,0.14893617021276595
3087,full,2026-W13,other,7,47,0.14893617021276595
3087,full,2026-W14,meme,0,35,0.0
3087,full,2026-W14,mourning,10,35,0.2857142857142857
3087,full,2026-W14,marketing,12,35,0.34285714285714286
3087,full,2026-W14,education,9,35,0.2571428571428571
3087,full,2026-W14,other,4,35,0.11428571428571428
3087,full,2026-W15,meme,0,24,0.0
3087,full,2026-W15,mourning,4,24,0.16666666666666666
3087,full,2026-W15,marketing,7,24,0.2916666666666667
3087,full,2026-W15,education,4,24,0.16666666666666666
3087,full,2026-W15,other,9,24,0.375
3087,full,2026-W16,meme,0,17,0.0
3087,full,2026-W16,mourning,3,17,0.17647058823529413
3087,full,2026-W16,marketing,6,17,0.35294117647058826
3087,full,2026-W16,education,5,17,0.29411764705882354
3087,full,2026-W16,other,3,17,0.17647058823529413
3087,full,2026-W17,meme,0,11,0.0
3087,full,2026-W17,mourning,1,11,0.09090909090909091
3087,full,2026-W17,marketing,5,11,0.45454545454545453
3087,full,2026-W17,education,2,11,0.18181818181818182
3087,full,2026-W17,other,3,11,0.2727272727272727
3087,full,2026-W18,meme,0,13,0.0
3087,full,2026-W18,mourning,0,13,0.0
3087,full,2026-W18,marketing,5,13,0.38461538461538464
3087,full,2026-W18,education,3,13,0.23076923076923078
3087,full,2026-W18,other,5,13,0.38461538461538464
3087,full,2026-W19,meme,0,6,0.0
3087,full,2026-W19,mourning,0,6,0.0
3087,full,2026-W19,marketing,4,6,0.6666666666666666
3087,full,2026-W19,education,2,6,0.3333333333333333
3087,full,2026-W19,other,0,6,0.0
3087,full,2026-W20,meme,12,16,0.75
3087,full,2026-W20,mourning,0,16,0.0
3087,full,2026-W20,marketing,4,16,0.25
3087,full,2026-W20,education,0,16,0.0
3087,full,2026-W20,other,0,16,0.0
3087,full,2026-W21,meme,19,22,0.8636363636363636
3087,full,2026-W21,mourning,0,22,0.0
3087,full,2026-W21,marketing,3,22,0.13636363636363635
3087,full,2026-W21,education,0,22,0.0
3087,full,2026-W21,other,0,22,0.0
3087,full,2026-W22,meme,18,21,0.8571428571428571
3087,full,2026-W22,mourning,0,21,0.0
3087,full,2026-W22,marketing,3,21,0.14285714285714285
3087,full,2026-W22,education,0,21,0.0
3087,full,2026-W22,other,0,21,0.0
3087,no_B,2026-W12,meme,0,28,0.0
3087,no_B,2026-W12,mourning,0,28,0.0
3087,no_B,2026-W12,marketing,19,28,0.6785714285714286
3087,no_B,2026-W12,education,9,28,0.32142857142857145
3087,no_B,2026-W12,other,0,28,0.0
3087,no_B,2026-W13,meme,0,33,0.0
3087,no_B,2026-W13,mourning,22,33,0.6666666666666666
3087,no_B,2026-W13,marketing,0,33,0.0
3087,no_B,2026-W13,education,4,33,0.12121212121212122
3087,no_B,2026-W13,other,7,33,0.21212121212121213
3087,no_B,2026-W14,meme,0,2,0.0
3087,no_B,2026-W14,mourning,0,2,0.0
3087,no_B,2026-W14,marketing,0,2,0.0
3087,no_B,2026-W14,education,2,2,1.0
3087,no_B,2026-W14,other,0,2,0.0
3087,no_B,2026-W15,meme,0,1,0.0
3087,no_B,2026-W15,mourning,0,1,0.0
3087,no_B,2026-W15,marketing,0,1,0.0
3087,no_B,2026-W15,education,0,1,0.0
3087,no_B,2026-W15,other,1,1,1.0
3087,no_B,2026-W16,meme,1,2,0.5
3087,no_B,2026-W16,mourning,0,2,0.0
3087,no_B,2026-W16,marketing,0,2,0.0
3087,no_B,2026-W16,education,0,2,0.0
3087,no_B,2026-W16,other,1,2,0.5
3087,no_B,2026-W17,meme,3,3,1.0
3087,no_B,2026-W17,mourning,0,3,0.0
3087,no_B,2026-W17,marketing,0,3,0.0
3087,no_B,2026-W17,education,0,3,0.0
3087,no_B,2026-W17,other,0,3,0.0
3087,no_B,2026-W18,meme,6,6,1.0
3087,no_B,2026-W18,mourning,0,6,0.0
3087,no_B,2026-W18,marketing,0,6,0.0
3087,no_B,2026-W18,education,0,6,0.0
3087,no_B,2026-W18,other,0,6,0.0
3087,no_B,2026-W19,meme,3,3,1.0
3087,no_B,2026-W19,mourning,0,3,0.0
3087,no_B,2026-W19,marketing,0,3,0.0
3087,no_B,2026-W19,education,0,3,0.0
3087,no_B,2026-W19,other,0,3,0.0
3087,no_B,2026-W20,meme,8,8,1.0
3087,no_B,2026-W20,mourning,0,8,0.0
3087,no_B,2026-W20,marketing,0,8,0.0
3087,no_B,2026-W20,education,0,8,0.0
3087,no_B,2026-W20,other,0,8,0.0
3087,no_B,2026-W21,meme,3,3,1.0
3087,no_B,2026-W21,mourning,0,3,0.0
3087,no_B,2026-W21,marketing,0,3,0.0
3087,no_B,2026-W21,education,0,3,0.0
3087,no_B,2026-W21,other,0,3,0.0
3087,no_B,2026-W22,meme,0,0,0.0
3087,no_B,2026-W22,mourning,0,0,0.0
3087,no_B,2026-W22,marketing,0,0,0.0
3087,no_B,2026-W22,education,0,0,0.0
3087,no_B,2026-W22,other,0,0,0.0
3087,no_D,2026-W12,meme,12,63,0.19047619047619047
3087,no_D,2026-W12,mourning,12,63,0.19047619047619047
3087,no_D,2026-W12,marketing,15,63,0.23809523809523808
3087,no_D,2026-W12,education,9,63,0.14285714285714285
3087,no_D,2026-W12,other,15,63,0.23809523809523808
3087,no_D,2026-W13,meme,12,57,0.21052631578947367
3087,no_D,2026-W13,mourning,12,57,0.21052631578947367
3087,no_D,2026-W13,marketing,11,57,0.19298245614035087
3087,no_D,2026-W13,education,7,57,0.12280701754385964
3087,no_D,2026-W13,other,15,57,0.2631578947368421
3087,no_D,2026-W14,meme,10,41,0.24390243902439024
3087,no_D,2026-W14,mourning,4,41,0.0975609756097561
3087,no_D,2026-W14,marketing,10,41,0.24390243902439024
3087,no_D,2026-W14,education,6,41,0.14634146341463414
3087,no_D,2026-W14,other,11,41,0.2682926829268293
3087,no_D,2026-W15,meme,9,29,0.3103448275862069
3087,no_D,2026-W15,mourning,2,29,0.06896551724137931
3087,no_D,2026-W15,marketing,7,29,0.2413793103448276
3087,no_D,2026-W15,education,5,29,0.1724137931034483
3087,no_D,2026-W15,other,6,29,0.20689655172413793
3087,no_D,2026-W16,meme,7,20,0.35
3087,no_D,2026-W16,mourning,2,20,0.1
3087,no_D,2026-W16,marketing,7,20,0.35
3087,no_D,2026-W16,education,4,20,0.2
3087,no_D,2026-W16,other,0,20,0.0
3087,no_D,2026-W17,meme,4,12,0.3333333333333333
3087,no_D,2026-W17,mourning,1,12,0.08333333333333333
3087,no_D,2026-W17,marketing,4,12,0.3333333333333333
3087,no_D,2026-W17,education,3,12,0.25
3087,no_D,2026-W17,other,0,12,0.0
3087,no_D,2026-W18,meme,3,10,0.3
3087,no_D,2026-W18,mourning,1,10,0.1
3087,no_D,2026-W18,marketing,4,10,0.4
3087,no_D,2026-W18,education,2,10,0.2
3087,no_D,2026-W18,other,0,10,0.0
3087,no_D,2026-W19,meme,3,9,0.3333333333333333
3087,no_D,2026-W19,mourning,1,9,0.1111111111111111
3087,no_D,2026-W19,marketing,4,9,0.4444444444444444
3087,no_D,2026-W19,education,1,9,0.1111111111111111
3087,no_D,2026-W19,other,0,9,0.0
3087,no_D,2026-W20,meme,3,8,0.375
3087,no_D,2026-W20,mourning,1,8,0.125
3087,no_D,2026-W20,marketing,4,8,0.5
3087,no_D,2026-W20,education,0,8,0.0
3087,no_D,2026-W20,other,0,8,0.0
3087,no_D,2026-W21,meme,3,7,0.42857142857142855
3087,no_D,2026-W21,mourning,1,7,0.14285714285714285
3087,no_D,2026-W21,marketing,3,7,0.42857142857142855
3087,no_D,2026-W21,education,0,7,0.0
3087,no_D,2026-W21,other,0,7,0.0
3087,no_D,2026-W22,meme,2,6,0.3333333333333333
3087,no_D,2026-W22,mourning,1,6,0.16666666666666666
3087,no_D,2026-W22,marketing,3,6,0.5
3087,no_D,2026-W22,education,0,6,0.0
3087,no_D,2026-W22,other,0,6,0.0
3087,no_R,2026-W12,meme,0,28,0.0
3087,no_R,2026-W12,mourning,0,28,0.0
3087,no_R,2026-W12,marketing,19,28,0.6785714285714286
3087,no_R,2026-W12,education,9,28,0.32142857142857145
3087,no_R,2026-W12,other,0,28,0.0
3087,no_R,2026-W13,meme,0,55,0.0
3087,no_R,2026-W13,mourning,22,55,0.4
3087,no_R,2026-W13,marketing,16,55,0.2909090909090909
3087,no_R,2026-W13,education,10,55,0.18181818181818182
3087,no_R,2026-W13,other,7,55,0.12727272727272726
3087,no_R,2026-W14,meme,0,56,0.0
3087,no_R,2026-W14,mourning,17,56,0.30357142857142855
3087,no_R,2026-W14,marketing,19,56,0.3392857142857143
3087,no_R,2026-W14,education,11,56,0.19642857142857142
3087,no_R,2026-W14,other,9,56,0.16071428571428573
3087,no_R,2026-W15,meme,0,60,0.0
3087,no_R,2026-W15,mourning,19,60,0.31666666666666665
3087,no_R,2026-W15,marketing,18,60,0.3
3087,no_R,2026-W15,education,10,60,0.16666666666666666
3087,no_R,2026-W15,other,13,60,0.21666666666666667
3087,no_R,2026-W16,meme,0,57,0.0
3087,no_R,2026-W16,mourning,18,57,0.3157894736842105
3087,no_R,2026-W16,marketing,17,57,0.2982456140350877
3087,no_R,2026-W16,education,12,57,0.21052631578947367
3087,no_R,2026-W16,other,10,57,0.17543859649122806
3087,no_R,2026-W17,meme,0,55,0.0
3087,no_R,2026-W17,mourning,16,55,0.2909090909090909
3087,no_R,2026-W17,marketing,19,55,0.34545454545454546
3087,no_R,2026-W17,education,11,55,0.2
3087,no_R,2026-W17,other,9,55,0.16363636363636364
3087,no_R,2026-W18,meme,0,48,0.0
3087,no_R,2026-W18,mourning,12,48,0.25
3087,no_R,2026-W18,marketing,16,48,0.3333333333333333
3087,no_R,2026-W18,education,14,48,0.2916666666666667
3087,no_R,2026-W18,other,6,48,0.125
3087,no_R,2026-W19,meme,0,50,0.0
3087,no_R,2026-W19,mourning,11,50,0.22
3087,no_R,2026-W19,marketing,18,50,0.36
3087,no_R,2026-W19,education,13,50,0.26
3087,no_R,2026-W19,other,8,50,0.16
3087,no_R,2026-W20,meme,8,54,0.14814814814814814
3087,no_R,2026-W20,mourning,10,54,0.18518518518518517
3087,no_R,2026-W20,marketing,18,54,0.3333333333333333
3087,no_R,2026-W20,education,14,54,0.25925925925925924
3087,no_R,2026-W20,other,4,54,0.07407407407407407
3087,no_R,2026-W21,meme,17,63,0.2698412698412698
3087,no_R,2026-W21,mourning,11,63,0.1746031746031746
3087,no_R,2026-W21,marketing,17,63,0.2698412698412698
3087,no_R,2026-W21,education,15,63,0.23809523809523808
3087,no_R,2026-W21,other,3,63,0.047619047619047616
3087,no_R,2026-W22,meme,19,59,0.3220338983050847
3087,no_R,2026-W22,mourning,8,59,0.13559322033898305
3087,no_R,2026-W22,marketing,18,59,0.3050847457627119
3087,no_R,2026-W22,education,11,59,0.1864406779661017
3087,no_R,2026-W22,other,3,59,0.05084745762711865
3088,full,2026-W12,meme,0,26,0.0
3088,full,2026-W12,mourning,0,26,0.0
3088,full,2026-W12,marketing,19,26,0.7307692307692307
3088,full,2026-W12,education,7,26,0.2692307692307692
3088,full,2026-W12,other,0,26,0.0
3088,full,2026-W13,meme,0,42,0.0
3088,full,2026-W13,mourning,22,42,0.5238095238095238
3088,full,2026-W13,marketing,12,42,0.2857142857142857
3088,full,2026-W13,education,6,42,0.14285714285714285
3088,full,2026-W13,other,2,42,0.047619047619047616
3088,full,2026-W14,meme,0,34,0.0
3088,full,2026-W14,mourning,12,34,0.35294117647058826
3088,full,2026-W14,marketing,11,34,0.3235294117647059
3088,full,2026-W14,education,5,34,0.14705882352941177
3088,full,2026-W14,other,6,34,0.17647058823529413
3088,full,2026-W15,meme,2,23,0.08695652173913043
3088,full,2026-W15,mourning,3,23,0.13043478260869565
3088,full,2026-W15,marketing,9,23,0.391304347826087
3088,full,2026-W15,education,5,23,0.21739130434782608
3088,full,2026-W15,other,4,23,0.17391304347826086
3088,full,2026-W16,meme,0,18,0.0
3088,full,2026-W16,mourning,3,18,0.16666666666666666
3088,full,2026-W16,marketing,5,18,0.2777777777777778
3088,full,2026-W16,education,6,18,0.3333333333333333
3088,full,2026-W16,other,4,18,0.2222222222222222
3088,full,2026-W17,meme,0,9,0.0
3088,full,2026-W17,mourning,0,9,0.0
3088,full,2026-W17,marketing,4,9,0.4444444444444444
3088,full,2026-W17,education,3,9,0.3333333333333333
3088,full,2026-W17,other,2,9,0.2222222222222222
3088,full,2026-W18,meme,0,10,0.0
3088,full,2026-W18,mourning,0,10,0.0
3088,full,2026-W18,marketing,4,10,0.4
3088,full,2026-W18,education,2,10,0.2
3088,full,2026-W18,other,4,10,0.4
3088,full,2026-W19,meme,0,8,0.0
3088,full,2026-W19,mourning,0,8,0.0
3088,full,2026-W19,marketing,3,8,0.375
3088,full,2026-W19,education,2,8,0.25
3088,full,2026-W19,other,3,8,0.375
3088,full,2026-W20,meme,8,14,0.5714285714285714
3088,full,2026-W20,mourning,0,14,0.0
3088,full,2026-W20,marketing,3,14,0.21428571428571427
3088,full,2026-W20,education,2,14,0.14285714285714285
3088,full,2026-W20,other,1,14,0.07142857142857142
3088,full,2026-W21,meme,19,24,0.7916666666666666
3088,full,2026-W21,mourning,0,24,0.0
3088,full,2026-W21,marketing,3,24,0.125
3088,full,2026-W21,education,2,24,0.08333333333333333
3088,full,2026-W21,other,0,24,0.0
3088,full,2026-W22,meme,16,20,0.8
3088,full,2026-W22,mourning,0,20,0.0
3088,full,2026-W22,marketing,3,20,0.15
3088,full,2026-W22,education,1,20,0.05
3088,full,2026-W22,other,0,20,0.0
3088,no_B,2026-W12,meme,0,26,0.0
3088,no_B,2026-W12,mourning,0,26,0.0
3088,no_B,2026-W12,marketing,19,26,0.7307692307692307
3088,no_B,2026-W12,education,7,26,0.2692307692307692
3088,no_B,2026-W12,other,0,26,0.0
3088,no_B,2026-W13,meme,0,25,0.0
3088,no_B,2026-W13,mourning,22,25,0.88
3088,no_B,2026-W13,marketing,0,25,0.0
3088,no_B,2026-W13,education,1,25,0.04
3088,no_B,2026-W13,other,2,25,0.08
3088,no_B,2026-W14,meme,0,4,0.0
3088,no_B,2026-W14,mourning,0,4,0.0
3088,no_B,2026-W14,marketing,0,4,0.0
3088,no_B,2026-W14,education,1,4,0.25
3088,no_B,2026-W14,other,3,4,0.75
3088,no_B,2026-W15,meme,1,6,0.16666666666666666
3088,no_B,2026-W15,mourning,0,6,0.0
3088,no_B,2026-W15,marketing,0,6,0.0
3088,no_B,2026-W15,education,2,6,0.3333333333333333
3088,no_B,2026-W15,other,3,6,0.5
3088,no_B,2026-W16,meme,0,1,0.0
3088,no_B,2026-W16,mourning,0,1,0.0
3088,no_B,2026-W16,marketing,0,1,0.0
3088,no_B,2026-W16,education,0,1,0.0
3088,no_B,2026-W16,other,1,1,1.0
3088,no_B,2026-W17,meme,0,1,0.0
3088,no_B,2026-W17,mourning,0,1,0.0
3088,no_B,2026-W17,marketing,0,1,0.0
3088,no_B,2026-W17,education,0,1,0.0
3088,no_B,2026-W17,other,1,1,1.0
3088,no_B,2026-W18,meme,0,0,0.0
3088,no_B,2026-W18,mourning,0,0,0.0
3088,no_B,2026-W18,marketing,0,0,0.0
3088,no_B,2026-W18,education,0,0,0.0
3088,no_B,2026-W18,other,0,0,0.0
3088,no_B,2026-W19,meme,0,0,0.0
3088,no_B,2026-W19,mourning,0,0,0.0
3088,no_B,2026-W19,marketing,0,0,0.0
3088,no_B,2026-W19,education,0,0,0.0
3088,no_B,2026-W19,other,0,0,0.0
3088,no_B,2026-W20,meme,10,10,1.0
3088,no_B,2026-W20,mourning,0,10,0.0
3088,no_B,2026-W20,marketing,0,10,0.0
3088,no_B,2026-W20,education,0,10,0.0
3088,no_B,2026-W20,other,0,10,0.0
3088,no_B,2026-W21,meme,17,17,1.0
3088,no_B,2026-W21,mourning,0,17,0.0
3088,no_B,2026-W21,marketing,0,17,0.0
3088,no_B,2026-W21,education,0,17,0.0
3088,no_B,2026-W21,other,0,17,0.0
3088,no_B,2026-W22,meme,1,1,1.0
3088,no_B,2026-W22,mourning,0,1,0.0
3088,no_B,2026-W22,marketing,0,1,0.0
3088,no_B,2026-W22,education,0,1,0.0
3088,no_B,2026-W22,other,0,1,0.0
3088,no_D,2026-W12,meme,12,63,0.19047619047619047
3088,no_D,2026-W12,mourning,12,63,0.19047619047619047
3088,no_D,2026-W12,marketing,15,63,0.23809523809523808
3088,no_D,2026-W12,education,9,63,0.14285714285714285
3088,no_D,2026-W12,other,15,63,0.23809523809523808
3088,no_D,2026-W13,meme,12,55,0.21818181818181817
3088,no_D,2026-W13,mourning,12,55,0.21818181818181817
3088,no_D,2026-W13,marketing,10,55,0.18181818181818182
3088,no_D,2026-W13,education,6,55,0.10909090909090909
3088,no_D,2026-W13,other,15,55,0.2727272727272727
3088,no_D,2026-W14,meme,10,42,0.23809523809523808
3088,no_D,2026-W14,mourning,4,42,0.09523809523809523
3088,no_D,2026-W14,marketing,9,42,0.21428571428571427
3088,no_D,2026-W14,education,6,42,0.14285714285714285
3088,no_D,2026-W14,other,13,42,0.30952380952380953
3088,no_D,2026-W15,meme,8,29,0.27586206896551724
3088,no_D,2026-W15,mourning,2,29,0.06896551724137931
3088,no_D,2026-W15,marketing,7,29,0.2413793103448276
3088,no_D,2026-W15,education,5,29,0.1724137931034483
3088,no_D,2026-W15,other,7,29,0.2413793103448276
3088,no_D,2026-W16,meme,7,20,0.35
3088,no_D,2026-W16,mourning,2,20,0.1
3088,no_D,2026-W16,marketing,6,20,0.3
3088,no_D,2026-W16,education,4,20,0.2
3088,no_D,2026-W16,other,1,20,0.05
3088,no_D,2026-W17,meme,6,16,0.375
3088,no_D,2026-W17,mourning,2,16,0.125
3088,no_D,2026-W17,marketing,4,16,0.25
3088,no_D,2026-W17,education,3,16,0.1875
3088,no_D,2026-W17,other,1,16,0.0625
3088,no_D,2026-W18,meme,5,14,0.35714285714285715
3088,no_D,2026-W18,mourning,2,14,0.14285714285714285
3088,no_D,2026-W18,marketing,4,14,0.2857142857142857
3088,no_D,2026-W18,education,3,14,0.21428571428571427
3088,no_D,2026-W18,other,0,14,0.0
3088,no_D,2026-W19,meme,4,11,0.36363636363636365
3088,no_D,2026-W19,mourning,1,11,0.09090909090909091
3088,no_D,2026-W19,marketing,3,11,0.2727272727272727
3088,no_D,2026-W19,education,3,11,0.2727272727272727
3088,no_D,2026-W19,other,0,11,0.0
3088,no_D,2026-W20,meme,3,10,0.3
3088,no_D,2026-W20,mourning,1,10,0.1
3088,no_D,2026-W20,marketing,3,10,0.3
3088,no_D,2026-W20,education,3,10,0.3
3088,no_D,2026-W20,other,0,10,0.0
3088,no_D,2026-W21,meme,2,5,0.4
3088,no_D,2026-W21,mourning,0,5,0.0
3088,no_D,2026-W21,marketing,3,5,0.6
3088,no_D,2026-W21,education,0,5,0.0
3088,no_D,2026-W21,other,0,5,0.0
3088,no_D,2026-W22,meme,2,5,0.4
3088,no_D,2026-W22,mourning,0,5,0.0
3088,no_D,2026-W22,marketing,3,5,0.6
3088,no_D,2026-W22,education,0,5,0.0
3088,no_D,2026-W22,other,0,5,0.0
3088,no_R,2026-W12,meme,0,26,0.0
3088,no_R,2026-W12,mourning,0,26,0.0
3088,no_R,2026-W12,marketing,19,26,0.7307692307692307
3088,no_R,2026-W12,education,7,26,0.2692307692307692
3088,no_R,2026-W12,other,0,26,0.0
3088,no_R,2026-W13,meme,0,46,0.0
3088,no_R,2026-W13,mourning,22,46,0.4782608695652174
3088,no_R,2026-W13,marketing,16,46,0.34782608695652173
3088,no_R,2026-W13,education,6,46,0.13043478260869565
3088,no_R,2026-W13,other,2,46,0.043478260869565216
3088,no_R,2026-W14,meme,0,50,0.0
3088,no_R,2026-W14,mourning,17,50,0.34
3088,no_R,2026-W14,marketing,17,50,0.34
3088,no_R,2026-W14,education,12,50,0.24
3088,no_R,2026-W14,other,4,50,0.08
3088,no_R,2026-W15,meme,0,55,0.0
3088,no_R,2026-W15,mourning,17,55,0.3090909090909091
3088,no_R,2026-W15,marketing,18,55,0.32727272727272727
3088,no_R,2026-W15,education,13,55,0.23636363636363636
3088,no_R,2026-W15,other,7,55,0.12727272727272726
3088,no_R,2026-W16,meme,0,52,0.0
3088,no_R,2026-W16,mourning,13,52,0.25
3088,no_R,2026-W16,marketing,16,52,0.3076923076923077
3088,no_R,2026-W16,education,13,52,0.25
3088,no_R,2026-W16,other,10,52,0.19230769230769232
3088,no_R,2026-W17,meme,0,53,0.0
3088,no_R,2026-W17,mourning,14,53,0.2641509433962264
3088,no_R,2026-W17,marketing,18,53,0.33962264150943394
3088,no_R,2026-W17,education,15,53,0.2830188679245283
3088,no_R,2026-W17,other,6,53,0.11320754716981132
3088,no_R,2026-W18,meme,0,56,0.0
3088,no_R,2026-W18,mourning,16,56,0.2857142857142857
3088,no_R,2026-W18,marketing,18,56,0.32142857142857145
3088,no_R,2026-W18,education,11,56,0.19642857142857142
3088,no_R,2026-W18,other,11,56,0.19642857142857142
3088,no_R,2026-W19,meme,0,55,0.0
3088,no_R,2026-W19,mourning,14,55,0.2545454545454545
3088,no_R,2026-W19,marketing,19,55,0.34545454545454546
3088,no_R,2026-W19,education,14,55,0.2545454545454545
3088,no_R,2026-W19,other,8,55,0.14545454545454545
3088,no_R,2026-W20,meme,5,62,0.08064516129032258
3088,no_R,2026-W20,mourning,13,62,0.20967741935483872
3088,no_R,2026-W20,marketing,19,62,0.3064516129032258
3088,no_R,2026-W20,education,14,62,0.22580645161290322
3088,no_R,2026-W20,other,11,62,0.1774193548387097
3088,no_R,2026-W21,meme,14,63,0.2222222222222222
3088,no_R,2026-W21,mourning,13,63,0.20634920634920634
3088,no_R,2026-W21,marketing,17,63,0.2698412698412698
3088,no_R,2026-W21,education,13,63,0.20634920634920634
3088,no_R,2026-W21,other,6,63,0.09523809523809523
3088,no_R,2026-W22,meme,17,61,0.2786885245901639
3088,no_R,2026-W22,mourning,13,61,0.21311475409836064
3088,no_R,2026-W22,marketing,16,61,0.26229508196721313
3088,no_R,2026-W22,education,10,61,0.16393442622950818
3088,no_R,2026-W22,other,5,61,0.08196721311475409
3089,full,2026-W12,meme,0,24,0.0
3089,full,2026-W12,mourning,0,24,0.0
3089,full,2026-W12,marketing,19,24,0.7916666666666666
3089,full,2026-W12,education,5,24,0.20833333333333334
3089,full,2026-W12,other,0,24,0.0
3089,full,2026-W13,meme,0,44,0.0
3089,full,2026-W13,mourning,22,44,0.5
3089,full,2026-W13,marketing,10,44,0.22727272727272727
3089,full,2026-W13,education,4,44,0.09090909090909091
3089,full,2026-W13,other,8,44,0.18181818181818182
3089,full,2026-W14,meme,0,32,0.0
3089,full,2026-W14,mourning,9,32,0.28125
3089,full,2026-W14,marketing,13,32,0.40625
3089,full,2026-W14,education,7,32,0.21875
3089,full,2026-W14,other,3,32,0.09375
3089,full,2026-W15,meme,0,27,0.0
3089,full,2026-W15,mourning,7,27,0.25925925925925924
3089,full,2026-W15,marketing,8,27,0.2962962962962963
3089,full,2026-W15,education,8,27,0.2962962962962963
3089,full,2026-W15,other,4,27,0.14814814814814814
3089,full,2026-W16,meme,0,18,0.0
3089,full,2026-W16,mourning,2,18,0.1111111111111111
3089,full,2026-W16,marketing,6,18,0.3333333333333333
3089,full,2026-W16,education,5,18,0.2777777777777778
3089,full,2026-W16,other,5,18,0.2777777777777778
3089,full,2026-W17,meme,0,11,0.0
3089,full,2026-W17,mourning,1,11,0.09090909090909091
3089,full,2026-W17,marketing,6,11,0.5454545454545454
3089,full,2026-W17,education,3,11,0.2727272727272727
3089,full,2026-W17,other,1,11,0.09090909090909091
3089,full,2026-W18,meme,0,9,0.0
3089,full,2026-W18,mourning,0,9,0.0
3089,full,2026-W18,marketing,4,9,0.4444444444444444
3089,full,2026-W18,education,3,9,0.3333333333333333
3089,full,2026-W18,other,2,9,0.2222222222222222
3089,full,2026-W19,meme,0,6,0.0
3089,full,2026-W19,mourning,0,6,0.0
3089,full,2026-W19,marketing,3,6,0.5
3089,full,2026-W19,education,2,6,0.3333333333333333
3089,full,2026-W19,other,1,6,0.16666666666666666
3089,full,2026-W20,meme,8,14,0.5714285714285714
3089,full,2026-W20,mourning,0,14,0.0
3089,full,2026-W20,marketing,4,14,0.2857142857142857
3089,full,2026-W20,education,2,14,0.14285714285714285
3089,full,2026-W20,other,0,14,0.0
3089,full,2026-W21,meme,18,22,0.8181818181818182
3089,full,2026-W21,mourning,0,22,0.0
3089,full,2026-W21,marketing,3,22,0.13636363636363635
3089,full,2026-W21,education,1,22,0.045454545454545456
3089,full,2026-W21,other,0,22,0.0
3089,full,2026-W22,meme,19,22,0.8636363636363636
3089,full,2026-W22,mourning,0,22,0.0
3089,full,2026-W22,marketing,3,22,0.13636363636363635
3089,full,2026-W22,education,0,22,0.0
3089,full,2026-W22,other,0,22,0.0
3089,no_B,2026-W12,meme,0,24,0.0
3089,no_B,2026-W12,mourning,0,24,0.0
3089,no_B,2026-W12,marketing,19,24,0.7916666666666666
3089,no_B,2026-W12,education,5,24,0.20833333333333334
3089,no_B,2026-W12,other,0,24,0.0
3089,no_B,2026-W13,meme,0,33,0.0
3089,no_B,2026-W13,mourning,22,33,0.6666666666666666
3089,no_B,2026-W13,marketing,0,33,0.0
3089,no_B,2026-W13,education,3,33,0.09090909090909091
3089,no_B,2026-W13,other,8,33,0.24242424242424243
3089,no_B,2026-W14,meme,0,8,0.0
3089,no_B,2026-W14,mourning,0,8,0.0
3089,no_B,2026-W14,marketing,0,8,0.0
3089,no_B,2026-W14,education,5,8,0.625
3089,no_B,2026-W14,other,3,8,0.375
3089,no_B,2026-W15,meme,0,5,0.0
3089,no_B,2026-W15,mourning,0,5,0.0
3089,no_B,2026-W15,marketing,0,5,0.0
3089,no_B,2026-W15,education,3,5,0.6
3089,no_B,2026-W15,other,2,5,0.4
3089,no_B,2026-W16,meme,0,0,0.0
3089,no_B,2026-W16,mourning,0,0,0.0
3089,no_B,2026-W16,marketing,0,0,0.0
3089,no_B,2026-W16,education,0,0,0.0
3089,no_B,2026-W16,other,0,0,0.0
3089,no_B,2026-W17,meme,0,0,0.0
3089,no_B,2026-W17,mourning,0,0,0.0
3089,no_B,2026-W17,marketing,0,0,0.0
3089,no_B,2026-W17,education,0,0,0.0
3089,no_B,2026-W17,other,0,0,0.0
3089,no_B,2026-W18,meme,0,0,0.0
3089,no_B,2026-W18,mourning,0,0,0.0
3089,no_B,2026-W18,marketing,0,0,0.0
3089,no_B,2026-W18,education,0,0,0.0
3089,no_B,2026-W18,other,0,0,0.0
3089,no_B,2026-W19,meme,0,0,0.0
3089,no_B,2026-W19,mourning,0,0,0.0
3089,no_B,2026-W19,marketing,0,0,0.0
3089,no_B,2026-W19,education,0,0,0.0
3089,no_B,2026-W19,other,0,0,0.0
3089,no_B,2026-W20,meme,9,9,1.0
3089,no_B,2026-W20,mourning,0,9,0.0
3089,no_B,2026-W20,marketing,0,9,0.0
3089,no_B,2026-W20,education,0,9,0.0
3089,no_B,2026-W20,other,0,9,0.0
3089,no_B,2026-W21,meme,14,14,1.0
3089,no_B,2026-W21,mourning,0,14,0.0
3089,no_B,2026-W21,marketing,0,14,0.0
3089,no_B,2026-W21,education,0,14,0.0
3089,no_B,2026-W21,other,0,14,0.0
3089,no_B,2026-W22,meme,2,2,1.0
3089,no_B,2026-W22,mourning,0,2,0.0
3089,no_B,2026-W22,marketing,0,2,0.0
3089,no_B,2026-W22,education,0,2,0.0
3089,no_B,2026-W22,other,0,2,0.0
3089,no_D,2026-W12,meme,12,63,0.19047619047619047
3089,no_D,2026-W12,mourning,12,63,0.19047619047619047
3089,no_D,2026-W12,marketing,15,63,0.23809523809523808
3089,no_D,2026-W12,education,9,63,0.14285714285714285
3089,no_D,2026-W12,other,15,63,0.23809523809523808
3089,no_D,2026-W13,meme,12,57,0.21052631578947367
3089,no_D,2026-W13,mourning,12,57,0.21052631578947367
3089,no_D,2026-W13,marketing,10,57,0.17543859649122806
3089,no_D,2026-W13,education,8,57,0.14035087719298245
3089,no_D,2026-W13,other,15,57,0.2631578947368421
3089,no_D,2026-W14,meme,12,46,0.2608695652173913
3089,no_D,2026-W14,mourning,4,46,0.08695652173913043
3089,no_D,2026-W14,marketing,9,46,0.1956521739130435
3089,no_D,2026-W14,education,8,46,0.17391304347826086
3089,no_D,2026-W14,other,13,46,0.2826086956521739
3089,no_D,2026-W15,meme,6,27,0.2222222222222222
3089,no_D,2026-W15,mourning,3,27,0.1111111111111111
3089,no_D,2026-W15,marketing,7,27,0.25925925925925924
3089,no_D,2026-W15,education,5,27,0.18518518518518517
3089,no_D,2026-W15,other,6,27,0.2222222222222222
3089,no_D,2026-W16,meme,5,20,0.25
3089,no_D,2026-W16,mourning,2,20,0.1
3089,no_D,2026-W16,marketing,7,20,0.35
3089,no_D,2026-W16,education,4,20,0.2
3089,no_D,2026-W16,other,2,20,0.1
3089,no_D,2026-W17,meme,5,14,0.35714285714285715
3089,no_D,2026-W17,mourning,1,14,0.07142857142857142
3089,no_D,2026-W17,marketing,5,14,0.35714285714285715
3089,no_D,2026-W17,education,3,14,0.21428571428571427
3089,no_D,2026-W17,other,0,14,0.0
3089,no_D,2026-W18,meme,4,12,0.3333333333333333
3089,no_D,2026-W18,mourning,1,12,0.08333333333333333
3089,no_D,2026-W18,marketing,5,12,0.4166666666666667
3089,no_D,2026-W18,education,2,12,0.16666666666666666
3089,no_D,2026-W18,other,0,12,0.0
3089,no_D,2026-W19,meme,4,11,0.36363636363636365
3089,no_D,2026-W19,mourning,1,11,0.09090909090909091
3089,no_D,2026-W19,marketing,4,11,0.36363636363636365
3089,no_D,2026-W19,education,2,11,0.18181818181818182
3089,no_D,2026-W19,other,0,11,0.0
3089,no_D,2026-W20,meme,4,9,0.4444444444444444
3089,no_D,2026-W20,mourning,0,9,0.0
3089,no_D,2026-W20,marketing,3,9,0.3333333333333333
3089,no_D,2026-W20,education,2,9,0.2222222222222222
3089,no_D,2026-W20,other,0,9,0.0
3089,no_D,2026-W21,meme,2,7,0.2857142857142857
3089,no_D,2026-W21,mourning,0,7,0.0
3089,no_D,2026-W21,marketing,3,7,0.42857142857142855
3089,no_D,2026-W21,education,2,7,0.2857142857142857
3089,no_D,2026-W21,other,0,7,0.0
3089,no_D,2026-W22,meme,1,5,0.2
3089,no_D,2026-W22,mourning,0,5,0.0
3089,no_D,2026-W22,marketing,3,5,0.6
3089,no_D,2026-W22,education,1,5,0.2
3089,no_D,2026-W22,other,0,5,0.0
3089,no_R,2026-W12,meme,0,24,0.0
3089,no_R,2026-W12,mourning,0,24,0.0
3089,no_R,2026-W12,marketing,19,24,0.7916666666666666
3089,no_R,2026-W12,education,5,24,0.20833333333333334
3089,no_R,2026-W12,other,0,24,0.0
3089,no_R,2026-W13,meme,0,48,0.0
3089,no_R,2026-W13,mourning,22,48,0.4583333333333333
3089,no_R,2026-W13,marketing,13,48,0.2708333333333333
3089,no_R,2026-W13,education,5,48,0.10416666666666667
3089,no_R,2026-W13,other,8,48,0.16666666666666666
3089,no_R,2026-W14,meme,0,47,0.0
3089,no_R,2026-W14,mourning,15,47,0.3191489361702128
3089,no_R,2026-W14,marketing,16,47,0.3404255319148936
3089,no_R,2026-W14,education,9,47,0.19148936170212766
3089,no_R,2026-W14,other,7,47,0.14893617021276595
3089,no_R,2026-W15,meme,1,60,0.016666666666666666
3089,no_R,2026-W15,mourning,19,60,0.31666666666666665
3089,no_R,2026-W15,marketing,16,60,0.26666666666666666
3089,no_R,2026-W15,education,11,60,0.18333333333333332
3089,no_R,2026-W15,other,13,60,0.21666666666666667
3089,no_R,2026-W16,meme,2,56,0.03571428571428571
3089,no_R,2026-W16,mourning,18,56,0.32142857142857145
3089,no_R,2026-W16,marketing,14,56,0.25
3089,no_R,2026-W16,education,11,56,0.19642857142857142
3089,no_R,2026-W16,other,11,56,0.19642857142857142
3089,no_R,2026-W17,meme,0,55,0.0
3089,no_R,2026-W17,mourning,15,55,0.2727272727272727
3089,no_R,2026-W17,marketing,17,55,0.3090909090909091
3089,no_R,2026-W17,education,12,55,0.21818181818181817
3089,no_R,2026-W17,other,11,55,0.2
3089,no_R,2026-W18,meme,0,56,0.0
3089,no_R,2026-W18,mourning,16,56,0.2857142857142857
3089,no_R,2026-W18,marketing,17,56,0.30357142857142855
3089,no_R,2026-W18,education,11,56,0.19642857142857142
3089,no_R,2026-W18,other,12,56,0.21428571428571427
3089,no_R,2026-W19,meme,0,50,0.0
3089,no_R,2026-W19,mourning,13,50,0.26
3089,no_R,2026-W19,marketing,17,50,0.34
3089,no_R,2026-W19,education,9,50,0.18
3089,no_R,2026-W19,other,11,50,0.22
3089,no_R,2026-W20,meme,3,59,0.05084745762711865
3089,no_R,2026-W20,mourning,18,59,0.3050847457627119
3089,no_R,2026-W20,marketing,18,59,0.3050847457627119
3089,no_R,2026-W20,education,11,59,0.1864406779661017
3089,no_R,2026-W20,other,9,59,0.15254237288135594
3089,no_R,2026-W21,meme,15,69,0.21739130434782608
3089,no_R,2026-W21,mourning,12,69,0.17391304347826086
3089,no_R,2026-W21,marketing,18,69,0.2608695652173913
3089,no_R,2026-W21,education,14,69,0.2028985507246377
3089,no_R,2026-W21,other,10,69,0.14492753623188406
3089,no_R,2026-W22,meme,18,56,0.32142857142857145
3089,no_R,2026-W22,mourning,8,56,0.14285714285714285
3089,no_R,2026-W22,marketing,17,56,0.30357142857142855
3089,no_R,2026-W22,education,10,56,0.17857142857142858
3089,no_R,2026-W22,other,3,56,0.05357142857142857
3090,full,2026-W12,meme,0,26,0.0
3090,full,2026-W12,mourning,0,26,0.0
3090,full,2026-W12,marketing,19,26,0.7307692307692307
3090,full,2026-W12,education,7,26,0.2692307692307692
3090,full,2026-W12,other,0,26,0.0
3090,full,2026-W13,meme,0,40,0.0
3090,full,2026-W13,mourning,22,40,0.55
3090,full,2026-W13,marketing,9,40,0.225
3090,full,2026-W13,education,6,40,0.15
3090,full,2026-W13,other,3,40,0.075
3090,full,2026-W14,meme,0,36,0.0
3090,full,2026-W14,mourning,11,36,0.3055555555555556
3090,full,2026-W14,marketing,11,36,0.3055555555555556
3090,full,2026-W14,education,8,36,0.2222222222222222
3090,full,2026-W14,other,6,36,0.16666666666666666
3090,full,2026-W15,meme,0,26,0.0
3090,full,2026-W15,mourning,4,26,0.15384615384615385
3090,full,2026-W15,marketing,9,26,0.34615384615384615
3090,full,2026-W15,education,5,26,0.19230769230769232
3090,full,2026-W15,other,8,26,0.3076923076923077
3090,full,2026-W16,meme,1,20,0.05
3090,full,2026-W16,mourning,2,20,0.1
3090,full,2026-W16,marketing,7,20,0.35
3090,full,2026-W16,education,4,20,0.2
3090,full,2026-W16,other,6,20,0.3
3090,full,2026-W17,meme,2,15,0.13333333333333333
3090,full,2026-W17,mourning,1,15,0.06666666666666667
3090,full,2026-W17,marketing,5,15,0.3333333333333333
3090,full,2026-W17,education,3,15,0.2
3090,full,2026-W17,other,4,15,0.26666666666666666
3090,full,2026-W18,meme,2,11,0.18181818181818182
3090,full,2026-W18,mourning,0,11,0.0
3090,full,2026-W18,marketing,4,11,0.36363636363636365
3090,full,2026-W18,education,3,11,0.2727272727272727
3090,full,2026-W18,other,2,11,0.18181818181818182
3090,full,2026-W19,meme,5,10,0.5
3090,full,2026-W19,mourning,0,10,0.0
3090,full,2026-W19,marketing,4,10,0.4
3090,full,2026-W19,education,1,10,0.1
3090,full,2026-W19,other,0,10,0.0
3090,full,2026-W20,meme,9,13,0.6923076923076923
3090,full,2026-W20,mourning,0,13,0.0
3090,full,2026-W20,marketing,4,13,0.3076923076923077
3090,full,2026-W20,education,0,13,0.0
3090,full,2026-W20,other,0,13,0.0
3090,full,2026-W21,meme,18,21,0.8571428571428571
3090,full,2026-W21,mourning,0,21,0.0
3090,full,2026-W21,marketing,3,21,0.14285714285714285
3090,full,2026-W21,education,0,21,0.0
3090,full,2026-W21,other,0,21,0.0
3090,full,2026-W22,meme,15,19,0.7894736842105263
3090,full,2026-W22,mourning,0,19,0.0
3090,full,2026-W22,marketing,3,19,0.15789473684210525
3090,full,2026-W22,education,1,19,0.05263157894736842
3090,full,2026-W22,other,0,19,0.0
3090,no_B,2026-W12,meme,0,26,0.0
3090,no_B,2026-W12,mourning,0,26,0.0
3090,no_B,2026-W12,marketing,19,26,0.7307692307692307
3090,no_B,2026-W12,education,7,26,0.2692307692307692
3090,no_B,2026-W12,other,0,26,0.0
3090,no_B,2026-W13,meme,0,27,0.0
3090,no_B,2026-W13,mourning,22,27,0.8148148148148148
3090,no_B,2026-W13,marketing,0,27,0.0
3090,no_B,2026-W13,education,2,27,0.07407407407407407
3090,no_B,2026-W13,other,3,27,0.1111111111111111
3090,no_B,2026-W14,meme,0,2,0.0
3090,no_B,2026-W14,mourning,0,2,0.0
3090,no_B,2026-W14,marketing,0,2,0.0
3090,no_B,2026-W14,education,2,2,1.0
3090,no_B,2026-W14,other,0,2,0.0
3090,no_B,2026-W15,meme,1,2,0.5
3090,no_B,2026-W15,mourning,0,2,0.0
3090,no_B,2026-W15,marketing,0,2,0.0
3090,no_B,2026-W15,education,0,2,0.0
3090,no_B,2026-W15,other,1,2,0.5
3090,no_B,2026-W16,meme,0,0,0.0
3090,no_B,2026-W16,mourning,0,0,0.0
3090,no_B,2026-W16,marketing,0,0,0.0
3090,no_B,2026-W16,education,0,0,0.0
3090,no_B,2026-W16,other,0,0,0.0
3090,no_B,2026-W17,meme,2,2,1.0
3090,no_B,2026-W17,mourning,0,2,0.0
3090,no_B,2026-W17,marketing,0,2,0.0
3090,no_B,2026-W17,education,0,2,0.0
3090,no_B,2026-W17,other,0,2,0.0
3090,no_B,2026-W18,meme,1,1,1.0
3090,no_B,2026-W18,mourning,0,1,0.0
3090,no_B,2026-W18,marketing,0,1,0.0
3090,no_B,2026-W18,education,0,1,0.0
3090,no_B,2026-W18,other,0,1,0.0
3090,no_B,2026-W19,meme,4,4,1.0
3090,no_B,2026-W19,mourning,0,4,0.0
3090,no_B,2026-W19,marketing,0,4,0.0
3090,no_B,2026-W19,education,0,4,0.0
3090,no_B,2026-W19,other,0,4,0.0
3090,no_B,2026-W20,meme,6,6,1.0
3090,no_B,2026-W20,mourning,0,6,0.0
3090,no_B,2026-W20,marketing,0,6,0.0
3090,no_B,2026-W20,education,0,6,0.0
3090,no_B,2026-W20,other,0,6,0.0
3090,no_B,2026-W21,meme,6,6,1.0
3090,no_B,2026-W21,mourning,0,6,0.0
3090,no_B,2026-W21,marketing,0,6,0.0
3090,no_B,2026-W21,education,0,6,0.0
3090,no_B,2026-W21,other,0,6,0.0
3090,no_B,2026-W22,meme,1,1,1.0
3090,no_B,2026-W22,mourning,0,1,0.0
3090,no_B,2026-W22,marketing,0,1,0.0
3090,no_B,2026-W22,education,0,1,0.0
3090,no_B,2026-W22,other,0,1,0.0
3090,no_D,2026-W12,meme,12,63,0.19047619047619047
3090,no_D,2026-W12,mourning,12,63,0.19047619047619047
3090,no_D,2026-W12,marketing,15,63,0.23809523809523808
3090,no_D,2026-W12,education,9,63,0.14285714285714285
3090,no_D,2026-W12,other,15,63,0.23809523809523808
3090,no_D,2026-W13,meme,12,58,0.20689655172413793
3090,no_D,2026-W13,mourning,12,58,0.20689655172413793
3090,no_D,2026-W13,marketing,11,58,0.1896551724137931
3090,no_D,2026-W13,education,8,58,0.13793103448275862
3090,no_D,2026-W13,other,15,58,0.25862068965517243
3090,no_D,2026-W14,meme,10,44,0.22727272727272727
3090,no_D,2026-W14,mourning,4,44,0.09090909090909091
3090,no_D,2026-W14,marketing,9,44,0.20454545454545456
3090,no_D,2026-W14,education,8,44,0.18181818181818182
3090,no_D,2026-W14,other,13,44,0.29545454545454547
3090,no_D,2026-W15,meme,6,27,0.2222222222222222
3090,no_D,2026-W15,mourning,2,27,0.07407407407407407
3090,no_D,2026-W15,marketing,9,27,0.3333333333333333
3090,no_D,2026-W15,education,5,27,0.18518518518518517
3090,no_D,2026-W15,other,5,27,0.18518518518518517
3090,no_D,2026-W16,meme,5,20,0.25
3090,no_D,2026-W16,mourning,1,20,0.05
3090,no_D,2026-W16,marketing,9,20,0.45
3090,no_D,2026-W16,education,5,20,0.25
3090,no_D,2026-W16,other,0,20,0.0
3090,no_D,2026-W17,meme,5,12,0.4166666666666667
3090,no_D,2026-W17,mourning,1,12,0.08333333333333333
3090,no_D,2026-W17,marketing,4,12,0.3333333333333333
3090,no_D,2026-W17,education,2,12,0.16666666666666666
3090,no_D,2026-W17,other,0,12,0.0
3090,no_D,2026-W18,meme,4,11,0.36363636363636365
3090,no_D,2026-W18,mourning,1,11,0.09090909090909091
3090,no_D,2026-W18,marketing,4,11,0.36363636363636365
3090,no_D,2026-W18,education,2,11,0.18181818181818182
3090,no_D,2026-W18,other,0,11,0.0
3090,no_D,2026-W19,meme,3,10,0.3
3090,no_D,2026-W19,mourning,1,10,0.1
3090,no_D,2026-W19,marketing,4,10,0.4
3090,no_D,2026-W19,education,2,10,0.2
3090,no_D,2026-W19,other,0,10,0.0
3090,no_D,2026-W20,meme,2,7,0.2857142857142857
3090,no_D,2026-W20,mourning,1,7,0.14285714285714285
3090,no_D,2026-W20,marketing,4,7,0.5714285714285714
3090,no_D,2026-W20,education,0,7,0.0
3090,no_D,2026-W20,other,0,7,0.0
3090,no_D,2026-W21,meme,2,6,0.3333333333333333
3090,no_D,2026-W21,mourning,1,6,0.16666666666666666
3090,no_D,2026-W21,marketing,3,6,0.5
3090,no_D,2026-W21,education,0,6,0.0
3090,no_D,2026-W21,other,0,6,0.0
3090,no_D,2026-W22,meme,2,5,0.4
3090,no_D,2026-W22,mourning,0,5,0.0
3090,no_D,2026-W22,marketing,3,5,0.6
3090,no_D,2026-W22,education,0,5,0.0
3090,no_D,2026-W22,other,0,5,0.0
3090,no_R,2026-W12,meme,0,26,0.0
3090,no_R,2026-W12,mourning,0,26,0.0
3090,no_R,2026-W12,marketing,19,26,0.7307692307692307
3090,no_R,2026-W12,education,7,26,0.2692307692307692
3090,no_R,2026-W12,other,0,26,0.0
3090,no_R,2026-W13,meme,0,47,0.0
3090,no_R,2026-W13,mourning,22,47,0.46808510638297873
3090,no_R,2026-W13,marketing,16,47,0.3404255319148936
3090,no_R,2026-W13,education,6,47,0.1276595744680851
3090,no_R,2026-W13,other,3,47,0.06382978723404255
3090,no_R,2026-W14,meme,0,55,0.0
3090,no_R,2026-W14,mourning,18,55,0.32727272727272727
3090,no_R,2026-W14,marketing,16,55,0.2909090909090909
3090,no_R,2026-W14,education,13,55,0.23636363636363636
3090,no_R,2026-W14,other,8,55,0.14545454545454545
3090,no_R,2026-W15,meme,0,56,0.0
3090,no_R,2026-W15,mourning,18,56,0.32142857142857145
3090,no_R,2026-W15,marketing,16,56,0.2857142857142857
3090,no_R,2026-W15,education,11,56,0.19642857142857142
3090,no_R,2026-W15,other,11,56,0.19642857142857142
3090,no_R,2026-W16,meme,0,53,0.0
3090,no_R,2026-W16,mourning,13,53,0.24528301886792453
3090,no_R,2026-W16,marketing,18,53,0.33962264150943394
3090,no_R,2026-W16,education,12,53,0.22641509433962265
3090,no_R,2026-W16,other,10,53,0.18867924528301888
3090,no_R,2026-W17,meme,0,52,0.0
3090,no_R,2026-W17,mourning,12,52,0.23076923076923078
3090,no_R,2026-W17,marketing,16,52,0.3076923076923077
3090,no_R,2026-W17,education,13,52,0.25
3090,no_R,2026-W17,other,11,52,0.21153846153846154
3090,no_R,2026-W18,meme,0,58,0.0
3090,no_R,2026-W18,mourning,16,58,0.27586206896551724
3090,no_R,2026-W18,marketing,17,58,0.29310344827586204
3090,no_R,2026-W18,education,12,58,0.20689655172413793
3090,no_R,2026-W18,other,13,58,0.22413793103448276
3090,no_R,2026-W19,meme,0,54,0.0
3090,no_R,2026-W19,mourning,12,54,0.2222222222222222
3090,no_R,2026-W19,marketing,17,54,0.3148148148148148
3090,no_R,2026-W19,education,12,54,0.2222222222222222
3090,no_R,2026-W19,other,13,54,0.24074074074074073
3090,no_R,2026-W20,meme,5,66,0.07575757575757576
3090,no_R,2026-W20,mourning,16,66,0.24242424242424243
3090,no_R,2026-W20,marketing,16,66,0.24242424242424243
3090,no_R,2026-W20,education,14,66,0.21212121212121213
3090,no_R,2026-W20,other,15,66,0.22727272727272727
3090,no_R,2026-W21,meme,11,57,0.19298245614035087
3090,no_R,2026-W21,mourning,12,57,0.21052631578947367
3090,no_R,2026-W21,marketing,15,57,0.2631578947368421
3090,no_R,2026-W21,education,10,57,0.17543859649122806
3090,no_R,2026-W21,other,9,57,0.15789473684210525
3090,no_R,2026-W22,meme,16,61,0.26229508196721313
3090,no_R,2026-W22,mourning,12,61,0.19672131147540983
3090,no_R,2026-W22,marketing,17,61,0.2786885245901639
3090,no_R,2026-W22,education,12,61,0.19672131147540983
3090,no_R,2026-W22,other,4,61,0.06557377049180328
3091,full,2026-W12,meme,0,27,0.0
3091,full,2026-W12,mourning,0,27,0.0
3091,full,2026-W12,marketing,19,27,0.7037037037037037
3091,full,2026-W12,education,8,27,0.2962962962962963
3091,full,2026-W12,other,0,27,0.0
3091,full,2026-W13,meme,0,41,0.0
3091,full,2026-W13,mourning,22,41,0.5365853658536586
3091,full,2026-W13,marketing,10,41,0.24390243902439024
3091,full,2026-W13,education,6,41,0.14634146341463414
3091,full,2026-W13,other,3,41,0.07317073170731707
3091,full,2026-W14,meme,0,30,0.0
3091,full,2026-W14,mourning,5,30,0.16666666666666666
3091,full,2026-W14,marketing,11,30,0.36666666666666664
3091,full,2026-W14,education,7,30,0.23333333333333334
3091,full,2026-W14,other,7,30,0.23333333333333334
3091,full,2026-W15,meme,0,23,0.0
3091,full,2026-W15,mourning,5,23,0.21739130434782608
3091,full,2026-W15,marketing,10,23,0.43478260869565216
3091,full,2026-W15,education,5,23,0.21739130434782608
3091,full,2026-W15,other,3,23,0.13043478260869565
3091,full,2026-W16,meme,0,13,0.0
3091,full,2026-W16,mourning,2,13,0.15384615384615385
3091,full,2026-W16,marketing,7,13,0.5384615384615384
3091,full,2026-W16,education,2,13,0.15384615384615385
3091,full,2026-W16,other,2,13,0.15384615384615385
3091,full,2026-W17,meme,0,9,0.0
3091,full,2026-W17,mourning,0,9,0.0
3091,full,2026-W17,marketing,4,9,0.4444444444444444
3091,full,2026-W17,education,2,9,0.2222222222222222
3091,full,2026-W17,other,3,9,0.3333333333333333
3091,full,2026-W18,meme,0,8,0.0
3091,full,2026-W18,mourning,0,8,0.0
3091,full,2026-W18,marketing,4,8,0.5
3091,full,2026-W18,education,2,8,0.25
3091,full,2026-W18,other,2,8,0.25
3091,full,2026-W19,meme,0,7,0.0
3091,full,2026-W19,mourning,0,7,0.0
3091,full,2026-W19,marketing,4,7,0.5714285714285714
3091,full,2026-W19,education,2,7,0.2857142857142857
3091,full,2026-W19,other,1,7,0.14285714285714285
3091,full,2026-W20,meme,11,16,0.6875
3091,full,2026-W20,mourning,1,16,0.0625
3091,full,2026-W20,marketing,4,16,0.25
3091,full,2026-W20,education,0,16,0.0
3091,full,2026-W20,other,0,16,0.0
3091,full,2026-W21,meme,18,22,0.8181818181818182
3091,full,2026-W21,mourning,0,22,0.0
3091,full,2026-W21,marketing,3,22,0.13636363636363635
3091,full,2026-W21,education,1,22,0.045454545454545456
3091,full,2026-W21,other,0,22,0.0
3091,full,2026-W22,meme,18,21,0.8571428571428571
3091,full,2026-W22,mourning,0,21,0.0
3091,full,2026-W22,marketing,3,21,0.14285714285714285
3091,full,2026-W22,education,0,21,0.0
3091,full,2026-W22,other,0,21,0.0
3091,no_B,2026-W12,meme,0,27,0.0
3091,no_B,2026-W12,mourning,0,27,0.0
3091,no_B,2026-W12,marketing,19,27,0.7037037037037037
3091,no_B,2026-W12,education,8,27,0.2962962962962963
3091,no_B,2026-W12,other,0,27,0.0
3091,no_B,2026-W13,meme,0,29,0.0
3091,no_B,2026-W13,mourning,22,29,0.7586206896551724
3091,no_B,2026-W13,marketing,0,29,0.0
3091,no_B,2026-W13,education,4,29,0.13793103448275862
3091,no_B,2026-W13,other,3,29,0.10344827586206896
3091,no_B,2026-W14,meme,0,6,0.0
3091,no_B,2026-W14,mourning,0,6,0.0
3091,no_B,2026-W14,marketing,0,6,0.0
3091,no_B,2026-W14,education,2,6,0.3333333333333333
3091,no_B,2026-W14,other,4,6,0.6666666666666666
3091,no_B,2026-W15,meme,0,2,0.0
3091,no_B,2026-W15,mourning,0,2,0.0
3091,no_B,2026-W15,marketing,0,2,0.0
3091,no_B,2026-W15,education,0,2,0.0
3091,no_B,2026-W15,other,2,2,1.0
3091,no_B,2026-W16,meme,0,0,0.0
3091,no_B,2026-W16,mourning,0,0,0.0
3091,no_B,2026-W16,marketing,0,0,0.0
3091,no_B,2026-W16,education,0,0,0.0
3091,no_B,2026-W16,other,0,0,0.0
3091,no_B,2026-W17,meme,0,0,0.0
3091,no_B,2026-W17,mourning,0,0,0.0
3091,no_B,2026-W17,marketing,0,0,0.0
3091,no_B,2026-W17,education,0,0,0.0
3091,no_B,2026-W17,other,0,0,0.0
3091,no_B,2026-W18,meme,0,0,0.0
3091,no_B,2026-W18,mourning,0,0,0.0
3091,no_B,2026-W18,marketing,0,0,0.0
3091,no_B,2026-W18,education,0,0,0.0
3091,no_B,2026-W18,other,0,0,0.0
3091,no_B,2026-W19,meme,0,0,0.0
3091,no_B,2026-W19,mourning,0,0,0.0
3091,no_B,2026-W19,marketing,0,0,0.0
3091,no_B,2026-W19,education,0,0,0.0
3091,no_B,2026-W19,other,0,0,0.0
3091,no_B,2026-W20,meme,8,8,1.0
3091,no_B,2026-W20,mourning,0,8,0.0
3091,no_B,2026-W20,marketing,0,8,0.0
3091,no_B,2026-W20,education,0,8,0.0
3091,no_B,2026-W20,other,0,8,0.0
3091,no_B,2026-W21,meme,13,13,1.0
3091,no_B,2026-W21,mourning,0,13,0.0
3091,no_B,2026-W21,marketing,0,13,0.0
3091,no_B,2026-W21,education,0,13,0.0
3091,no_B,2026-W21,other,0,13,0.0
3091,no_B,2026-W22,meme,3,3,1.0
3091,no_B,2026-W22,mourning,0,3,0.0
3091,no_B,2026-W22,marketing,0,3,0.0
3091,no_B,2026-W22,education,0,3,0.0
3091,no_B,2026-W22,other,0,3,0.0
3091,no_D,2026-W12,meme,12,63,0.19047619047619047
3091,no_D,2026-W12,mourning,12,63,0.19047619047619047
3091,no_D,2026-W12,marketing,15,63,0.23809523809523808
3091,no_D,2026-W12,education,9,63,0.14285714285714285
3091,no_D,2026-W12,other,15,63,0.23809523809523808
3091,no_D,2026-W13,meme,12,57,0.21052631578947367
3091,no_D,2026-W13,mourning,12,57,0.21052631578947367
3091,no_D,2026-W13,marketing,11,57,0.19298245614035087
3091,no_D,2026-W13,education,7,57,0.12280701754385964
3091,no_D,2026-W13,other,15,57,0.2631578947368421
3091,no_D,2026-W14,meme,11,41,0.2682926829268293
3091,no_D,2026-W14,mourning,4,41,0.0975609756097561
3091,no_D,2026-W14,marketing,9,41,0.21951219512195122
3091,no_D,2026-W14,education,6,41,0.14634146341463414
3091,no_D,2026-W14,other,11,41,0.2682926829268293
3091,no_D,2026-W15,meme,7,31,0.22580645161290322
3091,no_D,2026-W15,mourning,3,31,0.0967741935483871
3091,no_D,2026-W15,marketing,8,31,0.25806451612903225
3091,no_D,2026-W15,education,6,31,0.1935483870967742
3091,no_D,2026-W15,other,7,31,0.22580645161290322
3091,no_D,2026-W16,meme,7,22,0.3181818181818182
3091,no_D,2026-W16,mourning,3,22,0.13636363636363635
3091,no_D,2026-W16,marketing,7,22,0.3181818181818182
3091,no_D,2026-W16,education,3,22,0.13636363636363635
3091,no_D,2026-W16,other,2,22,0.09090909090909091
3091,no_D,2026-W17,meme,6,16,0.375
3091,no_D,2026-W17,mourning,2,16,0.125
3091,no_D,2026-W17,marketing,5,16,0.3125
3091,no_D,2026-W17,education,3,16,0.1875
3091,no_D,2026-W17,other,0,16,0.0
3091,no_D,2026-W18,meme,5,13,0.38461538461538464
3091,no_D,2026-W18,mourning,1,13,0.07692307692307693
3091,no_D,2026-W18,marketing,5,13,0.38461538461538464
3091,no_D,2026-W18,education,2,13,0.15384615384615385
3091,no_D,2026-W18,other,0,13,0.0
3091,no_D,2026-W19,meme,3,9,0.3333333333333333
3091,no_D,2026-W19,mourning,1,9,0.1111111111111111
3091,no_D,2026-W19,marketing,4,9,0.4444444444444444
3091,no_D,2026-W19,education,1,9,0.1111111111111111
3091,no_D,2026-W19,other,0,9,0.0
3091,no_D,2026-W20,meme,2,6,0.3333333333333333
3091,no_D,2026-W20,mourning,1,6,0.16666666666666666
3091,no_D,2026-W20,marketing,3,6,0.5
3091,no_D,2026-W20,education,0,6,0.0
3091,no_D,2026-W20,other,0,6,0.0
3091,no_D,2026-W21,meme,2,6,0.3333333333333333
3091,no_D,2026-W21,mourning,1,6,0.16666666666666666
3091,no_D,2026-W21,marketing,3,6,0.5
3091,no_D,2026-W21,education,0,6,0.0
3091,no_D,2026-W21,other,0,6,0.0
3091,no_D,2026-W22,meme,1,5,0.2
3091,no_D,2026-W22,mourning,1,5,0.2
3091,no_D,2026-W22,marketing,3,5,0.6
3091,no_D,2026-W22,education,0,5,0.0
3091,no_D,2026-W22,other,0,5,0.0
3091,no_R,2026-W12,meme,0,27,0.0
3091,no_R,2026-W12,mourning,0,27,0.0
3091,no_R,2026-W12,marketing,19,27,0.7037037037037037
3091,no_R,2026-W12,education,8,27,0.2962962962962963
3091,no_R,2026-W12,other,0,27,0.0
3091,no_R,2026-W13,meme,0,45,0.0
3091,no_R,2026-W13,mourning,22,45,0.4888888888888889
3091,no_R,2026-W13,marketing,13,45,0.28888888888888886
3091,no_R,2026-W13,education,7,45,0.15555555555555556
3091,no_R,2026-W13,other,3,45,0.06666666666666667
3091,no_R,2026-W14,meme,0,55,0.0
3091,no_R,2026-W14,mourning,20,55,0.36363636363636365
3091,no_R,2026-W14,marketing,17,55,0.3090909090909091
3091,no_R,2026-W14,education,12,55,0.21818181818181817
3091,no_R,2026-W14,other,6,55,0.10909090909090909
3091,no_R,2026-W15,meme,0,55,0.0
3091,no_R,2026-W15,mourning,17,55,0.3090909090909091
3091,no_R,2026-W15,marketing,15,55,0.2727272727272727
3091,no_R,2026-W15,education,15,55,0.2727272727272727
3091,no_R,2026-W15,other,8,55,0.14545454545454545
3091,no_R,2026-W16,meme,0,58,0.0
3091,no_R,2026-W16,mourning,16,58,0.27586206896551724
3091,no_R,2026-W16,marketing,18,58,0.3103448275862069
3091,no_R,2026-W16,education,12,58,0.20689655172413793
3091,no_R,2026-W16,other,12,58,0.20689655172413793
3091,no_R,2026-W17,meme,0,58,0.0
3091,no_R,2026-W17,mourning,17,58,0.29310344827586204
3091,no_R,2026-W17,marketing,19,58,0.3275862068965517
3091,no_R,2026-W17,education,12,58,0.20689655172413793
3091,no_R,2026-W17,other,10,58,0.1724137931034483
3091,no_R,2026-W18,meme,0,58,0.0
3091,no_R,2026-W18,mourning,16,58,0.27586206896551724
3091,no_R,2026-W18,marketing,17,58,0.29310344827586204
3091,no_R,2026-W18,education,12,58,0.20689655172413793
3091,no_R,2026-W18,other,13,58,0.22413793103448276
3091,no_R,2026-W19,meme,0,52,0.0
3091,no_R,2026-W19,mourning,14,52,0.2692307692307692
3091,no_R,2026-W19,marketing,16,52,0.3076923076923077
3091,no_R,2026-W19,education,12,52,0.23076923076923078
3091,no_R,2026-W19,other,10,52,0.19230769230769232
3091,no_R,2026-W20,meme,5,64,0.078125
3091,no_R,2026-W20,mourning,13,64,0.203125
3091,no_R,2026-W20,marketing,19,64,0.296875
3091,no_R,2026-W20,education,14,64,0.21875
3091,no_R,2026-W20,other,13,64,0.203125
3091,no_R,2026-W21,meme,16,62,0.25806451612903225
3091,no_R,2026-W21,mourning,11,62,0.1774193548387097
3091,no_R,2026-W21,marketing,16,62,0.25806451612903225
3091,no_R,2026-W21,education,12,62,0.1935483870967742
3091,no_R,2026-W21,other,7,62,0.11290322580645161
3091,no_R,2026-W22,meme,18,59,0.3050847457627119
3091,no_R,2026-W22,mourning,11,59,0.1864406779661017
3091,no_R,2026-W22,marketing,14,59,0.23728813559322035
3091,no_R,2026-W22,education,9,59,0.15254237288135594
3091,no_R,2026-W22,other,7,59,0.11864406779661017
3092,full,2026-W12,meme,0,26,0.0
3092,full,2026-W12,mourning,0,26,0.0
3092,full,2026-W12,marketing,19,26,0.7307692307692307
3092,full,2026-W12,education,7,26,0.2692307692307692
3092,full,2026-W12,other,0,26,0.0
3092,full,2026-W13,meme,0,44,0.0
3092,full,2026-W13,mourning,22,44,0.5
3092,full,2026-W13,marketing,11,44,0.25
3092,full,2026-W13,education,6,44,0.13636363636363635
3092,full,2026-W13,other,5,44,0.11363636363636363
3092,full,2026-W14,meme,0,38,0.0
3092,full,2026-W14,mourning,10,38,0.2631578947368421
3092,full,2026-W14,marketing,11,38,0.2894736842105263
3092,full,2026-W14,education,10,38,0.2631578947368421
3092,full,2026-W14,other,7,38,0.18421052631578946
3092,full,2026-W15,meme,0,23,0.0
3092,full,2026-W15,mourning,5,23,0.21739130434782608
3092,full,2026-W15,marketing,7,23,0.30434782608695654
3092,full,2026-W15,education,5,23,0.21739130434782608
3092,full,2026-W15,other,6,23,0.2608695652173913
3092,full,2026-W16,meme,0,15,0.0
3092,full,2026-W16,mourning,1,15,0.06666666666666667
3092,full,2026-W16,marketing,6,15,0.4
3092,full,2026-W16,education,4,15,0.26666666666666666
3092,full,2026-W16,other,4,15,0.26666666666666666
3092,full,2026-W17,meme,0,12,0.0
3092,full,2026-W17,mourning,1,12,0.08333333333333333
3092,full,2026-W17,marketing,5,12,0.4166666666666667
3092,full,2026-W17,education,4,12,0.3333333333333333
3092,full,2026-W17,other,2,12,0.16666666666666666
3092,full,2026-W18,meme,0,7,0.0
3092,full,2026-W18,mourning,0,7,0.0
3092,full,2026-W18,marketing,4,7,0.5714285714285714
3092,full,2026-W18,education,1,7,0.14285714285714285
3092,full,2026-W18,other,2,7,0.2857142857142857
3092,full,2026-W19,meme,0,5,0.0
3092,full,2026-W19,mourning,0,5,0.0
3092,full,2026-W19,marketing,4,5,0.8
3092,full,2026-W19,education,1,5,0.2
3092,full,2026-W19,other,0,5,0.0
3092,full,2026-W20,meme,9,12,0.75
3092,full,2026-W20,mourning,0,12,0.0
3092,full,2026-W20,marketing,3,12,0.25
3092,full,2026-W20,education,0,12,0.0
3092,full,2026-W20,other,0,12,0.0
3092,full,2026-W21,meme,18,21,0.8571428571428571
3092,full,2026-W21,mourning,0,21,0.0
3092,full,2026-W21,marketing,3,21,0.14285714285714285
3092,full,2026-W21,education,0,21,0.0
3092,full,2026-W21,other,0,21,0.0
3092,full,2026-W22,meme,18,21,0.8571428571428571
3092,full,2026-W22,mourning,0,21,0.0
3092,full,2026-W22,marketing,3,21,0.14285714285714285
3092,full,2026-W22,education,0,21,0.0
3092,full,2026-W22,other,0,21,0.0
3092,no_B,2026-W12,meme,0,26,0.0
3092,no_B,2026-W12,mourning,0,26,0.0
3092,no_B,2026-W12,marketing,19,26,0.7307692307692307
3092,no_B,2026-W12,education,7,26,0.2692307692307692
3092,no_B,2026-W12,other,0,26,0.0
3092,no_B,2026-W13,meme,0,30,0.0
3092,no_B,2026-W13,mourning,22,30,0.7333333333333333
3092,no_B,2026-W13,marketing,0,30,0.0
3092,no_B,2026-W13,education,3,30,0.1
3092,no_B,2026-W13,other,5,30,0.16666666666666666
3092,no_B,2026-W14,meme,0,5,0.0
3092,no_B,2026-W14,mourning,0,5,0.0
3092,no_B,2026-W14,marketing,0,5,0.0
3092,no_B,2026-W14,education,3,5,0.6
3092,no_B,2026-W14,other,2,5,0.4
3092,no_B,2026-W15,meme,0,2,0.0
3092,no_B,2026-W15,mourning,0,2,0.0
3092,no_B,2026-W15,marketing,0,2,0.0
3092,no_B,2026-W15,education,0,2,0.0
3092,no_B,2026-W15,other,2,2,1.0
3092,no_B,2026-W16,meme,0,0,0.0
3092,no_B,2026-W16,mourning,0,0,0.0
3092,no_B,2026-W16,marketing,0,0,0.0
3092,no_B,2026-W16,education,0,0,0.0
3092,no_B,2026-W16,other,0,0,0.0
3092,no_B,2026-W17,meme,0,0,0.0
3092,no_B,2026-W17,mourning,0,0,0.0
3092,no_B,2026-W17,marketing,0,0,0.0
3092,no_B,2026-W17,education,0,0,0.0
3092,no_B,2026-W17,other,0,0,0.0
3092,no_B,2026-W18,meme,0,0,0.0
3092,no_B,2026-W18,mourning,0,0,0.0
3092,no_B,2026-W18,marketing,0,0,0.0
3092,no_B,2026-W18,education,0,0,0.0
3092,no_B,2026-W18,other,0,0,0.0
3092,no_B,2026-W19,meme,0,0,0.0
3092,no_B,2026-W19,mourning,0,0,0.0
3092,no_B,2026-W19,marketing,0,0,0.0
3092,no_B,2026-W19,education,0,0,0.0
3092,no_B,2026-W19,other,0,0,0.0
3092,no_B,2026-W20,meme,9,9,1.0
3092,no_B,2026-W20,mourning,0,9,0.0
3092,no_B,2026-W20,marketing,0,9,0.0
3092,no_B,2026-W20,education,0,9,0.0
3092,no_B,2026-W20,other,0,9,0.0
3092,no_B,2026-W21,meme,14,14,1.0
3092,no_B,2026-W21,mourning,0,14,0.0
3092,no_B,2026-W21,marketing,0,14,0.0
3092,no_B,2026-W21,education,0,14,0.0
3092,no_B,2026-W21,other,0,14,0.0
3092,no_B,2026-W22,meme,3,3,1.0
3092,no_B,2026-W22,mourning,0,3,0.0
3092,no_B,2026-W22,marketing,0,3,0.0
3092,no_B,2026-W22,education,0,3,0.0
3092,no_B,2026-W22,other,0,3,0.0
3092,no_D,2026-W12,meme,12,63,0.19047619047619047
3092,no_D,2026-W12,mourning,12,63,0.19047619047619047
3092,no_D,2026-W12,marketing,15,63,0.23809523809523808
3092,no_D,2026-W12,education,9,63,0.14285714285714285
3092,no_D,2026-W12,other,15,63,0.23809523809523808
3092,no_D,2026-W13,meme,12,58,0.20689655172413793
3092,no_D,2026-W13,mourning,12,58,0.20689655172413793
3092,no_D,2026-W13,marketing,11,58,0.1896551724137931
3092,no_D,2026-W13,education,8,58,0.13793103448275862
3092,no_D,2026-W13,other,15,58,0.25862068965517243
3092,no_D,2026-W14,meme,11,44,0.25
3092,no_D,2026-W14,mourning,4,44,0.09090909090909091
3092,no_D,2026-W14,marketing,9,44,0.20454545454545456
3092,no_D,2026-W14,education,8,44,0.18181818181818182
3092,no_D,2026-W14,other,12,44,0.2727272727272727
3092,no_D,2026-W15,meme,8,28,0.2857142857142857
3092,no_D,2026-W15,mourning,3,28,0.10714285714285714
3092,no_D,2026-W15,marketing,6,28,0.21428571428571427
3092,no_D,2026-W15,education,6,28,0.21428571428571427
3092,no_D,2026-W15,other,5,28,0.17857142857142858
3092,no_D,2026-W16,meme,7,19,0.3684210526315789
3092,no_D,2026-W16,mourning,1,19,0.05263157894736842
3092,no_D,2026-W16,marketing,5,19,0.2631578947368421
3092,no_D,2026-W16,education,4,19,0.21052631578947367
3092,no_D,2026-W16,other,2,19,0.10526315789473684
3092,no_D,2026-W17,meme,4,14,0.2857142857142857
3092,no_D,2026-W17,mourning,1,14,0.07142857142857142
3092,no_D,2026-W17,marketing,5,14,0.35714285714285715
3092,no_D,2026-W17,education,3,14,0.21428571428571427
3092,no_D,2026-W17,other,1,14,0.07142857142857142
3092,no_D,2026-W18,meme,3,9,0.3333333333333333
3092,no_D,2026-W18,mourning,0,9,0.0
3092,no_D,2026-W18,marketing,5,9,0.5555555555555556
3092,no_D,2026-W18,education,0,9,0.0
3092,no_D,2026-W18,other,1,9,0.1111111111111111
3092,no_D,2026-W19,meme,3,6,0.5
3092,no_D,2026-W19,mourning,0,6,0.0
3092,no_D,2026-W19,marketing,3,6,0.5
3092,no_D,2026-W19,education,0,6,0.0
3092,no_D,2026-W19,other,0,6,0.0
3092,no_D,2026-W20,meme,2,5,0.4
3092,no_D,2026-W20,mourning,0,5,0.0
3092,no_D,2026-W20,marketing,3,5,0.6
3092,no_D,2026-W20,education,0,5,0.0
3092,no_D,2026-W20,other,0,5,0.0
3092,no_D,2026-W21,meme,2,5,0.4
3092,no_D,2026-W21,mourning,0,5,0.0
3092,no_D,2026-W21,marketing,3,5,0.6
3092,no_D,2026-W21,education,0,5,0.0
3092,no_D,2026-W21,other,0,5,0.0
3092,no_D,2026-W22,meme,2,5,0.4
3092,no_D,2026-W22,mourning,0,5,0.0
3092,no_D,2026-W22,marketing,3,5,0.6
3092,no_D,2026-W22,education,0,5,0.0
3092,no_D,2026-W22,other,0,5,0.0
3092,no_R,2026-W12,meme,0,26,0.0
3092,no_R,2026-W12,mourning,0,26,0.0
3092,no_R,2026-W12,marketing,19,26,0.7307692307692307
3092,no_R,2026-W12,education,7,26,0.2692307692307692
3092,no_R,2026-W12,other,0,26,0.0
3092,no_R,2026-W13,meme,0,49,0.0
3092,no_R,2026-W13,mourning,22,49,0.4489795918367347
3092,no_R,2026-W13,marketing,15,49,0.30612244897959184
3092,no_R,2026-W13,education,7,49,0.14285714285714285
3092,no_R,2026-W13,other,5,49,0.10204081632653061
3092,no_R,2026-W14,meme,0,46,0.0
3092,no_R,2026-W14,mourning,15,46,0.32608695652173914
3092,no_R,2026-W14,marketing,18,46,0.391304347826087
3092,no_R,2026-W14,education,11,46,0.2391304347826087
3092,no_R,2026-W14,other,2,46,0.043478260869565216
3092,no_R,2026-W15,meme,0,50,0.0
3092,no_R,2026-W15,mourning,18,50,0.36
3092,no_R,2026-W15,marketing,16,50,0.32
3092,no_R,2026-W15,education,10,50,0.2
3092,no_R,2026-W15,other,6,50,0.12
3092,no_R,2026-W16,meme,0,60,0.0
3092,no_R,2026-W16,mourning,21,60,0.35
3092,no_R,2026-W16,marketing,17,60,0.2833333333333333
3092,no_R,2026-W16,education,15,60,0.25
3092,no_R,2026-W16,other,7,60,0.11666666666666667
3092,no_R,2026-W17,meme,0,54,0.0
3092,no_R,2026-W17,mourning,17,54,0.3148148148148148
3092,no_R,2026-W17,marketing,17,54,0.3148148148148148
3092,no_R,2026-W17,education,15,54,0.2777777777777778
3092,no_R,2026-W17,other,5,54,0.09259259259259259
3092,no_R,2026-W18,meme,0,51,0.0
3092,no_R,2026-W18,mourning,17,51,0.3333333333333333
3092,no_R,2026-W18,marketing,14,51,0.27450980392156865
3092,no_R,2026-W18,education,15,51,0.29411764705882354
3092,no_R,2026-W18,other,5,51,0.09803921568627451
3092,no_R,2026-W19,meme,0,49,0.0
3092,no_R,2026-W19,mourning,14,49,0.2857142857142857
3092,no_R,2026-W19,marketing,16,49,0.32653061224489793
3092,no_R,2026-W19,education,14,49,0.2857142857142857
3092,no_R,2026-W19,other,5,49,0.10204081632653061
3092,no_R,2026-W20,meme,3,52,0.057692307692307696
3092,no_R,2026-W20,mourning,11,52,0.21153846153846154
3092,no_R,2026-W20,marketing,17,52,0.3269230769230769
3092,no_R,2026-W20,education,13,52,0.25
3092,no_R,2026-W20,other,8,52,0.15384615384615385
3092,no_R,2026-W21,meme,11,61,0.18032786885245902
3092,no_R,2026-W21,mourning,12,61,0.19672131147540983
3092,no_R,2026-W21,marketing,19,61,0.3114754098360656
3092,no_R,2026-W21,education,14,61,0.22950819672131148
3092,no_R,2026-W21,other,5,61,0.08196721311475409
3092,no_R,2026-W22,meme,18,67,0.26865671641791045
3092,no_R,2026-W22,mourning,15,67,0.22388059701492538
3092,no_R,2026-W22,marketing,17,67,0.2537313432835821
3092,no_R,2026-W22,education,13,67,0.19402985074626866
3092,no_R,2026-W22,other,4,67,0.05970149253731343
3093,full,2026-W12,meme,0,28,0.0
3093,full,2026-W12,mourning,0,28,0.0
3093,full,2026-W12,marketing,19,28,0.6785714285714286
3093,full,2026-W12,education,9,28,0.32142857142857145
3093,full,2026-W12,other,0,28,0.0
3093,full,2026-W13,meme,0,44,0.0
3093,full,2026-W13,mourning,22,44,0.5
3093,full,2026-W13,marketing,11,44,0.25
3093,full,2026-W13,education,6,44,0.13636363636363635
3093,full,2026-W13,other,5,44,0.11363636363636363
3093,full,2026-W14,meme,0,35,0.0
3093,full,2026-W14,mourning,10,35,0.2857142857142857
3093,full,2026-W14,marketing,10,35,0.2857142857142857
3093,full,2026-W14,education,9,35,0.2571428571428571
3093,full,2026-W14,other,6,35,0.17142857142857143
3093,full,2026-W15,meme,0,22,0.0
3093,full,2026-W15,mourning,6,22,0.2727272727272727
3093,full,2026-W15,marketing,8,22,0.36363636363636365
3093,full,2026-W15,education,4,22,0.18181818181818182
3093,full,2026-W15,other,4,22,0.18181818181818182
3093,full,2026-W16,meme,0,17,0.0
3093,full,2026-W16,mourning,3,17,0.17647058823529413
3093,full,2026-W16,marketing,5,17,0.29411764705882354
3093,full,2026-W16,education,5,17,0.29411764705882354
3093,full,2026-W16,other,4,17,0.23529411764705882
3093,full,2026-W17,meme,0,11,0.0
3093,full,2026-W17,mourning,2,11,0.18181818181818182
3093,full,2026-W17,marketing,4,11,0.36363636363636365
3093,full,2026-W17,education,1,11,0.09090909090909091
3093,full,2026-W17,other,4,11,0.36363636363636365
3093,full,2026-W18,meme,0,8,0.0
3093,full,2026-W18,mourning,0,8,0.0
3093,full,2026-W18,marketing,4,8,0.5
3093,full,2026-W18,education,3,8,0.375
3093,full,2026-W18,other,1,8,0.125
3093,full,2026-W19,meme,0,4,0.0
3093,full,2026-W19,mourning,0,4,0.0
3093,full,2026-W19,marketing,3,4,0.75
3093,full,2026-W19,education,1,4,0.25
3093,full,2026-W19,other,0,4,0.0
3093,full,2026-W20,meme,9,13,0.6923076923076923
3093,full,2026-W20,mourning,0,13,0.0
3093,full,2026-W20,marketing,3,13,0.23076923076923078
3093,full,2026-W20,education,1,13,0.07692307692307693
3093,full,2026-W20,other,0,13,0.0
3093,full,2026-W21,meme,19,22,0.8636363636363636
3093,full,2026-W21,mourning,0,22,0.0
3093,full,2026-W21,marketing,3,22,0.13636363636363635
3093,full,2026-W21,education,0,22,0.0
3093,full,2026-W21,other,0,22,0.0
3093,full,2026-W22,meme,19,22,0.8636363636363636
3093,full,2026-W22,mourning,0,22,0.0
3093,full,2026-W22,marketing,3,22,0.13636363636363635
3093,full,2026-W22,education,0,22,0.0
3093,full,2026-W22,other,0,22,0.0
3093,no_B,2026-W12,meme,0,28,0.0
3093,no_B,2026-W12,mourning,0,28,0.0
3093,no_B,2026-W12,marketing,19,28,0.6785714285714286
3093,no_B,2026-W12,education,9,28,0.32142857142857145
3093,no_B,2026-W12,other,0,28,0.0
3093,no_B,2026-W13,meme,0,27,0.0
3093,no_B,2026-W13,mourning,22,27,0.8148148148148148
3093,no_B,2026-W13,marketing,0,27,0.0
3093,no_B,2026-W13,education,0,27,0.0
3093,no_B,2026-W13,other,5,27,0.18518518518518517
3093,no_B,2026-W14,meme,0,4,0.0
3093,no_B,2026-W14,mourning,0,4,0.0
3093,no_B,2026-W14,marketing,0,4,0.0
3093,no_B,2026-W14,education,2,4,0.5
3093,no_B,2026-W14,other,2,4,0.5
3093,no_B,2026-W15,meme,0,0,0.0
3093,no_B,2026-W15,mourning,0,0,0.0
3093,no_B,2026-W15,marketing,0,0,0.0
3093,no_B,2026-W15,education,0,0,0.0
3093,no_B,2026-W15,other,0,0,0.0
3093,no_B,2026-W16,meme,0,0,0.0
3093,no_B,2026-W16,mourning,0,0,0.0
3093,no_B,2026-W16,marketing,0,0,0.0
3093,no_B,2026-W16,education,0,0,0.0
3093,no_B,2026-W16,other,0,0,0.0
3093,no_B,2026-W17,meme,0,0,0.0
3093,no_B,2026-W17,mourning,0,0,0.0
3093,no_B,2026-W17,marketing,0,0,0.0
3093,no_B,2026-W17,education,0,0,0.0
3093,no_B,2026-W17,other,0,0,0.0
3093,no_B,2026-W18,meme,0,0,0.0
3093,no_B,2026-W18,mourning,0,0,0.0
3093,no_B,2026-W18,marketing,0,0,0.0
3093,no_B,2026-W18,education,0,0,0.0
3093,no_B,2026-W18,other,0,0,0.0
3093,no_B,2026-W19,meme,0,0,0.0
3093,no_B,2026-W19,mourning,0,0,0.0
3093,no_B,2026-W19,marketing,0,0,0.0
3093,no_B,2026-W19,education,0,0,0.0
3093,no_B,2026-W19,other,0,0,0.0
3093,no_B,2026-W20,meme,8,8,1.0
3093,no_B,2026-W20,mourning,0,8,0.0
3093,no_B,2026-W20,marketing,0,8,0.0
3093,no_B,2026-W20,education,0,8,0.0
3093,no_B,2026-W20,other,0,8,0.0
3093,no_B,2026-W21,meme,14,14,1.0
3093,no_B,2026-W21,mourning,0,14,0.0
3093,no_B,2026-W21,marketing,0,14,0.0
3093,no_B,2026-W21,education,0,14,0.0
3093,no_B,2026-W21,other,0,14,0.0
3093,no_B,2026-W22,meme,2,2,1.0
3093,no_B,2026-W22,mourning,0,2,0.0
3093,no_B,2026-W22,marketing,0,2,0.0
3093,no_B,2026-W22,education,0,2,0.0
3093,no_B,2026-W22,other,0,2,0.0
3093,no_D,2026-W12,meme,12,63,0.19047619047619047
3093,no_D,2026-W12,mourning,12,63,0.19047619047619047
3093,no_D,2026-W12,marketing,15,63,0.23809523809523808
3093,no_D,2026-W12,education,9,63,0.14285714285714285
3093,no_D,2026-W12,other,15,63,0.23809523809523808
3093,no_D,2026-W13,meme,12,56,0.21428571428571427
3093,no_D,2026-W13,mourning,12,56,0.21428571428571427
3093,no_D,2026-W13,marketing,11,56,0.19642857142857142
3093,no_D,2026-W13,education,6,56,0.10714285714285714
3093,no_D,2026-W13,other,15,56,0.26785714285714285
3093,no_D,2026-W14,meme,12,44,0.2727272727272727
3093,no_D,2026-W14,mourning,4,44,0.09090909090909091
3093,no_D,2026-W14,marketing,10,44,0.22727272727272727
3093,no_D,2026-W14,education,6,44,0.13636363636363635
3093,no_D,2026-W14,other,12,44,0.2727272727272727
3093,no_D,2026-W15,meme,10,32,0.3125
3093,no_D,2026-W15,mourning,4,32,0.125
3093,no_D,2026-W15,marketing,6,32,0.1875
3093,no_D,2026-W15,education,5,32,0.15625
3093,no_D,2026-W15,other,7,32,0.21875
3093,no_D,2026-W16,meme,7,21,0.3333333333333333
3093,no_D,2026-W16,mourning,3,21,0.14285714285714285
3093,no_D,2026-W16,marketing,5,21,0.23809523809523808
3093,no_D,2026-W16,education,5,21,0.23809523809523808
3093,no_D,2026-W16,other,1,21,0.047619047619047616
3093,no_D,2026-W17,meme,4,15,0.26666666666666666
3093,no_D,2026-W17,mourning,1,15,0.06666666666666667
3093,no_D,2026-W17,marketing,4,15,0.26666666666666666
3093,no_D,2026-W17,education,5,15,0.3333333333333333
3093,no_D,2026-W17,other,1,15,0.06666666666666667
3093,no_D,2026-W18,meme,3,12,0.25
3093,no_D,2026-W18,mourning,1,12,0.08333333333333333
3093,no_D,2026-W18,marketing,4,12,0.3333333333333333
3093,no_D,2026-W18,education,3,12,0.25
3093,no_D,2026-W18,other,1,12,0.08333333333333333
3093,no_D,2026-W19,meme,3,11,0.2727272727272727
3093,no_D,2026-W19,mourning,1,11,0.09090909090909091
3093,no_D,2026-W19,marketing,4,11,0.36363636363636365
3093,no_D,2026-W19,education,2,11,0.18181818181818182
3093,no_D,2026-W19,other,1,11,0.09090909090909091
3093,no_D,2026-W20,meme,2,6,0.3333333333333333
3093,no_D,2026-W20,mourning,0,6,0.0
3093,no_D,2026-W20,marketing,3,6,0.5
3093,no_D,2026-W20,education,0,6,0.0
3093,no_D,2026-W20,other,1,6,0.16666666666666666
3093,no_D,2026-W21,meme,2,6,0.3333333333333333
3093,no_D,2026-W21,mourning,0,6,0.0
3093,no_D,2026-W21,marketing,3,6,0.5
3093,no_D,2026-W21,education,0,6,0.0
3093,no_D,2026-W21,other,1,6,0.16666666666666666
3093,no_D,2026-W22,meme,2,6,0.3333333333333333
3093,no_D,2026-W22,mourning,0,6,0.0
3093,no_D,2026-W22,marketing,3,6,0.5
3093,no_D,2026-W22,education,0,6,0.0
3093,no_D,2026-W22,other,1,6,0.16666666666666666
3093,no_R,2026-W12,meme,0,28,0.0
3093,no_R,2026-W12,mourning,0,28,0.0
3093,no_R,2026-W12,marketing,19,28,0.6785714285714286
3093,no_R,2026-W12,education,9,28,0.32142857142857145
3093,no_R,2026-W12,other,0,28,0.0
3093,no_R,2026-W13,meme,0,49,0.0
3093,no_R,2026-W13,mourning,22,49,0.4489795918367347
3093,no_R,2026-W13,marketing,15,49,0.30612244897959184
3093,no_R,2026-W13,education,7,49,0.14285714285714285
3093,no_R,2026-W13,other,5,49,0.10204081632653061
3093,no_R,2026-W14,meme,0,50,0.0
3093,no_R,2026-W14,mourning,14,50,0.28
3093,no_R,2026-W14,marketing,18,50,0.36
3093,no_R,2026-W14,education,13,50,0.26
3093,no_R,2026-W14,other,5,50,0.1
3093,no_R,2026-W15,meme,0,53,0.0
3093,no_R,2026-W15,mourning,17,53,0.32075471698113206
3093,no_R,2026-W15,marketing,15,53,0.2830188679245283
3093,no_R,2026-W15,education,13,53,0.24528301886792453
3093,no_R,2026-W15,other,8,53,0.1509433962264151
3093,no_R,2026-W16,meme,0,55,0.0
3093,no_R,2026-W16,mourning,14,55,0.2545454545454545
3093,no_R,2026-W16,marketing,17,55,0.3090909090909091
3093,no_R,2026-W16,education,14,55,0.2545454545454545
3093,no_R,2026-W16,other,10,55,0.18181818181818182
3093,no_R,2026-W17,meme,0,54,0.0
3093,no_R,2026-W17,mourning,14,54,0.25925925925925924
3093,no_R,2026-W17,marketing,18,54,0.3333333333333333
3093,no_R,2026-W17,education,12,54,0.2222222222222222
3093,no_R,2026-W17,other,10,54,0.18518518518518517
3093,no_R,2026-W18,meme,0,57,0.0
3093,no_R,2026-W18,mourning,18,57,0.3157894736842105
3093,no_R,2026-W18,marketing,17,57,0.2982456140350877
3093,no_R,2026-W18,education,12,57,0.21052631578947367
3093,no_R,2026-W18,other,10,57,0.17543859649122806
3093,no_R,2026-W19,meme,0,53,0.0
3093,no_R,2026-W19,mourning,14,53,0.2641509433962264
3093,no_R,2026-W19,marketing,18,53,0.33962264150943394
3093,no_R,2026-W19,education,11,53,0.20754716981132076
3093,no_R,2026-W19,other,10,53,0.18867924528301888
3093,no_R,2026-W20,meme,2,47,0.0425531914893617
3093,no_R,2026-W20,mourning,14,47,0.2978723404255319
3093,no_R,2026-W20,marketing,16,47,0.3404255319148936
3093,no_R,2026-W20,education,10,47,0.2127659574468085
3093,no_R,2026-W20,other,5,47,0.10638297872340426
3093,no_R,2026-W21,meme,13,61,0.21311475409836064
3093,no_R,2026-W21,mourning,15,61,0.2459016393442623
3093,no_R,2026-W21,marketing,17,61,0.2786885245901639
3093,no_R,2026-W21,education,11,61,0.18032786885245902
3093,no_R,2026-W21,other,5,61,0.08196721311475409
3093,no_R,2026-W22,meme,19,66,0.2878787878787879
3093,no_R,2026-W22,mourning,14,66,0.21212121212121213
3093,no_R,2026-W22,marketing,18,66,0.2727272727272727
3093,no_R,2026-W22,education,11,66,0.16666666666666666
3093,no_R,2026-W22,other,4,66,0.06060606060606061
3094,full,2026-W12,meme,0,24,0.0
3094,full,2026-W12,mourning,0,24,0.0
3094,full,2026-W12,marketing,19,24,0.7916666666666666
3094,full,2026-W12,education,5,24,0.20833333333333334
3094,full,2026-W12,other,0,24,0.0
3094,full,2026-W13,meme,0,45,0.0
3094,full,2026-W13,mourning,22,45,0.4888888888888889
3094,full,2026-W13,marketing,11,45,0.24444444444444444
3094,full,2026-W13,education,5,45,0.1111111111111111
3094,full,2026-W13,other,7,45,0.15555555555555556
3094,full,2026-W14,meme,0,33,0.0
3094,full,2026-W14,mourning,9,33,0.2727272727272727
3094,full,2026-W14,marketing,11,33,0.3333333333333333
3094,full,2026-W14,education,8,33,0.24242424242424243
3094,full,2026-W14,other,5,33,0.15151515151515152
3094,full,2026-W15,meme,0,26,0.0
3094,full,2026-W15,mourning,6,26,0.23076923076923078
3094,full,2026-W15,marketing,8,26,0.3076923076923077
3094,full,2026-W15,education,7,26,0.2692307692307692
3094,full,2026-W15,other,5,26,0.19230769230769232
3094,full,2026-W16,meme,0,14,0.0
3094,full,2026-W16,mourning,0,14,0.0
3094,full,2026-W16,marketing,7,14,0.5
3094,full,2026-W16,education,6,14,0.42857142857142855
3094,full,2026-W16,other,1,14,0.07142857142857142
3094,full,2026-W17,meme,0,12,0.0
3094,full,2026-W17,mourning,0,12,0.0
3094,full,2026-W17,marketing,5,12,0.4166666666666667
3094,full,2026-W17,education,5,12,0.4166666666666667
3094,full,2026-W17,other,2,12,0.16666666666666666
3094,full,2026-W18,meme,0,9,0.0
3094,full,2026-W18,mourning,0,9,0.0
3094,full,2026-W18,marketing,5,9,0.5555555555555556
3094,full,2026-W18,education,2,9,0.2222222222222222
3094,full,2026-W18,other,2,9,0.2222222222222222
3094,full,2026-W19,meme,0,7,0.0
3094,full,2026-W19,mourning,1,7,0.14285714285714285
3094,full,2026-W19,marketing,4,7,0.5714285714285714
3094,full,2026-W19,education,2,7,0.2857142857142857
3094,full,2026-W19,other,0,7,0.0
3094,full,2026-W20,meme,10,14,0.7142857142857143
3094,full,2026-W20,mourning,0,14,0.0
3094,full,2026-W20,marketing,3,14,0.21428571428571427
3094,full,2026-W20,education,1,14,0.07142857142857142
3094,full,2026-W20,other,0,14,0.0
3094,full,2026-W21,meme,19,22,0.8636363636363636
3094,full,2026-W21,mourning,0,22,0.0
3094,full,2026-W21,marketing,3,22,0.13636363636363635
3094,full,2026-W21,education,0,22,0.0
3094,full,2026-W21,other,0,22,0.0
3094,full,2026-W22,meme,19,22,0.8636363636363636
3094,full,2026-W22,mourning,0,22,0.0
3094,full,2026-W22,marketing,3,22,0.13636363636363635
3094,full,2026-W22,education,0,22,0.0
3094,full,2026-W22,other,0,22,0.0
3094,no_B,2026-W12,meme,0,24,0.0
3094,no_B,2026-W12,mourning,0,24,0.0
3094,no_B,2026-W12,marketing,19,24,0.7916666666666666
3094,no_B,2026-W12,education,5,24,0.20833333333333334
3094,no_B,2026-W12,other,0,24,0.0
3094,no_B,2026-W13,meme,0,31,0.0
3094,no_B,2026-W13,mourning,22,31,0.7096774193548387
3094,no_B,2026-W13,marketing,0,31,0.0
3094,no_B,2026-W13,education,2,31,0.06451612903225806
3094,no_B,2026-W13,other,7,31,0.22580645161290322
3094,no_B,2026-W14,meme,0,4,0.0
3094,no_B,2026-W14,mourning,0,4,0.0
3094,no_B,2026-W14,marketing,0,4,0.0
3094,no_B,2026-W14,education,1,4,0.25
3094,no_B,2026-W14,other,3,4,0.75
3094,no_B,2026-W15,meme,0,1,0.0
3094,no_B,2026-W15,mourning,0,1,0.0
3094,no_B,2026-W15,marketing,0,1,0.0
3094,no_B,2026-W15,education,1,1,1.0
3094,no_B,2026-W15,other,0,1,0.0
3094,no_B,2026-W16,meme,0,0,0.0
3094,no_B,2026-W16,mourning,0,0,0.0
3094,no_B,2026-W16,marketing,0,0,0.0
3094,no_B,2026-W16,education,0,0,0.0
3094,no_B,2026-W16,other,0,0,0.0
3094,no_B,2026-W17,meme,0,0,0.0
3094,no_B,2026-W17,mourning,0,0,0.0
3094,no_B,2026-W17,marketing,0,0,0.0
3094,no_B,2026-W17,education,0,0,0.0
3094,no_B,2026-W17,other,0,0,0.0
3094,no_B,2026-W18,meme,0,0,0.0
3094,no_B,2026-W18,mourning,0,0,0.0
3094,no_B,2026-W18,marketing,0,0,0.0
3094,no_B,2026-W18,education,0,0,0.0
3094,no_B,2026-W18,other,0,0,0.0
3094,no_B,2026-W19,meme,0,0,0.0
3094,no_B,2026-W19,mourning,0,0,0.0
3094,no_B,2026-W19,marketing,0,0,0.0
3094,no_B,2026-W19,education,0,0,0.0
3094,no_B,2026-W19,other,0,0,0.0
3094,no_B,2026-W20,meme,16,16,1.0
3094,no_B,2026-W20,mourning,0,16,0.0
3094,no_B,2026-W20,marketing,0,16,0.0
3094,no_B,2026-W20,education,0,16,0.0
3094,no_B,2026-W20,other,0,16,0.0
3094,no_B,2026-W21,meme,14,14,1.0
3094,no_B,2026-W21,mourning,0,14,0.0
3094,no_B,2026-W21,marketing,0,14,0.0
3094,no_B,2026-W21,education,0,14,0.0
3094,no_B,2026-W21,other,0,14,0.0
3094,no_B,2026-W22,meme,0,0,0.0
3094,no_B,2026-W22,mourning,0,0,0.0
3094,no_B,2026-W22,marketing,0,0,0.0
3094,no_B,2026-W22,education,0,0,0.0
3094,no_B,2026-W22,other,0,0,0.0
3094,no_D,2026-W12,meme,12,63,0.19047619047619047
3094,no_D,2026-W12,mourning,12,63,0.19047619047619047
3094,no_D,2026-W12,marketing,15,63,0.23809523809523808
3094,no_D,2026-W12,education,9,63,0.14285714285714285
3094,no_D,2026-W12,other,15,63,0.23809523809523808
3094,no_D,2026-W13,meme,12,57,0.21052631578947367
3094,no_D,2026-W13,mourning,12,57,0.21052631578947367
3094,no_D,2026-W13,marketing,11,57,0.19298245614035087
3094,no_D,2026-W13,education,7,57,0.12280701754385964
3094,no_D,2026-W13,other,15,57,0.2631578947368421
3094,no_D,2026-W14,meme,10,42,0.23809523809523808
3094,no_D,2026-W14,mourning,4,42,0.09523809523809523
3094,no_D,2026-W14,marketing,10,42,0.23809523809523808
3094,no_D,2026-W14,education,6,42,0.14285714285714285
3094,no_D,2026-W14,other,12,42,0.2857142857142857
3094,no_D,2026-W15,meme,9,32,0.28125
3094,no_D,2026-W15,mourning,2,32,0.0625
3094,no_D,2026-W15,marketing,7,32,0.21875
3094,no_D,2026-W15,education,6,32,0.1875
3094,no_D,2026-W15,other,8,32,0.25
3094,no_D,2026-W16,meme,6,23,0.2608695652173913
3094,no_D,2026-W16,mourning,2,23,0.08695652173913043
3094,no_D,2026-W16,marketing,6,23,0.2608695652173913
3094,no_D,2026-W16,education,5,23,0.21739130434782608
3094,no_D,2026-W16,other,4,23,0.17391304347826086
3094,no_D,2026-W17,meme,5,16,0.3125
3094,no_D,2026-W17,mourning,2,16,0.125
3094,no_D,2026-W17,marketing,5,16,0.3125
3094,no_D,2026-W17,education,3,16,0.1875
3094,no_D,2026-W17,other,1,16,0.0625
3094,no_D,2026-W18,meme,4,14,0.2857142857142857
3094,no_D,2026-W18,mourning,2,14,0.14285714285714285
3094,no_D,2026-W18,marketing,5,14,0.35714285714285715
3094,no_D,2026-W18,education,2,14,0.14285714285714285
3094,no_D,2026-W18,other,1,14,0.07142857142857142
3094,no_D,2026-W19,meme,3,8,0.375
3094,no_D,2026-W19,mourning,1,8,0.125
3094,no_D,2026-W19,marketing,3,8,0.375
3094,no_D,2026-W19,education,1,8,0.125
3094,no_D,2026-W19,other,0,8,0.0
3094,no_D,2026-W20,meme,3,8,0.375
3094,no_D,2026-W20,mourning,1,8,0.125
3094,no_D,2026-W20,marketing,3,8,0.375
3094,no_D,2026-W20,education,1,8,0.125
3094,no_D,2026-W20,other,0,8,0.0
3094,no_D,2026-W21,meme,2,6,0.3333333333333333
3094,no_D,2026-W21,mourning,0,6,0.0
3094,no_D,2026-W21,marketing,3,6,0.5
3094,no_D,2026-W21,education,1,6,0.16666666666666666
3094,no_D,2026-W21,other,0,6,0.0
3094,no_D,2026-W22,meme,1,5,0.2
3094,no_D,2026-W22,mourning,0,5,0.0
3094,no_D,2026-W22,marketing,3,5,0.6
3094,no_D,2026-W22,education,1,5,0.2
3094,no_D,2026-W22,other,0,5,0.0
3094,no_R,2026-W12,meme,0,24,0.0
3094,no_R,2026-W12,mourning,0,24,0.0
3094,no_R,2026-W12,marketing,19,24,0.7916666666666666
3094,no_R,2026-W12,education,5,24,0.20833333333333334
3094,no_R,2026-W12,other,0,24,0.0
3094,no_R,2026-W13,meme,0,48,0.0
3094,no_R,2026-W13,mourning,22,48,0.4583333333333333
3094,no_R,2026-W13,marketing,14,48,0.2916666666666667
3094,no_R,2026-W13,education,5,48,0.10416666666666667
3094,no_R,2026-W13,other,7,48,0.14583333333333334
3094,no_R,2026-W14,meme,0,52,0.0
3094,no_R,2026-W14,mourning,19,52,0.36538461538461536
3094,no_R,2026-W14,marketing,17,52,0.3269230769230769
3094,no_R,2026-W14,education,8,52,0.15384615384615385
3094,no_R,2026-W14,other,8,52,0.15384615384615385
3094,no_R,2026-W15,meme,0,59,0.0
3094,no_R,2026-W15,mourning,19,59,0.3220338983050847
3094,no_R,2026-W15,marketing,19,59,0.3220338983050847
3094,no_R,2026-W15,education,8,59,0.13559322033898305
3094,no_R,2026-W15,other,13,59,0.22033898305084745
3094,no_R,2026-W16,meme,0,53,0.0
3094,no_R,2026-W16,mourning,19,53,0.3584905660377358
3094,no_R,2026-W16,marketing,18,53,0.33962264150943394
3094,no_R,2026-W16,education,9,53,0.16981132075471697
3094,no_R,2026-W16,other,7,53,0.1320754716981132
3094,no_R,2026-W17,meme,0,50,0.0
3094,no_R,2026-W17,mourning,14,50,0.28
3094,no_R,2026-W17,marketing,17,50,0.34
3094,no_R,2026-W17,education,11,50,0.22
3094,no_R,2026-W17,other,8,50,0.16
3094,no_R,2026-W18,meme,0,59,0.0
3094,no_R,2026-W18,mourning,18,59,0.3050847457627119
3094,no_R,2026-W18,marketing,17,59,0.288135593220339
3094,no_R,2026-W18,education,12,59,0.2033898305084746
3094,no_R,2026-W18,other,12,59,0.2033898305084746
3094,no_R,2026-W19,meme,0,56,0.0
3094,no_R,2026-W19,mourning,14,56,0.25
3094,no_R,2026-W19,marketing,17,56,0.30357142857142855
3094,no_R,2026-W19,education,11,56,0.19642857142857142
3094,no_R,2026-W19,other,14,56,0.25
3094,no_R,2026-W20,meme,6,62,0.0967741935483871
3094,no_R,2026-W20,mourning,15,62,0.24193548387096775
3094,no_R,2026-W20,marketing,18,62,0.2903225806451613
3094,no_R,2026-W20,education,12,62,0.1935483870967742
3094,no_R,2026-W20,other,11,62,0.1774193548387097
3094,no_R,2026-W21,meme,15,69,0.21739130434782608
3094,no_R,2026-W21,mourning,14,69,0.2028985507246377
3094,no_R,2026-W21,marketing,16,69,0.2318840579710145
3094,no_R,2026-W21,education,10,69,0.14492753623188406
3094,no_R,2026-W21,other,14,69,0.2028985507246377
3094,no_R,2026-W22,meme,17,54,0.3148148148148148
3094,no_R,2026-W22,mourning,9,54,0.16666666666666666
3094,no_R,2026-W22,marketing,15,54,0.2777777777777778
3094,no_R,2026-W22,education,10,54,0.18518518518518517
3094,no_R,2026-W22,other,3,54,0.05555555555555555
3095,full,2026-W12,meme,0,25,0.0
3095,full,2026-W12,mourning,0,25,0.0
3095,full,2026-W12,marketing,19,25,0.76
3095,full,2026-W12,education,6,25,0.24
3095,full,2026-W12,other,0,25,0.0
3095,full,2026-W13,meme,0,44,0.0
3095,full,2026-W13,mourning,22,44,0.5
3095,full,2026-W13,marketing,10,44,0.22727272727272727
3095,full,2026-W13,education,7,44,0.1590909090909091
3095,full,2026-W13,other,5,44,0.11363636363636363
3095,full,2026-W14,meme,0,30,0.0
3095,full,2026-W14,mourning,9,30,0.3
3095,full,2026-W14,marketing,10,30,0.3333333333333333
3095,full,2026-W14,education,7,30,0.23333333333333334
3095,full,2026-W14,other,4,30,0.13333333333333333
3095,full,2026-W15,meme,0,21,0.0
3095,full,2026-W15,mourning,6,21,0.2857142857142857
3095,full,2026-W15,marketing,7,21,0.3333333333333333
3095,full,2026-W15,education,5,21,0.23809523809523808
3095,full,2026-W15,other,3,21,0.14285714285714285
3095,full,2026-W16,meme,1,19,0.05263157894736842
3095,full,2026-W16,mourning,1,19,0.05263157894736842
3095,full,2026-W16,marketing,6,19,0.3157894736842105
3095,full,2026-W16,education,6,19,0.3157894736842105
3095,full,2026-W16,other,5,19,0.2631578947368421
3095,full,2026-W17,meme,1,13,0.07692307692307693
3095,full,2026-W17,mourning,0,13,0.0
3095,full,2026-W17,marketing,6,13,0.46153846153846156
3095,full,2026-W17,education,3,13,0.23076923076923078
3095,full,2026-W17,other,3,13,0.23076923076923078
3095,full,2026-W18,meme,2,11,0.18181818181818182
3095,full,2026-W18,mourning,0,11,0.0
3095,full,2026-W18,marketing,5,11,0.45454545454545453
3095,full,2026-W18,education,3,11,0.2727272727272727
3095,full,2026-W18,other,1,11,0.09090909090909091
3095,full,2026-W19,meme,3,9,0.3333333333333333
3095,full,2026-W19,mourning,0,9,0.0
3095,full,2026-W19,marketing,4,9,0.4444444444444444
3095,full,2026-W19,education,2,9,0.2222222222222222
3095,full,2026-W19,other,0,9,0.0
3095,full,2026-W20,meme,15,20,0.75
3095,full,2026-W20,mourning,0,20,0.0
3095,full,2026-W20,marketing,4,20,0.2
3095,full,2026-W20,education,1,20,0.05
3095,full,2026-W20,other,0,20,0.0
3095,full,2026-W21,meme,19,22,0.8636363636363636
3095,full,2026-W21,mourning,0,22,0.0
3095,full,2026-W21,marketing,3,22,0.13636363636363635
3095,full,2026-W21,education,0,22,0.0
3095,full,2026-W21,other,0,22,0.0
3095,full,2026-W22,meme,17,20,0.85
3095,full,2026-W22,mourning,0,20,0.0
3095,full,2026-W22,marketing,3,20,0.15
3095,full,2026-W22,education,0,20,0.0
3095,full,2026-W22,other,0,20,0.0
3095,no_B,2026-W12,meme,0,25,0.0
3095,no_B,2026-W12,mourning,0,25,0.0
3095,no_B,2026-W12,marketing,19,25,0.76
3095,no_B,2026-W12,education,6,25,0.24
3095,no_B,2026-W12,other,0,25,0.0
3095,no_B,2026-W13,meme,0,28,0.0
3095,no_B,2026-W13,mourning,22,28,0.7857142857142857
3095,no_B,2026-W13,marketing,0,28,0.0
3095,no_B,2026-W13,education,1,28,0.03571428571428571
3095,no_B,2026-W13,other,5,28,0.17857142857142858
3095,no_B,2026-W14,meme,0,2,0.0
3095,no_B,2026-W14,mourning,0,2,0.0
3095,no_B,2026-W14,marketing,0,2,0.0
3095,no_B,2026-W14,education,1,2,0.5
3095,no_B,2026-W14,other,1,2,0.5
3095,no_B,2026-W15,meme,0,1,0.0
3095,no_B,2026-W15,mourning,0,1,0.0
3095,no_B,2026-W15,marketing,0,1,0.0
3095,no_B,2026-W15,education,1,1,1.0
3095,no_B,2026-W15,other,0,1,0.0
3095,no_B,2026-W16,meme,0,0,0.0
3095,no_B,2026-W16,mourning,0,0,0.0
3095,no_B,2026-W16,marketing,0,0,0.0
3095,no_B,2026-W16,education,0,0,0.0
3095,no_B,2026-W16,other,0,0,0.0
3095,no_B,2026-W17,meme,2,2,1.0
3095,no_B,2026-W17,mourning,0,2,0.0
3095,no_B,2026-W17,marketing,0,2,0.0
3095,no_B,2026-W17,education,0,2,0.0
3095,no_B,2026-W17,other,0,2,0.0
3095,no_B,2026-W18,meme,2,2,1.0
3095,no_B,2026-W18,mourning,0,2,0.0
3095,no_B,2026-W18,marketing,0,2,0.0
3095,no_B,2026-W18,education,0,2,0.0
3095,no_B,2026-W18,other,0,2,0.0
3095,no_B,2026-W19,meme,4,4,1.0
3095,no_B,2026-W19,mourning,0,4,0.0
3095,no_B,2026-W19,marketing,0,4,0.0
3095,no_B,2026-W19,education,0,4,0.0
3095,no_B,2026-W19,other,0,4,0.0
3095,no_B,2026-W20,meme,11,11,1.0
3095,no_B,2026-W20,mourning,0,11,0.0
3095,no_B,2026-W20,marketing,0,11,0.0
3095,no_B,2026-W20,education,0,11,0.0
3095,no_B,2026-W20,other,0,11,0.0
3095,no_B,2026-W21,meme,7,7,1.0
3095,no_B,2026-W21,mourning,0,7,0.0
3095,no_B,2026-W21,marketing,0,7,0.0
3095,no_B,2026-W21,education,0,7,0.0
3095,no_B,2026-W21,other,0,7,0.0
3095,no_B,2026-W22,meme,0,0,0.0
3095,no_B,2026-W22,mourning,0,0,0.0
3095,no_B,2026-W22,marketing,0,0,0.0
3095,no_B,2026-W22,education,0,0,0.0
3095,no_B,2026-W22,other,0,0,0.0
3095,no_D,2026-W12,meme,12,63,0.19047619047619047
3095,no_D,2026-W12,mourning,12,63,0.19047619047619047
3095,no_D,2026-W12,marketing,15,63,0.23809523809523808
3095,no_D,2026-W12,education,9,63,0.14285714285714285
3095,no_D,2026-W12,other,15,63,0.23809523809523808
3095,no_D,2026-W13,meme,12,57,0.21052631578947367
3095,no_D,2026-W13,mourning,12,57,0.21052631578947367
3095,no_D,2026-W13,marketing,11,57,0.19298245614035087
3095,no_D,2026-W13,education,7,57,0.12280701754385964
3095,no_D,2026-W13,other,15,57,0.2631578947368421
3095,no_D,2026-W14,meme,11,42,0.2619047619047619
3095,no_D,2026-W14,mourning,4,42,0.09523809523809523
3095,no_D,2026-W14,marketing,8,42,0.19047619047619047
3095,no_D,2026-W14,education,7,42,0.16666666666666666
3095,no_D,2026-W14,other,12,42,0.2857142857142857
3095,no_D,2026-W15,meme,8,27,0.2962962962962963
3095,no_D,2026-W15,mourning,2,27,0.07407407407407407
3095,no_D,2026-W15,marketing,7,27,0.25925925925925924
3095,no_D,2026-W15,education,5,27,0.18518518518518517
3095,no_D,2026-W15,other,5,27,0.18518518518518517
3095,no_D,2026-W16,meme,7,18,0.3888888888888889
3095,no_D,2026-W16,mourning,1,18,0.05555555555555555
3095,no_D,2026-W16,marketing,6,18,0.3333333333333333
3095,no_D,2026-W16,education,3,18,0.16666666666666666
3095,no_D,2026-W16,other,1,18,0.05555555555555555
3095,no_D,2026-W17,meme,5,14,0.35714285714285715
3095,no_D,2026-W17,mourning,1,14,0.07142857142857142
3095,no_D,2026-W17,marketing,5,14,0.35714285714285715
3095,no_D,2026-W17,education,3,14,0.21428571428571427
3095,no_D,2026-W17,other,0,14,0.0
3095,no_D,2026-W18,meme,4,12,0.3333333333333333
3095,no_D,2026-W18,mourning,1,12,0.08333333333333333
3095,no_D,2026-W18,marketing,4,12,0.3333333333333333
3095,no_D,2026-W18,education,3,12,0.25
3095,no_D,2026-W18,other,0,12,0.0
3095,no_D,2026-W19,meme,3,10,0.3
3095,no_D,2026-W19,mourning,1,10,0.1
3095,no_D,2026-W19,marketing,4,10,0.4
3095,no_D,2026-W19,education,2,10,0.2
3095,no_D,2026-W19,other,0,10,0.0
3095,no_D,2026-W20,meme,3,8,0.375
3095,no_D,2026-W20,mourning,0,8,0.0
3095,no_D,2026-W20,marketing,3,8,0.375
3095,no_D,2026-W20,education,2,8,0.25
3095,no_D,2026-W20,other,0,8,0.0
3095,no_D,2026-W21,meme,2,7,0.2857142857142857
3095,no_D,2026-W21,mourning,0,7,0.0
3095,no_D,2026-W21,marketing,3,7,0.42857142857142855
3095,no_D,2026-W21,education,2,7,0.2857142857142857
3095,no_D,2026-W21,other,0,7,0.0
3095,no_D,2026-W22,meme,1,4,0.25
3095,no_D,2026-W22,mourning,0,4,0.0
3095,no_D,2026-W22,marketing,3,4,0.75
3095,no_D,2026-W22,education,0,4,0.0
3095,no_D,2026-W22,other,0,4,0.0
3095,no_R,2026-W12,meme,0,25,0.0
3095,no_R,2026-W12,mourning,0,25,0.0
3095,no_R,2026-W12,marketing,19,25,0.76
3095,no_R,2026-W12,education,6,25,0.24
3095,no_R,2026-W12,other,0,25,0.0
3095,no_R,2026-W13,meme,0,47,0.0
3095,no_R,2026-W13,mourning,22,47,0.46808510638297873
3095,no_R,2026-W13,marketing,13,47,0.2765957446808511
3095,no_R,2026-W13,education,7,47,0.14893617021276595
3095,no_R,2026-W13,other,5,47,0.10638297872340426
3095,no_R,2026-W14,meme,0,54,0.0
3095,no_R,2026-W14,mourning,16,54,0.2962962962962963
3095,no_R,2026-W14,marketing,18,54,0.3333333333333333
3095,no_R,2026-W14,education,10,54,0.18518518518518517
3095,no_R,2026-W14,other,10,54,0.18518518518518517
3095,no_R,2026-W15,meme,0,55,0.0
3095,no_R,2026-W15,mourning,19,55,0.34545454545454546
3095,no_R,2026-W15,marketing,17,55,0.3090909090909091
3095,no_R,2026-W15,education,10,55,0.18181818181818182
3095,no_R,2026-W15,other,9,55,0.16363636363636364
3095,no_R,2026-W16,meme,0,52,0.0
3095,no_R,2026-W16,mourning,14,52,0.2692307692307692
3095,no_R,2026-W16,marketing,18,52,0.34615384615384615
3095,no_R,2026-W16,education,11,52,0.21153846153846154
3095,no_R,2026-W16,other,9,52,0.17307692307692307
3095,no_R,2026-W17,meme,0,52,0.0
3095,no_R,2026-W17,mourning,14,52,0.2692307692307692
3095,no_R,2026-W17,marketing,17,52,0.3269230769230769
3095,no_R,2026-W17,education,11,52,0.21153846153846154
3095,no_R,2026-W17,other,10,52,0.19230769230769232
3095,no_R,2026-W18,meme,0,54,0.0
3095,no_R,2026-W18,mourning,18,54,0.3333333333333333
3095,no_R,2026-W18,marketing,16,54,0.2962962962962963
3095,no_R,2026-W18,education,13,54,0.24074074074074073
3095,no_R,2026-W18,other,7,54,0.12962962962962962
3095,no_R,2026-W19,meme,0,57,0.0
3095,no_R,2026-W19,mourning,20,57,0.3508771929824561
3095,no_R,2026-W19,marketing,17,57,0.2982456140350877
3095,no_R,2026-W19,education,12,57,0.21052631578947367
3095,no_R,2026-W19,other,8,57,0.14035087719298245
3095,no_R,2026-W20,meme,6,54,0.1111111111111111
3095,no_R,2026-W20,mourning,15,54,0.2777777777777778
3095,no_R,2026-W20,marketing,17,54,0.3148148148148148
3095,no_R,2026-W20,education,11,54,0.2037037037037037
3095,no_R,2026-W20,other,5,54,0.09259259259259259
3095,no_R,2026-W21,meme,16,63,0.25396825396825395
3095,no_R,2026-W21,mourning,14,63,0.2222222222222222
3095,no_R,2026-W21,marketing,18,63,0.2857142857142857
3095,no_R,2026-W21,education,13,63,0.20634920634920634
3095,no_R,2026-W21,other,2,63,0.031746031746031744
3095,no_R,2026-W22,meme,17,58,0.29310344827586204
3095,no_R,2026-W22,mourning,12,58,0.20689655172413793
3095,no_R,2026-W22,marketing,15,58,0.25862068965517243
3095,no_R,2026-W22,education,13,58,0.22413793103448276
3095,no_R,2026-W22,other,1,58,0.017241379310344827
3096,full,2026-W12,meme,0,26,0.0
3096,full,2026-W12,mourning,0,26,0.0
3096,full,2026-W12,marketing,19,26,0.7307692307692307
3096,full,2026-W12,education,7,26,0.2692307692307692
3096,full,2026-W12,other,0,26,0.0
3096,full,2026-W13,meme,0,44,0.0
3096,full,2026-W13,mourning,22,44,0.5
3096,full,2026-W13,marketing,12,44,0.2727272727272727
3096,full,2026-W13,education,5,44,0.11363636363636363
3096,full,2026-W13,other,5,44,0.11363636363636363
3096,full,2026-W14,meme,0,38,0.0
3096,full,2026-W14,mourning,11,38,0.2894736842105263
3096,full,2026-W14,marketing,11,38,0.2894736842105263
3096,full,2026-W14,education,9,38,0.23684210526315788
3096,full,2026-W14,other,7,38,0.18421052631578946
3096,full,2026-W15,meme,0,22,0.0
3096,full,2026-W15,mourning,6,22,0.2727272727272727
3096,full,2026-W15,marketing,8,22,0.36363636363636365
3096,full,2026-W15,education,6,22,0.2727272727272727
3096,full,2026-W15,other,2,22,0.09090909090909091
3096,full,2026-W16,meme,0,17,0.0
3096,full,2026-W16,mourning,1,17,0.058823529411764705
3096,full,2026-W16,marketing,6,17,0.35294117647058826
3096,full,2026-W16,education,6,17,0.35294117647058826
3096,full,2026-W16,other,4,17,0.23529411764705882
3096,full,2026-W17,meme,0,11,0.0
3096,full,2026-W17,mourning,0,11,0.0
3096,full,2026-W17,marketing,4,11,0.36363636363636365
3096,full,2026-W17,education,5,11,0.45454545454545453
3096,full,2026-W17,other,2,11,0.18181818181818182
3096,full,2026-W18,meme,0,9,0.0
3096,full,2026-W18,mourning,0,9,0.0
3096,full,2026-W18,marketing,4,9,0.4444444444444444
3096,full,2026-W18,education,4,9,0.4444444444444444
3096,full,2026-W18,other,1,9,0.1111111111111111
3096,full,2026-W19,meme,0,7,0.0
3096,full,2026-W19,mourning,0,7,0.0
3096,full,2026-W19,marketing,4,7,0.5714285714285714
3096,full,2026-W19,education,3,7,0.42857142857142855
3096,full,2026-W19,other,0,7,0.0
3096,full,2026-W20,meme,10,15,0.6666666666666666
3096,full,2026-W20,mourning,0,15,0.0
3096,full,2026-W20,marketing,3,15,0.2
3096,full,2026-W20,education,2,15,0.13333333333333333
3096,full,2026-W20,other,0,15,0.0
3096,full,2026-W21,meme,18,22,0.8181818181818182
3096,full,2026-W21,mourning,0,22,0.0
3096,full,2026-W21,marketing,3,22,0.13636363636363635
3096,full,2026-W21,education,1,22,0.045454545454545456
3096,full,2026-W21,other,0,22,0.0
3096,full,2026-W22,meme,18,21,0.8571428571428571
3096,full,2026-W22,mourning,0,21,0.0
3096,full,2026-W22,marketing,3,21,0.14285714285714285
3096,full,2026-W22,education,0,21,0.0
3096,full,2026-W22,other,0,21,0.0
3096,no_B,2026-W12,meme,0,26,0.0
3096,no_B,2026-W12,mourning,0,26,0.0
3096,no_B,2026-W12,marketing,19,26,0.7307692307692307
3096,no_B,2026-W12,education,7,26,0.2692307692307692
3096,no_B,2026-W12,other,0,26,0.0
3096,no_B,2026-W13,meme,0,28,0.0
3096,no_B,2026-W13,mourning,22,28,0.7857142857142857
3096,no_B,2026-W13,marketing,0,28,0.0
3096,no_B,2026-W13,education,1,28,0.03571428571428571
3096,no_B,2026-W13,other,5,28,0.17857142857142858
3096,no_B,2026-W14,meme,0,8,0.0
3096,no_B,2026-W14,mourning,0,8,0.0
3096,no_B,2026-W14,marketing,0,8,0.0
3096,no_B,2026-W14,education,5,8,0.625
3096,no_B,2026-W14,other,3,8,0.375
3096,no_B,2026-W15,meme,0,0,0.0
3096,no_B,2026-W15,mourning,0,0,0.0
3096,no_B,2026-W15,marketing,0,0,0.0
3096,no_B,2026-W15,education,0,0,0.0
3096,no_B,2026-W15,other,0,0,0.0
3096,no_B,2026-W16,meme,1,1,1.0
3096,no_B,2026-W16,mourning,0,1,0.0
3096,no_B,2026-W16,marketing,0,1,0.0
3096,no_B,2026-W16,education,0,1,0.0
3096,no_B,2026-W16,other,0,1,0.0
3096,no_B,2026-W17,meme,1,1,1.0
3096,no_B,2026-W17,mourning,0,1,0.0
3096,no_B,2026-W17,marketing,0,1,0.0
3096,no_B,2026-W17,education,0,1,0.0
3096,no_B,2026-W17,other,0,1,0.0
3096,no_B,2026-W18,meme,0,0,0.0
3096,no_B,2026-W18,mourning,0,0,0.0
3096,no_B,2026-W18,marketing,0,0,0.0
3096,no_B,2026-W18,education,0,0,0.0
3096,no_B,2026-W18,other,0,0,0.0
3096,no_B,2026-W19,meme,0,0,0.0
3096,no_B,2026-W19,mourning,0,0,0.0
3096,no_B,2026-W19,marketing,0,0,0.0
3096,no_B,2026-W19,education,0,0,0.0
3096,no_B,2026-W19,other,0,0,0.0
3096,no_B,2026-W20,meme,10,10,1.0
3096,no_B,2026-W20,mourning,0,10,0.0
3096,no_B,2026-W20,marketing,0,10,0.0
3096,no_B,2026-W20,education,0,10,0.0
3096,no_B,2026-W20,other,0,10,0.0
3096,no_B,2026-W21,meme,12,12,1.0
3096,no_B,2026-W21,mourning,0,12,0.0
3096,no_B,2026-W21,marketing,0,12,0.0
3096,no_B,2026-W21,education,0,12,0.0
3096,no_B,2026-W21,other,0,12,0.0
3096,no_B,2026-W22,meme,2,2,1.0
3096,no_B,2026-W22,mourning,0,2,0.0
3096,no_B,2026-W22,marketing,0,2,0.0
3096,no_B,2026-W22,education,0,2,0.0
3096,no_B,2026-W22,other,0,2,0.0
3096,no_D,2026-W12,meme,12,63,0.19047619047619047
3096,no_D,2026-W12,mourning,12,63,0.19047619047619047
3096,no_D,2026-W12,marketing,15,63,0.23809523809523808
3096,no_D,2026-W12,education,9,63,0.14285714285714285
3096,no_D,2026-W12,other,15,63,0.23809523809523808
3096,no_D,2026-W13,meme,12,58,0.20689655172413793
3096,no_D,2026-W13,mourning,12,58,0.20689655172413793
3096,no_D,2026-W13,marketing,11,58,0.1896551724137931
3096,no_D,2026-W13,education,8,58,0.13793103448275862
3096,no_D,2026-W13,other,15,58,0.25862068965517243
3096,no_D,2026-W14,meme,10,42,0.23809523809523808
3096,no_D,2026-W14,mourning,4,42,0.09523809523809523
3096,no_D,2026-W14,marketing,9,42,0.21428571428571427
3096,no_D,2026-W14,education,7,42,0.16666666666666666
3096,no_D,2026-W14,other,12,42,0.2857142857142857
3096,no_D,2026-W15,meme,6,25,0.24
3096,no_D,2026-W15,mourning,1,25,0.04
3096,no_D,2026-W15,marketing,7,25,0.28
3096,no_D,2026-W15,education,6,25,0.24
3096,no_D,2026-W15,other,5,25,0.2
3096,no_D,2026-W16,meme,6,19,0.3157894736842105
3096,no_D,2026-W16,mourning,1,19,0.05263157894736842
3096,no_D,2026-W16,marketing,5,19,0.2631578947368421
3096,no_D,2026-W16,education,4,19,0.21052631578947367
3096,no_D,2026-W16,other,3,19,0.15789473684210525
3096,no_D,2026-W17,meme,6,17,0.35294117647058826
3096,no_D,2026-W17,mourning,1,17,0.058823529411764705
3096,no_D,2026-W17,marketing,4,17,0.23529411764705882
3096,no_D,2026-W17,education,4,17,0.23529411764705882
3096,no_D,2026-W17,other,2,17,0.11764705882352941
3096,no_D,2026-W18,meme,6,13,0.46153846153846156
3096,no_D,2026-W18,mourning,1,13,0.07692307692307693
3096,no_D,2026-W18,marketing,4,13,0.3076923076923077
3096,no_D,2026-W18,education,2,13,0.15384615384615385
3096,no_D,2026-W18,other,0,13,0.0
3096,no_D,2026-W19,meme,4,8,0.5
3096,no_D,2026-W19,mourning,1,8,0.125
3096,no_D,2026-W19,marketing,3,8,0.375
3096,no_D,2026-W19,education,0,8,0.0
3096,no_D,2026-W19,other,0,8,0.0
3096,no_D,2026-W20,meme,3,7,0.42857142857142855
3096,no_D,2026-W20,mourning,1,7,0.14285714285714285
3096,no_D,2026-W20,marketing,3,7,0.42857142857142855
3096,no_D,2026-W20,education,0,7,0.0
3096,no_D,2026-W20,other,0,7,0.0
3096,no_D,2026-W21,meme,2,6,0.3333333333333333
3096,no_D,2026-W21,mourning,1,6,0.16666666666666666
3096,no_D,2026-W21,marketing,3,6,0.5
3096,no_D,2026-W21,education,0,6,0.0
3096,no_D,2026-W21,other,0,6,0.0
3096,no_D,2026-W22,meme,1,5,0.2
3096,no_D,2026-W22,mourning,1,5,0.2
3096,no_D,2026-W22,marketing,3,5,0.6
3096,no_D,2026-W22,education,0,5,0.0
3096,no_D,2026-W22,other,0,5,0.0
3096,no_R,2026-W12,meme,0,26,0.0
3096,no_R,2026-W12,mourning,0,26,0.0
3096,no_R,2026-W12,marketing,19,26,0.7307692307692307
3096,no_R,2026-W12,education,7,26,0.2692307692307692
3096,no_R,2026-W12,other,0,26,0.0
3096,no_R,2026-W13,meme,0,48,0.0
3096,no_R,2026-W13,mourning,22,48,0.4583333333333333
3096,no_R,2026-W13,marketing,16,48,0.3333333333333333
3096,no_R,2026-W13,education,5,48,0.10416666666666667
3096,no_R,2026-W13,other,5,48,0.10416666666666667
3096,no_R,2026-W14,meme,0,52,0.0
3096,no_R,2026-W14,mourning,16,52,0.3076923076923077
3096,no_R,2026-W14,marketing,17,52,0.3269230769230769
3096,no_R,2026-W14,education,12,52,0.23076923076923078
3096,no_R,2026-W14,other,7,52,0.1346153846153846
3096,no_R,2026-W15,meme,0,55,0.0
3096,no_R,2026-W15,mourning,17,55,0.3090909090909091
3096,no_R,2026-W15,marketing,16,55,0.2909090909090909
3096,no_R,2026-W15,education,13,55,0.23636363636363636
3096,no_R,2026-W15,other,9,55,0.16363636363636364
3096,no_R,2026-W16,meme,1,55,0.01818181818181818
3096,no_R,2026-W16,mourning,16,55,0.2909090909090909
3096,no_R,2026-W16,marketing,17,55,0.3090909090909091
3096,no_R,2026-W16,education,13,55,0.23636363636363636
3096,no_R,2026-W16,other,8,55,0.14545454545454545
3096,no_R,2026-W17,meme,0,55,0.0
3096,no_R,2026-W17,mourning,17,55,0.3090909090909091
3096,no_R,2026-W17,marketing,16,55,0.2909090909090909
3096,no_R,2026-W17,education,10,55,0.18181818181818182
3096,no_R,2026-W17,other,12,55,0.21818181818181817
3096,no_R,2026-W18,meme,0,50,0.0
3096,no_R,2026-W18,mourning,16,50,0.32
3096,no_R,2026-W18,marketing,17,50,0.34
3096,no_R,2026-W18,education,9,50,0.18
3096,no_R,2026-W18,other,8,50,0.16
3096,no_R,2026-W19,meme,0,56,0.0
3096,no_R,2026-W19,mourning,18,56,0.32142857142857145
3096,no_R,2026-W19,marketing,17,56,0.30357142857142855
3096,no_R,2026-W19,education,13,56,0.23214285714285715
3096,no_R,2026-W19,other,8,56,0.14285714285714285
3096,no_R,2026-W20,meme,6,51,0.11764705882352941
3096,no_R,2026-W20,mourning,11,51,0.21568627450980393
3096,no_R,2026-W20,marketing,18,51,0.35294117647058826
3096,no_R,2026-W20,education,11,51,0.21568627450980393
3096,no_R,2026-W20,other,5,51,0.09803921568627451
3096,no_R,2026-W21,meme,9,56,0.16071428571428573
3096,no_R,2026-W21,mourning,11,56,0.19642857142857142
3096,no_R,2026-W21,marketing,19,56,0.3392857142857143
3096,no_R,2026-W21,education,12,56,0.21428571428571427
3096,no_R,2026-W21,other,5,56,0.08928571428571429
3096,no_R,2026-W22,meme,19,59,0.3220338983050847
3096,no_R,2026-W22,mourning,9,59,0.15254237288135594
3096,no_R,2026-W22,marketing,18,59,0.3050847457627119
3096,no_R,2026-W22,education,10,59,0.1694915254237288
3096,no_R,2026-W22,other,3,59,0.05084745762711865
3097,full,2026-W12,meme,0,23,0.0
3097,full,2026-W12,mourning,0,23,0.0
3097,full,2026-W12,marketing,19,23,0.8260869565217391
3097,full,2026-W12,education,4,23,0.17391304347826086
3097,full,2026-W12,other,0,23,0.0
3097,full,2026-W13,meme,0,41,0.0
3097,full,2026-W13,mourning,22,41,0.5365853658536586
3097,full,2026-W13,marketing,13,41,0.3170731707317073
3097,full,2026-W13,education,3,41,0.07317073170731707
3097,full,2026-W13,other,3,41,0.07317073170731707
3097,full,2026-W14,meme,0,29,0.0
3097,full,2026-W14,mourning,6,29,0.20689655172413793
3097,full,2026-W14,marketing,11,29,0.3793103448275862
3097,full,2026-W14,education,5,29,0.1724137931034483
3097,full,2026-W14,other,7,29,0.2413793103448276
3097,full,2026-W15,meme,0,25,0.0
3097,full,2026-W15,mourning,6,25,0.24
3097,full,2026-W15,marketing,8,25,0.32
3097,full,2026-W15,education,7,25,0.28
3097,full,2026-W15,other,4,25,0.16
3097,full,2026-W16,meme,0,21,0.0
3097,full,2026-W16,mourning,1,21,0.047619047619047616
3097,full,2026-W16,marketing,7,21,0.3333333333333333
3097,full,2026-W16,education,6,21,0.2857142857142857
3097,full,2026-W16,other,7,21,0.3333333333333333
3097,full,2026-W17,meme,0,15,0.0
3097,full,2026-W17,mourning,1,15,0.06666666666666667
3097,full,2026-W17,marketing,5,15,0.3333333333333333
3097,full,2026-W17,education,6,15,0.4
3097,full,2026-W17,other,3,15,0.2
3097,full,2026-W18,meme,0,12,0.0
3097,full,2026-W18,mourning,0,12,0.0
3097,full,2026-W18,marketing,5,12,0.4166666666666667
3097,full,2026-W18,education,4,12,0.3333333333333333
3097,full,2026-W18,other,3,12,0.25
3097,full,2026-W19,meme,0,6,0.0
3097,full,2026-W19,mourning,0,6,0.0
3097,full,2026-W19,marketing,3,6,0.5
3097,full,2026-W19,education,3,6,0.5
3097,full,2026-W19,other,0,6,0.0
3097,full,2026-W20,meme,6,9,0.6666666666666666
3097,full,2026-W20,mourning,0,9,0.0
3097,full,2026-W20,marketing,3,9,0.3333333333333333
3097,full,2026-W20,education,0,9,0.0
3097,full,2026-W20,other,0,9,0.0
3097,full,2026-W21,meme,18,21,0.8571428571428571
3097,full,2026-W21,mourning,0,21,0.0
3097,full,2026-W21,marketing,3,21,0.14285714285714285
3097,full,2026-W21,education,0,21,0.0
3097,full,2026-W21,other,0,21,0.0
3097,full,2026-W22,meme,19,22,0.8636363636363636
3097,full,2026-W22,mourning,0,22,0.0
3097,full,2026-W22,marketing,3,22,0.13636363636363635
3097,full,2026-W22,education,0,22,0.0
3097,full,2026-W22,other,0,22,0.0
3097,no_B,2026-W12,meme,0,23,0.0
3097,no_B,2026-W12,mourning,0,23,0.0
3097,no_B,2026-W12,marketing,19,23,0.8260869565217391
3097,no_B,2026-W12,education,4,23,0.17391304347826086
3097,no_B,2026-W12,other,0,23,0.0
3097,no_B,2026-W13,meme,0,26,0.0
3097,no_B,2026-W13,mourning,22,26,0.8461538461538461
3097,no_B,2026-W13,marketing,0,26,0.0
3097,no_B,2026-W13,education,1,26,0.038461538461538464
3097,no_B,2026-W13,other,3,26,0.11538461538461539
3097,no_B,2026-W14,meme,0,7,0.0
3097,no_B,2026-W14,mourning,0,7,0.0
3097,no_B,2026-W14,marketing,0,7,0.0
3097,no_B,2026-W14,education,4,7,0.5714285714285714
3097,no_B,2026-W14,other,3,7,0.42857142857142855
3097,no_B,2026-W15,meme,0,2,0.0
3097,no_B,2026-W15,mourning,0,2,0.0
3097,no_B,2026-W15,marketing,0,2,0.0
3097,no_B,2026-W15,education,2,2,1.0
3097,no_B,2026-W15,other,0,2,0.0
3097,no_B,2026-W16,meme,0,1,0.0
3097,no_B,2026-W16,mourning,0,1,0.0
3097,no_B,2026-W16,marketing,0,1,0.0
3097,no_B,2026-W16,education,1,1,1.0
3097,no_B,2026-W16,other,0,1,0.0
3097,no_B,2026-W17,meme,0,0,0.0
3097,no_B,2026-W17,mourning,0,0,0.0
3097,no_B,2026-W17,marketing,0,0,0.0
3097,no_B,2026-W17,education,0,0,0.0
3097,no_B,2026-W17,other,0,0,0.0
3097,no_B,2026-W18,meme,0,0,0.0
3097,no_B,2026-W18,mourning,0,0,0.0
3097,no_B,2026-W18,marketing,0,0,0.0
3097,no_B,2026-W18,education,0,0,0.0
3097,no_B,2026-W18,other,0,0,0.0
3097,no_B,2026-W19,meme,0,0,0.0
3097,no_B,2026-W19,mourning,0,0,0.0
3097,no_B,2026-W19,marketing,0,0,0.0
3097,no_B,2026-W19,education,0,0,0.0
3097,no_B,2026-W19,other,0,0,0.0
3097,no_B,2026-W20,meme,9,9,1.0
3097,no_B,2026-W20,mourning,0,9,0.0
3097,no_B,2026-W20,marketing,0,9,0.0
3097,no_B,2026-W20,education,0,9,0.0
3097,no_B,2026-W20,other,0,9,0.0
3097,no_B,2026-W21,meme,14,14,1.0
3097,no_B,2026-W21,mourning,0,14,0.0
3097,no_B,2026-W21,marketing,0,14,0.0
3097,no_B,2026-W21,education,0,14,0.0
3097,no_B,2026-W21,other,0,14,0.0
3097,no_B,2026-W22,meme,2,2,1.0
3097,no_B,2026-W22,mourning,0,2,0.0
3097,no_B,2026-W22,marketing,0,2,0.0
3097,no_B,2026-W22,education,0,2,0.0
3097,no_B,2026-W22,other,0,2,0.0
3097,no_D,2026-W12,meme,12,63,0.19047619047619047
3097,no_D,2026-W12,mourning,12,63,0.19047619047619047
3097,no_D,2026-W12,marketing,15,63,0.23809523809523808
3097,no_D,2026-W12,education,9,63,0.14285714285714285
3097,no_D,2026-W12,other,15,63,0.23809523809523808
3097,no_D,2026-W13,meme,12,56,0.21428571428571427
3097,no_D,2026-W13,mourning,12,56,0.21428571428571427
3097,no_D,2026-W13,marketing,10,56,0.17857142857142858
3097,no_D,2026-W13,education,7,56,0.125
3097,no_D,2026-W13,other,15,56,0.26785714285714285
3097,no_D,2026-W14,meme,12,42,0.2857142857142857
3097,no_D,2026-W14,mourning,4,42,0.09523809523809523
3097,no_D,2026-W14,marketing,8,42,0.19047619047619047
3097,no_D,2026-W14,education,6,42,0.14285714285714285
3097,no_D,2026-W14,other,12,42,0.2857142857142857
3097,no_D,2026-W15,meme,7,29,0.2413793103448276
3097,no_D,2026-W15,mourning,2,29,0.06896551724137931
3097,no_D,2026-W15,marketing,7,29,0.2413793103448276
3097,no_D,2026-W15,education,6,29,0.20689655172413793
3097,no_D,2026-W15,other,7,29,0.2413793103448276
3097,no_D,2026-W16,meme,6,20,0.3
3097,no_D,2026-W16,mourning,2,20,0.1
3097,no_D,2026-W16,marketing,5,20,0.25
3097,no_D,2026-W16,education,4,20,0.2
3097,no_D,2026-W16,other,3,20,0.15
3097,no_D,2026-W17,meme,4,16,0.25
3097,no_D,2026-W17,mourning,2,16,0.125
3097,no_D,2026-W17,marketing,5,16,0.3125
3097,no_D,2026-W17,education,3,16,0.1875
3097,no_D,2026-W17,other,2,16,0.125
3097,no_D,2026-W18,meme,4,14,0.2857142857142857
3097,no_D,2026-W18,mourning,1,14,0.07142857142857142
3097,no_D,2026-W18,marketing,5,14,0.35714285714285715
3097,no_D,2026-W18,education,3,14,0.21428571428571427
3097,no_D,2026-W18,other,1,14,0.07142857142857142
3097,no_D,2026-W19,meme,4,10,0.4
3097,no_D,2026-W19,mourning,0,10,0.0
3097,no_D,2026-W19,marketing,4,10,0.4
3097,no_D,2026-W19,education,2,10,0.2
3097,no_D,2026-W19,other,0,10,0.0
3097,no_D,2026-W20,meme,3,7,0.42857142857142855
3097,no_D,2026-W20,mourning,0,7,0.0
3097,no_D,2026-W20,marketing,3,7,0.42857142857142855
3097,no_D,2026-W20,education,1,7,0.14285714285714285
3097,no_D,2026-W20,other,0,7,0.0
3097,no_D,2026-W21,meme,2,5,0.4
3097,no_D,2026-W21,mourning,0,5,0.0
3097,no_D,2026-W21,marketing,3,5,0.6
3097,no_D,2026-W21,education,0,5,0.0
3097,no_D,2026-W21,other,0,5,0.0
3097,no_D,2026-W22,meme,1,4,0.25
3097,no_D,2026-W22,mourning,0,4,0.0
3097,no_D,2026-W22,marketing,3,4,0.75
3097,no_D,2026-W22,education,0,4,0.0
3097,no_D,2026-W22,other,0,4,0.0
3097,no_R,2026-W12,meme,0,23,0.0
3097,no_R,2026-W12,mourning,0,23,0.0
3097,no_R,2026-W12,marketing,19,23,0.8260869565217391
3097,no_R,2026-W12,education,4,23,0.17391304347826086
3097,no_R,2026-W12,other,0,23,0.0
3097,no_R,2026-W13,meme,0,45,0.0
3097,no_R,2026-W13,mourning,22,45,0.4888888888888889
3097,no_R,2026-W13,marketing,17,45,0.37777777777777777
3097,no_R,2026-W13,education,3,45,0.06666666666666667
3097,no_R,2026-W13,other,3,45,0.06666666666666667
3097,no_R,2026-W14,meme,0,55,0.0
3097,no_R,2026-W14,mourning,18,55,0.32727272727272727
3097,no_R,2026-W14,marketing,19,55,0.34545454545454546
3097,no_R,2026-W14,education,7,55,0.12727272727272726
3097,no_R,2026-W14,other,11,55,0.2
3097,no_R,2026-W15,meme,0,59,0.0
3097,no_R,2026-W15,mourning,21,59,0.3559322033898305
3097,no_R,2026-W15,marketing,18,59,0.3050847457627119
3097,no_R,2026-W15,education,11,59,0.1864406779661017
3097,no_R,2026-W15,other,9,59,0.15254237288135594
3097,no_R,2026-W16,meme,0,55,0.0
3097,no_R,2026-W16,mourning,18,55,0.32727272727272727
3097,no_R,2026-W16,marketing,17,55,0.3090909090909091
3097,no_R,2026-W16,education,9,55,0.16363636363636364
3097,no_R,2026-W16,other,11,55,0.2
3097,no_R,2026-W17,meme,0,47,0.0
3097,no_R,2026-W17,mourning,14,47,0.2978723404255319
3097,no_R,2026-W17,marketing,16,47,0.3404255319148936
3097,no_R,2026-W17,education,12,47,0.2553191489361702
3097,no_R,2026-W17,other,5,47,0.10638297872340426
3097,no_R,2026-W18,meme,0,59,0.0
3097,no_R,2026-W18,mourning,18,59,0.3050847457627119
3097,no_R,2026-W18,marketing,17,59,0.288135593220339
3097,no_R,2026-W18,education,12,59,0.2033898305084746
3097,no_R,2026-W18,other,12,59,0.2033898305084746
3097,no_R,2026-W19,meme,0,49,0.0
3097,no_R,2026-W19,mourning,12,49,0.24489795918367346
3097,no_R,2026-W19,marketing,17,49,0.3469387755102041
3097,no_R,2026-W19,education,14,49,0.2857142857142857
3097,no_R,2026-W19,other,6,49,0.12244897959183673
3097,no_R,2026-W20,meme,3,53,0.05660377358490566
3097,no_R,2026-W20,mourning,12,53,0.22641509433962265
3097,no_R,2026-W20,marketing,17,53,0.32075471698113206
3097,no_R,2026-W20,education,12,53,0.22641509433962265
3097,no_R,2026-W20,other,9,53,0.16981132075471697
3097,no_R,2026-W21,meme,13,60,0.21666666666666667
3097,no_R,2026-W21,mourning,14,60,0.23333333333333334
3097,no_R,2026-W21,marketing,17,60,0.2833333333333333
3097,no_R,2026-W21,education,12,60,0.2
3097,no_R,2026-W21,other,4,60,0.06666666666666667
3097,no_R,2026-W22,meme,19,66,0.2878787878787879
3097,no_R,2026-W22,mourning,14,66,0.21212121212121213
3097,no_R,2026-W22,marketing,19,66,0.2878787878787879
3097,no_R,2026-W22,education,11,66,0.16666666666666666
3097,no_R,2026-W22,other,3,66,0.045454545454545456
3098,full,2026-W12,meme,0,29,0.0
3098,full,2026-W12,mourning,0,29,0.0
3098,full,2026-W12,marketing,19,29,0.6551724137931034
3098,full,2026-W12,education,10,29,0.3448275862068966
3098,full,2026-W12,other,0,29,0.0
3098,full,2026-W13,meme,0,42,0.0
3098,full,2026-W13,mourning,22,42,0.5238095238095238
3098,full,2026-W13,marketing,11,42,0.2619047619047619
3098,full,2026-W13,education,5,42,0.11904761904761904
3098,full,2026-W13,other,4,42,0.09523809523809523
3098,full,2026-W14,meme,0,32,0.0
3098,full,2026-W14,mourning,10,32,0.3125
3098,full,2026-W14,marketing,11,32,0.34375
3098,full,2026-W14,education,9,32,0.28125
3098,full,2026-W14,other,2,32,0.0625
3098,full,2026-W15,meme,0,20,0.0
3098,full,2026-W15,mourning,6,20,0.3
3098,full,2026-W15,marketing,7,20,0.35
3098,full,2026-W15,education,4,20,0.2
3098,full,2026-W15,other,3,20,0.15
3098,full,2026-W16,meme,0,21,0.0
3098,full,2026-W16,mourning,2,21,0.09523809523809523
3098,full,2026-W16,marketing,7,21,0.3333333333333333
3098,full,2026-W16,education,5,21,0.23809523809523808
3098,full,2026-W16,other,7,21,0.3333333333333333
3098,full,2026-W17,meme,0,11,0.0
3098,full,2026-W17,mourning,0,11,0.0
3098,full,2026-W17,marketing,6,11,0.5454545454545454
3098,full,2026-W17,education,3,11,0.2727272727272727
3098,full,2026-W17,other,2,11,0.18181818181818182
3098,full,2026-W18,meme,0,11,0.0
3098,full,2026-W18,mourning,1,11,0.09090909090909091
3098,full,2026-W18,marketing,4,11,0.36363636363636365
3098,full,2026-W18,education,2,11,0.18181818181818182
3098,full,2026-W18,other,4,11,0.36363636363636365
3098,full,2026-W19,meme,0,6,0.0
3098,full,2026-W19,mourning,0,6,0.0
3098,full,2026-W19,marketing,4,6,0.6666666666666666
3098,full,2026-W19,education,1,6,0.16666666666666666
3098,full,2026-W19,other,1,6,0.16666666666666666
3098,full,2026-W20,meme,8,12,0.6666666666666666
3098,full,2026-W20,mourning,0,12,0.0
3098,full,2026-W20,marketing,3,12,0.25
3098,full,2026-W20,education,1,12,0.08333333333333333
3098,full,2026-W20,other,0,12,0.0
3098,full,2026-W21,meme,19,22,0.8636363636363636
3098,full,2026-W21,mourning,0,22,0.0
3098,full,2026-W21,marketing,3,22,0.13636363636363635
3098,full,2026-W21,education,0,22,0.0
3098,full,2026-W21,other,0,22,0.0
3098,full,2026-W22,meme,19,22,0.8636363636363636
3098,full,2026-W22,mourning,0,22,0.0
3098,full,2026-W22,marketing,3,22,0.13636363636363635
3098,full,2026-W22,education,0,22,0.0
3098,full,2026-W22,other,0,22,0.0
3098,no_B,2026-W12,meme,0,29,0.0
3098,no_B,2026-W12,mourning,0,29,0.0
3098,no_B,2026-W12,marketing,19,29,0.6551724137931034
3098,no_B,2026-W12,education,10,29,0.3448275862068966
3098,no_B,2026-W12,other,0,29,0.0
3098,no_B,2026-W13,meme,0,28,0.0
3098,no_B,2026-W13,mourning,22,28,0.7857142857142857
3098,no_B,2026-W13,marketing,0,28,0.0
3098,no_B,2026-W13,education,2,28,0.07142857142857142
3098,no_B,2026-W13,other,4,28,0.14285714285714285
3098,no_B,2026-W14,meme,0,3,0.0
3098,no_B,2026-W14,mourning,0,3,0.0
3098,no_B,2026-W14,marketing,0,3,0.0
3098,no_B,2026-W14,education,2,3,0.6666666666666666
3098,no_B,2026-W14,other,1,3,0.3333333333333333
3098,no_B,2026-W15,meme,0,1,0.0
3098,no_B,2026-W15,mourning,0,1,0.0
3098,no_B,2026-W15,marketing,0,1,0.0
3098,no_B,2026-W15,education,0,1,0.0
3098,no_B,2026-W15,other,1,1,1.0
3098,no_B,2026-W16,meme,0,0,0.0
3098,no_B,2026-W16,mourning,0,0,0.0
3098,no_B,2026-W16,marketing,0,0,0.0
3098,no_B,2026-W16,education,0,0,0.0
3098,no_B,2026-W16,other,0,0,0.0
3098,no_B,2026-W17,meme,0,0,0.0
3098,no_B,2026-W17,mourning,0,0,0.0
3098,no_B,2026-W17,marketing,0,0,0.0
3098,no_B,2026-W17,education,0,0,0.0
3098,no_B,2026-W17,other,0,0,0.0
3098,no_B,2026-W18,meme,0,0,0.0
3098,no_B,2026-W18,mourning,0,0,0.0
3098,no_B,2026-W18,marketing,0,0,0.0
3098,no_B,2026-W18,education,0,0,0.0
3098,no_B,2026-W18,other,0,0,0.0
3098,no_B,2026-W19,meme,0,0,0.0
3098,no_B,2026-W19,mourning,0,0,0.0
3098,no_B,2026-W19,marketing,0,0,0.0
3098,no_B,2026-W19,education,0,0,0.0
3098,no_B,2026-W19,other,0,0,0.0
3098,no_B,2026-W20,meme,6,6,1.0
3098,no_B,2026-W20,mourning,0,6,0.0
3098,no_B,2026-W20,marketing,0,6,0.0
3098,no_B,2026-W20,education,0,6,0.0
3098,no_B,2026-W20,other,0,6,0.0
3098,no_B,2026-W21,meme,13,13,1.0
3098,no_B,2026-W21,mourning,0,13,0.0
3098,no_B,2026-W21,marketing,0,13,0.0
3098,no_B,2026-W21,education,0,13,0.0
3098,no_B,2026-W21,other,0,13,0.0
3098,no_B,2026-W22,meme,2,2,1.0
3098,no_B,2026-W22,mourning,0,2,0.0
3098,no_B,2026-W22,marketing,0,2,0.0
3098,no_B,2026-W22,education,0,2,0.0
3098,no_B,2026-W22,other,0,2,0.0
3098,no_D,2026-W12,meme,12,63,0.19047619047619047
3098,no_D,2026-W12,mourning,12,63,0.19047619047619047
3098,no_D,2026-W12,marketing,15,63,0.23809523809523808
3098,no_D,2026-W12,education,9,63,0.14285714285714285
3098,no_D,2026-W12,other,15,63,0.23809523809523808
3098,no_D,2026-W13,meme,12,57,0.21052631578947367
3098,no_D,2026-W13,mourning,12,57,0.21052631578947367
3098,no_D,2026-W13,marketing,11,57,0.19298245614035087
3098,no_D,2026-W13,education,7,57,0.12280701754385964
3098,no_D,2026-W13,other,15,57,0.2631578947368421
3098,no_D,2026-W14,meme,10,42,0.23809523809523808
3098,no_D,2026-W14,mourning,4,42,0.09523809523809523
3098,no_D,2026-W14,marketing,10,42,0.23809523809523808
3098,no_D,2026-W14,education,7,42,0.16666666666666666
3098,no_D,2026-W14,other,11,42,0.2619047619047619
3098,no_D,2026-W15,meme,8,31,0.25806451612903225
3098,no_D,2026-W15,mourning,2,31,0.06451612903225806
3098,no_D,2026-W15,marketing,7,31,0.22580645161290322
3098,no_D,2026-W15,education,6,31,0.1935483870967742
3098,no_D,2026-W15,other,8,31,0.25806451612903225
3098,no_D,2026-W16,meme,7,25,0.28
3098,no_D,2026-W16,mourning,2,25,0.08
3098,no_D,2026-W16,marketing,6,25,0.24
3098,no_D,2026-W16,education,4,25,0.16
3098,no_D,2026-W16,other,6,25,0.24
3098,no_D,2026-W17,meme,5,18,0.2777777777777778
3098,no_D,2026-W17,mourning,1,18,0.05555555555555555
3098,no_D,2026-W17,marketing,6,18,0.3333333333333333
3098,no_D,2026-W17,education,3,18,0.16666666666666666
3098,no_D,2026-W17,other,3,18,0.16666666666666666
3098,no_D,2026-W18,meme,4,14,0.2857142857142857
3098,no_D,2026-W18,mourning,1,14,0.07142857142857142
3098,no_D,2026-W18,marketing,6,14,0.42857142857142855
3098,no_D,2026-W18,education,1,14,0.07142857142857142
3098,no_D,2026-W18,other,2,14,0.14285714285714285
3098,no_D,2026-W19,meme,4,12,0.3333333333333333
3098,no_D,2026-W19,mourning,1,12,0.08333333333333333
3098,no_D,2026-W19,marketing,5,12,0.4166666666666667
3098,no_D,2026-W19,education,1,12,0.08333333333333333
3098,no_D,2026-W19,other,1,12,0.08333333333333333
3098,no_D,2026-W20,meme,3,8,0.375
3098,no_D,2026-W20,mourning,1,8,0.125
3098,no_D,2026-W20,marketing,3,8,0.375
3098,no_D,2026-W20,education,1,8,0.125
3098,no_D,2026-W20,other,0,8,0.0
3098,no_D,2026-W21,meme,3,7,0.42857142857142855
3098,no_D,2026-W21,mourning,0,7,0.0
3098,no_D,2026-W21,marketing,3,7,0.42857142857142855
3098,no_D,2026-W21,education,1,7,0.14285714285714285
3098,no_D,2026-W21,other,0,7,0.0
3098,no_D,2026-W22,meme,1,4,0.25
3098,no_D,2026-W22,mourning,0,4,0.0
3098,no_D,2026-W22,marketing,3,4,0.75
3098,no_D,2026-W22,education,0,4,0.0
3098,no_D,2026-W22,other,0,4,0.0
3098,no_R,2026-W12,meme,0,29,0.0
3098,no_R,2026-W12,mourning,0,29,0.0
3098,no_R,2026-W12,marketing,19,29,0.6551724137931034
3098,no_R,2026-W12,education,10,29,0.3448275862068966
3098,no_R,2026-W12,other,0,29,0.0
3098,no_R,2026-W13,meme,0,43,0.0
3098,no_R,2026-W13,mourning,22,43,0.5116279069767442
3098,no_R,2026-W13,marketing,12,43,0.27906976744186046
3098,no_R,2026-W13,education,5,43,0.11627906976744186
3098,no_R,2026-W13,other,4,43,0.09302325581395349
3098,no_R,2026-W14,meme,0,51,0.0
3098,no_R,2026-W14,mourning,20,51,0.39215686274509803
3098,no_R,2026-W14,marketing,19,51,0.37254901960784315
3098,no_R,2026-W14,education,9,51,0.17647058823529413
3098,no_R,2026-W14,other,3,51,0.058823529411764705
3098,no_R,2026-W15,meme,0,52,0.0
3098,no_R,2026-W15,mourning,20,52,0.38461538461538464
3098,no_R,2026-W15,marketing,14,52,0.2692307692307692
3098,no_R,2026-W15,education,9,52,0.17307692307692307
3098,no_R,2026-W15,other,9,52,0.17307692307692307
3098,no_R,2026-W16,meme,1,53,0.018867924528301886
3098,no_R,2026-W16,mourning,15,53,0.2830188679245283
3098,no_R,2026-W16,marketing,18,53,0.33962264150943394
3098,no_R,2026-W16,education,11,53,0.20754716981132076
3098,no_R,2026-W16,other,8,53,0.1509433962264151
3098,no_R,2026-W17,meme,1,54,0.018518518518518517
3098,no_R,2026-W17,mourning,17,54,0.3148148148148148
3098,no_R,2026-W17,marketing,15,54,0.2777777777777778
3098,no_R,2026-W17,education,12,54,0.2222222222222222
3098,no_R,2026-W17,other,9,54,0.16666666666666666
3098,no_R,2026-W18,meme,0,54,0.0
3098,no_R,2026-W18,mourning,15,54,0.2777777777777778
3098,no_R,2026-W18,marketing,15,54,0.2777777777777778
3098,no_R,2026-W18,education,15,54,0.2777777777777778
3098,no_R,2026-W18,other,9,54,0.16666666666666666
3098,no_R,2026-W19,meme,0,57,0.0
3098,no_R,2026-W19,mourning,18,57,0.3157894736842105
3098,no_R,2026-W19,marketing,16,57,0.2807017543859649
3098,no_R,2026-W19,education,14,57,0.24561403508771928
3098,no_R,2026-W19,other,9,57,0.15789473684210525
3098,no_R,2026-W20,meme,6,60,0.1
3098,no_R,2026-W20,mourning,12,60,0.2
3098,no_R,2026-W20,marketing,17,60,0.2833333333333333
3098,no_R,2026-W20,education,14,60,0.23333333333333334
3098,no_R,2026-W20,other,11,60,0.18333333333333332
3098,no_R,2026-W21,meme,12,58,0.20689655172413793
3098,no_R,2026-W21,mourning,13,58,0.22413793103448276
3098,no_R,2026-W21,marketing,17,58,0.29310344827586204
3098,no_R,2026-W21,education,9,58,0.15517241379310345
3098,no_R,2026-W21,other,7,58,0.1206896551724138
3098,no_R,2026-W22,meme,17,61,0.2786885245901639
3098,no_R,2026-W22,mourning,10,61,0.16393442622950818
3098,no_R,2026-W22,marketing,17,61,0.2786885245901639
3098,no_R,2026-W22,education,11,61,0.18032786885245902
3098,no_R,2026-W22,other,6,61,0.09836065573770492
3099,full,2026-W12,meme,0,29,0.0
3099,full,2026-W12,mourning,0,29,0.0
3099,full,2026-W12,marketing,19,29,0.6551724137931034
3099,full,2026-W12,education,10,29,0.3448275862068966
3099,full,2026-W12,other,0,29,0.0
3099,full,2026-W13,meme,0,45,0.0
3099,full,2026-W13,mourning,22,45,0.4888888888888889
3099,full,2026-W13,marketing,11,45,0.24444444444444444
3099,full,2026-W13,education,6,45,0.13333333333333333
3099,full,2026-W13,other,6,45,0.13333333333333333
3099,full,2026-W14,meme,0,33,0.0
3099,full,2026-W14,mourning,10,33,0.30303030303030304
3099,full,2026-W14,marketing,11,33,0.3333333333333333
3099,full,2026-W14,education,8,33,0.24242424242424243
3099,full,2026-W14,other,4,33,0.12121212121212122
3099,full,2026-W15,meme,0,24,0.0
3099,full,2026-W15,mourning,4,24,0.16666666666666666
3099,full,2026-W15,marketing,8,24,0.3333333333333333
3099,full,2026-W15,education,6,24,0.25
3099,full,2026-W15,other,6,24,0.25
3099,full,2026-W16,meme,0,20,0.0
3099,full,2026-W16,mourning,3,20,0.15
3099,full,2026-W16,marketing,7,20,0.35
3099,full,2026-W16,education,4,20,0.2
3099,full,2026-W16,other,6,20,0.3
3099,full,2026-W17,meme,0,8,0.0
3099,full,2026-W17,mourning,1,8,0.125
3099,full,2026-W17,marketing,4,8,0.5
3099,full,2026-W17,education,2,8,0.25
3099,full,2026-W17,other,1,8,0.125
3099,full,2026-W18,meme,0,8,0.0
3099,full,2026-W18,mourning,1,8,0.125
3099,full,2026-W18,marketing,4,8,0.5
3099,full,2026-W18,education,2,8,0.25
3099,full,2026-W18,other,1,8,0.125
3099,full,2026-W19,meme,0,7,0.0
3099,full,2026-W19,mourning,0,7,0.0
3099,full,2026-W19,marketing,4,7,0.5714285714285714
3099,full,2026-W19,education,3,7,0.42857142857142855
3099,full,2026-W19,other,0,7,0.0
3099,full,2026-W20,meme,6,10,0.6
3099,full,2026-W20,mourning,0,10,0.0
3099,full,2026-W20,marketing,3,10,0.3
3099,full,2026-W20,education,1,10,0.1
3099,full,2026-W20,other,0,10,0.0
3099,full,2026-W21,meme,18,21,0.8571428571428571
3099,full,2026-W21,mourning,0,21,0.0
3099,full,2026-W21,marketing,3,21,0.14285714285714285
3099,full,2026-W21,education,0,21,0.0
3099,full,2026-W21,other,0,21,0.0
3099,full,2026-W22,meme,19,22,0.8636363636363636
3099,full,2026-W22,mourning,0,22,0.0
3099,full,2026-W22,marketing,3,22,0.13636363636363635
3099,full,2026-W22,education,0,22,0.0
3099,full,2026-W22,other,0,22,0.0
3099,no_B,2026-W12,meme,0,29,0.0
3099,no_B,2026-W12,mourning,0,29,0.0
3099,no_B,2026-W12,marketing,19,29,0.6551724137931034
3099,no_B,2026-W12,education,10,29,0.3448275862068966
3099,no_B,2026-W12,other,0,29,0.0
3099,no_B,2026-W13,meme,0,31,0.0
3099,no_B,2026-W13,mourning,22,31,0.7096774193548387
3099,no_B,2026-W13,marketing,0,31,0.0
3099,no_B,2026-W13,education,3,31,0.0967741935483871
3099,no_B,2026-W13,other,6,31,0.1935483870967742
3099,no_B,2026-W14,meme,0,6,0.0
3099,no_B,2026-W14,mourning,0,6,0.0
3099,no_B,2026-W14,marketing,0,6,0.0
3099,no_B,2026-W14,education,3,6,0.5
3099,no_B,2026-W14,other,3,6,0.5
3099,no_B,2026-W15,meme,0,0,0.0
3099,no_B,2026-W15,mourning,0,0,0.0
3099,no_B,2026-W15,marketing,0,0,0.0
3099,no_B,2026-W15,education,0,0,0.0
3099,no_B,2026-W15,other,0,0,0.0
3099,no_B,2026-W16,meme,0,0,0.0
3099,no_B,2026-W16,mourning,0,0,0.0
3099,no_B,2026-W16,marketing,0,0,0.0
3099,no_B,2026-W16,education,0,0,0.0
3099,no_B,2026-W16,other,0,0,0.0
3099,no_B,2026-W17,meme,0,0,0.0
3099,no_B,2026-W17,mourning,0,0,0.0
3099,no_B,2026-W17,marketing,0,0,0.0
3099,no_B,2026-W17,education,0,0,0.0
3099,no_B,2026-W17,other,0,0,0.0
3099,no_B,2026-W18,meme,0,0,0.0
3099,no_B,2026-W18,mourning,0,0,0.0
3099,no_B,2026-W18,marketing,0,0,0.0
3099,no_B,2026-W18,education,0,0,0.0
3099,no_B,2026-W18,other,0,0,0.0
3099,no_B,2026-W19,meme,0,0,0.0
3099,no_B,2026-W19,mourning,0,0,0.0
3099,no_B,2026-W19,marketing,0,0,0.0
3099,no_B,2026-W19,education,0,0,0.0
3099,no_B,2026-W19,other,0,0,0.0
3099,no_B,2026-W20,meme,7,7,1.0
3099,no_B,2026-W20,mourning,0,7,0.0
3099,no_B,2026-W20,marketing,0,7,0.0
3099,no_B,2026-W20,education,0,7,0.0
3099,no_B,2026-W20,other,0,7,0.0
3099,no_B,2026-W21,meme,15,15,1.0
3099,no_B,2026-W21,mourning,0,15,0.0
3099,no_B,2026-W21,marketing,0,15,0.0
3099,no_B,2026-W21,education,0,15,0.0
3099,no_B,2026-W21,other,0,15,0.0
3099,no_B,2026-W22,meme,2,2,1.0
3099,no_B,2026-W22,mourning,0,2,0.0
3099,no_B,2026-W22,marketing,0,2,0.0
3099,no_B,2026-W22,education,0,2,0.0
3099,no_B,2026-W22,other,0,2,0.0
3099,no_D,2026-W12,meme,12,63,0.19047619047619047
3099,no_D,2026-W12,mourning,12,63,0.19047619047619047
3099,no_D,2026-W12,marketing,15,63,0.23809523809523808
3099,no_D,2026-W12,education,9,63,0.14285714285714285
3099,no_D,2026-W12,other,15,63,0.23809523809523808
3099,no_D,2026-W13,meme,12,57,0.21052631578947367
3099,no_D,2026-W13,mourning,12,57,0.21052631578947367
3099,no_D,2026-W13,marketing,12,57,0.21052631578947367
3099,no_D,2026-W13,education,6,57,0.10526315789473684
3099,no_D,2026-W13,other,15,57,0.2631578947368421
3099,no_D,2026-W14,meme,11,44,0.25
3099,no_D,2026-W14,mourning,4,44,0.09090909090909091
3099,no_D,2026-W14,marketing,10,44,0.22727272727272727
3099,no_D,2026-W14,education,6,44,0.13636363636363635
3099,no_D,2026-W14,other,13,44,0.29545454545454547
3099,no_D,2026-W15,meme,8,26,0.3076923076923077
3099,no_D,2026-W15,mourning,2,26,0.07692307692307693
3099,no_D,2026-W15,marketing,7,26,0.2692307692307692
3099,no_D,2026-W15,education,4,26,0.15384615384615385
3099,no_D,2026-W15,other,5,26,0.19230769230769232
3099,no_D,2026-W16,meme,5,16,0.3125
3099,no_D,2026-W16,mourning,1,16,0.0625
3099,no_D,2026-W16,marketing,6,16,0.375
3099,no_D,2026-W16,education,3,16,0.1875
3099,no_D,2026-W16,other,1,16,0.0625
3099,no_D,2026-W17,meme,5,13,0.38461538461538464
3099,no_D,2026-W17,mourning,1,13,0.07692307692307693
3099,no_D,2026-W17,marketing,4,13,0.3076923076923077
3099,no_D,2026-W17,education,3,13,0.23076923076923078
3099,no_D,2026-W17,other,0,13,0.0
3099,no_D,2026-W18,meme,4,11,0.36363636363636365
3099,no_D,2026-W18,mourning,1,11,0.09090909090909091
3099,no_D,2026-W18,marketing,4,11,0.36363636363636365
3099,no_D,2026-W18,education,2,11,0.18181818181818182
3099,no_D,2026-W18,other,0,11,0.0
3099,no_D,2026-W19,meme,4,11,0.36363636363636365
3099,no_D,2026-W19,mourning,1,11,0.09090909090909091
3099,no_D,2026-W19,marketing,4,11,0.36363636363636365
3099,no_D,2026-W19,education,2,11,0.18181818181818182
3099,no_D,2026-W19,other,0,11,0.0
3099,no_D,2026-W20,meme,3,8,0.375
3099,no_D,2026-W20,mourning,1,8,0.125
3099,no_D,2026-W20,marketing,3,8,0.375
3099,no_D,2026-W20,education,1,8,0.125
3099,no_D,2026-W20,other,0,8,0.0
3099,no_D,2026-W21,meme,3,7,0.42857142857142855
3099,no_D,2026-W21,mourning,1,7,0.14285714285714285
3099,no_D,2026-W21,marketing,3,7,0.42857142857142855
3099,no_D,2026-W21,education,0,7,0.0
3099,no_D,2026-W21,other,0,7,0.0
3099,no_D,2026-W22,meme,2,6,0.3333333333333333
3099,no_D,2026-W22,mourning,1,6,0.16666666666666666
3099,no_D,2026-W22,marketing,3,6,0.5
3099,no_D,2026-W22,education,0,6,0.0
3099,no_D,2026-W22,other,0,6,0.0
3099,no_R,2026-W12,meme,0,29,0.0
3099,no_R,2026-W12,mourning,0,29,0.0
3099,no_R,2026-W12,marketing,19,29,0.6551724137931034
3099,no_R,2026-W12,education,10,29,0.3448275862068966
3099,no_R,2026-W12,other,0,29,0.0
3099,no_R,2026-W13,meme,0,49,0.0
3099,no_R,2026-W13,mourning,22,49,0.4489795918367347
3099,no_R,2026-W13,marketing,14,49,0.2857142857142857
3099,no_R,2026-W13,education,7,49,0.14285714285714285
3099,no_R,2026-W13,other,6,49,0.12244897959183673
3099,no_R,2026-W14,meme,0,55,0.0
3099,no_R,2026-W14,mourning,18,55,0.32727272727272727
3099,no_R,2026-W14,marketing,18,55,0.32727272727272727
3099,no_R,2026-W14,education,12,55,0.21818181818181817
3099,no_R,2026-W14,other,7,55,0.12727272727272726
3099,no_R,2026-W15,meme,0,50,0.0
3099,no_R,2026-W15,mourning,18,50,0.36
3099,no_R,2026-W15,marketing,15,50,0.3
3099,no_R,2026-W15,education,11,50,0.22
3099,no_R,2026-W15,other,6,50,0.12
3099,no_R,2026-W16,meme,0,46,0.0
3099,no_R,2026-W16,mourning,16,46,0.34782608695652173
3099,no_R,2026-W16,marketing,17,46,0.3695652173913043
3099,no_R,2026-W16,education,9,46,0.1956521739130435
3099,no_R,2026-W16,other,4,46,0.08695652173913043
3099,no_R,2026-W17,meme,0,55,0.0
3099,no_R,2026-W17,mourning,18,55,0.32727272727272727
3099,no_R,2026-W17,marketing,18,55,0.32727272727272727
3099,no_R,2026-W17,education,10,55,0.18181818181818182
3099,no_R,2026-W17,other,9,55,0.16363636363636364
3099,no_R,2026-W18,meme,0,54,0.0
3099,no_R,2026-W18,mourning,16,54,0.2962962962962963
3099,no_R,2026-W18,marketing,17,54,0.3148148148148148
3099,no_R,2026-W18,education,9,54,0.16666666666666666
3099,no_R,2026-W18,other,12,54,0.2222222222222222
3099,no_R,2026-W19,meme,0,52,0.0
3099,no_R,2026-W19,mourning,14,52,0.2692307692307692
3099,no_R,2026-W19,marketing,17,52,0.3269230769230769
3099,no_R,2026-W19,education,10,52,0.19230769230769232
3099,no_R,2026-W19,other,11,52,0.21153846153846154
3099,no_R,2026-W20,meme,4,62,0.06451612903225806
3099,no_R,2026-W20,mourning,15,62,0.24193548387096775
3099,no_R,2026-W20,marketing,19,62,0.3064516129032258
3099,no_R,2026-W20,education,12,62,0.1935483870967742
3099,no_R,2026-W20,other,12,62,0.1935483870967742
3099,no_R,2026-W21,meme,13,69,0.18840579710144928
3099,no_R,2026-W21,mourning,14,69,0.2028985507246377
3099,no_R,2026-W21,marketing,18,69,0.2608695652173913
3099,no_R,2026-W21,education,14,69,0.2028985507246377
3099,no_R,2026-W21,other,10,69,0.14492753623188406
3099,no_R,2026-W22,meme,19,65,0.2923076923076923
3099,no_R,2026-W22,mourning,12,65,0.18461538461538463
3099,no_R,2026-W22,marketing,16,65,0.24615384615384617
3099,no_R,2026-W22,education,8,65,0.12307692307692308
3099,no_R,2026-W22,other,10,65,0.15384615384615385
